log,fullmove,ply,side,fen,move,rank,score_cp,gap_cp,candidate_move,reference_move,round,legal_moves
sprt_game_1,9,10,White,r1bqkbnr/1p3pp1/p1n1p3/2p5/3pP2p/3PQ3/PPPNBPPP/R1B1K1NR w KQkq - 0 9,e3f3,1,-127,0,e3f3,e3h3,3,34
sprt_game_1,9,10,White,r1bqkbnr/1p3pp1/p1n1p3/2p5/3pP2p/3PQ3/PPPNBPPP/R1B1K1NR w KQkq - 0 9,e3h3,2,-154,27,e3f3,e3h3,3,34
sprt_game_1,9,10,White,r1bqkbnr/1p3pp1/p1n1p3/2p5/3pP2p/3PQ3/PPPNBPPP/R1B1K1NR w KQkq - 0 9,e3f4,3,-175,48,e3f3,e3h3,3,34
sprt_game_1,9,10,White,r1bqkbnr/1p3pp1/p1n1p3/2p5/3pP2p/3PQ3/PPPNBPPP/R1B1K1NR w KQkq - 0 9,e3g3,4,-639,512,e3f3,e3h3,3,34
sprt_game_1,9,10,White,r1bqkbnr/1p3pp1/p1n1p3/2p5/3pP2p/3PQ3/PPPNBPPP/R1B1K1NR w KQkq - 0 9,g1f3,5,-660,533,e3f3,e3h3,3,34
sprt_game_1,9,10,White,r1bqkbnr/1p3pp1/p1n1p3/2p5/3pP2p/3PQ3/PPPNBPPP/R1B1K1NR w KQkq - 0 9,d2c4,6,-670,543,e3f3,e3h3,3,34
sprt_game_1,9,10,White,r1bqkbnr/1p3pp1/p1n1p3/2p5/3pP2p/3PQ3/PPPNBPPP/R1B1K1NR w KQkq - 0 9,e4e5,7,-670,543,e3f3,e3h3,3,34
sprt_game_1,9,10,White,r1bqkbnr/1p3pp1/p1n1p3/2p5/3pP2p/3PQ3/PPPNBPPP/R1B1K1NR w KQkq - 0 9,g1h3,8,-671,544,e3f3,e3h3,3,34
sprt_game_1,9,10,White,r1bqkbnr/1p3pp1/p1n1p3/2p5/3pP2p/3PQ3/PPPNBPPP/R1B1K1NR w KQkq - 0 9,e3d4,9,-673,546,e3f3,e3h3,3,34
sprt_game_1,9,10,White,r1bqkbnr/1p3pp1/p1n1p3/2p5/3pP2p/3PQ3/PPPNBPPP/R1B1K1NR w KQkq - 0 9,b2b3,10,-673,546,e3f3,e3h3,3,34
sprt_game_1,9,10,White,r1bqkbnr/1p3pp1/p1n1p3/2p5/3pP2p/3PQ3/PPPNBPPP/R1B1K1NR w KQkq - 0 9,d2b3,11,-678,551,e3f3,e3h3,3,34
sprt_game_1,9,10,White,r1bqkbnr/1p3pp1/p1n1p3/2p5/3pP2p/3PQ3/PPPNBPPP/R1B1K1NR w KQkq - 0 9,f2f4,12,-678,551,e3f3,e3h3,3,34
sprt_game_1,9,10,White,r1bqkbnr/1p3pp1/p1n1p3/2p5/3pP2p/3PQ3/PPPNBPPP/R1B1K1NR w KQkq - 0 9,a2a4,13,-678,551,e3f3,e3h3,3,34
sprt_game_1,9,10,White,r1bqkbnr/1p3pp1/p1n1p3/2p5/3pP2p/3PQ3/PPPNBPPP/R1B1K1NR w KQkq - 0 9,c2c3,14,-680,553,e3f3,e3h3,3,34
sprt_game_1,9,10,White,r1bqkbnr/1p3pp1/p1n1p3/2p5/3pP2p/3PQ3/PPPNBPPP/R1B1K1NR w KQkq - 0 9,d2f3,15,-681,554,e3f3,e3h3,3,34
sprt_game_1,9,10,White,r1bqkbnr/1p3pp1/p1n1p3/2p5/3pP2p/3PQ3/PPPNBPPP/R1B1K1NR w KQkq - 0 9,b2b4,16,-683,556,e3f3,e3h3,3,34
sprt_game_1,9,10,White,r1bqkbnr/1p3pp1/p1n1p3/2p5/3pP2p/3PQ3/PPPNBPPP/R1B1K1NR w KQkq - 0 9,d2f1,17,-685,558,e3f3,e3h3,3,34
sprt_game_1,9,10,White,r1bqkbnr/1p3pp1/p1n1p3/2p5/3pP2p/3PQ3/PPPNBPPP/R1B1K1NR w KQkq - 0 9,g2g4,18,-689,562,e3f3,e3h3,3,34
sprt_game_1,9,10,White,r1bqkbnr/1p3pp1/p1n1p3/2p5/3pP2p/3PQ3/PPPNBPPP/R1B1K1NR w KQkq - 0 9,a2a3,19,-690,563,e3f3,e3h3,3,34
sprt_game_1,9,10,White,r1bqkbnr/1p3pp1/p1n1p3/2p5/3pP2p/3PQ3/PPPNBPPP/R1B1K1NR w KQkq - 0 9,e3g5,20,-693,566,e3f3,e3h3,3,34
sprt_game_1,9,10,White,r1bqkbnr/1p3pp1/p1n1p3/2p5/3pP2p/3PQ3/PPPNBPPP/R1B1K1NR w KQkq - 0 9,a1b1,21,-696,569,e3f3,e3h3,3,34
sprt_game_1,9,10,White,r1bqkbnr/1p3pp1/p1n1p3/2p5/3pP2p/3PQ3/PPPNBPPP/R1B1K1NR w KQkq - 0 9,e2f3,22,-697,570,e3f3,e3h3,3,34
sprt_game_1,9,10,White,r1bqkbnr/1p3pp1/p1n1p3/2p5/3pP2p/3PQ3/PPPNBPPP/R1B1K1NR w KQkq - 0 9,d2b1,23,-699,572,e3f3,e3h3,3,34
sprt_game_1,9,10,White,r1bqkbnr/1p3pp1/p1n1p3/2p5/3pP2p/3PQ3/PPPNBPPP/R1B1K1NR w KQkq - 0 9,e2d1,24,-703,576,e3f3,e3h3,3,34
sprt_game_1,9,10,White,r1bqkbnr/1p3pp1/p1n1p3/2p5/3pP2p/3PQ3/PPPNBPPP/R1B1K1NR w KQkq - 0 9,h2h3,25,-707,580,e3f3,e3h3,3,34
sprt_game_1,9,10,White,r1bqkbnr/1p3pp1/p1n1p3/2p5/3pP2p/3PQ3/PPPNBPPP/R1B1K1NR w KQkq - 0 9,g2g3,26,-708,581,e3f3,e3h3,3,34
sprt_game_1,9,10,White,r1bqkbnr/1p3pp1/p1n1p3/2p5/3pP2p/3PQ3/PPPNBPPP/R1B1K1NR w KQkq - 0 9,e2g4,27,-714,587,e3f3,e3h3,3,34
sprt_game_1,9,10,White,r1bqkbnr/1p3pp1/p1n1p3/2p5/3pP2p/3PQ3/PPPNBPPP/R1B1K1NR w KQkq - 0 9,c2c4,28,-720,593,e3f3,e3h3,3,34
sprt_game_1,9,10,White,r1bqkbnr/1p3pp1/p1n1p3/2p5/3pP2p/3PQ3/PPPNBPPP/R1B1K1NR w KQkq - 0 9,e3h6,29,-724,597,e3f3,e3h3,3,34
sprt_game_1,9,10,White,r1bqkbnr/1p3pp1/p1n1p3/2p5/3pP2p/3PQ3/PPPNBPPP/R1B1K1NR w KQkq - 0 9,f2f3,30,-724,597,e3f3,e3h3,3,34
sprt_game_1,9,10,White,r1bqkbnr/1p3pp1/p1n1p3/2p5/3pP2p/3PQ3/PPPNBPPP/R1B1K1NR w KQkq - 0 9,e1f1,31,-731,604,e3f3,e3h3,3,34
sprt_game_1,9,10,White,r1bqkbnr/1p3pp1/p1n1p3/2p5/3pP2p/3PQ3/PPPNBPPP/R1B1K1NR w KQkq - 0 9,e1d1,32,-738,611,e3f3,e3h3,3,34
sprt_game_1,9,10,White,r1bqkbnr/1p3pp1/p1n1p3/2p5/3pP2p/3PQ3/PPPNBPPP/R1B1K1NR w KQkq - 0 9,e2h5,33,-753,626,e3f3,e3h3,3,34
sprt_game_1,9,10,White,r1bqkbnr/1p3pp1/p1n1p3/2p5/3pP2p/3PQ3/PPPNBPPP/R1B1K1NR w KQkq - 0 9,e2f1,34,-757,630,e3f3,e3h3,3,34
sprt_game_1,10,12,White,r1bqkbnr/1p3p2/p1n1p3/2p3p1/3pP2p/3P1Q2/PPPNBPPP/R1B1K1NR w KQkq - 0 10,g2g3,1,-102,0,e2d1,g2g3,3,29
sprt_game_1,10,12,White,r1bqkbnr/1p3p2/p1n1p3/2p3p1/3pP2p/3P1Q2/PPPNBPPP/R1B1K1NR w KQkq - 0 10,e2d1,2,-126,24,e2d1,g2g3,3,29
sprt_game_1,10,12,White,r1bqkbnr/1p3p2/p1n1p3/2p3p1/3pP2p/3P1Q2/PPPNBPPP/R1B1K1NR w KQkq - 0 10,e2f1,3,-140,38,e2d1,g2g3,3,29
sprt_game_1,10,12,White,r1bqkbnr/1p3p2/p1n1p3/2p3p1/3pP2p/3P1Q2/PPPNBPPP/R1B1K1NR w KQkq - 0 10,a2a3,4,-153,51,e2d1,g2g3,3,29
sprt_game_1,10,12,White,r1bqkbnr/1p3p2/p1n1p3/2p3p1/3pP2p/3P1Q2/PPPNBPPP/R1B1K1NR w KQkq - 0 10,a2a4,5,-163,61,e2d1,g2g3,3,29
sprt_game_1,10,12,White,r1bqkbnr/1p3p2/p1n1p3/2p3p1/3pP2p/3P1Q2/PPPNBPPP/R1B1K1NR w KQkq - 0 10,b2b3,6,-169,67,e2d1,g2g3,3,29
sprt_game_1,10,12,White,r1bqkbnr/1p3p2/p1n1p3/2p3p1/3pP2p/3P1Q2/PPPNBPPP/R1B1K1NR w KQkq - 0 10,e1d1,7,-172,70,e2d1,g2g3,3,29
sprt_game_1,10,12,White,r1bqkbnr/1p3p2/p1n1p3/2p3p1/3pP2p/3P1Q2/PPPNBPPP/R1B1K1NR w KQkq - 0 10,d2b3,8,-175,73,e2d1,g2g3,3,29
sprt_game_1,10,12,White,r1bqkbnr/1p3p2/p1n1p3/2p3p1/3pP2p/3P1Q2/PPPNBPPP/R1B1K1NR w KQkq - 0 10,g2g4,9,-175,73,e2d1,g2g3,3,29
sprt_game_1,10,12,White,r1bqkbnr/1p3p2/p1n1p3/2p3p1/3pP2p/3P1Q2/PPPNBPPP/R1B1K1NR w KQkq - 0 10,f3h3,10,-188,86,e2d1,g2g3,3,29
sprt_game_1,10,12,White,r1bqkbnr/1p3p2/p1n1p3/2p3p1/3pP2p/3P1Q2/PPPNBPPP/R1B1K1NR w KQkq - 0 10,c2c4,11,-193,91,e2d1,g2g3,3,29
sprt_game_1,10,12,White,r1bqkbnr/1p3p2/p1n1p3/2p3p1/3pP2p/3P1Q2/PPPNBPPP/R1B1K1NR w KQkq - 0 10,a1b1,12,-197,95,e2d1,g2g3,3,29
sprt_game_1,10,12,White,r1bqkbnr/1p3p2/p1n1p3/2p3p1/3pP2p/3P1Q2/PPPNBPPP/R1B1K1NR w KQkq - 0 10,d2c4,13,-216,114,e2d1,g2g3,3,29
sprt_game_1,10,12,White,r1bqkbnr/1p3p2/p1n1p3/2p3p1/3pP2p/3P1Q2/PPPNBPPP/R1B1K1NR w KQkq - 0 10,d2b1,14,-227,125,e2d1,g2g3,3,29
sprt_game_1,10,12,White,r1bqkbnr/1p3p2/p1n1p3/2p3p1/3pP2p/3P1Q2/PPPNBPPP/R1B1K1NR w KQkq - 0 10,d2f1,15,-228,126,e2d1,g2g3,3,29
sprt_game_1,10,12,White,r1bqkbnr/1p3p2/p1n1p3/2p3p1/3pP2p/3P1Q2/PPPNBPPP/R1B1K1NR w KQkq - 0 10,b2b4,16,-246,144,e2d1,g2g3,3,29
sprt_game_1,10,12,White,r1bqkbnr/1p3p2/p1n1p3/2p3p1/3pP2p/3P1Q2/PPPNBPPP/R1B1K1NR w KQkq - 0 10,e1f1,17,-253,151,e2d1,g2g3,3,29
sprt_game_1,10,12,White,r1bqkbnr/1p3p2/p1n1p3/2p3p1/3pP2p/3P1Q2/PPPNBPPP/R1B1K1NR w KQkq - 0 10,e4e5,18,-267,165,e2d1,g2g3,3,29
sprt_game_1,10,12,White,r1bqkbnr/1p3p2/p1n1p3/2p3p1/3pP2p/3P1Q2/PPPNBPPP/R1B1K1NR w KQkq - 0 10,c2c3,19,-358,256,e2d1,g2g3,3,29
sprt_game_1,10,12,White,r1bqkbnr/1p3p2/p1n1p3/2p3p1/3pP2p/3P1Q2/PPPNBPPP/R1B1K1NR w KQkq - 0 10,g1h3,20,-446,344,e2d1,g2g3,3,29
sprt_game_1,10,12,White,r1bqkbnr/1p3p2/p1n1p3/2p3p1/3pP2p/3P1Q2/PPPNBPPP/R1B1K1NR w KQkq - 0 10,h2h3,21,-458,356,e2d1,g2g3,3,29
sprt_game_1,10,12,White,r1bqkbnr/1p3p2/p1n1p3/2p3p1/3pP2p/3P1Q2/PPPNBPPP/R1B1K1NR w KQkq - 0 10,f3h5,22,-498,396,e2d1,g2g3,3,29
sprt_game_1,10,12,White,r1bqkbnr/1p3p2/p1n1p3/2p3p1/3pP2p/3P1Q2/PPPNBPPP/R1B1K1NR w KQkq - 0 10,f3g4,23,-502,400,e2d1,g2g3,3,29
sprt_game_1,10,12,White,r1bqkbnr/1p3p2/p1n1p3/2p3p1/3pP2p/3P1Q2/PPPNBPPP/R1B1K1NR w KQkq - 0 10,f3f7,24,-579,477,e2d1,g2g3,3,29
sprt_game_1,10,12,White,r1bqkbnr/1p3p2/p1n1p3/2p3p1/3pP2p/3P1Q2/PPPNBPPP/R1B1K1NR w KQkq - 0 10,f3g3,25,-609,507,e2d1,g2g3,3,29
sprt_game_1,10,12,White,r1bqkbnr/1p3p2/p1n1p3/2p3p1/3pP2p/3P1Q2/PPPNBPPP/R1B1K1NR w KQkq - 0 10,f3f4,26,-683,581,e2d1,g2g3,3,29
sprt_game_1,10,12,White,r1bqkbnr/1p3p2/p1n1p3/2p3p1/3pP2p/3P1Q2/PPPNBPPP/R1B1K1NR w KQkq - 0 10,f3f6,27,-696,594,e2d1,g2g3,3,29
sprt_game_1,10,12,White,r1bqkbnr/1p3p2/p1n1p3/2p3p1/3pP2p/3P1Q2/PPPNBPPP/R1B1K1NR w KQkq - 0 10,f3e3,28,-701,599,e2d1,g2g3,3,29
sprt_game_1,10,12,White,r1bqkbnr/1p3p2/p1n1p3/2p3p1/3pP2p/3P1Q2/PPPNBPPP/R1B1K1NR w KQkq - 0 10,f3f5,29,-731,629,e2d1,g2g3,3,29
sprt_game_1,24,40,White,7r/1p1nkp2/p7/4n3/3pP1pr/3P3P/PP2BK2/2R3NR w - - 0 24,f2g3,1,-181,0,f2g3,f2g2,3,27
sprt_game_1,24,40,White,7r/1p1nkp2/p7/4n3/3pP1pr/3P3P/PP2BK2/2R3NR w - - 0 24,f2g2,2,-189,8,f2g3,f2g2,3,27
sprt_game_1,24,40,White,7r/1p1nkp2/p7/4n3/3pP1pr/3P3P/PP2BK2/2R3NR w - - 0 24,c1c7,3,-207,26,f2g3,f2g2,3,27
sprt_game_1,24,40,White,7r/1p1nkp2/p7/4n3/3pP1pr/3P3P/PP2BK2/2R3NR w - - 0 24,h1h2,4,-221,40,f2g3,f2g2,3,27
sprt_game_1,24,40,White,7r/1p1nkp2/p7/4n3/3pP1pr/3P3P/PP2BK2/2R3NR w - - 0 24,b2b4,5,-279,98,f2g3,f2g2,3,27
sprt_game_1,24,40,White,7r/1p1nkp2/p7/4n3/3pP1pr/3P3P/PP2BK2/2R3NR w - - 0 24,c1c2,6,-282,101,f2g3,f2g2,3,27
sprt_game_1,24,40,White,7r/1p1nkp2/p7/4n3/3pP1pr/3P3P/PP2BK2/2R3NR w - - 0 24,e2f1,7,-299,118,f2g3,f2g2,3,27
sprt_game_1,24,40,White,7r/1p1nkp2/p7/4n3/3pP1pr/3P3P/PP2BK2/2R3NR w - - 0 24,b2b3,8,-302,121,f2g3,f2g2,3,27
sprt_game_1,24,40,White,7r/1p1nkp2/p7/4n3/3pP1pr/3P3P/PP2BK2/2R3NR w - - 0 24,a2a4,9,-306,125,f2g3,f2g2,3,27
sprt_game_1,24,40,White,7r/1p1nkp2/p7/4n3/3pP1pr/3P3P/PP2BK2/2R3NR w - - 0 24,a2a3,10,-309,128,f2g3,f2g2,3,27
sprt_game_1,24,40,White,7r/1p1nkp2/p7/4n3/3pP1pr/3P3P/PP2BK2/2R3NR w - - 0 24,f2e1,11,-329,148,f2g3,f2g2,3,27
sprt_game_1,24,40,White,7r/1p1nkp2/p7/4n3/3pP1pr/3P3P/PP2BK2/2R3NR w - - 0 24,c1f1,12,-334,153,f2g3,f2g2,3,27
sprt_game_1,24,40,White,7r/1p1nkp2/p7/4n3/3pP1pr/3P3P/PP2BK2/2R3NR w - - 0 24,c1d1,13,-336,155,f2g3,f2g2,3,27
sprt_game_1,24,40,White,7r/1p1nkp2/p7/4n3/3pP1pr/3P3P/PP2BK2/2R3NR w - - 0 24,c1b1,14,-357,176,f2g3,f2g2,3,27
sprt_game_1,24,40,White,7r/1p1nkp2/p7/4n3/3pP1pr/3P3P/PP2BK2/2R3NR w - - 0 24,c1e1,15,-371,190,f2g3,f2g2,3,27
sprt_game_1,24,40,White,7r/1p1nkp2/p7/4n3/3pP1pr/3P3P/PP2BK2/2R3NR w - - 0 24,c1a1,16,-376,195,f2g3,f2g2,3,27
sprt_game_1,24,40,White,7r/1p1nkp2/p7/4n3/3pP1pr/3P3P/PP2BK2/2R3NR w - - 0 24,f2f1,17,-383,202,f2g3,f2g2,3,27
sprt_game_1,24,40,White,7r/1p1nkp2/p7/4n3/3pP1pr/3P3P/PP2BK2/2R3NR w - - 0 24,e2g4,18,-472,291,f2g3,f2g2,3,27
sprt_game_1,24,40,White,7r/1p1nkp2/p7/4n3/3pP1pr/3P3P/PP2BK2/2R3NR w - - 0 24,h3g4,19,-530,349,f2g3,f2g2,3,27
sprt_game_1,24,40,White,7r/1p1nkp2/p7/4n3/3pP1pr/3P3P/PP2BK2/2R3NR w - - 0 24,g1f3,20,-548,367,f2g3,f2g2,3,27
sprt_game_1,24,40,White,7r/1p1nkp2/p7/4n3/3pP1pr/3P3P/PP2BK2/2R3NR w - - 0 24,c1c4,21,-551,370,f2g3,f2g2,3,27
sprt_game_1,24,40,White,7r/1p1nkp2/p7/4n3/3pP1pr/3P3P/PP2BK2/2R3NR w - - 0 24,c1c3,22,-566,385,f2g3,f2g2,3,27
sprt_game_1,24,40,White,7r/1p1nkp2/p7/4n3/3pP1pr/3P3P/PP2BK2/2R3NR w - - 0 24,e2f3,23,-640,459,f2g3,f2g2,3,27
sprt_game_1,24,40,White,7r/1p1nkp2/p7/4n3/3pP1pr/3P3P/PP2BK2/2R3NR w - - 0 24,c1c8,24,-665,484,f2g3,f2g2,3,27
sprt_game_1,24,40,White,7r/1p1nkp2/p7/4n3/3pP1pr/3P3P/PP2BK2/2R3NR w - - 0 24,e2d1,25,-672,491,f2g3,f2g2,3,27
sprt_game_1,24,40,White,7r/1p1nkp2/p7/4n3/3pP1pr/3P3P/PP2BK2/2R3NR w - - 0 24,c1c6,26,-687,506,f2g3,f2g2,3,27
sprt_game_1,24,40,White,7r/1p1nkp2/p7/4n3/3pP1pr/3P3P/PP2BK2/2R3NR w - - 0 24,c1c5,27,-728,547,f2g3,f2g2,3,27
sprt_game_1,26,44,White,7r/1p1n1p1r/p2k4/4n3/1P1pP1p1/3P2KP/P3B3/2R3NR w - - 1 26,h1h2,1,-176,0,c1f1,g3g2,3,27
sprt_game_1,26,44,White,7r/1p1n1p1r/p2k4/4n3/1P1pP1p1/3P2KP/P3B3/2R3NR w - - 1 26,g3g2,2,-182,6,c1f1,g3g2,3,27
sprt_game_1,26,44,White,7r/1p1n1p1r/p2k4/4n3/1P1pP1p1/3P2KP/P3B3/2R3NR w - - 1 26,c1f1,3,-185,9,c1f1,g3g2,3,27
sprt_game_1,26,44,White,7r/1p1n1p1r/p2k4/4n3/1P1pP1p1/3P2KP/P3B3/2R3NR w - - 1 26,e2f1,4,-255,79,c1f1,g3g2,3,27
sprt_game_1,26,44,White,7r/1p1n1p1r/p2k4/4n3/1P1pP1p1/3P2KP/P3B3/2R3NR w - - 1 26,h3h4,5,-262,86,c1f1,g3g2,3,27
sprt_game_1,26,44,White,7r/1p1n1p1r/p2k4/4n3/1P1pP1p1/3P2KP/P3B3/2R3NR w - - 1 26,a2a4,6,-263,87,c1f1,g3g2,3,27
sprt_game_1,26,44,White,7r/1p1n1p1r/p2k4/4n3/1P1pP1p1/3P2KP/P3B3/2R3NR w - - 1 26,b4b5,7,-267,91,c1f1,g3g2,3,27
sprt_game_1,26,44,White,7r/1p1n1p1r/p2k4/4n3/1P1pP1p1/3P2KP/P3B3/2R3NR w - - 1 26,a2a3,8,-270,94,c1f1,g3g2,3,27
sprt_game_1,26,44,White,7r/1p1n1p1r/p2k4/4n3/1P1pP1p1/3P2KP/P3B3/2R3NR w - - 1 26,g3h2,9,-275,99,c1f1,g3g2,3,27
sprt_game_1,26,44,White,7r/1p1n1p1r/p2k4/4n3/1P1pP1p1/3P2KP/P3B3/2R3NR w - - 1 26,c1c2,10,-279,103,c1f1,g3g2,3,27
sprt_game_1,26,44,White,7r/1p1n1p1r/p2k4/4n3/1P1pP1p1/3P2KP/P3B3/2R3NR w - - 1 26,c1d1,11,-285,109,c1f1,g3g2,3,27
sprt_game_1,26,44,White,7r/1p1n1p1r/p2k4/4n3/1P1pP1p1/3P2KP/P3B3/2R3NR w - - 1 26,c1a1,12,-288,112,c1f1,g3g2,3,27
sprt_game_1,26,44,White,7r/1p1n1p1r/p2k4/4n3/1P1pP1p1/3P2KP/P3B3/2R3NR w - - 1 26,c1b1,13,-293,117,c1f1,g3g2,3,27
sprt_game_1,26,44,White,7r/1p1n1p1r/p2k4/4n3/1P1pP1p1/3P2KP/P3B3/2R3NR w - - 1 26,c1e1,14,-298,122,c1f1,g3g2,3,27
sprt_game_1,26,44,White,7r/1p1n1p1r/p2k4/4n3/1P1pP1p1/3P2KP/P3B3/2R3NR w - - 1 26,g3f4,15,-326,150,c1f1,g3g2,3,27
sprt_game_1,26,44,White,7r/1p1n1p1r/p2k4/4n3/1P1pP1p1/3P2KP/P3B3/2R3NR w - - 1 26,g3f2,16,-336,160,c1f1,g3g2,3,27
sprt_game_1,26,44,White,7r/1p1n1p1r/p2k4/4n3/1P1pP1p1/3P2KP/P3B3/2R3NR w - - 1 26,e2d1,17,-360,184,c1f1,g3g2,3,27
sprt_game_1,26,44,White,7r/1p1n1p1r/p2k4/4n3/1P1pP1p1/3P2KP/P3B3/2R3NR w - - 1 26,e2g4,18,-404,228,c1f1,g3g2,3,27
sprt_game_1,26,44,White,7r/1p1n1p1r/p2k4/4n3/1P1pP1p1/3P2KP/P3B3/2R3NR w - - 1 26,c1c5,19,-429,253,c1f1,g3g2,3,27
sprt_game_1,26,44,White,7r/1p1n1p1r/p2k4/4n3/1P1pP1p1/3P2KP/P3B3/2R3NR w - - 1 26,c1c4,20,-451,275,c1f1,g3g2,3,27
sprt_game_1,26,44,White,7r/1p1n1p1r/p2k4/4n3/1P1pP1p1/3P2KP/P3B3/2R3NR w - - 1 26,h3g4,21,-534,358,c1f1,g3g2,3,27
sprt_game_1,26,44,White,7r/1p1n1p1r/p2k4/4n3/1P1pP1p1/3P2KP/P3B3/2R3NR w - - 1 26,c1c8,22,-617,441,c1f1,g3g2,3,27
sprt_game_1,26,44,White,7r/1p1n1p1r/p2k4/4n3/1P1pP1p1/3P2KP/P3B3/2R3NR w - - 1 26,c1c7,23,-634,458,c1f1,g3g2,3,27
sprt_game_1,26,44,White,7r/1p1n1p1r/p2k4/4n3/1P1pP1p1/3P2KP/P3B3/2R3NR w - - 1 26,e2f3,24,-642,466,c1f1,g3g2,3,27
sprt_game_1,26,44,White,7r/1p1n1p1r/p2k4/4n3/1P1pP1p1/3P2KP/P3B3/2R3NR w - - 1 26,g1f3,25,-651,475,c1f1,g3g2,3,27
sprt_game_1,26,44,White,7r/1p1n1p1r/p2k4/4n3/1P1pP1p1/3P2KP/P3B3/2R3NR w - - 1 26,c1c6,26,-659,483,c1f1,g3g2,3,27
sprt_game_1,26,44,White,7r/1p1n1p1r/p2k4/4n3/1P1pP1p1/3P2KP/P3B3/2R3NR w - - 1 26,c1c3,27,-678,502,c1f1,g3g2,3,27
sprt_game_1,33,58,White,6r1/1p3pr1/p4k2/8/1P1pP3/3n1N1P/P6K/7R w - - 0 33,e4e5,1,-711,0,h1f1,f3h4,3,19
sprt_game_1,33,58,White,6r1/1p3pr1/p4k2/8/1P1pP3/3n1N1P/P6K/7R w - - 0 33,f3h4,2,-741,30,h1f1,f3h4,3,19
sprt_game_1,33,58,White,6r1/1p3pr1/p4k2/8/1P1pP3/3n1N1P/P6K/7R w - - 0 33,h1f1,3,-773,62,h1f1,f3h4,3,19
sprt_game_1,33,58,White,6r1/1p3pr1/p4k2/8/1P1pP3/3n1N1P/P6K/7R w - - 0 33,f3e1,4,-830,119,h1f1,f3h4,3,19
sprt_game_1,33,58,White,6r1/1p3pr1/p4k2/8/1P1pP3/3n1N1P/P6K/7R w - - 0 33,f3g5,5,-906,195,h1f1,f3h4,3,19
sprt_game_1,33,58,White,6r1/1p3pr1/p4k2/8/1P1pP3/3n1N1P/P6K/7R w - - 0 33,h1g1,6,-31989,31278,h1f1,f3h4,3,19
sprt_game_1,33,58,White,6r1/1p3pr1/p4k2/8/1P1pP3/3n1N1P/P6K/7R w - - 0 33,h1e1,7,-31998,31287,h1f1,f3h4,3,19
sprt_game_1,33,58,White,6r1/1p3pr1/p4k2/8/1P1pP3/3n1N1P/P6K/7R w - - 0 33,h1d1,8,-31998,31287,h1f1,f3h4,3,19
sprt_game_1,33,58,White,6r1/1p3pr1/p4k2/8/1P1pP3/3n1N1P/P6K/7R w - - 0 33,h1c1,9,-31998,31287,h1f1,f3h4,3,19
sprt_game_1,33,58,White,6r1/1p3pr1/p4k2/8/1P1pP3/3n1N1P/P6K/7R w - - 0 33,h1b1,10,-31998,31287,h1f1,f3h4,3,19
sprt_game_1,33,58,White,6r1/1p3pr1/p4k2/8/1P1pP3/3n1N1P/P6K/7R w - - 0 33,h1a1,11,-31998,31287,h1f1,f3h4,3,19
sprt_game_1,33,58,White,6r1/1p3pr1/p4k2/8/1P1pP3/3n1N1P/P6K/7R w - - 0 33,h3h4,12,-31998,31287,h1f1,f3h4,3,19
sprt_game_1,33,58,White,6r1/1p3pr1/p4k2/8/1P1pP3/3n1N1P/P6K/7R w - - 0 33,f3e5,13,-31999,31288,h1f1,f3h4,3,19
sprt_game_1,33,58,White,6r1/1p3pr1/p4k2/8/1P1pP3/3n1N1P/P6K/7R w - - 0 33,f3d4,14,-31999,31288,h1f1,f3h4,3,19
sprt_game_1,33,58,White,6r1/1p3pr1/p4k2/8/1P1pP3/3n1N1P/P6K/7R w - - 0 33,f3d2,15,-31999,31288,h1f1,f3h4,3,19
sprt_game_1,33,58,White,6r1/1p3pr1/p4k2/8/1P1pP3/3n1N1P/P6K/7R w - - 0 33,f3g1,16,-31999,31288,h1f1,f3h4,3,19
sprt_game_1,33,58,White,6r1/1p3pr1/p4k2/8/1P1pP3/3n1N1P/P6K/7R w - - 0 33,b4b5,17,-31999,31288,h1f1,f3h4,3,19
sprt_game_1,33,58,White,6r1/1p3pr1/p4k2/8/1P1pP3/3n1N1P/P6K/7R w - - 0 33,a2a3,18,-31999,31288,h1f1,f3h4,3,19
sprt_game_1,33,58,White,6r1/1p3pr1/p4k2/8/1P1pP3/3n1N1P/P6K/7R w - - 0 33,a2a4,19,-31999,31288,h1f1,f3h4,3,19
sprt_game_1,34,60,White,6r1/1p3pr1/p7/4k3/1P1pP2N/3n3P/P6K/7R w - - 2 34,h1d1,1,-767,0,h1f1,b4b5,3,14
sprt_game_1,34,60,White,6r1/1p3pr1/p7/4k3/1P1pP2N/3n3P/P6K/7R w - - 2 34,h1f1,2,-775,8,h1f1,b4b5,3,14
sprt_game_1,34,60,White,6r1/1p3pr1/p7/4k3/1P1pP2N/3n3P/P6K/7R w - - 2 34,h1b1,3,-791,24,h1f1,b4b5,3,14
sprt_game_1,34,60,White,6r1/1p3pr1/p7/4k3/1P1pP2N/3n3P/P6K/7R w - - 2 34,b4b5,4,-803,36,h1f1,b4b5,3,14
sprt_game_1,34,60,White,6r1/1p3pr1/p7/4k3/1P1pP2N/3n3P/P6K/7R w - - 2 34,a2a3,5,-811,44,h1f1,b4b5,3,14
sprt_game_1,34,60,White,6r1/1p3pr1/p7/4k3/1P1pP2N/3n3P/P6K/7R w - - 2 34,h4f3,6,-888,121,h1f1,b4b5,3,14
sprt_game_1,34,60,White,6r1/1p3pr1/p7/4k3/1P1pP2N/3n3P/P6K/7R w - - 2 34,a2a4,7,-898,131,h1f1,b4b5,3,14
sprt_game_1,34,60,White,6r1/1p3pr1/p7/4k3/1P1pP2N/3n3P/P6K/7R w - - 2 34,h1a1,8,-900,133,h1f1,b4b5,3,14
sprt_game_1,34,60,White,6r1/1p3pr1/p7/4k3/1P1pP2N/3n3P/P6K/7R w - - 2 34,h1g1,9,-31990,31223,h1f1,b4b5,3,14
sprt_game_1,34,60,White,6r1/1p3pr1/p7/4k3/1P1pP2N/3n3P/P6K/7R w - - 2 34,h4g6,10,-31993,31226,h1f1,b4b5,3,14
sprt_game_1,34,60,White,6r1/1p3pr1/p7/4k3/1P1pP2N/3n3P/P6K/7R w - - 2 34,h1c1,11,-31993,31226,h1f1,b4b5,3,14
sprt_game_1,34,60,White,6r1/1p3pr1/p7/4k3/1P1pP2N/3n3P/P6K/7R w - - 2 34,h1e1,12,-31995,31228,h1f1,b4b5,3,14
sprt_game_1,34,60,White,6r1/1p3pr1/p7/4k3/1P1pP2N/3n3P/P6K/7R w - - 2 34,h4f5,13,-31999,31232,h1f1,b4b5,3,14
sprt_game_1,34,60,White,6r1/1p3pr1/p7/4k3/1P1pP2N/3n3P/P6K/7R w - - 2 34,h4g2,14,-31999,31232,h1f1,b4b5,3,14
sprt_game_1,37,66,White,6r1/1p3pr1/p7/8/Pn1p3N/3k3P/7K/4R3 w - - 2 37,e1e7,1,-664,0,e1d1,e1e7,3,20
sprt_game_1,37,66,White,6r1/1p3pr1/p7/8/Pn1p3N/3k3P/7K/4R3 w - - 2 37,e1e5,2,-666,2,e1d1,e1e7,3,20
sprt_game_1,37,66,White,6r1/1p3pr1/p7/8/Pn1p3N/3k3P/7K/4R3 w - - 2 37,e1f1,3,-692,28,e1d1,e1e7,3,20
sprt_game_1,37,66,White,6r1/1p3pr1/p7/8/Pn1p3N/3k3P/7K/4R3 w - - 2 37,h4f5,4,-698,34,e1d1,e1e7,3,20
sprt_game_1,37,66,White,6r1/1p3pr1/p7/8/Pn1p3N/3k3P/7K/4R3 w - - 2 37,e1c1,5,-702,38,e1d1,e1e7,3,20
sprt_game_1,37,66,White,6r1/1p3pr1/p7/8/Pn1p3N/3k3P/7K/4R3 w - - 2 37,h4f3,6,-732,68,e1d1,e1e7,3,20
sprt_game_1,37,66,White,6r1/1p3pr1/p7/8/Pn1p3N/3k3P/7K/4R3 w - - 2 37,e1h1,7,-732,68,e1d1,e1e7,3,20
sprt_game_1,37,66,White,6r1/1p3pr1/p7/8/Pn1p3N/3k3P/7K/4R3 w - - 2 37,e1a1,8,-736,72,e1d1,e1e7,3,20
sprt_game_1,37,66,White,6r1/1p3pr1/p7/8/Pn1p3N/3k3P/7K/4R3 w - - 2 37,e1d1,9,-738,74,e1d1,e1e7,3,20
sprt_game_1,37,66,White,6r1/1p3pr1/p7/8/Pn1p3N/3k3P/7K/4R3 w - - 2 37,a4a5,10,-743,79,e1d1,e1e7,3,20
sprt_game_1,37,66,White,6r1/1p3pr1/p7/8/Pn1p3N/3k3P/7K/4R3 w - - 2 37,e1b1,11,-754,90,e1d1,e1e7,3,20
sprt_game_1,37,66,White,6r1/1p3pr1/p7/8/Pn1p3N/3k3P/7K/4R3 w - - 2 37,h2h1,12,-764,100,e1d1,e1e7,3,20
sprt_game_1,37,66,White,6r1/1p3pr1/p7/8/Pn1p3N/3k3P/7K/4R3 w - - 2 37,e1e4,13,-914,250,e1d1,e1e7,3,20
sprt_game_1,37,66,White,6r1/1p3pr1/p7/8/Pn1p3N/3k3P/7K/4R3 w - - 2 37,h4g6,14,-942,278,e1d1,e1e7,3,20
sprt_game_1,37,66,White,6r1/1p3pr1/p7/8/Pn1p3N/3k3P/7K/4R3 w - - 2 37,e1e8,15,-31988,31324,e1d1,e1e7,3,20
sprt_game_1,37,66,White,6r1/1p3pr1/p7/8/Pn1p3N/3k3P/7K/4R3 w - - 2 37,h4g2,16,-31992,31328,e1d1,e1e7,3,20
sprt_game_1,37,66,White,6r1/1p3pr1/p7/8/Pn1p3N/3k3P/7K/4R3 w - - 2 37,e1e6,17,-31993,31329,e1d1,e1e7,3,20
sprt_game_1,37,66,White,6r1/1p3pr1/p7/8/Pn1p3N/3k3P/7K/4R3 w - - 2 37,e1e3,18,-31994,31330,e1d1,e1e7,3,20
sprt_game_1,37,66,White,6r1/1p3pr1/p7/8/Pn1p3N/3k3P/7K/4R3 w - - 2 37,e1e2,19,-31995,31331,e1d1,e1e7,3,20
sprt_game_1,37,66,White,6r1/1p3pr1/p7/8/Pn1p3N/3k3P/7K/4R3 w - - 2 37,e1g1,20,-31995,31331,e1d1,e1e7,3,20
sprt_game_1,38,68,White,6r1/1p3pr1/p7/8/Pn1p3N/2k4P/7K/3R4 w - - 4 38,d1c1,1,-784,0,h4f5,h4f3,3,16
sprt_game_1,38,68,White,6r1/1p3pr1/p7/8/Pn1p3N/2k4P/7K/3R4 w - - 4 38,d1f1,2,-807,23,h4f5,h4f3,3,16
sprt_game_1,38,68,White,6r1/1p3pr1/p7/8/Pn1p3N/2k4P/7K/3R4 w - - 4 38,d1a1,3,-813,29,h4f5,h4f3,3,16
sprt_game_1,38,68,White,6r1/1p3pr1/p7/8/Pn1p3N/2k4P/7K/3R4 w - - 4 38,h2h1,4,-825,41,h4f5,h4f3,3,16
sprt_game_1,38,68,White,6r1/1p3pr1/p7/8/Pn1p3N/2k4P/7K/3R4 w - - 4 38,d1b1,5,-831,47,h4f5,h4f3,3,16
sprt_game_1,38,68,White,6r1/1p3pr1/p7/8/Pn1p3N/2k4P/7K/3R4 w - - 4 38,h4f3,6,-832,48,h4f5,h4f3,3,16
sprt_game_1,38,68,White,6r1/1p3pr1/p7/8/Pn1p3N/2k4P/7K/3R4 w - - 4 38,d1e1,7,-832,48,h4f5,h4f3,3,16
sprt_game_1,38,68,White,6r1/1p3pr1/p7/8/Pn1p3N/2k4P/7K/3R4 w - - 4 38,d1d4,8,-846,62,h4f5,h4f3,3,16
sprt_game_1,38,68,White,6r1/1p3pr1/p7/8/Pn1p3N/2k4P/7K/3R4 w - - 4 38,d1h1,9,-851,67,h4f5,h4f3,3,16
sprt_game_1,38,68,White,6r1/1p3pr1/p7/8/Pn1p3N/2k4P/7K/3R4 w - - 4 38,h4f5,10,-864,80,h4f5,h4f3,3,16
sprt_game_1,38,68,White,6r1/1p3pr1/p7/8/Pn1p3N/2k4P/7K/3R4 w - - 4 38,a4a5,11,-865,81,h4f5,h4f3,3,16
sprt_game_1,38,68,White,6r1/1p3pr1/p7/8/Pn1p3N/2k4P/7K/3R4 w - - 4 38,h4g2,12,-1303,519,h4f5,h4f3,3,16
sprt_game_1,38,68,White,6r1/1p3pr1/p7/8/Pn1p3N/2k4P/7K/3R4 w - - 4 38,h4g6,13,-31992,31208,h4f5,h4f3,3,16
sprt_game_1,38,68,White,6r1/1p3pr1/p7/8/Pn1p3N/2k4P/7K/3R4 w - - 4 38,d1d2,14,-31993,31209,h4f5,h4f3,3,16
sprt_game_1,38,68,White,6r1/1p3pr1/p7/8/Pn1p3N/2k4P/7K/3R4 w - - 4 38,d1d3,15,-31995,31211,h4f5,h4f3,3,16
sprt_game_1,38,68,White,6r1/1p3pr1/p7/8/Pn1p3N/2k4P/7K/3R4 w - - 4 38,d1g1,16,-31995,31211,h4f5,h4f3,3,16
sprt_game_1,39,70,White,6r1/1p3pr1/p7/5N2/Pn6/2kp3P/7K/3R4 w - - 0 39,f5g7,1,-737,0,a4a5,h3h4,3,20
sprt_game_1,39,70,White,6r1/1p3pr1/p7/5N2/Pn6/2kp3P/7K/3R4 w - - 0 39,d1c1,2,-776,39,a4a5,h3h4,3,20
sprt_game_1,39,70,White,6r1/1p3pr1/p7/5N2/Pn6/2kp3P/7K/3R4 w - - 0 39,f5e3,3,-787,50,a4a5,h3h4,3,20
sprt_game_1,39,70,White,6r1/1p3pr1/p7/5N2/Pn6/2kp3P/7K/3R4 w - - 0 39,f5d6,4,-841,104,a4a5,h3h4,3,20
sprt_game_1,39,70,White,6r1/1p3pr1/p7/5N2/Pn6/2kp3P/7K/3R4 w - - 0 39,h2h1,5,-858,121,a4a5,h3h4,3,20
sprt_game_1,39,70,White,6r1/1p3pr1/p7/5N2/Pn6/2kp3P/7K/3R4 w - - 0 39,d1a1,6,-877,140,a4a5,h3h4,3,20
sprt_game_1,39,70,White,6r1/1p3pr1/p7/5N2/Pn6/2kp3P/7K/3R4 w - - 0 39,f5h4,7,-901,164,a4a5,h3h4,3,20
sprt_game_1,39,70,White,6r1/1p3pr1/p7/5N2/Pn6/2kp3P/7K/3R4 w - - 0 39,f5h6,8,-916,179,a4a5,h3h4,3,20
sprt_game_1,39,70,White,6r1/1p3pr1/p7/5N2/Pn6/2kp3P/7K/3R4 w - - 0 39,d1f1,9,-917,180,a4a5,h3h4,3,20
sprt_game_1,39,70,White,6r1/1p3pr1/p7/5N2/Pn6/2kp3P/7K/3R4 w - - 0 39,h3h4,10,-949,212,a4a5,h3h4,3,20
sprt_game_1,39,70,White,6r1/1p3pr1/p7/5N2/Pn6/2kp3P/7K/3R4 w - - 0 39,d1d3,11,-956,219,a4a5,h3h4,3,20
sprt_game_1,39,70,White,6r1/1p3pr1/p7/5N2/Pn6/2kp3P/7K/3R4 w - - 0 39,d1b1,12,-1022,285,a4a5,h3h4,3,20
sprt_game_1,39,70,White,6r1/1p3pr1/p7/5N2/Pn6/2kp3P/7K/3R4 w - - 0 39,f5e7,13,-1068,331,a4a5,h3h4,3,20
sprt_game_1,39,70,White,6r1/1p3pr1/p7/5N2/Pn6/2kp3P/7K/3R4 w - - 0 39,a4a5,14,-31955,31218,a4a5,h3h4,3,20
sprt_game_1,39,70,White,6r1/1p3pr1/p7/5N2/Pn6/2kp3P/7K/3R4 w - - 0 39,d1d2,15,-31986,31249,a4a5,h3h4,3,20
sprt_game_1,39,70,White,6r1/1p3pr1/p7/5N2/Pn6/2kp3P/7K/3R4 w - - 0 39,d1e1,16,-31989,31252,a4a5,h3h4,3,20
sprt_game_1,39,70,White,6r1/1p3pr1/p7/5N2/Pn6/2kp3P/7K/3R4 w - - 0 39,f5d4,17,-31991,31254,a4a5,h3h4,3,20
sprt_game_1,39,70,White,6r1/1p3pr1/p7/5N2/Pn6/2kp3P/7K/3R4 w - - 0 39,f5g3,18,-31993,31256,a4a5,h3h4,3,20
sprt_game_1,39,70,White,6r1/1p3pr1/p7/5N2/Pn6/2kp3P/7K/3R4 w - - 0 39,d1g1,19,-31993,31256,a4a5,h3h4,3,20
sprt_game_1,39,70,White,6r1/1p3pr1/p7/5N2/Pn6/2kp3P/7K/3R4 w - - 0 39,d1h1,20,-31999,31262,a4a5,h3h4,3,20
sprt_game_1,41,74,White,6r1/1p3pr1/p7/8/P7/2k1N2P/2np4/3R3K w - - 2 41,e3d5,1,-824,0,e3f5,e3g4,3,17
sprt_game_1,41,74,White,6r1/1p3pr1/p7/8/P7/2k1N2P/2np4/3R3K w - - 2 41,d1f1,2,-904,80,e3f5,e3g4,3,17
sprt_game_1,41,74,White,6r1/1p3pr1/p7/8/P7/2k1N2P/2np4/3R3K w - - 2 41,e3g4,3,-956,132,e3f5,e3g4,3,17
sprt_game_1,41,74,White,6r1/1p3pr1/p7/8/P7/2k1N2P/2np4/3R3K w - - 2 41,e3f5,4,-1081,257,e3f5,e3g4,3,17
sprt_game_1,41,74,White,6r1/1p3pr1/p7/8/P7/2k1N2P/2np4/3R3K w - - 2 41,h3h4,5,-1598,774,e3f5,e3g4,3,17
sprt_game_1,41,74,White,6r1/1p3pr1/p7/8/P7/2k1N2P/2np4/3R3K w - - 2 41,e3c2,6,-31994,31170,e3f5,e3g4,3,17
sprt_game_1,41,74,White,6r1/1p3pr1/p7/8/P7/2k1N2P/2np4/3R3K w - - 2 41,e3g2,7,-31995,31171,e3f5,e3g4,3,17
sprt_game_1,41,74,White,6r1/1p3pr1/p7/8/P7/2k1N2P/2np4/3R3K w - - 2 41,h1h2,8,-31995,31171,e3f5,e3g4,3,17
sprt_game_1,41,74,White,6r1/1p3pr1/p7/8/P7/2k1N2P/2np4/3R3K w - - 2 41,d1b1,9,-31995,31171,e3f5,e3g4,3,17
sprt_game_1,41,74,White,6r1/1p3pr1/p7/8/P7/2k1N2P/2np4/3R3K w - - 2 41,d1a1,10,-31995,31171,e3f5,e3g4,3,17
sprt_game_1,41,74,White,6r1/1p3pr1/p7/8/P7/2k1N2P/2np4/3R3K w - - 2 41,a4a5,11,-31995,31171,e3f5,e3g4,3,17
sprt_game_1,41,74,White,6r1/1p3pr1/p7/8/P7/2k1N2P/2np4/3R3K w - - 2 41,e3c4,12,-31996,31172,e3f5,e3g4,3,17
sprt_game_1,41,74,White,6r1/1p3pr1/p7/8/P7/2k1N2P/2np4/3R3K w - - 2 41,d1d2,13,-31996,31172,e3f5,e3g4,3,17
sprt_game_1,41,74,White,6r1/1p3pr1/p7/8/P7/2k1N2P/2np4/3R3K w - - 2 41,d1g1,14,-31996,31172,e3f5,e3g4,3,17
sprt_game_1,41,74,White,6r1/1p3pr1/p7/8/P7/2k1N2P/2np4/3R3K w - - 2 41,d1e1,15,-31997,31173,e3f5,e3g4,3,17
sprt_game_1,41,74,White,6r1/1p3pr1/p7/8/P7/2k1N2P/2np4/3R3K w - - 2 41,d1c1,16,-31997,31173,e3f5,e3g4,3,17
sprt_game_1,41,74,White,6r1/1p3pr1/p7/8/P7/2k1N2P/2np4/3R3K w - - 2 41,e3f1,17,-31998,31174,e3f5,e3g4,3,17
sprt_game_2,12,8,White,r3k2r/pp3ppp/2n5/2bnp3/3p4/3B4/PPPB1PPP/R3K1NR w KQkq - 0 12,e1c1,1,-116,0,g1f3,a2a3,6,39
sprt_game_2,12,8,White,r3k2r/pp3ppp/2n5/2bnp3/3p4/3B4/PPPB1PPP/R3K1NR w KQkq - 0 12,g1e2,2,-120,4,g1f3,a2a3,6,39
sprt_game_2,12,8,White,r3k2r/pp3ppp/2n5/2bnp3/3p4/3B4/PPPB1PPP/R3K1NR w KQkq - 0 12,a2a3,3,-126,10,g1f3,a2a3,6,39
sprt_game_2,12,8,White,r3k2r/pp3ppp/2n5/2bnp3/3p4/3B4/PPPB1PPP/R3K1NR w KQkq - 0 12,g1f3,4,-127,11,g1f3,a2a3,6,39
sprt_game_2,12,8,White,r3k2r/pp3ppp/2n5/2bnp3/3p4/3B4/PPPB1PPP/R3K1NR w KQkq - 0 12,h2h4,5,-142,26,g1f3,a2a3,6,39
sprt_game_2,12,8,White,r3k2r/pp3ppp/2n5/2bnp3/3p4/3B4/PPPB1PPP/R3K1NR w KQkq - 0 12,g1h3,6,-145,29,g1f3,a2a3,6,39
sprt_game_2,12,8,White,r3k2r/pp3ppp/2n5/2bnp3/3p4/3B4/PPPB1PPP/R3K1NR w KQkq - 0 12,g2g3,7,-164,48,g1f3,a2a3,6,39
sprt_game_2,12,8,White,r3k2r/pp3ppp/2n5/2bnp3/3p4/3B4/PPPB1PPP/R3K1NR w KQkq - 0 12,g2g4,8,-165,49,g1f3,a2a3,6,39
sprt_game_2,12,8,White,r3k2r/pp3ppp/2n5/2bnp3/3p4/3B4/PPPB1PPP/R3K1NR w KQkq - 0 12,f2f3,9,-169,53,g1f3,a2a3,6,39
sprt_game_2,12,8,White,r3k2r/pp3ppp/2n5/2bnp3/3p4/3B4/PPPB1PPP/R3K1NR w KQkq - 0 12,h2h3,10,-171,55,g1f3,a2a3,6,39
sprt_game_2,12,8,White,r3k2r/pp3ppp/2n5/2bnp3/3p4/3B4/PPPB1PPP/R3K1NR w KQkq - 0 12,e1d1,11,-172,56,g1f3,a2a3,6,39
sprt_game_2,12,8,White,r3k2r/pp3ppp/2n5/2bnp3/3p4/3B4/PPPB1PPP/R3K1NR w KQkq - 0 12,f2f4,12,-172,56,g1f3,a2a3,6,39
sprt_game_2,12,8,White,r3k2r/pp3ppp/2n5/2bnp3/3p4/3B4/PPPB1PPP/R3K1NR w KQkq - 0 12,d3c4,13,-178,62,g1f3,a2a3,6,39
sprt_game_2,12,8,White,r3k2r/pp3ppp/2n5/2bnp3/3p4/3B4/PPPB1PPP/R3K1NR w KQkq - 0 12,a1c1,14,-178,62,g1f3,a2a3,6,39
sprt_game_2,12,8,White,r3k2r/pp3ppp/2n5/2bnp3/3p4/3B4/PPPB1PPP/R3K1NR w KQkq - 0 12,a2a4,15,-178,62,g1f3,a2a3,6,39
sprt_game_2,12,8,White,r3k2r/pp3ppp/2n5/2bnp3/3p4/3B4/PPPB1PPP/R3K1NR w KQkq - 0 12,d3e2,16,-182,66,g1f3,a2a3,6,39
sprt_game_2,12,8,White,r3k2r/pp3ppp/2n5/2bnp3/3p4/3B4/PPPB1PPP/R3K1NR w KQkq - 0 12,e1e2,17,-185,69,g1f3,a2a3,6,39
sprt_game_2,12,8,White,r3k2r/pp3ppp/2n5/2bnp3/3p4/3B4/PPPB1PPP/R3K1NR w KQkq - 0 12,a1d1,18,-185,69,g1f3,a2a3,6,39
sprt_game_2,12,8,White,r3k2r/pp3ppp/2n5/2bnp3/3p4/3B4/PPPB1PPP/R3K1NR w KQkq - 0 12,e1f1,19,-191,75,g1f3,a2a3,6,39
sprt_game_2,12,8,White,r3k2r/pp3ppp/2n5/2bnp3/3p4/3B4/PPPB1PPP/R3K1NR w KQkq - 0 12,d3e4,20,-192,76,g1f3,a2a3,6,39
sprt_game_2,12,8,White,r3k2r/pp3ppp/2n5/2bnp3/3p4/3B4/PPPB1PPP/R3K1NR w KQkq - 0 12,a1b1,21,-195,79,g1f3,a2a3,6,39
sprt_game_2,12,8,White,r3k2r/pp3ppp/2n5/2bnp3/3p4/3B4/PPPB1PPP/R3K1NR w KQkq - 0 12,d3f1,22,-198,82,g1f3,a2a3,6,39
sprt_game_2,12,8,White,r3k2r/pp3ppp/2n5/2bnp3/3p4/3B4/PPPB1PPP/R3K1NR w KQkq - 0 12,d3f5,23,-201,85,g1f3,a2a3,6,39
sprt_game_2,12,8,White,r3k2r/pp3ppp/2n5/2bnp3/3p4/3B4/PPPB1PPP/R3K1NR w KQkq - 0 12,d2g5,24,-202,86,g1f3,a2a3,6,39
sprt_game_2,12,8,White,r3k2r/pp3ppp/2n5/2bnp3/3p4/3B4/PPPB1PPP/R3K1NR w KQkq - 0 12,c2c3,25,-203,87,g1f3,a2a3,6,39
sprt_game_2,12,8,White,r3k2r/pp3ppp/2n5/2bnp3/3p4/3B4/PPPB1PPP/R3K1NR w KQkq - 0 12,d3b5,26,-208,92,g1f3,a2a3,6,39
sprt_game_2,12,8,White,r3k2r/pp3ppp/2n5/2bnp3/3p4/3B4/PPPB1PPP/R3K1NR w KQkq - 0 12,d2c1,27,-220,104,g1f3,a2a3,6,39
sprt_game_2,12,8,White,r3k2r/pp3ppp/2n5/2bnp3/3p4/3B4/PPPB1PPP/R3K1NR w KQkq - 0 12,b2b3,28,-228,112,g1f3,a2a3,6,39
sprt_game_2,12,8,White,r3k2r/pp3ppp/2n5/2bnp3/3p4/3B4/PPPB1PPP/R3K1NR w KQkq - 0 12,c2c4,29,-234,118,g1f3,a2a3,6,39
sprt_game_2,12,8,White,r3k2r/pp3ppp/2n5/2bnp3/3p4/3B4/PPPB1PPP/R3K1NR w KQkq - 0 12,b2b4,30,-326,210,g1f3,a2a3,6,39
sprt_game_2,12,8,White,r3k2r/pp3ppp/2n5/2bnp3/3p4/3B4/PPPB1PPP/R3K1NR w KQkq - 0 12,d2a5,31,-484,368,g1f3,a2a3,6,39
sprt_game_2,12,8,White,r3k2r/pp3ppp/2n5/2bnp3/3p4/3B4/PPPB1PPP/R3K1NR w KQkq - 0 12,d2h6,32,-501,385,g1f3,a2a3,6,39
sprt_game_2,12,8,White,r3k2r/pp3ppp/2n5/2bnp3/3p4/3B4/PPPB1PPP/R3K1NR w KQkq - 0 12,d3h7,33,-503,387,g1f3,a2a3,6,39
sprt_game_2,12,8,White,r3k2r/pp3ppp/2n5/2bnp3/3p4/3B4/PPPB1PPP/R3K1NR w KQkq - 0 12,d3a6,34,-530,414,g1f3,a2a3,6,39
sprt_game_2,12,8,White,r3k2r/pp3ppp/2n5/2bnp3/3p4/3B4/PPPB1PPP/R3K1NR w KQkq - 0 12,d2f4,35,-534,418,g1f3,a2a3,6,39
sprt_game_2,12,8,White,r3k2r/pp3ppp/2n5/2bnp3/3p4/3B4/PPPB1PPP/R3K1NR w KQkq - 0 12,d2c3,36,-549,433,g1f3,a2a3,6,39
sprt_game_2,12,8,White,r3k2r/pp3ppp/2n5/2bnp3/3p4/3B4/PPPB1PPP/R3K1NR w KQkq - 0 12,d3g6,37,-565,449,g1f3,a2a3,6,39
sprt_game_2,12,8,White,r3k2r/pp3ppp/2n5/2bnp3/3p4/3B4/PPPB1PPP/R3K1NR w KQkq - 0 12,d2b4,38,-565,449,g1f3,a2a3,6,39
sprt_game_2,12,8,White,r3k2r/pp3ppp/2n5/2bnp3/3p4/3B4/PPPB1PPP/R3K1NR w KQkq - 0 12,d2e3,39,-584,468,g1f3,a2a3,6,39
sprt_game_2,15,14,White,3rk2r/pp3ppp/2n5/3np3/3pB3/8/PPPR1PPP/2K3NR w k - 1 15,g2g4,1,-105,0,g1e2,c2c3,6,27
sprt_game_2,15,14,White,3rk2r/pp3ppp/2n5/3np3/3pB3/8/PPPR1PPP/2K3NR w k - 1 15,g1f3,2,-116,11,g1e2,c2c3,6,27
sprt_game_2,15,14,White,3rk2r/pp3ppp/2n5/3np3/3pB3/8/PPPR1PPP/2K3NR w k - 1 15,c2c4,3,-116,11,g1e2,c2c3,6,27
sprt_game_2,15,14,White,3rk2r/pp3ppp/2n5/3np3/3pB3/8/PPPR1PPP/2K3NR w k - 1 15,c2c3,4,-118,13,g1e2,c2c3,6,27
sprt_game_2,15,14,White,3rk2r/pp3ppp/2n5/3np3/3pB3/8/PPPR1PPP/2K3NR w k - 1 15,g1e2,5,-136,31,g1e2,c2c3,6,27
sprt_game_2,15,14,White,3rk2r/pp3ppp/2n5/3np3/3pB3/8/PPPR1PPP/2K3NR w k - 1 15,g1h3,6,-155,50,g1e2,c2c3,6,27
sprt_game_2,15,14,White,3rk2r/pp3ppp/2n5/3np3/3pB3/8/PPPR1PPP/2K3NR w k - 1 15,e4d5,7,-156,51,g1e2,c2c3,6,27
sprt_game_2,15,14,White,3rk2r/pp3ppp/2n5/3np3/3pB3/8/PPPR1PPP/2K3NR w k - 1 15,h2h3,8,-156,51,g1e2,c2c3,6,27
sprt_game_2,15,14,White,3rk2r/pp3ppp/2n5/3np3/3pB3/8/PPPR1PPP/2K3NR w k - 1 15,h2h4,9,-161,56,g1e2,c2c3,6,27
sprt_game_2,15,14,White,3rk2r/pp3ppp/2n5/3np3/3pB3/8/PPPR1PPP/2K3NR w k - 1 15,g2g3,10,-167,62,g1e2,c2c3,6,27
sprt_game_2,15,14,White,3rk2r/pp3ppp/2n5/3np3/3pB3/8/PPPR1PPP/2K3NR w k - 1 15,f2f3,11,-175,70,g1e2,c2c3,6,27
sprt_game_2,15,14,White,3rk2r/pp3ppp/2n5/3np3/3pB3/8/PPPR1PPP/2K3NR w k - 1 15,d2e2,12,-177,72,g1e2,c2c3,6,27
sprt_game_2,15,14,White,3rk2r/pp3ppp/2n5/3np3/3pB3/8/PPPR1PPP/2K3NR w k - 1 15,a2a3,13,-179,74,g1e2,c2c3,6,27
sprt_game_2,15,14,White,3rk2r/pp3ppp/2n5/3np3/3pB3/8/PPPR1PPP/2K3NR w k - 1 15,d2d3,14,-181,76,g1e2,c2c3,6,27
sprt_game_2,15,14,White,3rk2r/pp3ppp/2n5/3np3/3pB3/8/PPPR1PPP/2K3NR w k - 1 15,c1b1,15,-195,90,g1e2,c2c3,6,27
sprt_game_2,15,14,White,3rk2r/pp3ppp/2n5/3np3/3pB3/8/PPPR1PPP/2K3NR w k - 1 15,a2a4,16,-198,93,g1e2,c2c3,6,27
sprt_game_2,15,14,White,3rk2r/pp3ppp/2n5/3np3/3pB3/8/PPPR1PPP/2K3NR w k - 1 15,e4d3,17,-199,94,g1e2,c2c3,6,27
sprt_game_2,15,14,White,3rk2r/pp3ppp/2n5/3np3/3pB3/8/PPPR1PPP/2K3NR w k - 1 15,e4f3,18,-203,98,g1e2,c2c3,6,27
sprt_game_2,15,14,White,3rk2r/pp3ppp/2n5/3np3/3pB3/8/PPPR1PPP/2K3NR w k - 1 15,d2d1,19,-213,108,g1e2,c2c3,6,27
sprt_game_2,15,14,White,3rk2r/pp3ppp/2n5/3np3/3pB3/8/PPPR1PPP/2K3NR w k - 1 15,e4f5,20,-217,112,g1e2,c2c3,6,27
sprt_game_2,15,14,White,3rk2r/pp3ppp/2n5/3np3/3pB3/8/PPPR1PPP/2K3NR w k - 1 15,c1d1,21,-219,114,g1e2,c2c3,6,27
sprt_game_2,15,14,White,3rk2r/pp3ppp/2n5/3np3/3pB3/8/PPPR1PPP/2K3NR w k - 1 15,b2b3,22,-242,137,g1e2,c2c3,6,27
sprt_game_2,15,14,White,3rk2r/pp3ppp/2n5/3np3/3pB3/8/PPPR1PPP/2K3NR w k - 1 15,f2f4,23,-272,167,g1e2,c2c3,6,27
sprt_game_2,15,14,White,3rk2r/pp3ppp/2n5/3np3/3pB3/8/PPPR1PPP/2K3NR w k - 1 15,b2b4,24,-347,242,g1e2,c2c3,6,27
sprt_game_2,15,14,White,3rk2r/pp3ppp/2n5/3np3/3pB3/8/PPPR1PPP/2K3NR w k - 1 15,e4h7,25,-500,395,g1e2,c2c3,6,27
sprt_game_2,15,14,White,3rk2r/pp3ppp/2n5/3np3/3pB3/8/PPPR1PPP/2K3NR w k - 1 15,d2d4,26,-540,435,g1e2,c2c3,6,27
sprt_game_2,15,14,White,3rk2r/pp3ppp/2n5/3np3/3pB3/8/PPPR1PPP/2K3NR w k - 1 15,e4g6,27,-559,454,g1e2,c2c3,6,27
sprt_game_2,16,16,White,3r1rk1/pp3ppp/2n5/3np3/3pB3/8/PPPRNPPP/2K4R w - - 3 16,f2f4,1,-143,0,f2f4,e4d5,6,32
sprt_game_2,16,16,White,3r1rk1/pp3ppp/2n5/3np3/3pB3/8/PPPRNPPP/2K4R w - - 3 16,e4d5,2,-147,4,f2f4,e4d5,6,32
sprt_game_2,16,16,White,3r1rk1/pp3ppp/2n5/3np3/3pB3/8/PPPRNPPP/2K4R w - - 3 16,h1e1,3,-155,12,f2f4,e4d5,6,32
sprt_game_2,16,16,White,3r1rk1/pp3ppp/2n5/3np3/3pB3/8/PPPRNPPP/2K4R w - - 3 16,c2c3,4,-162,19,f2f4,e4d5,6,32
sprt_game_2,16,16,White,3r1rk1/pp3ppp/2n5/3np3/3pB3/8/PPPRNPPP/2K4R w - - 3 16,h1d1,5,-168,25,f2f4,e4d5,6,32
sprt_game_2,16,16,White,3r1rk1/pp3ppp/2n5/3np3/3pB3/8/PPPRNPPP/2K4R w - - 3 16,g2g3,6,-177,34,f2f4,e4d5,6,32
sprt_game_2,16,16,White,3r1rk1/pp3ppp/2n5/3np3/3pB3/8/PPPRNPPP/2K4R w - - 3 16,g2g4,7,-177,34,f2f4,e4d5,6,32
sprt_game_2,16,16,White,3r1rk1/pp3ppp/2n5/3np3/3pB3/8/PPPRNPPP/2K4R w - - 3 16,a2a3,8,-180,37,f2f4,e4d5,6,32
sprt_game_2,16,16,White,3r1rk1/pp3ppp/2n5/3np3/3pB3/8/PPPRNPPP/2K4R w - - 3 16,h2h3,9,-196,53,f2f4,e4d5,6,32
sprt_game_2,16,16,White,3r1rk1/pp3ppp/2n5/3np3/3pB3/8/PPPRNPPP/2K4R w - - 3 16,d2d1,10,-197,54,f2f4,e4d5,6,32
sprt_game_2,16,16,White,3r1rk1/pp3ppp/2n5/3np3/3pB3/8/PPPRNPPP/2K4R w - - 3 16,e4d3,11,-201,58,f2f4,e4d5,6,32
sprt_game_2,16,16,White,3r1rk1/pp3ppp/2n5/3np3/3pB3/8/PPPRNPPP/2K4R w - - 3 16,c1b1,12,-207,64,f2f4,e4d5,6,32
sprt_game_2,16,16,White,3r1rk1/pp3ppp/2n5/3np3/3pB3/8/PPPRNPPP/2K4R w - - 3 16,h2h4,13,-207,64,f2f4,e4d5,6,32
sprt_game_2,16,16,White,3r1rk1/pp3ppp/2n5/3np3/3pB3/8/PPPRNPPP/2K4R w - - 3 16,h1f1,14,-209,66,f2f4,e4d5,6,32
sprt_game_2,16,16,White,3r1rk1/pp3ppp/2n5/3np3/3pB3/8/PPPRNPPP/2K4R w - - 3 16,h1g1,15,-211,68,f2f4,e4d5,6,32
sprt_game_2,16,16,White,3r1rk1/pp3ppp/2n5/3np3/3pB3/8/PPPRNPPP/2K4R w - - 3 16,f2f3,16,-213,70,f2f4,e4d5,6,32
sprt_game_2,16,16,White,3r1rk1/pp3ppp/2n5/3np3/3pB3/8/PPPRNPPP/2K4R w - - 3 16,e4f5,17,-215,72,f2f4,e4d5,6,32
sprt_game_2,16,16,White,3r1rk1/pp3ppp/2n5/3np3/3pB3/8/PPPRNPPP/2K4R w - - 3 16,b2b3,18,-215,72,f2f4,e4d5,6,32
sprt_game_2,16,16,White,3r1rk1/pp3ppp/2n5/3np3/3pB3/8/PPPRNPPP/2K4R w - - 3 16,e4f3,19,-221,78,f2f4,e4d5,6,32
sprt_game_2,16,16,White,3r1rk1/pp3ppp/2n5/3np3/3pB3/8/PPPRNPPP/2K4R w - - 3 16,e2g3,20,-224,81,f2f4,e4d5,6,32
sprt_game_2,16,16,White,3r1rk1/pp3ppp/2n5/3np3/3pB3/8/PPPRNPPP/2K4R w - - 3 16,e2g1,21,-228,85,f2f4,e4d5,6,32
sprt_game_2,16,16,White,3r1rk1/pp3ppp/2n5/3np3/3pB3/8/PPPRNPPP/2K4R w - - 3 16,d2d3,22,-231,88,f2f4,e4d5,6,32
sprt_game_2,16,16,White,3r1rk1/pp3ppp/2n5/3np3/3pB3/8/PPPRNPPP/2K4R w - - 3 16,c2c4,23,-231,88,f2f4,e4d5,6,32
sprt_game_2,16,16,White,3r1rk1/pp3ppp/2n5/3np3/3pB3/8/PPPRNPPP/2K4R w - - 3 16,a2a4,24,-242,99,f2f4,e4d5,6,32
sprt_game_2,16,16,White,3r1rk1/pp3ppp/2n5/3np3/3pB3/8/PPPRNPPP/2K4R w - - 3 16,c1d1,25,-247,104,f2f4,e4d5,6,32
sprt_game_2,16,16,White,3r1rk1/pp3ppp/2n5/3np3/3pB3/8/PPPRNPPP/2K4R w - - 3 16,e2c3,26,-286,143,f2f4,e4d5,6,32
sprt_game_2,16,16,White,3r1rk1/pp3ppp/2n5/3np3/3pB3/8/PPPRNPPP/2K4R w - - 3 16,b2b4,27,-393,250,f2f4,e4d5,6,32
sprt_game_2,16,16,White,3r1rk1/pp3ppp/2n5/3np3/3pB3/8/PPPRNPPP/2K4R w - - 3 16,e2d4,28,-446,303,f2f4,e4d5,6,32
sprt_game_2,16,16,White,3r1rk1/pp3ppp/2n5/3np3/3pB3/8/PPPRNPPP/2K4R w - - 3 16,e4h7,29,-498,355,f2f4,e4d5,6,32
sprt_game_2,16,16,White,3r1rk1/pp3ppp/2n5/3np3/3pB3/8/PPPRNPPP/2K4R w - - 3 16,e2f4,30,-510,367,f2f4,e4d5,6,32
sprt_game_2,16,16,White,3r1rk1/pp3ppp/2n5/3np3/3pB3/8/PPPRNPPP/2K4R w - - 3 16,e4g6,31,-558,415,f2f4,e4d5,6,32
sprt_game_2,16,16,White,3r1rk1/pp3ppp/2n5/3np3/3pB3/8/PPPRNPPP/2K4R w - - 3 16,d2d4,32,-563,420,f2f4,e4d5,6,32
sprt_game_2,21,26,White,3r2k1/p4ppp/4rn2/2p1p3/3p4/2P2PN1/PP1R2PP/2K1R3 w - - 1 21,b2b3,1,-202,0,d2e2,c1b1,6,32
sprt_game_2,21,26,White,3r2k1/p4ppp/4rn2/2p1p3/3p4/2P2PN1/PP1R2PP/2K1R3 w - - 1 21,h2h4,2,-211,9,d2e2,c1b1,6,32
sprt_game_2,21,26,White,3r2k1/p4ppp/4rn2/2p1p3/3p4/2P2PN1/PP1R2PP/2K1R3 w - - 1 21,g3h1,3,-213,11,d2e2,c1b1,6,32
sprt_game_2,21,26,White,3r2k1/p4ppp/4rn2/2p1p3/3p4/2P2PN1/PP1R2PP/2K1R3 w - - 1 21,a2a3,4,-216,14,d2e2,c1b1,6,32
sprt_game_2,21,26,White,3r2k1/p4ppp/4rn2/2p1p3/3p4/2P2PN1/PP1R2PP/2K1R3 w - - 1 21,c1d1,5,-220,18,d2e2,c1b1,6,32
sprt_game_2,21,26,White,3r2k1/p4ppp/4rn2/2p1p3/3p4/2P2PN1/PP1R2PP/2K1R3 w - - 1 21,d2e2,6,-226,24,d2e2,c1b1,6,32
sprt_game_2,21,26,White,3r2k1/p4ppp/4rn2/2p1p3/3p4/2P2PN1/PP1R2PP/2K1R3 w - - 1 21,g3f1,7,-227,25,d2e2,c1b1,6,32
sprt_game_2,21,26,White,3r2k1/p4ppp/4rn2/2p1p3/3p4/2P2PN1/PP1R2PP/2K1R3 w - - 1 21,a2a4,8,-227,25,d2e2,c1b1,6,32
sprt_game_2,21,26,White,3r2k1/p4ppp/4rn2/2p1p3/3p4/2P2PN1/PP1R2PP/2K1R3 w - - 1 21,h2h3,9,-231,29,d2e2,c1b1,6,32
sprt_game_2,21,26,White,3r2k1/p4ppp/4rn2/2p1p3/3p4/2P2PN1/PP1R2PP/2K1R3 w - - 1 21,c1c2,10,-240,38,d2e2,c1b1,6,32
sprt_game_2,21,26,White,3r2k1/p4ppp/4rn2/2p1p3/3p4/2P2PN1/PP1R2PP/2K1R3 w - - 1 21,c1b1,11,-240,38,d2e2,c1b1,6,32
sprt_game_2,21,26,White,3r2k1/p4ppp/4rn2/2p1p3/3p4/2P2PN1/PP1R2PP/2K1R3 w - - 1 21,d2c2,12,-242,40,d2e2,c1b1,6,32
sprt_game_2,21,26,White,3r2k1/p4ppp/4rn2/2p1p3/3p4/2P2PN1/PP1R2PP/2K1R3 w - - 1 21,e1h1,13,-242,40,d2e2,c1b1,6,32
sprt_game_2,21,26,White,3r2k1/p4ppp/4rn2/2p1p3/3p4/2P2PN1/PP1R2PP/2K1R3 w - - 1 21,g3e4,14,-243,41,d2e2,c1b1,6,32
sprt_game_2,21,26,White,3r2k1/p4ppp/4rn2/2p1p3/3p4/2P2PN1/PP1R2PP/2K1R3 w - - 1 21,e1g1,15,-243,41,d2e2,c1b1,6,32
sprt_game_2,21,26,White,3r2k1/p4ppp/4rn2/2p1p3/3p4/2P2PN1/PP1R2PP/2K1R3 w - - 1 21,e1f1,16,-243,41,d2e2,c1b1,6,32
sprt_game_2,21,26,White,3r2k1/p4ppp/4rn2/2p1p3/3p4/2P2PN1/PP1R2PP/2K1R3 w - - 1 21,e1e3,17,-245,43,d2e2,c1b1,6,32
sprt_game_2,21,26,White,3r2k1/p4ppp/4rn2/2p1p3/3p4/2P2PN1/PP1R2PP/2K1R3 w - - 1 21,b2b4,18,-245,43,d2e2,c1b1,6,32
sprt_game_2,21,26,White,3r2k1/p4ppp/4rn2/2p1p3/3p4/2P2PN1/PP1R2PP/2K1R3 w - - 1 21,d2d1,19,-246,44,d2e2,c1b1,6,32
sprt_game_2,21,26,White,3r2k1/p4ppp/4rn2/2p1p3/3p4/2P2PN1/PP1R2PP/2K1R3 w - - 1 21,e1e2,20,-248,46,d2e2,c1b1,6,32
sprt_game_2,21,26,White,3r2k1/p4ppp/4rn2/2p1p3/3p4/2P2PN1/PP1R2PP/2K1R3 w - - 1 21,e1d1,21,-248,46,d2e2,c1b1,6,32
sprt_game_2,21,26,White,3r2k1/p4ppp/4rn2/2p1p3/3p4/2P2PN1/PP1R2PP/2K1R3 w - - 1 21,g3e2,22,-250,48,d2e2,c1b1,6,32
sprt_game_2,21,26,White,3r2k1/p4ppp/4rn2/2p1p3/3p4/2P2PN1/PP1R2PP/2K1R3 w - - 1 21,d2d3,23,-250,48,d2e2,c1b1,6,32
sprt_game_2,21,26,White,3r2k1/p4ppp/4rn2/2p1p3/3p4/2P2PN1/PP1R2PP/2K1R3 w - - 1 21,c3c4,24,-250,48,d2e2,c1b1,6,32
sprt_game_2,21,26,White,3r2k1/p4ppp/4rn2/2p1p3/3p4/2P2PN1/PP1R2PP/2K1R3 w - - 1 21,d2f2,25,-252,50,d2e2,c1b1,6,32
sprt_game_2,21,26,White,3r2k1/p4ppp/4rn2/2p1p3/3p4/2P2PN1/PP1R2PP/2K1R3 w - - 1 21,c3d4,26,-254,52,d2e2,c1b1,6,32
sprt_game_2,21,26,White,3r2k1/p4ppp/4rn2/2p1p3/3p4/2P2PN1/PP1R2PP/2K1R3 w - - 1 21,g3f5,27,-255,53,d2e2,c1b1,6,32
sprt_game_2,21,26,White,3r2k1/p4ppp/4rn2/2p1p3/3p4/2P2PN1/PP1R2PP/2K1R3 w - - 1 21,f3f4,28,-418,216,d2e2,c1b1,6,32
sprt_game_2,21,26,White,3r2k1/p4ppp/4rn2/2p1p3/3p4/2P2PN1/PP1R2PP/2K1R3 w - - 1 21,e1e4,29,-446,244,d2e2,c1b1,6,32
sprt_game_2,21,26,White,3r2k1/p4ppp/4rn2/2p1p3/3p4/2P2PN1/PP1R2PP/2K1R3 w - - 1 21,g3h5,30,-537,335,d2e2,c1b1,6,32
sprt_game_2,21,26,White,3r2k1/p4ppp/4rn2/2p1p3/3p4/2P2PN1/PP1R2PP/2K1R3 w - - 1 21,d2d4,31,-586,384,d2e2,c1b1,6,32
sprt_game_2,21,26,White,3r2k1/p4ppp/4rn2/2p1p3/3p4/2P2PN1/PP1R2PP/2K1R3 w - - 1 21,e1e5,32,-596,394,d2e2,c1b1,6,32
sprt_game_2,22,28,White,4r1k1/p4ppp/4rn2/2p1p3/3p4/2P2PN1/PP2R1PP/2K1R3 w - - 3 22,g3e4,1,-220,0,h2h3,a2a3,6,28
sprt_game_2,22,28,White,4r1k1/p4ppp/4rn2/2p1p3/3p4/2P2PN1/PP2R1PP/2K1R3 w - - 3 22,h2h4,2,-224,4,h2h3,a2a3,6,28
sprt_game_2,22,28,White,4r1k1/p4ppp/4rn2/2p1p3/3p4/2P2PN1/PP2R1PP/2K1R3 w - - 3 22,e2d2,3,-237,17,h2h3,a2a3,6,28
sprt_game_2,22,28,White,4r1k1/p4ppp/4rn2/2p1p3/3p4/2P2PN1/PP2R1PP/2K1R3 w - - 3 22,c1b1,4,-243,23,h2h3,a2a3,6,28
sprt_game_2,22,28,White,4r1k1/p4ppp/4rn2/2p1p3/3p4/2P2PN1/PP2R1PP/2K1R3 w - - 3 22,e1d1,5,-244,24,h2h3,a2a3,6,28
sprt_game_2,22,28,White,4r1k1/p4ppp/4rn2/2p1p3/3p4/2P2PN1/PP2R1PP/2K1R3 w - - 3 22,h2h3,6,-245,25,h2h3,a2a3,6,28
sprt_game_2,22,28,White,4r1k1/p4ppp/4rn2/2p1p3/3p4/2P2PN1/PP2R1PP/2K1R3 w - - 3 22,a2a3,7,-246,26,h2h3,a2a3,6,28
sprt_game_2,22,28,White,4r1k1/p4ppp/4rn2/2p1p3/3p4/2P2PN1/PP2R1PP/2K1R3 w - - 3 22,b2b4,8,-246,26,h2h3,a2a3,6,28
sprt_game_2,22,28,White,4r1k1/p4ppp/4rn2/2p1p3/3p4/2P2PN1/PP2R1PP/2K1R3 w - - 3 22,e2c2,9,-253,33,h2h3,a2a3,6,28
sprt_game_2,22,28,White,4r1k1/p4ppp/4rn2/2p1p3/3p4/2P2PN1/PP2R1PP/2K1R3 w - - 3 22,g3f1,10,-254,34,h2h3,a2a3,6,28
sprt_game_2,22,28,White,4r1k1/p4ppp/4rn2/2p1p3/3p4/2P2PN1/PP2R1PP/2K1R3 w - - 3 22,b2b3,11,-256,36,h2h3,a2a3,6,28
sprt_game_2,22,28,White,4r1k1/p4ppp/4rn2/2p1p3/3p4/2P2PN1/PP2R1PP/2K1R3 w - - 3 22,e2f2,12,-257,37,h2h3,a2a3,6,28
sprt_game_2,22,28,White,4r1k1/p4ppp/4rn2/2p1p3/3p4/2P2PN1/PP2R1PP/2K1R3 w - - 3 22,c3c4,13,-260,40,h2h3,a2a3,6,28
sprt_game_2,22,28,White,4r1k1/p4ppp/4rn2/2p1p3/3p4/2P2PN1/PP2R1PP/2K1R3 w - - 3 22,g3h1,14,-261,41,h2h3,a2a3,6,28
sprt_game_2,22,28,White,4r1k1/p4ppp/4rn2/2p1p3/3p4/2P2PN1/PP2R1PP/2K1R3 w - - 3 22,e1h1,15,-261,41,h2h3,a2a3,6,28
sprt_game_2,22,28,White,4r1k1/p4ppp/4rn2/2p1p3/3p4/2P2PN1/PP2R1PP/2K1R3 w - - 3 22,c1c2,16,-262,42,h2h3,a2a3,6,28
sprt_game_2,22,28,White,4r1k1/p4ppp/4rn2/2p1p3/3p4/2P2PN1/PP2R1PP/2K1R3 w - - 3 22,a2a4,17,-263,43,h2h3,a2a3,6,28
sprt_game_2,22,28,White,4r1k1/p4ppp/4rn2/2p1p3/3p4/2P2PN1/PP2R1PP/2K1R3 w - - 3 22,g3f5,18,-264,44,h2h3,a2a3,6,28
sprt_game_2,22,28,White,4r1k1/p4ppp/4rn2/2p1p3/3p4/2P2PN1/PP2R1PP/2K1R3 w - - 3 22,c1d2,19,-267,47,h2h3,a2a3,6,28
sprt_game_2,22,28,White,4r1k1/p4ppp/4rn2/2p1p3/3p4/2P2PN1/PP2R1PP/2K1R3 w - - 3 22,c1d1,20,-269,49,h2h3,a2a3,6,28
sprt_game_2,22,28,White,4r1k1/p4ppp/4rn2/2p1p3/3p4/2P2PN1/PP2R1PP/2K1R3 w - - 3 22,e1g1,21,-270,50,h2h3,a2a3,6,28
sprt_game_2,22,28,White,4r1k1/p4ppp/4rn2/2p1p3/3p4/2P2PN1/PP2R1PP/2K1R3 w - - 3 22,c3d4,22,-271,51,h2h3,a2a3,6,28
sprt_game_2,22,28,White,4r1k1/p4ppp/4rn2/2p1p3/3p4/2P2PN1/PP2R1PP/2K1R3 w - - 3 22,e1f1,23,-276,56,h2h3,a2a3,6,28
sprt_game_2,22,28,White,4r1k1/p4ppp/4rn2/2p1p3/3p4/2P2PN1/PP2R1PP/2K1R3 w - - 3 22,f3f4,24,-383,163,h2h3,a2a3,6,28
sprt_game_2,22,28,White,4r1k1/p4ppp/4rn2/2p1p3/3p4/2P2PN1/PP2R1PP/2K1R3 w - - 3 22,e2e4,25,-451,231,h2h3,a2a3,6,28
sprt_game_2,22,28,White,4r1k1/p4ppp/4rn2/2p1p3/3p4/2P2PN1/PP2R1PP/2K1R3 w - - 3 22,g3h5,26,-536,316,h2h3,a2a3,6,28
sprt_game_2,22,28,White,4r1k1/p4ppp/4rn2/2p1p3/3p4/2P2PN1/PP2R1PP/2K1R3 w - - 3 22,e2e5,27,-556,336,h2h3,a2a3,6,28
sprt_game_2,22,28,White,4r1k1/p4ppp/4rn2/2p1p3/3p4/2P2PN1/PP2R1PP/2K1R3 w - - 3 22,e2e3,28,-596,376,h2h3,a2a3,6,28
sprt_game_2,24,32,White,4r1k1/p4p2/4rnpp/2p1p3/3p4/2P2PN1/PP1R2PP/1K2R3 w - - 0 24,h2h4,1,-218,0,g3e4,a2a3,6,33
sprt_game_2,24,32,White,4r1k1/p4p2/4rnpp/2p1p3/3p4/2P2PN1/PP1R2PP/1K2R3 w - - 0 24,e1c1,2,-226,8,g3e4,a2a3,6,33
sprt_game_2,24,32,White,4r1k1/p4p2/4rnpp/2p1p3/3p4/2P2PN1/PP1R2PP/1K2R3 w - - 0 24,a2a3,3,-230,12,g3e4,a2a3,6,33
sprt_game_2,24,32,White,4r1k1/p4p2/4rnpp/2p1p3/3p4/2P2PN1/PP1R2PP/1K2R3 w - - 0 24,h2h3,4,-237,19,g3e4,a2a3,6,33
sprt_game_2,24,32,White,4r1k1/p4p2/4rnpp/2p1p3/3p4/2P2PN1/PP1R2PP/1K2R3 w - - 0 24,a2a4,5,-247,29,g3e4,a2a3,6,33
sprt_game_2,24,32,White,4r1k1/p4p2/4rnpp/2p1p3/3p4/2P2PN1/PP1R2PP/1K2R3 w - - 0 24,c3d4,6,-248,30,g3e4,a2a3,6,33
sprt_game_2,24,32,White,4r1k1/p4p2/4rnpp/2p1p3/3p4/2P2PN1/PP1R2PP/1K2R3 w - - 0 24,g3e2,7,-249,31,g3e4,a2a3,6,33
sprt_game_2,24,32,White,4r1k1/p4p2/4rnpp/2p1p3/3p4/2P2PN1/PP1R2PP/1K2R3 w - - 0 24,d2d3,8,-249,31,g3e4,a2a3,6,33
sprt_game_2,24,32,White,4r1k1/p4p2/4rnpp/2p1p3/3p4/2P2PN1/PP1R2PP/1K2R3 w - - 0 24,g3e4,9,-250,32,g3e4,a2a3,6,33
sprt_game_2,24,32,White,4r1k1/p4p2/4rnpp/2p1p3/3p4/2P2PN1/PP1R2PP/1K2R3 w - - 0 24,d2f2,10,-255,37,g3e4,a2a3,6,33
sprt_game_2,24,32,White,4r1k1/p4p2/4rnpp/2p1p3/3p4/2P2PN1/PP1R2PP/1K2R3 w - - 0 24,e1g1,11,-255,37,g3e4,a2a3,6,33
sprt_game_2,24,32,White,4r1k1/p4p2/4rnpp/2p1p3/3p4/2P2PN1/PP1R2PP/1K2R3 w - - 0 24,d2c2,12,-256,38,g3e4,a2a3,6,33
sprt_game_2,24,32,White,4r1k1/p4p2/4rnpp/2p1p3/3p4/2P2PN1/PP1R2PP/1K2R3 w - - 0 24,b1c1,13,-258,40,g3e4,a2a3,6,33
sprt_game_2,24,32,White,4r1k1/p4p2/4rnpp/2p1p3/3p4/2P2PN1/PP1R2PP/1K2R3 w - - 0 24,e1d1,14,-262,44,g3e4,a2a3,6,33
sprt_game_2,24,32,White,4r1k1/p4p2/4rnpp/2p1p3/3p4/2P2PN1/PP1R2PP/1K2R3 w - - 0 24,d2e2,15,-263,45,g3e4,a2a3,6,33
sprt_game_2,24,32,White,4r1k1/p4p2/4rnpp/2p1p3/3p4/2P2PN1/PP1R2PP/1K2R3 w - - 0 24,e1h1,16,-263,45,g3e4,a2a3,6,33
sprt_game_2,24,32,White,4r1k1/p4p2/4rnpp/2p1p3/3p4/2P2PN1/PP1R2PP/1K2R3 w - - 0 24,e1f1,17,-263,45,g3e4,a2a3,6,33
sprt_game_2,24,32,White,4r1k1/p4p2/4rnpp/2p1p3/3p4/2P2PN1/PP1R2PP/1K2R3 w - - 0 24,d2d1,18,-264,46,g3e4,a2a3,6,33
sprt_game_2,24,32,White,4r1k1/p4p2/4rnpp/2p1p3/3p4/2P2PN1/PP1R2PP/1K2R3 w - - 0 24,b1c2,19,-264,46,g3e4,a2a3,6,33
sprt_game_2,24,32,White,4r1k1/p4p2/4rnpp/2p1p3/3p4/2P2PN1/PP1R2PP/1K2R3 w - - 0 24,b2b3,20,-270,52,g3e4,a2a3,6,33
sprt_game_2,24,32,White,4r1k1/p4p2/4rnpp/2p1p3/3p4/2P2PN1/PP1R2PP/1K2R3 w - - 0 24,g3f1,21,-271,53,g3e4,a2a3,6,33
sprt_game_2,24,32,White,4r1k1/p4p2/4rnpp/2p1p3/3p4/2P2PN1/PP1R2PP/1K2R3 w - - 0 24,e1e2,22,-273,55,g3e4,a2a3,6,33
sprt_game_2,24,32,White,4r1k1/p4p2/4rnpp/2p1p3/3p4/2P2PN1/PP1R2PP/1K2R3 w - - 0 24,b1a1,23,-276,58,g3e4,a2a3,6,33
sprt_game_2,24,32,White,4r1k1/p4p2/4rnpp/2p1p3/3p4/2P2PN1/PP1R2PP/1K2R3 w - - 0 24,c3c4,24,-296,78,g3e4,a2a3,6,33
sprt_game_2,24,32,White,4r1k1/p4p2/4rnpp/2p1p3/3p4/2P2PN1/PP1R2PP/1K2R3 w - - 0 24,g3h1,25,-305,87,g3e4,a2a3,6,33
sprt_game_2,24,32,White,4r1k1/p4p2/4rnpp/2p1p3/3p4/2P2PN1/PP1R2PP/1K2R3 w - - 0 24,f3f4,26,-435,217,g3e4,a2a3,6,33
sprt_game_2,24,32,White,4r1k1/p4p2/4rnpp/2p1p3/3p4/2P2PN1/PP1R2PP/1K2R3 w - - 0 24,b2b4,27,-453,235,g3e4,a2a3,6,33
sprt_game_2,24,32,White,4r1k1/p4p2/4rnpp/2p1p3/3p4/2P2PN1/PP1R2PP/1K2R3 w - - 0 24,e1e4,28,-454,236,g3e4,a2a3,6,33
sprt_game_2,24,32,White,4r1k1/p4p2/4rnpp/2p1p3/3p4/2P2PN1/PP1R2PP/1K2R3 w - - 0 24,g3h5,29,-530,312,g3e4,a2a3,6,33
sprt_game_2,24,32,White,4r1k1/p4p2/4rnpp/2p1p3/3p4/2P2PN1/PP1R2PP/1K2R3 w - - 0 24,g3f5,30,-543,325,g3e4,a2a3,6,33
sprt_game_2,24,32,White,4r1k1/p4p2/4rnpp/2p1p3/3p4/2P2PN1/PP1R2PP/1K2R3 w - - 0 24,e1e5,31,-600,382,g3e4,a2a3,6,33
sprt_game_2,24,32,White,4r1k1/p4p2/4rnpp/2p1p3/3p4/2P2PN1/PP1R2PP/1K2R3 w - - 0 24,d2d4,32,-601,383,g3e4,a2a3,6,33
sprt_game_2,24,32,White,4r1k1/p4p2/4rnpp/2p1p3/3p4/2P2PN1/PP1R2PP/1K2R3 w - - 0 24,e1e3,33,-657,439,g3e4,a2a3,6,33
sprt_game_2,27,38,White,4r3/p3rpk1/5np1/2p1p2p/3p3P/P1P2PN1/1P1R2P1/1KR5 w - - 1 27,b1a2,1,-233,0,c1e1,c3d4,6,27
sprt_game_2,27,38,White,4r3/p3rpk1/5np1/2p1p2p/3p3P/P1P2PN1/1P1R2P1/1KR5 w - - 1 27,b1a1,2,-237,4,c1e1,c3d4,6,27
sprt_game_2,27,38,White,4r3/p3rpk1/5np1/2p1p2p/3p3P/P1P2PN1/1P1R2P1/1KR5 w - - 1 27,c3d4,3,-241,8,c1e1,c3d4,6,27
sprt_game_2,27,38,White,4r3/p3rpk1/5np1/2p1p2p/3p3P/P1P2PN1/1P1R2P1/1KR5 w - - 1 27,b2b3,4,-241,8,c1e1,c3d4,6,27
sprt_game_2,27,38,White,4r3/p3rpk1/5np1/2p1p2p/3p3P/P1P2PN1/1P1R2P1/1KR5 w - - 1 27,b1c2,5,-245,12,c1e1,c3d4,6,27
sprt_game_2,27,38,White,4r3/p3rpk1/5np1/2p1p2p/3p3P/P1P2PN1/1P1R2P1/1KR5 w - - 1 27,c1c2,6,-246,13,c1e1,c3d4,6,27
sprt_game_2,27,38,White,4r3/p3rpk1/5np1/2p1p2p/3p3P/P1P2PN1/1P1R2P1/1KR5 w - - 1 27,d2f2,7,-254,21,c1e1,c3d4,6,27
sprt_game_2,27,38,White,4r3/p3rpk1/5np1/2p1p2p/3p3P/P1P2PN1/1P1R2P1/1KR5 w - - 1 27,a3a4,8,-254,21,c1e1,c3d4,6,27
sprt_game_2,27,38,White,4r3/p3rpk1/5np1/2p1p2p/3p3P/P1P2PN1/1P1R2P1/1KR5 w - - 1 27,c1e1,9,-262,29,c1e1,c3d4,6,27
sprt_game_2,27,38,White,4r3/p3rpk1/5np1/2p1p2p/3p3P/P1P2PN1/1P1R2P1/1KR5 w - - 1 27,d2d1,10,-264,31,c1e1,c3d4,6,27
sprt_game_2,27,38,White,4r3/p3rpk1/5np1/2p1p2p/3p3P/P1P2PN1/1P1R2P1/1KR5 w - - 1 27,c1g1,11,-265,32,c1e1,c3d4,6,27
sprt_game_2,27,38,White,4r3/p3rpk1/5np1/2p1p2p/3p3P/P1P2PN1/1P1R2P1/1KR5 w - - 1 27,c1d1,12,-266,33,c1e1,c3d4,6,27
sprt_game_2,27,38,White,4r3/p3rpk1/5np1/2p1p2p/3p3P/P1P2PN1/1P1R2P1/1KR5 w - - 1 27,g3f1,13,-269,36,c1e1,c3d4,6,27
sprt_game_2,27,38,White,4r3/p3rpk1/5np1/2p1p2p/3p3P/P1P2PN1/1P1R2P1/1KR5 w - - 1 27,c1f1,14,-269,36,c1e1,c3d4,6,27
sprt_game_2,27,38,White,4r3/p3rpk1/5np1/2p1p2p/3p3P/P1P2PN1/1P1R2P1/1KR5 w - - 1 27,g3e4,15,-277,44,c1e1,c3d4,6,27
sprt_game_2,27,38,White,4r3/p3rpk1/5np1/2p1p2p/3p3P/P1P2PN1/1P1R2P1/1KR5 w - - 1 27,g3e2,16,-285,52,c1e1,c3d4,6,27
sprt_game_2,27,38,White,4r3/p3rpk1/5np1/2p1p2p/3p3P/P1P2PN1/1P1R2P1/1KR5 w - - 1 27,c1h1,17,-290,57,c1e1,c3d4,6,27
sprt_game_2,27,38,White,4r3/p3rpk1/5np1/2p1p2p/3p3P/P1P2PN1/1P1R2P1/1KR5 w - - 1 27,c3c4,18,-313,80,c1e1,c3d4,6,27
sprt_game_2,27,38,White,4r3/p3rpk1/5np1/2p1p2p/3p3P/P1P2PN1/1P1R2P1/1KR5 w - - 1 27,g3h1,19,-320,87,c1e1,c3d4,6,27
sprt_game_2,27,38,White,4r3/p3rpk1/5np1/2p1p2p/3p3P/P1P2PN1/1P1R2P1/1KR5 w - - 1 27,d2e2,20,-327,94,c1e1,c3d4,6,27
sprt_game_2,27,38,White,4r3/p3rpk1/5np1/2p1p2p/3p3P/P1P2PN1/1P1R2P1/1KR5 w - - 1 27,b2b4,21,-328,95,c1e1,c3d4,6,27
sprt_game_2,27,38,White,4r3/p3rpk1/5np1/2p1p2p/3p3P/P1P2PN1/1P1R2P1/1KR5 w - - 1 27,d2c2,22,-338,105,c1e1,c3d4,6,27
sprt_game_2,27,38,White,4r3/p3rpk1/5np1/2p1p2p/3p3P/P1P2PN1/1P1R2P1/1KR5 w - - 1 27,d2d3,23,-347,114,c1e1,c3d4,6,27
sprt_game_2,27,38,White,4r3/p3rpk1/5np1/2p1p2p/3p3P/P1P2PN1/1P1R2P1/1KR5 w - - 1 27,f3f4,24,-433,200,c1e1,c3d4,6,27
sprt_game_2,27,38,White,4r3/p3rpk1/5np1/2p1p2p/3p3P/P1P2PN1/1P1R2P1/1KR5 w - - 1 27,g3h5,25,-517,284,c1e1,c3d4,6,27
sprt_game_2,27,38,White,4r3/p3rpk1/5np1/2p1p2p/3p3P/P1P2PN1/1P1R2P1/1KR5 w - - 1 27,g3f5,26,-548,315,c1e1,c3d4,6,27
sprt_game_2,27,38,White,4r3/p3rpk1/5np1/2p1p2p/3p3P/P1P2PN1/1P1R2P1/1KR5 w - - 1 27,d2d4,27,-631,398,c1e1,c3d4,6,27
sprt_game_2,28,40,White,3r4/p3rpk1/5np1/2p1p2p/3p3P/P1P2PN1/1P1R2P1/1K2R3 w - - 3 28,d2e2,1,-245,0,b1c2,b1c1,6,31
sprt_game_2,28,40,White,3r4/p3rpk1/5np1/2p1p2p/3p3P/P1P2PN1/1P1R2P1/1K2R3 w - - 3 28,b1c1,2,-246,1,b1c2,b1c1,6,31
sprt_game_2,28,40,White,3r4/p3rpk1/5np1/2p1p2p/3p3P/P1P2PN1/1P1R2P1/1K2R3 w - - 3 28,b1a2,3,-261,16,b1c2,b1c1,6,31
sprt_game_2,28,40,White,3r4/p3rpk1/5np1/2p1p2p/3p3P/P1P2PN1/1P1R2P1/1K2R3 w - - 3 28,c3c4,4,-265,20,b1c2,b1c1,6,31
sprt_game_2,28,40,White,3r4/p3rpk1/5np1/2p1p2p/3p3P/P1P2PN1/1P1R2P1/1K2R3 w - - 3 28,e1c1,5,-266,21,b1c2,b1c1,6,31
sprt_game_2,28,40,White,3r4/p3rpk1/5np1/2p1p2p/3p3P/P1P2PN1/1P1R2P1/1K2R3 w - - 3 28,c3d4,6,-270,25,b1c2,b1c1,6,31
sprt_game_2,28,40,White,3r4/p3rpk1/5np1/2p1p2p/3p3P/P1P2PN1/1P1R2P1/1K2R3 w - - 3 28,b2b3,7,-270,25,b1c2,b1c1,6,31
sprt_game_2,28,40,White,3r4/p3rpk1/5np1/2p1p2p/3p3P/P1P2PN1/1P1R2P1/1K2R3 w - - 3 28,e1d1,8,-272,27,b1c2,b1c1,6,31
sprt_game_2,28,40,White,3r4/p3rpk1/5np1/2p1p2p/3p3P/P1P2PN1/1P1R2P1/1K2R3 w - - 3 28,d2d1,9,-275,30,b1c2,b1c1,6,31
sprt_game_2,28,40,White,3r4/p3rpk1/5np1/2p1p2p/3p3P/P1P2PN1/1P1R2P1/1K2R3 w - - 3 28,g3h1,10,-276,31,b1c2,b1c1,6,31
sprt_game_2,28,40,White,3r4/p3rpk1/5np1/2p1p2p/3p3P/P1P2PN1/1P1R2P1/1K2R3 w - - 3 28,a3a4,11,-277,32,b1c2,b1c1,6,31
sprt_game_2,28,40,White,3r4/p3rpk1/5np1/2p1p2p/3p3P/P1P2PN1/1P1R2P1/1K2R3 w - - 3 28,d2d3,12,-280,35,b1c2,b1c1,6,31
sprt_game_2,28,40,White,3r4/p3rpk1/5np1/2p1p2p/3p3P/P1P2PN1/1P1R2P1/1K2R3 w - - 3 28,e1h1,13,-280,35,b1c2,b1c1,6,31
sprt_game_2,28,40,White,3r4/p3rpk1/5np1/2p1p2p/3p3P/P1P2PN1/1P1R2P1/1K2R3 w - - 3 28,b1a1,14,-281,36,b1c2,b1c1,6,31
sprt_game_2,28,40,White,3r4/p3rpk1/5np1/2p1p2p/3p3P/P1P2PN1/1P1R2P1/1K2R3 w - - 3 28,g3f1,15,-288,43,b1c2,b1c1,6,31
sprt_game_2,28,40,White,3r4/p3rpk1/5np1/2p1p2p/3p3P/P1P2PN1/1P1R2P1/1K2R3 w - - 3 28,g3e4,16,-290,45,b1c2,b1c1,6,31
sprt_game_2,28,40,White,3r4/p3rpk1/5np1/2p1p2p/3p3P/P1P2PN1/1P1R2P1/1K2R3 w - - 3 28,d2f2,17,-293,48,b1c2,b1c1,6,31
sprt_game_2,28,40,White,3r4/p3rpk1/5np1/2p1p2p/3p3P/P1P2PN1/1P1R2P1/1K2R3 w - - 3 28,b1c2,18,-294,49,b1c2,b1c1,6,31
sprt_game_2,28,40,White,3r4/p3rpk1/5np1/2p1p2p/3p3P/P1P2PN1/1P1R2P1/1K2R3 w - - 3 28,e1f1,19,-296,51,b1c2,b1c1,6,31
sprt_game_2,28,40,White,3r4/p3rpk1/5np1/2p1p2p/3p3P/P1P2PN1/1P1R2P1/1K2R3 w - - 3 28,e1e3,20,-298,53,b1c2,b1c1,6,31
sprt_game_2,28,40,White,3r4/p3rpk1/5np1/2p1p2p/3p3P/P1P2PN1/1P1R2P1/1K2R3 w - - 3 28,e1g1,21,-299,54,b1c2,b1c1,6,31
sprt_game_2,28,40,White,3r4/p3rpk1/5np1/2p1p2p/3p3P/P1P2PN1/1P1R2P1/1K2R3 w - - 3 28,g3e2,22,-303,58,b1c2,b1c1,6,31
sprt_game_2,28,40,White,3r4/p3rpk1/5np1/2p1p2p/3p3P/P1P2PN1/1P1R2P1/1K2R3 w - - 3 28,e1e2,23,-307,62,b1c2,b1c1,6,31
sprt_game_2,28,40,White,3r4/p3rpk1/5np1/2p1p2p/3p3P/P1P2PN1/1P1R2P1/1K2R3 w - - 3 28,d2c2,24,-322,77,b1c2,b1c1,6,31
sprt_game_2,28,40,White,3r4/p3rpk1/5np1/2p1p2p/3p3P/P1P2PN1/1P1R2P1/1K2R3 w - - 3 28,b2b4,25,-323,78,b1c2,b1c1,6,31
sprt_game_2,28,40,White,3r4/p3rpk1/5np1/2p1p2p/3p3P/P1P2PN1/1P1R2P1/1K2R3 w - - 3 28,f3f4,26,-413,168,b1c2,b1c1,6,31
sprt_game_2,28,40,White,3r4/p3rpk1/5np1/2p1p2p/3p3P/P1P2PN1/1P1R2P1/1K2R3 w - - 3 28,e1e4,27,-490,245,b1c2,b1c1,6,31
sprt_game_2,28,40,White,3r4/p3rpk1/5np1/2p1p2p/3p3P/P1P2PN1/1P1R2P1/1K2R3 w - - 3 28,g3h5,28,-518,273,b1c2,b1c1,6,31
sprt_game_2,28,40,White,3r4/p3rpk1/5np1/2p1p2p/3p3P/P1P2PN1/1P1R2P1/1K2R3 w - - 3 28,g3f5,29,-580,335,b1c2,b1c1,6,31
sprt_game_2,28,40,White,3r4/p3rpk1/5np1/2p1p2p/3p3P/P1P2PN1/1P1R2P1/1K2R3 w - - 3 28,d2d4,30,-616,371,b1c2,b1c1,6,31
sprt_game_2,28,40,White,3r4/p3rpk1/5np1/2p1p2p/3p3P/P1P2PN1/1P1R2P1/1K2R3 w - - 3 28,e1e5,31,-635,390,b1c2,b1c1,6,31
sprt_game_2,36,56,White,r7/2rn1pk1/6p1/2p1p2p/2Pp3P/PR3P2/3N2P1/2K1R3 w - - 1 36,g2g4,1,-228,0,c1b2,c1c2,6,29
sprt_game_2,36,56,White,r7/2rn1pk1/6p1/2p1p2p/2Pp3P/PR3P2/3N2P1/2K1R3 w - - 1 36,c1c2,2,-256,28,c1b2,c1c2,6,29
sprt_game_2,36,56,White,r7/2rn1pk1/6p1/2p1p2p/2Pp3P/PR3P2/3N2P1/2K1R3 w - - 1 36,e1g1,3,-272,44,c1b2,c1c2,6,29
sprt_game_2,36,56,White,r7/2rn1pk1/6p1/2p1p2p/2Pp3P/PR3P2/3N2P1/2K1R3 w - - 1 36,d2e4,4,-283,55,c1b2,c1c2,6,29
sprt_game_2,36,56,White,r7/2rn1pk1/6p1/2p1p2p/2Pp3P/PR3P2/3N2P1/2K1R3 w - - 1 36,c1b2,5,-296,68,c1b2,c1c2,6,29
sprt_game_2,36,56,White,r7/2rn1pk1/6p1/2p1p2p/2Pp3P/PR3P2/3N2P1/2K1R3 w - - 1 36,g2g3,6,-309,81,c1b2,c1c2,6,29
sprt_game_2,36,56,White,r7/2rn1pk1/6p1/2p1p2p/2Pp3P/PR3P2/3N2P1/2K1R3 w - - 1 36,d2b1,7,-314,86,c1b2,c1c2,6,29
sprt_game_2,36,56,White,r7/2rn1pk1/6p1/2p1p2p/2Pp3P/PR3P2/3N2P1/2K1R3 w - - 1 36,c1b1,8,-316,88,c1b2,c1c2,6,29
sprt_game_2,36,56,White,r7/2rn1pk1/6p1/2p1p2p/2Pp3P/PR3P2/3N2P1/2K1R3 w - - 1 36,d2f1,9,-319,91,c1b2,c1c2,6,29
sprt_game_2,36,56,White,r7/2rn1pk1/6p1/2p1p2p/2Pp3P/PR3P2/3N2P1/2K1R3 w - - 1 36,b3d3,10,-321,93,c1b2,c1c2,6,29
sprt_game_2,36,56,White,r7/2rn1pk1/6p1/2p1p2p/2Pp3P/PR3P2/3N2P1/2K1R3 w - - 1 36,e1h1,11,-322,94,c1b2,c1c2,6,29
sprt_game_2,36,56,White,r7/2rn1pk1/6p1/2p1p2p/2Pp3P/PR3P2/3N2P1/2K1R3 w - - 1 36,e1f1,12,-322,94,c1b2,c1c2,6,29
sprt_game_2,36,56,White,r7/2rn1pk1/6p1/2p1p2p/2Pp3P/PR3P2/3N2P1/2K1R3 w - - 1 36,e1e2,13,-323,95,c1b2,c1c2,6,29
sprt_game_2,36,56,White,r7/2rn1pk1/6p1/2p1p2p/2Pp3P/PR3P2/3N2P1/2K1R3 w - - 1 36,e1e4,14,-325,97,c1b2,c1c2,6,29
sprt_game_2,36,56,White,r7/2rn1pk1/6p1/2p1p2p/2Pp3P/PR3P2/3N2P1/2K1R3 w - - 1 36,e1d1,15,-325,97,c1b2,c1c2,6,29
sprt_game_2,36,56,White,r7/2rn1pk1/6p1/2p1p2p/2Pp3P/PR3P2/3N2P1/2K1R3 w - - 1 36,f3f4,16,-328,100,c1b2,c1c2,6,29
sprt_game_2,36,56,White,r7/2rn1pk1/6p1/2p1p2p/2Pp3P/PR3P2/3N2P1/2K1R3 w - - 1 36,c1d1,17,-335,107,c1b2,c1c2,6,29
sprt_game_2,36,56,White,r7/2rn1pk1/6p1/2p1p2p/2Pp3P/PR3P2/3N2P1/2K1R3 w - - 1 36,a3a4,18,-376,148,c1b2,c1c2,6,29
sprt_game_2,36,56,White,r7/2rn1pk1/6p1/2p1p2p/2Pp3P/PR3P2/3N2P1/2K1R3 w - - 1 36,b3b2,19,-390,162,c1b2,c1c2,6,29
sprt_game_2,36,56,White,r7/2rn1pk1/6p1/2p1p2p/2Pp3P/PR3P2/3N2P1/2K1R3 w - - 1 36,b3b5,20,-394,166,c1b2,c1c2,6,29
sprt_game_2,36,56,White,r7/2rn1pk1/6p1/2p1p2p/2Pp3P/PR3P2/3N2P1/2K1R3 w - - 1 36,b3b1,21,-401,173,c1b2,c1c2,6,29
sprt_game_2,36,56,White,r7/2rn1pk1/6p1/2p1p2p/2Pp3P/PR3P2/3N2P1/2K1R3 w - - 1 36,e1e3,22,-581,353,c1b2,c1c2,6,29
sprt_game_2,36,56,White,r7/2rn1pk1/6p1/2p1p2p/2Pp3P/PR3P2/3N2P1/2K1R3 w - - 1 36,b3e3,23,-591,363,c1b2,c1c2,6,29
sprt_game_2,36,56,White,r7/2rn1pk1/6p1/2p1p2p/2Pp3P/PR3P2/3N2P1/2K1R3 w - - 1 36,e1e5,24,-611,383,c1b2,c1c2,6,29
sprt_game_2,36,56,White,r7/2rn1pk1/6p1/2p1p2p/2Pp3P/PR3P2/3N2P1/2K1R3 w - - 1 36,b3c3,25,-639,411,c1b2,c1c2,6,29
sprt_game_2,36,56,White,r7/2rn1pk1/6p1/2p1p2p/2Pp3P/PR3P2/3N2P1/2K1R3 w - - 1 36,b3b6,26,-660,432,c1b2,c1c2,6,29
sprt_game_2,36,56,White,r7/2rn1pk1/6p1/2p1p2p/2Pp3P/PR3P2/3N2P1/2K1R3 w - - 1 36,b3b8,27,-702,474,c1b2,c1c2,6,29
sprt_game_2,36,56,White,r7/2rn1pk1/6p1/2p1p2p/2Pp3P/PR3P2/3N2P1/2K1R3 w - - 1 36,b3b4,28,-732,504,c1b2,c1c2,6,29
sprt_game_2,36,56,White,r7/2rn1pk1/6p1/2p1p2p/2Pp3P/PR3P2/3N2P1/2K1R3 w - - 1 36,b3b7,29,-763,535,c1b2,c1c2,6,29
sprt_game_2,41,66,White,r7/2rnk3/6p1/1Rp1pp1p/2Pp3P/P4PP1/1K1N4/4R3 w - - 5 41,e1f1,1,-313,0,b2b3,e1a1,6,31
sprt_game_2,41,66,White,r7/2rnk3/6p1/1Rp1pp1p/2Pp3P/P4PP1/1K1N4/4R3 w - - 5 41,e1h1,2,-315,2,b2b3,e1a1,6,31
sprt_game_2,41,66,White,r7/2rnk3/6p1/1Rp1pp1p/2Pp3P/P4PP1/1K1N4/4R3 w - - 5 41,e1g1,3,-318,5,b2b3,e1a1,6,31
sprt_game_2,41,66,White,r7/2rnk3/6p1/1Rp1pp1p/2Pp3P/P4PP1/1K1N4/4R3 w - - 5 41,e1a1,4,-326,13,b2b3,e1a1,6,31
sprt_game_2,41,66,White,r7/2rnk3/6p1/1Rp1pp1p/2Pp3P/P4PP1/1K1N4/4R3 w - - 5 41,b5b3,5,-328,15,b2b3,e1a1,6,31
sprt_game_2,41,66,White,r7/2rnk3/6p1/1Rp1pp1p/2Pp3P/P4PP1/1K1N4/4R3 w - - 5 41,e1d1,6,-330,17,b2b3,e1a1,6,31
sprt_game_2,41,66,White,r7/2rnk3/6p1/1Rp1pp1p/2Pp3P/P4PP1/1K1N4/4R3 w - - 5 41,b2a2,7,-335,22,b2b3,e1a1,6,31
sprt_game_2,41,66,White,r7/2rnk3/6p1/1Rp1pp1p/2Pp3P/P4PP1/1K1N4/4R3 w - - 5 41,b2b3,8,-338,25,b2b3,e1a1,6,31
sprt_game_2,41,66,White,r7/2rnk3/6p1/1Rp1pp1p/2Pp3P/P4PP1/1K1N4/4R3 w - - 5 41,e1c1,9,-339,26,b2b3,e1a1,6,31
sprt_game_2,41,66,White,r7/2rnk3/6p1/1Rp1pp1p/2Pp3P/P4PP1/1K1N4/4R3 w - - 5 41,d2f1,10,-340,27,b2b3,e1a1,6,31
sprt_game_2,41,66,White,r7/2rnk3/6p1/1Rp1pp1p/2Pp3P/P4PP1/1K1N4/4R3 w - - 5 41,d2b3,11,-341,28,b2b3,e1a1,6,31
sprt_game_2,41,66,White,r7/2rnk3/6p1/1Rp1pp1p/2Pp3P/P4PP1/1K1N4/4R3 w - - 5 41,e1e2,12,-347,34,b2b3,e1a1,6,31
sprt_game_2,41,66,White,r7/2rnk3/6p1/1Rp1pp1p/2Pp3P/P4PP1/1K1N4/4R3 w - - 5 41,e1b1,13,-350,37,b2b3,e1a1,6,31
sprt_game_2,41,66,White,r7/2rnk3/6p1/1Rp1pp1p/2Pp3P/P4PP1/1K1N4/4R3 w - - 5 41,d2b1,14,-355,42,b2b3,e1a1,6,31
sprt_game_2,41,66,White,r7/2rnk3/6p1/1Rp1pp1p/2Pp3P/P4PP1/1K1N4/4R3 w - - 5 41,g3g4,15,-361,48,b2b3,e1a1,6,31
sprt_game_2,41,66,White,r7/2rnk3/6p1/1Rp1pp1p/2Pp3P/P4PP1/1K1N4/4R3 w - - 5 41,b2b1,16,-388,75,b2b3,e1a1,6,31
sprt_game_2,41,66,White,r7/2rnk3/6p1/1Rp1pp1p/2Pp3P/P4PP1/1K1N4/4R3 w - - 5 41,a3a4,17,-390,77,b2b3,e1a1,6,31
sprt_game_2,41,66,White,r7/2rnk3/6p1/1Rp1pp1p/2Pp3P/P4PP1/1K1N4/4R3 w - - 5 41,b2c2,18,-411,98,b2b3,e1a1,6,31
sprt_game_2,41,66,White,r7/2rnk3/6p1/1Rp1pp1p/2Pp3P/P4PP1/1K1N4/4R3 w - - 5 41,b2c1,19,-428,115,b2b3,e1a1,6,31
sprt_game_2,41,66,White,r7/2rnk3/6p1/1Rp1pp1p/2Pp3P/P4PP1/1K1N4/4R3 w - - 5 41,f3f4,20,-435,122,b2b3,e1a1,6,31
sprt_game_2,41,66,White,r7/2rnk3/6p1/1Rp1pp1p/2Pp3P/P4PP1/1K1N4/4R3 w - - 5 41,b2a1,21,-441,128,b2b3,e1a1,6,31
sprt_game_2,41,66,White,r7/2rnk3/6p1/1Rp1pp1p/2Pp3P/P4PP1/1K1N4/4R3 w - - 5 41,d2e4,22,-507,194,b2b3,e1a1,6,31
sprt_game_2,41,66,White,r7/2rnk3/6p1/1Rp1pp1p/2Pp3P/P4PP1/1K1N4/4R3 w - - 5 41,e1e4,23,-598,285,b2b3,e1a1,6,31
sprt_game_2,41,66,White,r7/2rnk3/6p1/1Rp1pp1p/2Pp3P/P4PP1/1K1N4/4R3 w - - 5 41,e1e5,24,-613,300,b2b3,e1a1,6,31
sprt_game_2,41,66,White,r7/2rnk3/6p1/1Rp1pp1p/2Pp3P/P4PP1/1K1N4/4R3 w - - 5 41,b5c5,25,-622,309,b2b3,e1a1,6,31
sprt_game_2,41,66,White,r7/2rnk3/6p1/1Rp1pp1p/2Pp3P/P4PP1/1K1N4/4R3 w - - 5 41,b5b4,26,-640,327,b2b3,e1a1,6,31
sprt_game_2,41,66,White,r7/2rnk3/6p1/1Rp1pp1p/2Pp3P/P4PP1/1K1N4/4R3 w - - 5 41,b5b6,27,-644,331,b2b3,e1a1,6,31
sprt_game_2,41,66,White,r7/2rnk3/6p1/1Rp1pp1p/2Pp3P/P4PP1/1K1N4/4R3 w - - 5 41,b5a5,28,-684,371,b2b3,e1a1,6,31
sprt_game_2,41,66,White,r7/2rnk3/6p1/1Rp1pp1p/2Pp3P/P4PP1/1K1N4/4R3 w - - 5 41,e1e3,29,-696,383,b2b3,e1a1,6,31
sprt_game_2,41,66,White,r7/2rnk3/6p1/1Rp1pp1p/2Pp3P/P4PP1/1K1N4/4R3 w - - 5 41,b5b8,30,-770,457,b2b3,e1a1,6,31
sprt_game_2,41,66,White,r7/2rnk3/6p1/1Rp1pp1p/2Pp3P/P4PP1/1K1N4/4R3 w - - 5 41,b5b7,31,-804,491,b2b3,e1a1,6,31
sprt_game_2,43,70,White,r7/3nk3/6p1/1Rp1pp1p/r1Pp3P/PK3PP1/3N4/R7 w - - 9 43,b3b2,1,-371,0,b5b7,b3b2,6,22
sprt_game_2,43,70,White,r7/3nk3/6p1/1Rp1pp1p/r1Pp3P/PK3PP1/3N4/R7 w - - 9 43,g3g4,2,-374,3,b5b7,b3b2,6,22
sprt_game_2,43,70,White,r7/3nk3/6p1/1Rp1pp1p/r1Pp3P/PK3PP1/3N4/R7 w - - 9 43,b5b7,3,-410,39,b5b7,b3b2,6,22
sprt_game_2,43,70,White,r7/3nk3/6p1/1Rp1pp1p/r1Pp3P/PK3PP1/3N4/R7 w - - 9 43,d2f1,4,-425,54,b5b7,b3b2,6,22
sprt_game_2,43,70,White,r7/3nk3/6p1/1Rp1pp1p/r1Pp3P/PK3PP1/3N4/R7 w - - 9 43,b3c2,5,-435,64,b5b7,b3b2,6,22
sprt_game_2,43,70,White,r7/3nk3/6p1/1Rp1pp1p/r1Pp3P/PK3PP1/3N4/R7 w - - 9 43,a1a2,6,-439,68,b5b7,b3b2,6,22
sprt_game_2,43,70,White,r7/3nk3/6p1/1Rp1pp1p/r1Pp3P/PK3PP1/3N4/R7 w - - 9 43,a1h1,7,-447,76,b5b7,b3b2,6,22
sprt_game_2,43,70,White,r7/3nk3/6p1/1Rp1pp1p/r1Pp3P/PK3PP1/3N4/R7 w - - 9 43,a1e1,8,-447,76,b5b7,b3b2,6,22
sprt_game_2,43,70,White,r7/3nk3/6p1/1Rp1pp1p/r1Pp3P/PK3PP1/3N4/R7 w - - 9 43,a1b1,9,-447,76,b5b7,b3b2,6,22
sprt_game_2,43,70,White,r7/3nk3/6p1/1Rp1pp1p/r1Pp3P/PK3PP1/3N4/R7 w - - 9 43,a1d1,10,-448,77,b5b7,b3b2,6,22
sprt_game_2,43,70,White,r7/3nk3/6p1/1Rp1pp1p/r1Pp3P/PK3PP1/3N4/R7 w - - 9 43,d2b1,11,-453,82,b5b7,b3b2,6,22
sprt_game_2,43,70,White,r7/3nk3/6p1/1Rp1pp1p/r1Pp3P/PK3PP1/3N4/R7 w - - 9 43,a1c1,12,-460,89,b5b7,b3b2,6,22
sprt_game_2,43,70,White,r7/3nk3/6p1/1Rp1pp1p/r1Pp3P/PK3PP1/3N4/R7 w - - 9 43,a1f1,13,-462,91,b5b7,b3b2,6,22
sprt_game_2,43,70,White,r7/3nk3/6p1/1Rp1pp1p/r1Pp3P/PK3PP1/3N4/R7 w - - 9 43,a1g1,14,-465,94,b5b7,b3b2,6,22
sprt_game_2,43,70,White,r7/3nk3/6p1/1Rp1pp1p/r1Pp3P/PK3PP1/3N4/R7 w - - 9 43,f3f4,15,-475,104,b5b7,b3b2,6,22
sprt_game_2,43,70,White,r7/3nk3/6p1/1Rp1pp1p/r1Pp3P/PK3PP1/3N4/R7 w - - 9 43,d2e4,16,-580,209,b5b7,b3b2,6,22
sprt_game_2,43,70,White,r7/3nk3/6p1/1Rp1pp1p/r1Pp3P/PK3PP1/3N4/R7 w - - 9 43,b5b8,17,-690,319,b5b7,b3b2,6,22
sprt_game_2,43,70,White,r7/3nk3/6p1/1Rp1pp1p/r1Pp3P/PK3PP1/3N4/R7 w - - 9 43,b5b6,18,-715,344,b5b7,b3b2,6,22
sprt_game_2,43,70,White,r7/3nk3/6p1/1Rp1pp1p/r1Pp3P/PK3PP1/3N4/R7 w - - 9 43,b5a5,19,-721,350,b5b7,b3b2,6,22
sprt_game_2,43,70,White,r7/3nk3/6p1/1Rp1pp1p/r1Pp3P/PK3PP1/3N4/R7 w - - 9 43,b5c5,20,-736,365,b5b7,b3b2,6,22
sprt_game_2,43,70,White,r7/3nk3/6p1/1Rp1pp1p/r1Pp3P/PK3PP1/3N4/R7 w - - 9 43,b5b4,21,-782,411,b5b7,b3b2,6,22
sprt_game_2,43,70,White,r7/3nk3/6p1/1Rp1pp1p/r1Pp3P/PK3PP1/3N4/R7 w - - 9 43,b3a2,22,-880,509,b5b7,b3b2,6,22
sprt_game_2,44,72,White,r7/3n4/4k1p1/1Rp1pp1p/r1Pp3P/PK3PP1/R2N4/8 w - - 11 44,g3g4,1,-413,0,b5b7,a2a1,6,16
sprt_game_2,44,72,White,r7/3n4/4k1p1/1Rp1pp1p/r1Pp3P/PK3PP1/R2N4/8 w - - 11 44,b3b2,2,-414,1,b5b7,a2a1,6,16
sprt_game_2,44,72,White,r7/3n4/4k1p1/1Rp1pp1p/r1Pp3P/PK3PP1/R2N4/8 w - - 11 44,a2a1,3,-414,1,b5b7,a2a1,6,16
sprt_game_2,44,72,White,r7/3n4/4k1p1/1Rp1pp1p/r1Pp3P/PK3PP1/R2N4/8 w - - 11 44,b3c2,4,-448,35,b5b7,a2a1,6,16
sprt_game_2,44,72,White,r7/3n4/4k1p1/1Rp1pp1p/r1Pp3P/PK3PP1/R2N4/8 w - - 11 44,d2b1,5,-451,38,b5b7,a2a1,6,16
sprt_game_2,44,72,White,r7/3n4/4k1p1/1Rp1pp1p/r1Pp3P/PK3PP1/R2N4/8 w - - 11 44,b5b7,6,-452,39,b5b7,a2a1,6,16
sprt_game_2,44,72,White,r7/3n4/4k1p1/1Rp1pp1p/r1Pp3P/PK3PP1/R2N4/8 w - - 11 44,d2f1,7,-456,43,b5b7,a2a1,6,16
sprt_game_2,44,72,White,r7/3n4/4k1p1/1Rp1pp1p/r1Pp3P/PK3PP1/R2N4/8 w - - 11 44,a2b2,8,-461,48,b5b7,a2a1,6,16
sprt_game_2,44,72,White,r7/3n4/4k1p1/1Rp1pp1p/r1Pp3P/PK3PP1/R2N4/8 w - - 11 44,f3f4,9,-478,65,b5b7,a2a1,6,16
sprt_game_2,44,72,White,r7/3n4/4k1p1/1Rp1pp1p/r1Pp3P/PK3PP1/R2N4/8 w - - 11 44,a2c2,10,-561,148,b5b7,a2a1,6,16
sprt_game_2,44,72,White,r7/3n4/4k1p1/1Rp1pp1p/r1Pp3P/PK3PP1/R2N4/8 w - - 11 44,d2e4,11,-620,207,b5b7,a2a1,6,16
sprt_game_2,44,72,White,r7/3n4/4k1p1/1Rp1pp1p/r1Pp3P/PK3PP1/R2N4/8 w - - 11 44,b5b8,12,-674,261,b5b7,a2a1,6,16
sprt_game_2,44,72,White,r7/3n4/4k1p1/1Rp1pp1p/r1Pp3P/PK3PP1/R2N4/8 w - - 11 44,b5b6,13,-708,295,b5b7,a2a1,6,16
sprt_game_2,44,72,White,r7/3n4/4k1p1/1Rp1pp1p/r1Pp3P/PK3PP1/R2N4/8 w - - 11 44,b5a5,14,-708,295,b5b7,a2a1,6,16
sprt_game_2,44,72,White,r7/3n4/4k1p1/1Rp1pp1p/r1Pp3P/PK3PP1/R2N4/8 w - - 11 44,b5c5,15,-759,346,b5b7,a2a1,6,16
sprt_game_2,44,72,White,r7/3n4/4k1p1/1Rp1pp1p/r1Pp3P/PK3PP1/R2N4/8 w - - 11 44,b5b4,16,-785,372,b5b7,a2a1,6,16
sprt_game_2,45,74,White,r7/1R1n4/3k2p1/2p1pp1p/r1Pp3P/PK3PP1/R2N4/8 w - - 13 45,b3b2,1,-470,0,b7b5,b3c2,6,17
sprt_game_2,45,74,White,r7/1R1n4/3k2p1/2p1pp1p/r1Pp3P/PK3PP1/R2N4/8 w - - 13 45,b3c2,2,-472,2,b7b5,b3c2,6,17
sprt_game_2,45,74,White,r7/1R1n4/3k2p1/2p1pp1p/r1Pp3P/PK3PP1/R2N4/8 w - - 13 45,b7b5,3,-479,9,b7b5,b3c2,6,17
sprt_game_2,45,74,White,r7/1R1n4/3k2p1/2p1pp1p/r1Pp3P/PK3PP1/R2N4/8 w - - 13 45,a2b2,4,-487,17,b7b5,b3c2,6,17
sprt_game_2,45,74,White,r7/1R1n4/3k2p1/2p1pp1p/r1Pp3P/PK3PP1/R2N4/8 w - - 13 45,g3g4,5,-488,18,b7b5,b3c2,6,17
sprt_game_2,45,74,White,r7/1R1n4/3k2p1/2p1pp1p/r1Pp3P/PK3PP1/R2N4/8 w - - 13 45,b7d7,6,-503,33,b7b5,b3c2,6,17
sprt_game_2,45,74,White,r7/1R1n4/3k2p1/2p1pp1p/r1Pp3P/PK3PP1/R2N4/8 w - - 13 45,d2b1,7,-504,34,b7b5,b3c2,6,17
sprt_game_2,45,74,White,r7/1R1n4/3k2p1/2p1pp1p/r1Pp3P/PK3PP1/R2N4/8 w - - 13 45,a2a1,8,-513,43,b7b5,b3c2,6,17
sprt_game_2,45,74,White,r7/1R1n4/3k2p1/2p1pp1p/r1Pp3P/PK3PP1/R2N4/8 w - - 13 45,d2f1,9,-522,52,b7b5,b3c2,6,17
sprt_game_2,45,74,White,r7/1R1n4/3k2p1/2p1pp1p/r1Pp3P/PK3PP1/R2N4/8 w - - 13 45,f3f4,10,-550,80,b7b5,b3c2,6,17
sprt_game_2,45,74,White,r7/1R1n4/3k2p1/2p1pp1p/r1Pp3P/PK3PP1/R2N4/8 w - - 13 45,a2c2,11,-632,162,b7b5,b3c2,6,17
sprt_game_2,45,74,White,r7/1R1n4/3k2p1/2p1pp1p/r1Pp3P/PK3PP1/R2N4/8 w - - 13 45,b7b8,12,-695,225,b7b5,b3c2,6,17
sprt_game_2,45,74,White,r7/1R1n4/3k2p1/2p1pp1p/r1Pp3P/PK3PP1/R2N4/8 w - - 13 45,b7a7,13,-705,235,b7b5,b3c2,6,17
sprt_game_2,45,74,White,r7/1R1n4/3k2p1/2p1pp1p/r1Pp3P/PK3PP1/R2N4/8 w - - 13 45,b7b6,14,-714,244,b7b5,b3c2,6,17
sprt_game_2,45,74,White,r7/1R1n4/3k2p1/2p1pp1p/r1Pp3P/PK3PP1/R2N4/8 w - - 13 45,b7c7,15,-728,258,b7b5,b3c2,6,17
sprt_game_2,45,74,White,r7/1R1n4/3k2p1/2p1pp1p/r1Pp3P/PK3PP1/R2N4/8 w - - 13 45,d2e4,16,-733,263,b7b5,b3c2,6,17
sprt_game_2,45,74,White,r7/1R1n4/3k2p1/2p1pp1p/r1Pp3P/PK3PP1/R2N4/8 w - - 13 45,b7b4,17,-802,332,b7b5,b3c2,6,17
sprt_game_2,48,80,White,r7/3n4/2k3p1/1Rp2p2/r1Ppp1PP/PK6/R2N4/8 w - - 0 48,g4f5,1,-511,0,h4h5,g4f5,6,18
sprt_game_2,48,80,White,r7/3n4/2k3p1/1Rp2p2/r1Ppp1PP/PK6/R2N4/8 w - - 0 48,h4h5,2,-536,25,h4h5,g4f5,6,18
sprt_game_2,48,80,White,r7/3n4/2k3p1/1Rp2p2/r1Ppp1PP/PK6/R2N4/8 w - - 0 48,b3c2,3,-544,33,h4h5,g4f5,6,18
sprt_game_2,48,80,White,r7/3n4/2k3p1/1Rp2p2/r1Ppp1PP/PK6/R2N4/8 w - - 0 48,d2b1,4,-547,36,h4h5,g4f5,6,18
sprt_game_2,48,80,White,r7/3n4/2k3p1/1Rp2p2/r1Ppp1PP/PK6/R2N4/8 w - - 0 48,g4g5,5,-559,48,h4h5,g4f5,6,18
sprt_game_2,48,80,White,r7/3n4/2k3p1/1Rp2p2/r1Ppp1PP/PK6/R2N4/8 w - - 0 48,d2f1,6,-584,73,h4h5,g4f5,6,18
sprt_game_2,48,80,White,r7/3n4/2k3p1/1Rp2p2/r1Ppp1PP/PK6/R2N4/8 w - - 0 48,a2a1,7,-586,75,h4h5,g4f5,6,18
sprt_game_2,48,80,White,r7/3n4/2k3p1/1Rp2p2/r1Ppp1PP/PK6/R2N4/8 w - - 0 48,a2c2,8,-589,78,h4h5,g4f5,6,18
sprt_game_2,48,80,White,r7/3n4/2k3p1/1Rp2p2/r1Ppp1PP/PK6/R2N4/8 w - - 0 48,a2b2,9,-592,81,h4h5,g4f5,6,18
sprt_game_2,48,80,White,r7/3n4/2k3p1/1Rp2p2/r1Ppp1PP/PK6/R2N4/8 w - - 0 48,b3b2,10,-616,105,h4h5,g4f5,6,18
sprt_game_2,48,80,White,r7/3n4/2k3p1/1Rp2p2/r1Ppp1PP/PK6/R2N4/8 w - - 0 48,d2e4,11,-632,121,h4h5,g4f5,6,18
sprt_game_2,48,80,White,r7/3n4/2k3p1/1Rp2p2/r1Ppp1PP/PK6/R2N4/8 w - - 0 48,b5b8,12,-670,159,h4h5,g4f5,6,18
sprt_game_2,48,80,White,r7/3n4/2k3p1/1Rp2p2/r1Ppp1PP/PK6/R2N4/8 w - - 0 48,b5b7,13,-692,181,h4h5,g4f5,6,18
sprt_game_2,48,80,White,r7/3n4/2k3p1/1Rp2p2/r1Ppp1PP/PK6/R2N4/8 w - - 0 48,b5a5,14,-726,215,h4h5,g4f5,6,18
sprt_game_2,48,80,White,r7/3n4/2k3p1/1Rp2p2/r1Ppp1PP/PK6/R2N4/8 w - - 0 48,b5b6,15,-740,229,h4h5,g4f5,6,18
sprt_game_2,48,80,White,r7/3n4/2k3p1/1Rp2p2/r1Ppp1PP/PK6/R2N4/8 w - - 0 48,b5b4,16,-752,241,h4h5,g4f5,6,18
sprt_game_2,48,80,White,r7/3n4/2k3p1/1Rp2p2/r1Ppp1PP/PK6/R2N4/8 w - - 0 48,d2f3,17,-753,242,h4h5,g4f5,6,18
sprt_game_2,48,80,White,r7/3n4/2k3p1/1Rp2p2/r1Ppp1PP/PK6/R2N4/8 w - - 0 48,b5c5,18,-762,251,h4h5,g4f5,6,18
sprt_game_2,49,82,White,r7/3n4/2k5/1Rp2p2/r1Ppp2P/PK6/R2N4/8 w - - 0 49,b3c2,1,-534,0,d2b1,h4h5,6,16
sprt_game_2,49,82,White,r7/3n4/2k5/1Rp2p2/r1Ppp2P/PK6/R2N4/8 w - - 0 49,a2b2,2,-553,19,d2b1,h4h5,6,16
sprt_game_2,49,82,White,r7/3n4/2k5/1Rp2p2/r1Ppp2P/PK6/R2N4/8 w - - 0 49,b3b2,3,-562,28,d2b1,h4h5,6,16
sprt_game_2,49,82,White,r7/3n4/2k5/1Rp2p2/r1Ppp2P/PK6/R2N4/8 w - - 0 49,a2a1,4,-571,37,d2b1,h4h5,6,16
sprt_game_2,49,82,White,r7/3n4/2k5/1Rp2p2/r1Ppp2P/PK6/R2N4/8 w - - 0 49,h4h5,5,-575,41,d2b1,h4h5,6,16
sprt_game_2,49,82,White,r7/3n4/2k5/1Rp2p2/r1Ppp2P/PK6/R2N4/8 w - - 0 49,d2b1,6,-588,54,d2b1,h4h5,6,16
sprt_game_2,49,82,White,r7/3n4/2k5/1Rp2p2/r1Ppp2P/PK6/R2N4/8 w - - 0 49,d2e4,7,-633,99,d2b1,h4h5,6,16
sprt_game_2,49,82,White,r7/3n4/2k5/1Rp2p2/r1Ppp2P/PK6/R2N4/8 w - - 0 49,a2c2,8,-642,108,d2b1,h4h5,6,16
sprt_game_2,49,82,White,r7/3n4/2k5/1Rp2p2/r1Ppp2P/PK6/R2N4/8 w - - 0 49,d2f1,9,-651,117,d2b1,h4h5,6,16
sprt_game_2,49,82,White,r7/3n4/2k5/1Rp2p2/r1Ppp2P/PK6/R2N4/8 w - - 0 49,b5b8,10,-696,162,d2b1,h4h5,6,16
sprt_game_2,49,82,White,r7/3n4/2k5/1Rp2p2/r1Ppp2P/PK6/R2N4/8 w - - 0 49,b5b7,11,-718,184,d2b1,h4h5,6,16
sprt_game_2,49,82,White,r7/3n4/2k5/1Rp2p2/r1Ppp2P/PK6/R2N4/8 w - - 0 49,b5a5,12,-736,202,d2b1,h4h5,6,16
sprt_game_2,49,82,White,r7/3n4/2k5/1Rp2p2/r1Ppp2P/PK6/R2N4/8 w - - 0 49,b5b6,13,-743,209,d2b1,h4h5,6,16
sprt_game_2,49,82,White,r7/3n4/2k5/1Rp2p2/r1Ppp2P/PK6/R2N4/8 w - - 0 49,b5c5,14,-749,215,d2b1,h4h5,6,16
sprt_game_2,49,82,White,r7/3n4/2k5/1Rp2p2/r1Ppp2P/PK6/R2N4/8 w - - 0 49,b5b4,15,-751,217,d2b1,h4h5,6,16
sprt_game_2,49,82,White,r7/3n4/2k5/1Rp2p2/r1Ppp2P/PK6/R2N4/8 w - - 0 49,d2f3,16,-792,258,d2b1,h4h5,6,16
sprt_game_2,50,84,White,r7/8/2k5/1Rp1np1P/r1Ppp3/PK6/R2N4/8 w - - 1 50,b3c2,1,-599,0,h5h6,a2a1,6,16
sprt_game_2,50,84,White,r7/8/2k5/1Rp1np1P/r1Ppp3/PK6/R2N4/8 w - - 1 50,h5h6,2,-636,37,h5h6,a2a1,6,16
sprt_game_2,50,84,White,r7/8/2k5/1Rp1np1P/r1Ppp3/PK6/R2N4/8 w - - 1 50,d2b1,3,-649,50,h5h6,a2a1,6,16
sprt_game_2,50,84,White,r7/8/2k5/1Rp1np1P/r1Ppp3/PK6/R2N4/8 w - - 1 50,a2b2,4,-660,61,h5h6,a2a1,6,16
sprt_game_2,50,84,White,r7/8/2k5/1Rp1np1P/r1Ppp3/PK6/R2N4/8 w - - 1 50,a2a1,5,-692,93,h5h6,a2a1,6,16
sprt_game_2,50,84,White,r7/8/2k5/1Rp1np1P/r1Ppp3/PK6/R2N4/8 w - - 1 50,b3b2,6,-694,95,h5h6,a2a1,6,16
sprt_game_2,50,84,White,r7/8/2k5/1Rp1np1P/r1Ppp3/PK6/R2N4/8 w - - 1 50,b5c5,7,-717,118,h5h6,a2a1,6,16
sprt_game_2,50,84,White,r7/8/2k5/1Rp1np1P/r1Ppp3/PK6/R2N4/8 w - - 1 50,b5b7,8,-733,134,h5h6,a2a1,6,16
sprt_game_2,50,84,White,r7/8/2k5/1Rp1np1P/r1Ppp3/PK6/R2N4/8 w - - 1 50,b5b4,9,-742,143,h5h6,a2a1,6,16
sprt_game_2,50,84,White,r7/8/2k5/1Rp1np1P/r1Ppp3/PK6/R2N4/8 w - - 1 50,b5b8,10,-766,167,h5h6,a2a1,6,16
sprt_game_2,50,84,White,r7/8/2k5/1Rp1np1P/r1Ppp3/PK6/R2N4/8 w - - 1 50,b5b6,11,-766,167,h5h6,a2a1,6,16
sprt_game_2,50,84,White,r7/8/2k5/1Rp1np1P/r1Ppp3/PK6/R2N4/8 w - - 1 50,d2e4,12,-767,168,h5h6,a2a1,6,16
sprt_game_2,50,84,White,r7/8/2k5/1Rp1np1P/r1Ppp3/PK6/R2N4/8 w - - 1 50,b5a5,13,-786,187,h5h6,a2a1,6,16
sprt_game_2,50,84,White,r7/8/2k5/1Rp1np1P/r1Ppp3/PK6/R2N4/8 w - - 1 50,d2f1,14,-786,187,h5h6,a2a1,6,16
sprt_game_2,50,84,White,r7/8/2k5/1Rp1np1P/r1Ppp3/PK6/R2N4/8 w - - 1 50,d2f3,15,-814,215,h5h6,a2a1,6,16
sprt_game_2,50,84,White,r7/8/2k5/1Rp1np1P/r1Ppp3/PK6/R2N4/8 w - - 1 50,a2c2,16,-31997,31398,h5h6,a2a1,6,16
sprt_game_2,54,92,White,r7/r7/2k4P/2p2p2/2np4/PR6/2Kp4/R7 w - - 2 54,h6h7,1,-755,0,b3h3,b3f3,6,26
sprt_game_2,54,92,White,r7/r7/2k4P/2p2p2/2np4/PR6/2Kp4/R7 w - - 2 54,b3f3,2,-765,10,b3h3,b3f3,6,26
sprt_game_2,54,92,White,r7/r7/2k4P/2p2p2/2np4/PR6/2Kp4/R7 w - - 2 54,b3d3,3,-771,16,b3h3,b3f3,6,26
sprt_game_2,54,92,White,r7/r7/2k4P/2p2p2/2np4/PR6/2Kp4/R7 w - - 2 54,a1a2,4,-806,51,b3h3,b3f3,6,26
sprt_game_2,54,92,White,r7/r7/2k4P/2p2p2/2np4/PR6/2Kp4/R7 w - - 2 54,b3g3,5,-839,84,b3h3,b3f3,6,26
sprt_game_2,54,92,White,r7/r7/2k4P/2p2p2/2np4/PR6/2Kp4/R7 w - - 2 54,b3h3,6,-842,87,b3h3,b3f3,6,26
sprt_game_2,54,92,White,r7/r7/2k4P/2p2p2/2np4/PR6/2Kp4/R7 w - - 2 54,c2d1,7,-846,91,b3h3,b3f3,6,26
sprt_game_2,54,92,White,r7/r7/2k4P/2p2p2/2np4/PR6/2Kp4/R7 w - - 2 54,b3b6,8,-847,92,b3h3,b3f3,6,26
sprt_game_2,54,92,White,r7/r7/2k4P/2p2p2/2np4/PR6/2Kp4/R7 w - - 2 54,a1h1,9,-852,97,b3h3,b3f3,6,26
sprt_game_2,54,92,White,r7/r7/2k4P/2p2p2/2np4/PR6/2Kp4/R7 w - - 2 54,a1f1,10,-866,111,b3h3,b3f3,6,26
sprt_game_2,54,92,White,r7/r7/2k4P/2p2p2/2np4/PR6/2Kp4/R7 w - - 2 54,b3b2,11,-881,126,b3h3,b3f3,6,26
sprt_game_2,54,92,White,r7/r7/2k4P/2p2p2/2np4/PR6/2Kp4/R7 w - - 2 54,a1g1,12,-883,128,b3h3,b3f3,6,26
sprt_game_2,54,92,White,r7/r7/2k4P/2p2p2/2np4/PR6/2Kp4/R7 w - - 2 54,a1d1,13,-912,157,b3h3,b3f3,6,26
sprt_game_2,54,92,White,r7/r7/2k4P/2p2p2/2np4/PR6/2Kp4/R7 w - - 2 54,a1b1,14,-939,184,b3h3,b3f3,6,26
sprt_game_2,54,92,White,r7/r7/2k4P/2p2p2/2np4/PR6/2Kp4/R7 w - - 2 54,a3a4,15,-941,186,b3h3,b3f3,6,26
sprt_game_2,54,92,White,r7/r7/2k4P/2p2p2/2np4/PR6/2Kp4/R7 w - - 2 54,b3b4,16,-945,190,b3h3,b3f3,6,26
sprt_game_2,54,92,White,r7/r7/2k4P/2p2p2/2np4/PR6/2Kp4/R7 w - - 2 54,c2d3,17,-950,195,b3h3,b3f3,6,26
sprt_game_2,54,92,White,r7/r7/2k4P/2p2p2/2np4/PR6/2Kp4/R7 w - - 2 54,b3b1,18,-1024,269,b3h3,b3f3,6,26
sprt_game_2,54,92,White,r7/r7/2k4P/2p2p2/2np4/PR6/2Kp4/R7 w - - 2 54,b3c3,19,-1209,454,b3h3,b3f3,6,26
sprt_game_2,54,92,White,r7/r7/2k4P/2p2p2/2np4/PR6/2Kp4/R7 w - - 2 54,a1c1,20,-31989,31234,b3h3,b3f3,6,26
sprt_game_2,54,92,White,r7/r7/2k4P/2p2p2/2np4/PR6/2Kp4/R7 w - - 2 54,b3b5,21,-31990,31235,b3h3,b3f3,6,26
sprt_game_2,54,92,White,r7/r7/2k4P/2p2p2/2np4/PR6/2Kp4/R7 w - - 2 54,b3e3,22,-31992,31237,b3h3,b3f3,6,26
sprt_game_2,54,92,White,r7/r7/2k4P/2p2p2/2np4/PR6/2Kp4/R7 w - - 2 54,b3b8,23,-31995,31240,b3h3,b3f3,6,26
sprt_game_2,54,92,White,r7/r7/2k4P/2p2p2/2np4/PR6/2Kp4/R7 w - - 2 54,b3b7,24,-31995,31240,b3h3,b3f3,6,26
sprt_game_2,54,92,White,r7/r7/2k4P/2p2p2/2np4/PR6/2Kp4/R7 w - - 2 54,a1e1,25,-31995,31240,b3h3,b3f3,6,26
sprt_game_2,54,92,White,r7/r7/2k4P/2p2p2/2np4/PR6/2Kp4/R7 w - - 2 54,c2b1,26,-31997,31242,b3h3,b3f3,6,26
sprt_game_2,55,94,White,r7/r7/7P/2pk1p2/2np4/PR6/2Kp4/6R1 w - - 4 55,g1g3,1,-645,0,c2d1,b3h3,6,32
sprt_game_2,55,94,White,r7/r7/7P/2pk1p2/2np4/PR6/2Kp4/6R1 w - - 4 55,h6h7,2,-774,129,c2d1,b3h3,6,32
sprt_game_2,55,94,White,r7/r7/7P/2pk1p2/2np4/PR6/2Kp4/6R1 w - - 4 55,g1a1,3,-887,242,c2d1,b3h3,6,32
sprt_game_2,55,94,White,r7/r7/7P/2pk1p2/2np4/PR6/2Kp4/6R1 w - - 4 55,c2d3,4,-891,246,c2d1,b3h3,6,32
sprt_game_2,55,94,White,r7/r7/7P/2pk1p2/2np4/PR6/2Kp4/6R1 w - - 4 55,c2d1,5,-891,246,c2d1,b3h3,6,32
sprt_game_2,55,94,White,r7/r7/7P/2pk1p2/2np4/PR6/2Kp4/6R1 w - - 4 55,b3f3,6,-931,286,c2d1,b3h3,6,32
sprt_game_2,55,94,White,r7/r7/7P/2pk1p2/2np4/PR6/2Kp4/6R1 w - - 4 55,g1g5,7,-946,301,c2d1,b3h3,6,32
sprt_game_2,55,94,White,r7/r7/7P/2pk1p2/2np4/PR6/2Kp4/6R1 w - - 4 55,g1f1,8,-971,326,c2d1,b3h3,6,32
sprt_game_2,55,94,White,r7/r7/7P/2pk1p2/2np4/PR6/2Kp4/6R1 w - - 4 55,b3h3,9,-974,329,c2d1,b3h3,6,32
sprt_game_2,55,94,White,r7/r7/7P/2pk1p2/2np4/PR6/2Kp4/6R1 w - - 4 55,b3b1,10,-978,333,c2d1,b3h3,6,32
sprt_game_2,55,94,White,r7/r7/7P/2pk1p2/2np4/PR6/2Kp4/6R1 w - - 4 55,b3g3,11,-1049,404,c2d1,b3h3,6,32
sprt_game_2,55,94,White,r7/r7/7P/2pk1p2/2np4/PR6/2Kp4/6R1 w - - 4 55,g1g7,12,-1058,413,c2d1,b3h3,6,32
sprt_game_2,55,94,White,r7/r7/7P/2pk1p2/2np4/PR6/2Kp4/6R1 w - - 4 55,b3d3,13,-1119,474,c2d1,b3h3,6,32
sprt_game_2,55,94,White,r7/r7/7P/2pk1p2/2np4/PR6/2Kp4/6R1 w - - 4 55,b3e3,14,-1138,493,c2d1,b3h3,6,32
sprt_game_2,55,94,White,r7/r7/7P/2pk1p2/2np4/PR6/2Kp4/6R1 w - - 4 55,b3c3,15,-1249,604,c2d1,b3h3,6,32
sprt_game_2,55,94,White,r7/r7/7P/2pk1p2/2np4/PR6/2Kp4/6R1 w - - 4 55,g1g2,16,-1279,634,c2d1,b3h3,6,32
sprt_game_2,55,94,White,r7/r7/7P/2pk1p2/2np4/PR6/2Kp4/6R1 w - - 4 55,g1d1,17,-1285,640,c2d1,b3h3,6,32
sprt_game_2,55,94,White,r7/r7/7P/2pk1p2/2np4/PR6/2Kp4/6R1 w - - 4 55,g1b1,18,-1316,671,c2d1,b3h3,6,32
sprt_game_2,55,94,White,r7/r7/7P/2pk1p2/2np4/PR6/2Kp4/6R1 w - - 4 55,g1h1,19,-1379,734,c2d1,b3h3,6,32
sprt_game_2,55,94,White,r7/r7/7P/2pk1p2/2np4/PR6/2Kp4/6R1 w - - 4 55,g1g6,20,-1593,948,c2d1,b3h3,6,32
sprt_game_2,55,94,White,r7/r7/7P/2pk1p2/2np4/PR6/2Kp4/6R1 w - - 4 55,a3a4,21,-8177,7532,c2d1,b3h3,6,32
sprt_game_2,55,94,White,r7/r7/7P/2pk1p2/2np4/PR6/2Kp4/6R1 w - - 4 55,g1c1,22,-31989,31344,c2d1,b3h3,6,32
sprt_game_2,55,94,White,r7/r7/7P/2pk1p2/2np4/PR6/2Kp4/6R1 w - - 4 55,c2b1,23,-31992,31347,c2d1,b3h3,6,32
sprt_game_2,55,94,White,r7/r7/7P/2pk1p2/2np4/PR6/2Kp4/6R1 w - - 4 55,b3b4,24,-31993,31348,c2d1,b3h3,6,32
sprt_game_2,55,94,White,r7/r7/7P/2pk1p2/2np4/PR6/2Kp4/6R1 w - - 4 55,g1g8,25,-31993,31348,c2d1,b3h3,6,32
sprt_game_2,55,94,White,r7/r7/7P/2pk1p2/2np4/PR6/2Kp4/6R1 w - - 4 55,g1g4,26,-31993,31348,c2d1,b3h3,6,32
sprt_game_2,55,94,White,r7/r7/7P/2pk1p2/2np4/PR6/2Kp4/6R1 w - - 4 55,b3b6,27,-31994,31349,c2d1,b3h3,6,32
sprt_game_2,55,94,White,r7/r7/7P/2pk1p2/2np4/PR6/2Kp4/6R1 w - - 4 55,b3b5,28,-31994,31349,c2d1,b3h3,6,32
sprt_game_2,55,94,White,r7/r7/7P/2pk1p2/2np4/PR6/2Kp4/6R1 w - - 4 55,b3b8,29,-31995,31350,c2d1,b3h3,6,32
sprt_game_2,55,94,White,r7/r7/7P/2pk1p2/2np4/PR6/2Kp4/6R1 w - - 4 55,b3b7,30,-31995,31350,c2d1,b3h3,6,32
sprt_game_2,55,94,White,r7/r7/7P/2pk1p2/2np4/PR6/2Kp4/6R1 w - - 4 55,b3b2,31,-31995,31350,c2d1,b3h3,6,32
sprt_game_2,55,94,White,r7/r7/7P/2pk1p2/2np4/PR6/2Kp4/6R1 w - - 4 55,g1e1,32,-31996,31351,c2d1,b3h3,6,32
sprt_game_2,65,114,White,8/8/8/2p5/2np3R/P4k2/2Kp2r1/8 w - - 10 65,h4h1,1,-1064,0,h4h3,h4d4,6,16
sprt_game_2,65,114,White,8/8/8/2p5/2np3R/P4k2/2Kp2r1/8 w - - 10 65,h4h3,2,-1103,39,h4h3,h4d4,6,16
sprt_game_2,65,114,White,8/8/8/2p5/2np3R/P4k2/2Kp2r1/8 w - - 10 65,c2b3,3,-1120,56,h4h3,h4d4,6,16
sprt_game_2,65,114,White,8/8/8/2p5/2np3R/P4k2/2Kp2r1/8 w - - 10 65,h4d4,4,-31994,30930,h4h3,h4d4,6,16
sprt_game_2,65,114,White,8/8/8/2p5/2np3R/P4k2/2Kp2r1/8 w - - 10 65,h4g4,5,-31996,30932,h4h3,h4d4,6,16
sprt_game_2,65,114,White,8/8/8/2p5/2np3R/P4k2/2Kp2r1/8 w - - 10 65,h4f4,6,-31996,30932,h4h3,h4d4,6,16
sprt_game_2,65,114,White,8/8/8/2p5/2np3R/P4k2/2Kp2r1/8 w - - 10 65,h4e4,7,-31996,30932,h4h3,h4d4,6,16
sprt_game_2,65,114,White,8/8/8/2p5/2np3R/P4k2/2Kp2r1/8 w - - 10 65,h4h2,8,-31996,30932,h4h3,h4d4,6,16
sprt_game_2,65,114,White,8/8/8/2p5/2np3R/P4k2/2Kp2r1/8 w - - 10 65,a3a4,9,-31997,30933,h4h3,h4d4,6,16
sprt_game_2,65,114,White,8/8/8/2p5/2np3R/P4k2/2Kp2r1/8 w - - 10 65,h4h8,10,-31998,30934,h4h3,h4d4,6,16
sprt_game_2,65,114,White,8/8/8/2p5/2np3R/P4k2/2Kp2r1/8 w - - 10 65,h4h7,11,-31998,30934,h4h3,h4d4,6,16
sprt_game_2,65,114,White,8/8/8/2p5/2np3R/P4k2/2Kp2r1/8 w - - 10 65,h4h6,12,-31998,30934,h4h3,h4d4,6,16
sprt_game_2,65,114,White,8/8/8/2p5/2np3R/P4k2/2Kp2r1/8 w - - 10 65,h4h5,13,-31998,30934,h4h3,h4d4,6,16
sprt_game_2,65,114,White,8/8/8/2p5/2np3R/P4k2/2Kp2r1/8 w - - 10 65,c2d3,14,-31998,30934,h4h3,h4d4,6,16
sprt_game_2,65,114,White,8/8/8/2p5/2np3R/P4k2/2Kp2r1/8 w - - 10 65,c2d1,15,-31999,30935,h4h3,h4d4,6,16
sprt_game_2,65,114,White,8/8/8/2p5/2np3R/P4k2/2Kp2r1/8 w - - 10 65,c2b1,16,-31999,30935,h4h3,h4d4,6,16
sprt_game_2,71,126,White,8/8/6r1/1Kp5/8/P2kp3/8/3q4 w - - 2 71,b5c5,1,-31998,0,b5c5,b5a5,6,3
sprt_game_2,71,126,White,8/8/6r1/1Kp5/8/P2kp3/8/3q4 w - - 2 71,b5a5,2,-31998,0,b5c5,b5a5,6,3
sprt_game_2,71,126,White,8/8/6r1/1Kp5/8/P2kp3/8/3q4 w - - 2 71,a3a4,3,-31998,0,b5c5,b5a5,6,3
sprt_game_3,12,13,White,r2qk2r/ppp2pb1/3pbnpp/4p3/1nP1P3/2NPB1Q1/PP1KBPPP/R5NR w kq - 6 12,a1c1,1,-111,0,h2h3,a1c1,2,44
sprt_game_3,12,13,White,r2qk2r/ppp2pb1/3pbnpp/4p3/1nP1P3/2NPB1Q1/PP1KBPPP/R5NR w kq - 6 12,g1h3,2,-123,12,h2h3,a1c1,2,44
sprt_game_3,12,13,White,r2qk2r/ppp2pb1/3pbnpp/4p3/1nP1P3/2NPB1Q1/PP1KBPPP/R5NR w kq - 6 12,a2a3,3,-124,13,h2h3,a1c1,2,44
sprt_game_3,12,13,White,r2qk2r/ppp2pb1/3pbnpp/4p3/1nP1P3/2NPB1Q1/PP1KBPPP/R5NR w kq - 6 12,h2h4,4,-124,13,h2h3,a1c1,2,44
sprt_game_3,12,13,White,r2qk2r/ppp2pb1/3pbnpp/4p3/1nP1P3/2NPB1Q1/PP1KBPPP/R5NR w kq - 6 12,a1b1,5,-135,24,h2h3,a1c1,2,44
sprt_game_3,12,13,White,r2qk2r/ppp2pb1/3pbnpp/4p3/1nP1P3/2NPB1Q1/PP1KBPPP/R5NR w kq - 6 12,e2f3,6,-143,32,h2h3,a1c1,2,44
sprt_game_3,12,13,White,r2qk2r/ppp2pb1/3pbnpp/4p3/1nP1P3/2NPB1Q1/PP1KBPPP/R5NR w kq - 6 12,e2d1,7,-150,39,h2h3,a1c1,2,44
sprt_game_3,12,13,White,r2qk2r/ppp2pb1/3pbnpp/4p3/1nP1P3/2NPB1Q1/PP1KBPPP/R5NR w kq - 6 12,a1f1,8,-155,44,h2h3,a1c1,2,44
sprt_game_3,12,13,White,r2qk2r/ppp2pb1/3pbnpp/4p3/1nP1P3/2NPB1Q1/PP1KBPPP/R5NR w kq - 6 12,a1d1,9,-156,45,h2h3,a1c1,2,44
sprt_game_3,12,13,White,r2qk2r/ppp2pb1/3pbnpp/4p3/1nP1P3/2NPB1Q1/PP1KBPPP/R5NR w kq - 6 12,d2d1,10,-157,46,h2h3,a1c1,2,44
sprt_game_3,12,13,White,r2qk2r/ppp2pb1/3pbnpp/4p3/1nP1P3/2NPB1Q1/PP1KBPPP/R5NR w kq - 6 12,f2f4,11,-159,48,h2h3,a1c1,2,44
sprt_game_3,12,13,White,r2qk2r/ppp2pb1/3pbnpp/4p3/1nP1P3/2NPB1Q1/PP1KBPPP/R5NR w kq - 6 12,d2c1,12,-161,50,h2h3,a1c1,2,44
sprt_game_3,12,13,White,r2qk2r/ppp2pb1/3pbnpp/4p3/1nP1P3/2NPB1Q1/PP1KBPPP/R5NR w kq - 6 12,g3h4,13,-177,66,h2h3,a1c1,2,44
sprt_game_3,12,13,White,r2qk2r/ppp2pb1/3pbnpp/4p3/1nP1P3/2NPB1Q1/PP1KBPPP/R5NR w kq - 6 12,h2h3,14,-178,67,h2h3,a1c1,2,44
sprt_game_3,12,13,White,r2qk2r/ppp2pb1/3pbnpp/4p3/1nP1P3/2NPB1Q1/PP1KBPPP/R5NR w kq - 6 12,f2f3,15,-179,68,h2h3,a1c1,2,44
sprt_game_3,12,13,White,r2qk2r/ppp2pb1/3pbnpp/4p3/1nP1P3/2NPB1Q1/PP1KBPPP/R5NR w kq - 6 12,a1e1,16,-191,80,h2h3,a1c1,2,44
sprt_game_3,12,13,White,r2qk2r/ppp2pb1/3pbnpp/4p3/1nP1P3/2NPB1Q1/PP1KBPPP/R5NR w kq - 6 12,a2a4,17,-196,85,h2h3,a1c1,2,44
sprt_game_3,12,13,White,r2qk2r/ppp2pb1/3pbnpp/4p3/1nP1P3/2NPB1Q1/PP1KBPPP/R5NR w kq - 6 12,b2b3,18,-198,87,h2h3,a1c1,2,44
sprt_game_3,12,13,White,r2qk2r/ppp2pb1/3pbnpp/4p3/1nP1P3/2NPB1Q1/PP1KBPPP/R5NR w kq - 6 12,g3f3,19,-207,96,h2h3,a1c1,2,44
sprt_game_3,12,13,White,r2qk2r/ppp2pb1/3pbnpp/4p3/1nP1P3/2NPB1Q1/PP1KBPPP/R5NR w kq - 6 12,e2f1,20,-227,116,h2h3,a1c1,2,44
sprt_game_3,12,13,White,r2qk2r/ppp2pb1/3pbnpp/4p3/1nP1P3/2NPB1Q1/PP1KBPPP/R5NR w kq - 6 12,c3d5,21,-252,141,h2h3,a1c1,2,44
sprt_game_3,12,13,White,r2qk2r/ppp2pb1/3pbnpp/4p3/1nP1P3/2NPB1Q1/PP1KBPPP/R5NR w kq - 6 12,c3a4,22,-267,156,h2h3,a1c1,2,44
sprt_game_3,12,13,White,r2qk2r/ppp2pb1/3pbnpp/4p3/1nP1P3/2NPB1Q1/PP1KBPPP/R5NR w kq - 6 12,c4c5,23,-272,161,h2h3,a1c1,2,44
sprt_game_3,12,13,White,r2qk2r/ppp2pb1/3pbnpp/4p3/1nP1P3/2NPB1Q1/PP1KBPPP/R5NR w kq - 6 12,c3d1,24,-279,168,h2h3,a1c1,2,44
sprt_game_3,12,13,White,r2qk2r/ppp2pb1/3pbnpp/4p3/1nP1P3/2NPB1Q1/PP1KBPPP/R5NR w kq - 6 12,c3b1,25,-296,185,h2h3,a1c1,2,44
sprt_game_3,12,13,White,r2qk2r/ppp2pb1/3pbnpp/4p3/1nP1P3/2NPB1Q1/PP1KBPPP/R5NR w kq - 6 12,c3b5,26,-302,191,h2h3,a1c1,2,44
sprt_game_3,12,13,White,r2qk2r/ppp2pb1/3pbnpp/4p3/1nP1P3/2NPB1Q1/PP1KBPPP/R5NR w kq - 6 12,d2e1,27,-323,212,h2h3,a1c1,2,44
sprt_game_3,12,13,White,r2qk2r/ppp2pb1/3pbnpp/4p3/1nP1P3/2NPB1Q1/PP1KBPPP/R5NR w kq - 6 12,d3d4,28,-332,221,h2h3,a1c1,2,44
sprt_game_3,12,13,White,r2qk2r/ppp2pb1/3pbnpp/4p3/1nP1P3/2NPB1Q1/PP1KBPPP/R5NR w kq - 6 12,g1f3,29,-493,382,h2h3,a1c1,2,44
sprt_game_3,12,13,White,r2qk2r/ppp2pb1/3pbnpp/4p3/1nP1P3/2NPB1Q1/PP1KBPPP/R5NR w kq - 6 12,e3f4,30,-508,397,h2h3,a1c1,2,44
sprt_game_3,12,13,White,r2qk2r/ppp2pb1/3pbnpp/4p3/1nP1P3/2NPB1Q1/PP1KBPPP/R5NR w kq - 6 12,e3c5,31,-514,403,h2h3,a1c1,2,44
sprt_game_3,12,13,White,r2qk2r/ppp2pb1/3pbnpp/4p3/1nP1P3/2NPB1Q1/PP1KBPPP/R5NR w kq - 6 12,e3d4,32,-534,423,h2h3,a1c1,2,44
sprt_game_3,12,13,White,r2qk2r/ppp2pb1/3pbnpp/4p3/1nP1P3/2NPB1Q1/PP1KBPPP/R5NR w kq - 6 12,e2g4,33,-543,432,h2h3,a1c1,2,44
sprt_game_3,12,13,White,r2qk2r/ppp2pb1/3pbnpp/4p3/1nP1P3/2NPB1Q1/PP1KBPPP/R5NR w kq - 6 12,e3a7,34,-547,436,h2h3,a1c1,2,44
sprt_game_3,12,13,White,r2qk2r/ppp2pb1/3pbnpp/4p3/1nP1P3/2NPB1Q1/PP1KBPPP/R5NR w kq - 6 12,e2h5,35,-548,437,h2h3,a1c1,2,44
sprt_game_3,12,13,White,r2qk2r/ppp2pb1/3pbnpp/4p3/1nP1P3/2NPB1Q1/PP1KBPPP/R5NR w kq - 6 12,g3h3,36,-588,477,h2h3,a1c1,2,44
sprt_game_3,12,13,White,r2qk2r/ppp2pb1/3pbnpp/4p3/1nP1P3/2NPB1Q1/PP1KBPPP/R5NR w kq - 6 12,e3b6,37,-597,486,h2h3,a1c1,2,44
sprt_game_3,12,13,White,r2qk2r/ppp2pb1/3pbnpp/4p3/1nP1P3/2NPB1Q1/PP1KBPPP/R5NR w kq - 6 12,e3g5,38,-632,521,h2h3,a1c1,2,44
sprt_game_3,12,13,White,r2qk2r/ppp2pb1/3pbnpp/4p3/1nP1P3/2NPB1Q1/PP1KBPPP/R5NR w kq - 6 12,e3h6,39,-662,551,h2h3,a1c1,2,44
sprt_game_3,12,13,White,r2qk2r/ppp2pb1/3pbnpp/4p3/1nP1P3/2NPB1Q1/PP1KBPPP/R5NR w kq - 6 12,g3g6,40,-675,564,h2h3,a1c1,2,44
sprt_game_3,12,13,White,r2qk2r/ppp2pb1/3pbnpp/4p3/1nP1P3/2NPB1Q1/PP1KBPPP/R5NR w kq - 6 12,g3g5,41,-684,573,h2h3,a1c1,2,44
sprt_game_3,12,13,White,r2qk2r/ppp2pb1/3pbnpp/4p3/1nP1P3/2NPB1Q1/PP1KBPPP/R5NR w kq - 6 12,g3f4,42,-718,607,h2h3,a1c1,2,44
sprt_game_3,12,13,White,r2qk2r/ppp2pb1/3pbnpp/4p3/1nP1P3/2NPB1Q1/PP1KBPPP/R5NR w kq - 6 12,g3e5,43,-727,616,h2h3,a1c1,2,44
sprt_game_3,12,13,White,r2qk2r/ppp2pb1/3pbnpp/4p3/1nP1P3/2NPB1Q1/PP1KBPPP/R5NR w kq - 6 12,g3g4,44,-736,625,h2h3,a1c1,2,44
sprt_game_3,13,15,White,r2q1rk1/ppp2pb1/3pbnpp/4p3/1nP1P3/2NPB1QP/PP1KBPP1/R5NR w - - 1 13,e2g4,1,-87,0,g1f3,e2g4,2,43
sprt_game_3,13,15,White,r2q1rk1/ppp2pb1/3pbnpp/4p3/1nP1P3/2NPB1QP/PP1KBPP1/R5NR w - - 1 13,h3h4,2,-118,31,g1f3,e2g4,2,43
sprt_game_3,13,15,White,r2q1rk1/ppp2pb1/3pbnpp/4p3/1nP1P3/2NPB1QP/PP1KBPP1/R5NR w - - 1 13,a2a3,3,-137,50,g1f3,e2g4,2,43
sprt_game_3,13,15,White,r2q1rk1/ppp2pb1/3pbnpp/4p3/1nP1P3/2NPB1QP/PP1KBPP1/R5NR w - - 1 13,g1f3,4,-147,60,g1f3,e2g4,2,43
sprt_game_3,13,15,White,r2q1rk1/ppp2pb1/3pbnpp/4p3/1nP1P3/2NPB1QP/PP1KBPP1/R5NR w - - 1 13,a1d1,5,-149,62,g1f3,e2g4,2,43
sprt_game_3,13,15,White,r2q1rk1/ppp2pb1/3pbnpp/4p3/1nP1P3/2NPB1QP/PP1KBPP1/R5NR w - - 1 13,a1c1,6,-150,63,g1f3,e2g4,2,43
sprt_game_3,13,15,White,r2q1rk1/ppp2pb1/3pbnpp/4p3/1nP1P3/2NPB1QP/PP1KBPP1/R5NR w - - 1 13,f2f4,7,-151,64,g1f3,e2g4,2,43
sprt_game_3,13,15,White,r2q1rk1/ppp2pb1/3pbnpp/4p3/1nP1P3/2NPB1QP/PP1KBPP1/R5NR w - - 1 13,a1b1,8,-168,81,g1f3,e2g4,2,43
sprt_game_3,13,15,White,r2q1rk1/ppp2pb1/3pbnpp/4p3/1nP1P3/2NPB1QP/PP1KBPP1/R5NR w - - 1 13,e2f3,9,-187,100,g1f3,e2g4,2,43
sprt_game_3,13,15,White,r2q1rk1/ppp2pb1/3pbnpp/4p3/1nP1P3/2NPB1QP/PP1KBPP1/R5NR w - - 1 13,e2d1,10,-197,110,g1f3,e2g4,2,43
sprt_game_3,13,15,White,r2q1rk1/ppp2pb1/3pbnpp/4p3/1nP1P3/2NPB1QP/PP1KBPP1/R5NR w - - 1 13,d2d1,11,-203,116,g1f3,e2g4,2,43
sprt_game_3,13,15,White,r2q1rk1/ppp2pb1/3pbnpp/4p3/1nP1P3/2NPB1QP/PP1KBPP1/R5NR w - - 1 13,g3h4,12,-210,123,g1f3,e2g4,2,43
sprt_game_3,13,15,White,r2q1rk1/ppp2pb1/3pbnpp/4p3/1nP1P3/2NPB1QP/PP1KBPP1/R5NR w - - 1 13,a1e1,13,-211,124,g1f3,e2g4,2,43
sprt_game_3,13,15,White,r2q1rk1/ppp2pb1/3pbnpp/4p3/1nP1P3/2NPB1QP/PP1KBPP1/R5NR w - - 1 13,b2b3,14,-214,127,g1f3,e2g4,2,43
sprt_game_3,13,15,White,r2q1rk1/ppp2pb1/3pbnpp/4p3/1nP1P3/2NPB1QP/PP1KBPP1/R5NR w - - 1 13,g3f3,15,-215,128,g1f3,e2g4,2,43
sprt_game_3,13,15,White,r2q1rk1/ppp2pb1/3pbnpp/4p3/1nP1P3/2NPB1QP/PP1KBPP1/R5NR w - - 1 13,a1f1,16,-216,129,g1f3,e2g4,2,43
sprt_game_3,13,15,White,r2q1rk1/ppp2pb1/3pbnpp/4p3/1nP1P3/2NPB1QP/PP1KBPP1/R5NR w - - 1 13,d2c1,17,-222,135,g1f3,e2g4,2,43
sprt_game_3,13,15,White,r2q1rk1/ppp2pb1/3pbnpp/4p3/1nP1P3/2NPB1QP/PP1KBPP1/R5NR w - - 1 13,g3h2,18,-244,157,g1f3,e2g4,2,43
sprt_game_3,13,15,White,r2q1rk1/ppp2pb1/3pbnpp/4p3/1nP1P3/2NPB1QP/PP1KBPP1/R5NR w - - 1 13,f2f3,19,-258,171,g1f3,e2g4,2,43
sprt_game_3,13,15,White,r2q1rk1/ppp2pb1/3pbnpp/4p3/1nP1P3/2NPB1QP/PP1KBPP1/R5NR w - - 1 13,h1h2,20,-268,181,g1f3,e2g4,2,43
sprt_game_3,13,15,White,r2q1rk1/ppp2pb1/3pbnpp/4p3/1nP1P3/2NPB1QP/PP1KBPP1/R5NR w - - 1 13,a2a4,21,-279,192,g1f3,e2g4,2,43
sprt_game_3,13,15,White,r2q1rk1/ppp2pb1/3pbnpp/4p3/1nP1P3/2NPB1QP/PP1KBPP1/R5NR w - - 1 13,e2f1,22,-300,213,g1f3,e2g4,2,43
sprt_game_3,13,15,White,r2q1rk1/ppp2pb1/3pbnpp/4p3/1nP1P3/2NPB1QP/PP1KBPP1/R5NR w - - 1 13,d2e1,23,-300,213,g1f3,e2g4,2,43
sprt_game_3,13,15,White,r2q1rk1/ppp2pb1/3pbnpp/4p3/1nP1P3/2NPB1QP/PP1KBPP1/R5NR w - - 1 13,c3d5,24,-310,223,g1f3,e2g4,2,43
sprt_game_3,13,15,White,r2q1rk1/ppp2pb1/3pbnpp/4p3/1nP1P3/2NPB1QP/PP1KBPP1/R5NR w - - 1 13,c4c5,25,-342,255,g1f3,e2g4,2,43
sprt_game_3,13,15,White,r2q1rk1/ppp2pb1/3pbnpp/4p3/1nP1P3/2NPB1QP/PP1KBPP1/R5NR w - - 1 13,c3b5,26,-351,264,g1f3,e2g4,2,43
sprt_game_3,13,15,White,r2q1rk1/ppp2pb1/3pbnpp/4p3/1nP1P3/2NPB1QP/PP1KBPP1/R5NR w - - 1 13,c3d1,27,-368,281,g1f3,e2g4,2,43
sprt_game_3,13,15,White,r2q1rk1/ppp2pb1/3pbnpp/4p3/1nP1P3/2NPB1QP/PP1KBPP1/R5NR w - - 1 13,c3b1,28,-369,282,g1f3,e2g4,2,43
sprt_game_3,13,15,White,r2q1rk1/ppp2pb1/3pbnpp/4p3/1nP1P3/2NPB1QP/PP1KBPP1/R5NR w - - 1 13,c3a4,29,-373,286,g1f3,e2g4,2,43
sprt_game_3,13,15,White,r2q1rk1/ppp2pb1/3pbnpp/4p3/1nP1P3/2NPB1QP/PP1KBPP1/R5NR w - - 1 13,d3d4,30,-427,340,g1f3,e2g4,2,43
sprt_game_3,13,15,White,r2q1rk1/ppp2pb1/3pbnpp/4p3/1nP1P3/2NPB1QP/PP1KBPP1/R5NR w - - 1 13,e3g5,31,-473,386,g1f3,e2g4,2,43
sprt_game_3,13,15,White,r2q1rk1/ppp2pb1/3pbnpp/4p3/1nP1P3/2NPB1QP/PP1KBPP1/R5NR w - - 1 13,g3g4,32,-501,414,g1f3,e2g4,2,43
sprt_game_3,13,15,White,r2q1rk1/ppp2pb1/3pbnpp/4p3/1nP1P3/2NPB1QP/PP1KBPP1/R5NR w - - 1 13,e3h6,33,-504,417,g1f3,e2g4,2,43
sprt_game_3,13,15,White,r2q1rk1/ppp2pb1/3pbnpp/4p3/1nP1P3/2NPB1QP/PP1KBPP1/R5NR w - - 1 13,e3f4,34,-517,430,g1f3,e2g4,2,43
sprt_game_3,13,15,White,r2q1rk1/ppp2pb1/3pbnpp/4p3/1nP1P3/2NPB1QP/PP1KBPP1/R5NR w - - 1 13,e3a7,35,-518,431,g1f3,e2g4,2,43
sprt_game_3,13,15,White,r2q1rk1/ppp2pb1/3pbnpp/4p3/1nP1P3/2NPB1QP/PP1KBPP1/R5NR w - - 1 13,e2h5,36,-530,443,g1f3,e2g4,2,43
sprt_game_3,13,15,White,r2q1rk1/ppp2pb1/3pbnpp/4p3/1nP1P3/2NPB1QP/PP1KBPP1/R5NR w - - 1 13,e3c5,37,-580,493,g1f3,e2g4,2,43
sprt_game_3,13,15,White,r2q1rk1/ppp2pb1/3pbnpp/4p3/1nP1P3/2NPB1QP/PP1KBPP1/R5NR w - - 1 13,e3b6,38,-581,494,g1f3,e2g4,2,43
sprt_game_3,13,15,White,r2q1rk1/ppp2pb1/3pbnpp/4p3/1nP1P3/2NPB1QP/PP1KBPP1/R5NR w - - 1 13,e3d4,39,-588,501,g1f3,e2g4,2,43
sprt_game_3,13,15,White,r2q1rk1/ppp2pb1/3pbnpp/4p3/1nP1P3/2NPB1QP/PP1KBPP1/R5NR w - - 1 13,g3g5,40,-594,507,g1f3,e2g4,2,43
sprt_game_3,13,15,White,r2q1rk1/ppp2pb1/3pbnpp/4p3/1nP1P3/2NPB1QP/PP1KBPP1/R5NR w - - 1 13,g3g6,41,-671,584,g1f3,e2g4,2,43
sprt_game_3,13,15,White,r2q1rk1/ppp2pb1/3pbnpp/4p3/1nP1P3/2NPB1QP/PP1KBPP1/R5NR w - - 1 13,g3e5,42,-707,620,g1f3,e2g4,2,43
sprt_game_3,13,15,White,r2q1rk1/ppp2pb1/3pbnpp/4p3/1nP1P3/2NPB1QP/PP1KBPP1/R5NR w - - 1 13,g3f4,43,-723,636,g1f3,e2g4,2,43
sprt_game_3,14,17,White,r2qr1k1/ppp2pb1/3pbnpp/4p3/1nP1P1B1/2NPB1QP/PP1K1PP1/R5NR w - - 3 14,g1e2,1,-124,0,a2a3,g4e6,2,44
sprt_game_3,14,17,White,r2qr1k1/ppp2pb1/3pbnpp/4p3/1nP1P1B1/2NPB1QP/PP1K1PP1/R5NR w - - 3 14,g4e6,2,-126,2,a2a3,g4e6,2,44
sprt_game_3,14,17,White,r2qr1k1/ppp2pb1/3pbnpp/4p3/1nP1P1B1/2NPB1QP/PP1K1PP1/R5NR w - - 3 14,a2a3,3,-141,17,a2a3,g4e6,2,44
sprt_game_3,14,17,White,r2qr1k1/ppp2pb1/3pbnpp/4p3/1nP1P1B1/2NPB1QP/PP1K1PP1/R5NR w - - 3 14,a1c1,4,-154,30,a2a3,g4e6,2,44
sprt_game_3,14,17,White,r2qr1k1/ppp2pb1/3pbnpp/4p3/1nP1P1B1/2NPB1QP/PP1K1PP1/R5NR w - - 3 14,a1d1,5,-165,41,a2a3,g4e6,2,44
sprt_game_3,14,17,White,r2qr1k1/ppp2pb1/3pbnpp/4p3/1nP1P1B1/2NPB1QP/PP1K1PP1/R5NR w - - 3 14,g3f3,6,-188,64,a2a3,g4e6,2,44
sprt_game_3,14,17,White,r2qr1k1/ppp2pb1/3pbnpp/4p3/1nP1P1B1/2NPB1QP/PP1K1PP1/R5NR w - - 3 14,g1f3,7,-213,89,a2a3,g4e6,2,44
sprt_game_3,14,17,White,r2qr1k1/ppp2pb1/3pbnpp/4p3/1nP1P1B1/2NPB1QP/PP1K1PP1/R5NR w - - 3 14,g4d1,8,-218,94,a2a3,g4e6,2,44
sprt_game_3,14,17,White,r2qr1k1/ppp2pb1/3pbnpp/4p3/1nP1P1B1/2NPB1QP/PP1K1PP1/R5NR w - - 3 14,d2e2,9,-220,96,a2a3,g4e6,2,44
sprt_game_3,14,17,White,r2qr1k1/ppp2pb1/3pbnpp/4p3/1nP1P1B1/2NPB1QP/PP1K1PP1/R5NR w - - 3 14,a1b1,10,-251,127,a2a3,g4e6,2,44
sprt_game_3,14,17,White,r2qr1k1/ppp2pb1/3pbnpp/4p3/1nP1P1B1/2NPB1QP/PP1K1PP1/R5NR w - - 3 14,g4e2,11,-252,128,a2a3,g4e6,2,44
sprt_game_3,14,17,White,r2qr1k1/ppp2pb1/3pbnpp/4p3/1nP1P1B1/2NPB1QP/PP1K1PP1/R5NR w - - 3 14,a1e1,12,-257,133,a2a3,g4e6,2,44
sprt_game_3,14,17,White,r2qr1k1/ppp2pb1/3pbnpp/4p3/1nP1P1B1/2NPB1QP/PP1K1PP1/R5NR w - - 3 14,g4f3,13,-281,157,a2a3,g4e6,2,44
sprt_game_3,14,17,White,r2qr1k1/ppp2pb1/3pbnpp/4p3/1nP1P1B1/2NPB1QP/PP1K1PP1/R5NR w - - 3 14,a1f1,14,-293,169,a2a3,g4e6,2,44
sprt_game_3,14,17,White,r2qr1k1/ppp2pb1/3pbnpp/4p3/1nP1P1B1/2NPB1QP/PP1K1PP1/R5NR w - - 3 14,b2b3,15,-293,169,a2a3,g4e6,2,44
sprt_game_3,14,17,White,r2qr1k1/ppp2pb1/3pbnpp/4p3/1nP1P1B1/2NPB1QP/PP1K1PP1/R5NR w - - 3 14,h1h2,16,-311,187,a2a3,g4e6,2,44
sprt_game_3,14,17,White,r2qr1k1/ppp2pb1/3pbnpp/4p3/1nP1P1B1/2NPB1QP/PP1K1PP1/R5NR w - - 3 14,c4c5,17,-327,203,a2a3,g4e6,2,44
sprt_game_3,14,17,White,r2qr1k1/ppp2pb1/3pbnpp/4p3/1nP1P1B1/2NPB1QP/PP1K1PP1/R5NR w - - 3 14,d2d1,18,-328,204,a2a3,g4e6,2,44
sprt_game_3,14,17,White,r2qr1k1/ppp2pb1/3pbnpp/4p3/1nP1P1B1/2NPB1QP/PP1K1PP1/R5NR w - - 3 14,c3d5,19,-332,208,a2a3,g4e6,2,44
sprt_game_3,14,17,White,r2qr1k1/ppp2pb1/3pbnpp/4p3/1nP1P1B1/2NPB1QP/PP1K1PP1/R5NR w - - 3 14,g3h2,20,-334,210,a2a3,g4e6,2,44
sprt_game_3,14,17,White,r2qr1k1/ppp2pb1/3pbnpp/4p3/1nP1P1B1/2NPB1QP/PP1K1PP1/R5NR w - - 3 14,g4f5,21,-355,231,a2a3,g4e6,2,44
sprt_game_3,14,17,White,r2qr1k1/ppp2pb1/3pbnpp/4p3/1nP1P1B1/2NPB1QP/PP1K1PP1/R5NR w - - 3 14,a2a4,22,-359,235,a2a3,g4e6,2,44
sprt_game_3,14,17,White,r2qr1k1/ppp2pb1/3pbnpp/4p3/1nP1P1B1/2NPB1QP/PP1K1PP1/R5NR w - - 3 14,f2f3,23,-367,243,a2a3,g4e6,2,44
sprt_game_3,14,17,White,r2qr1k1/ppp2pb1/3pbnpp/4p3/1nP1P1B1/2NPB1QP/PP1K1PP1/R5NR w - - 3 14,f2f4,24,-373,249,a2a3,g4e6,2,44
sprt_game_3,14,17,White,r2qr1k1/ppp2pb1/3pbnpp/4p3/1nP1P1B1/2NPB1QP/PP1K1PP1/R5NR w - - 3 14,d2e1,25,-456,332,a2a3,g4e6,2,44
sprt_game_3,14,17,White,r2qr1k1/ppp2pb1/3pbnpp/4p3/1nP1P1B1/2NPB1QP/PP1K1PP1/R5NR w - - 3 14,e3g5,26,-464,340,a2a3,g4e6,2,44
sprt_game_3,14,17,White,r2qr1k1/ppp2pb1/3pbnpp/4p3/1nP1P1B1/2NPB1QP/PP1K1PP1/R5NR w - - 3 14,e3h6,27,-480,356,a2a3,g4e6,2,44
sprt_game_3,14,17,White,r2qr1k1/ppp2pb1/3pbnpp/4p3/1nP1P1B1/2NPB1QP/PP1K1PP1/R5NR w - - 3 14,d2c1,28,-493,369,a2a3,g4e6,2,44
sprt_game_3,14,17,White,r2qr1k1/ppp2pb1/3pbnpp/4p3/1nP1P1B1/2NPB1QP/PP1K1PP1/R5NR w - - 3 14,e3a7,29,-495,371,a2a3,g4e6,2,44
sprt_game_3,14,17,White,r2qr1k1/ppp2pb1/3pbnpp/4p3/1nP1P1B1/2NPB1QP/PP1K1PP1/R5NR w - - 3 14,h3h4,30,-501,377,a2a3,g4e6,2,44
sprt_game_3,14,17,White,r2qr1k1/ppp2pb1/3pbnpp/4p3/1nP1P1B1/2NPB1QP/PP1K1PP1/R5NR w - - 3 14,d3d4,31,-524,400,a2a3,g4e6,2,44
sprt_game_3,14,17,White,r2qr1k1/ppp2pb1/3pbnpp/4p3/1nP1P1B1/2NPB1QP/PP1K1PP1/R5NR w - - 3 14,c3b5,32,-543,419,a2a3,g4e6,2,44
sprt_game_3,14,17,White,r2qr1k1/ppp2pb1/3pbnpp/4p3/1nP1P1B1/2NPB1QP/PP1K1PP1/R5NR w - - 3 14,e3b6,33,-549,425,a2a3,g4e6,2,44
sprt_game_3,14,17,White,r2qr1k1/ppp2pb1/3pbnpp/4p3/1nP1P1B1/2NPB1QP/PP1K1PP1/R5NR w - - 3 14,c3e2,34,-558,434,a2a3,g4e6,2,44
sprt_game_3,14,17,White,r2qr1k1/ppp2pb1/3pbnpp/4p3/1nP1P1B1/2NPB1QP/PP1K1PP1/R5NR w - - 3 14,c3d1,35,-565,441,a2a3,g4e6,2,44
sprt_game_3,14,17,White,r2qr1k1/ppp2pb1/3pbnpp/4p3/1nP1P1B1/2NPB1QP/PP1K1PP1/R5NR w - - 3 14,g4h5,36,-567,443,a2a3,g4e6,2,44
sprt_game_3,14,17,White,r2qr1k1/ppp2pb1/3pbnpp/4p3/1nP1P1B1/2NPB1QP/PP1K1PP1/R5NR w - - 3 14,c3b1,37,-569,445,a2a3,g4e6,2,44
sprt_game_3,14,17,White,r2qr1k1/ppp2pb1/3pbnpp/4p3/1nP1P1B1/2NPB1QP/PP1K1PP1/R5NR w - - 3 14,g3h4,38,-580,456,a2a3,g4e6,2,44
sprt_game_3,14,17,White,r2qr1k1/ppp2pb1/3pbnpp/4p3/1nP1P1B1/2NPB1QP/PP1K1PP1/R5NR w - - 3 14,c3a4,39,-585,461,a2a3,g4e6,2,44
sprt_game_3,14,17,White,r2qr1k1/ppp2pb1/3pbnpp/4p3/1nP1P1B1/2NPB1QP/PP1K1PP1/R5NR w - - 3 14,e3f4,40,-594,470,a2a3,g4e6,2,44
sprt_game_3,14,17,White,r2qr1k1/ppp2pb1/3pbnpp/4p3/1nP1P1B1/2NPB1QP/PP1K1PP1/R5NR w - - 3 14,e3c5,41,-606,482,a2a3,g4e6,2,44
sprt_game_3,14,17,White,r2qr1k1/ppp2pb1/3pbnpp/4p3/1nP1P1B1/2NPB1QP/PP1K1PP1/R5NR w - - 3 14,e3d4,42,-631,507,a2a3,g4e6,2,44
sprt_game_3,14,17,White,r2qr1k1/ppp2pb1/3pbnpp/4p3/1nP1P1B1/2NPB1QP/PP1K1PP1/R5NR w - - 3 14,g3f4,43,-796,672,a2a3,g4e6,2,44
sprt_game_3,14,17,White,r2qr1k1/ppp2pb1/3pbnpp/4p3/1nP1P1B1/2NPB1QP/PP1K1PP1/R5NR w - - 3 14,g3e5,44,-836,712,a2a3,g4e6,2,44
sprt_game_3,20,29,White,r2q2k1/ppn2pb1/2pr1npp/3pp3/2P1P3/P1NP1Q1P/1P1B1PP1/3RK1NR w - - 2 20,c4d5,1,-234,0,c4d5,f3e2,2,36
sprt_game_3,20,29,White,r2q2k1/ppn2pb1/2pr1npp/3pp3/2P1P3/P1NP1Q1P/1P1B1PP1/3RK1NR w - - 2 20,e4d5,2,-237,3,c4d5,f3e2,2,36
sprt_game_3,20,29,White,r2q2k1/ppn2pb1/2pr1npp/3pp3/2P1P3/P1NP1Q1P/1P1B1PP1/3RK1NR w - - 2 20,g1e2,3,-259,25,c4d5,f3e2,2,36
sprt_game_3,20,29,White,r2q2k1/ppn2pb1/2pr1npp/3pp3/2P1P3/P1NP1Q1P/1P1B1PP1/3RK1NR w - - 2 20,g2g4,4,-260,26,c4d5,f3e2,2,36
sprt_game_3,20,29,White,r2q2k1/ppn2pb1/2pr1npp/3pp3/2P1P3/P1NP1Q1P/1P1B1PP1/3RK1NR w - - 2 20,d2c1,5,-265,31,c4d5,f3e2,2,36
sprt_game_3,20,29,White,r2q2k1/ppn2pb1/2pr1npp/3pp3/2P1P3/P1NP1Q1P/1P1B1PP1/3RK1NR w - - 2 20,h3h4,6,-273,39,c4d5,f3e2,2,36
sprt_game_3,20,29,White,r2q2k1/ppn2pb1/2pr1npp/3pp3/2P1P3/P1NP1Q1P/1P1B1PP1/3RK1NR w - - 2 20,g2g3,7,-273,39,c4d5,f3e2,2,36
sprt_game_3,20,29,White,r2q2k1/ppn2pb1/2pr1npp/3pp3/2P1P3/P1NP1Q1P/1P1B1PP1/3RK1NR w - - 2 20,c4c5,8,-284,50,c4d5,f3e2,2,36
sprt_game_3,20,29,White,r2q2k1/ppn2pb1/2pr1npp/3pp3/2P1P3/P1NP1Q1P/1P1B1PP1/3RK1NR w - - 2 20,f3e2,9,-294,60,c4d5,f3e2,2,36
sprt_game_3,20,29,White,r2q2k1/ppn2pb1/2pr1npp/3pp3/2P1P3/P1NP1Q1P/1P1B1PP1/3RK1NR w - - 2 20,b2b4,10,-301,67,c4d5,f3e2,2,36
sprt_game_3,20,29,White,r2q2k1/ppn2pb1/2pr1npp/3pp3/2P1P3/P1NP1Q1P/1P1B1PP1/3RK1NR w - - 2 20,a3a4,11,-307,73,c4d5,f3e2,2,36
sprt_game_3,20,29,White,r2q2k1/ppn2pb1/2pr1npp/3pp3/2P1P3/P1NP1Q1P/1P1B1PP1/3RK1NR w - - 2 20,b2b3,12,-307,73,c4d5,f3e2,2,36
sprt_game_3,20,29,White,r2q2k1/ppn2pb1/2pr1npp/3pp3/2P1P3/P1NP1Q1P/1P1B1PP1/3RK1NR w - - 2 20,c3d5,13,-308,74,c4d5,f3e2,2,36
sprt_game_3,20,29,White,r2q2k1/ppn2pb1/2pr1npp/3pp3/2P1P3/P1NP1Q1P/1P1B1PP1/3RK1NR w - - 2 20,f3g3,14,-323,89,c4d5,f3e2,2,36
sprt_game_3,20,29,White,r2q2k1/ppn2pb1/2pr1npp/3pp3/2P1P3/P1NP1Q1P/1P1B1PP1/3RK1NR w - - 2 20,c3a2,15,-351,117,c4d5,f3e2,2,36
sprt_game_3,20,29,White,r2q2k1/ppn2pb1/2pr1npp/3pp3/2P1P3/P1NP1Q1P/1P1B1PP1/3RK1NR w - - 2 20,h1h2,16,-364,130,c4d5,f3e2,2,36
sprt_game_3,20,29,White,r2q2k1/ppn2pb1/2pr1npp/3pp3/2P1P3/P1NP1Q1P/1P1B1PP1/3RK1NR w - - 2 20,c3b1,17,-378,144,c4d5,f3e2,2,36
sprt_game_3,20,29,White,r2q2k1/ppn2pb1/2pr1npp/3pp3/2P1P3/P1NP1Q1P/1P1B1PP1/3RK1NR w - - 2 20,e1f1,18,-384,150,c4d5,f3e2,2,36
sprt_game_3,20,29,White,r2q2k1/ppn2pb1/2pr1npp/3pp3/2P1P3/P1NP1Q1P/1P1B1PP1/3RK1NR w - - 2 20,d1c1,19,-394,160,c4d5,f3e2,2,36
sprt_game_3,20,29,White,r2q2k1/ppn2pb1/2pr1npp/3pp3/2P1P3/P1NP1Q1P/1P1B1PP1/3RK1NR w - - 2 20,c3a4,20,-402,168,c4d5,f3e2,2,36
sprt_game_3,20,29,White,r2q2k1/ppn2pb1/2pr1npp/3pp3/2P1P3/P1NP1Q1P/1P1B1PP1/3RK1NR w - - 2 20,d1b1,21,-412,178,c4d5,f3e2,2,36
sprt_game_3,20,29,White,r2q2k1/ppn2pb1/2pr1npp/3pp3/2P1P3/P1NP1Q1P/1P1B1PP1/3RK1NR w - - 2 20,d2e3,22,-418,184,c4d5,f3e2,2,36
sprt_game_3,20,29,White,r2q2k1/ppn2pb1/2pr1npp/3pp3/2P1P3/P1NP1Q1P/1P1B1PP1/3RK1NR w - - 2 20,d1a1,23,-432,198,c4d5,f3e2,2,36
sprt_game_3,20,29,White,r2q2k1/ppn2pb1/2pr1npp/3pp3/2P1P3/P1NP1Q1P/1P1B1PP1/3RK1NR w - - 2 20,e1e2,24,-458,224,c4d5,f3e2,2,36
sprt_game_3,20,29,White,r2q2k1/ppn2pb1/2pr1npp/3pp3/2P1P3/P1NP1Q1P/1P1B1PP1/3RK1NR w - - 2 20,d2h6,25,-468,234,c4d5,f3e2,2,36
sprt_game_3,20,29,White,r2q2k1/ppn2pb1/2pr1npp/3pp3/2P1P3/P1NP1Q1P/1P1B1PP1/3RK1NR w - - 2 20,d3d4,26,-479,245,c4d5,f3e2,2,36
sprt_game_3,20,29,White,r2q2k1/ppn2pb1/2pr1npp/3pp3/2P1P3/P1NP1Q1P/1P1B1PP1/3RK1NR w - - 2 20,f3e3,27,-487,253,c4d5,f3e2,2,36
sprt_game_3,20,29,White,r2q2k1/ppn2pb1/2pr1npp/3pp3/2P1P3/P1NP1Q1P/1P1B1PP1/3RK1NR w - - 2 20,c3e2,28,-504,270,c4d5,f3e2,2,36
sprt_game_3,20,29,White,r2q2k1/ppn2pb1/2pr1npp/3pp3/2P1P3/P1NP1Q1P/1P1B1PP1/3RK1NR w - - 2 20,d2f4,29,-545,311,c4d5,f3e2,2,36
sprt_game_3,20,29,White,r2q2k1/ppn2pb1/2pr1npp/3pp3/2P1P3/P1NP1Q1P/1P1B1PP1/3RK1NR w - - 2 20,d2g5,30,-554,320,c4d5,f3e2,2,36
sprt_game_3,20,29,White,r2q2k1/ppn2pb1/2pr1npp/3pp3/2P1P3/P1NP1Q1P/1P1B1PP1/3RK1NR w - - 2 20,f3g4,31,-561,327,c4d5,f3e2,2,36
sprt_game_3,20,29,White,r2q2k1/ppn2pb1/2pr1npp/3pp3/2P1P3/P1NP1Q1P/1P1B1PP1/3RK1NR w - - 2 20,c3b5,32,-583,349,c4d5,f3e2,2,36
sprt_game_3,20,29,White,r2q2k1/ppn2pb1/2pr1npp/3pp3/2P1P3/P1NP1Q1P/1P1B1PP1/3RK1NR w - - 2 20,f3f6,33,-634,400,c4d5,f3e2,2,36
sprt_game_3,20,29,White,r2q2k1/ppn2pb1/2pr1npp/3pp3/2P1P3/P1NP1Q1P/1P1B1PP1/3RK1NR w - - 2 20,f3f5,34,-744,510,c4d5,f3e2,2,36
sprt_game_3,20,29,White,r2q2k1/ppn2pb1/2pr1npp/3pp3/2P1P3/P1NP1Q1P/1P1B1PP1/3RK1NR w - - 2 20,f3f4,35,-766,532,c4d5,f3e2,2,36
sprt_game_3,20,29,White,r2q2k1/ppn2pb1/2pr1npp/3pp3/2P1P3/P1NP1Q1P/1P1B1PP1/3RK1NR w - - 2 20,f3h5,36,-793,559,c4d5,f3e2,2,36
sprt_game_3,21,31,White,r5k1/ppn1qpb1/2pr1npp/3pp3/2P1P3/P1NP3P/1P1BQPP1/3RK1NR w - - 4 21,c4d5,1,-207,0,c4d5,g1f3,2,33
sprt_game_3,21,31,White,r5k1/ppn1qpb1/2pr1npp/3pp3/2P1P3/P1NP3P/1P1BQPP1/3RK1NR w - - 4 21,g1f3,2,-228,21,c4d5,g1f3,2,33
sprt_game_3,21,31,White,r5k1/ppn1qpb1/2pr1npp/3pp3/2P1P3/P1NP3P/1P1BQPP1/3RK1NR w - - 4 21,e4d5,3,-228,21,c4d5,g1f3,2,33
sprt_game_3,21,31,White,r5k1/ppn1qpb1/2pr1npp/3pp3/2P1P3/P1NP3P/1P1BQPP1/3RK1NR w - - 4 21,c3a4,4,-240,33,c4d5,g1f3,2,33
sprt_game_3,21,31,White,r5k1/ppn1qpb1/2pr1npp/3pp3/2P1P3/P1NP3P/1P1BQPP1/3RK1NR w - - 4 21,g2g3,5,-252,45,c4d5,g1f3,2,33
sprt_game_3,21,31,White,r5k1/ppn1qpb1/2pr1npp/3pp3/2P1P3/P1NP3P/1P1BQPP1/3RK1NR w - - 4 21,g2g4,6,-252,45,c4d5,g1f3,2,33
sprt_game_3,21,31,White,r5k1/ppn1qpb1/2pr1npp/3pp3/2P1P3/P1NP3P/1P1BQPP1/3RK1NR w - - 4 21,e1f1,7,-258,51,c4d5,g1f3,2,33
sprt_game_3,21,31,White,r5k1/ppn1qpb1/2pr1npp/3pp3/2P1P3/P1NP3P/1P1BQPP1/3RK1NR w - - 4 21,c3b1,8,-264,57,c4d5,g1f3,2,33
sprt_game_3,21,31,White,r5k1/ppn1qpb1/2pr1npp/3pp3/2P1P3/P1NP3P/1P1BQPP1/3RK1NR w - - 4 21,d1b1,9,-269,62,c4d5,g1f3,2,33
sprt_game_3,21,31,White,r5k1/ppn1qpb1/2pr1npp/3pp3/2P1P3/P1NP3P/1P1BQPP1/3RK1NR w - - 4 21,d2c1,10,-271,64,c4d5,g1f3,2,33
sprt_game_3,21,31,White,r5k1/ppn1qpb1/2pr1npp/3pp3/2P1P3/P1NP3P/1P1BQPP1/3RK1NR w - - 4 21,c4c5,11,-281,74,c4d5,g1f3,2,33
sprt_game_3,21,31,White,r5k1/ppn1qpb1/2pr1npp/3pp3/2P1P3/P1NP3P/1P1BQPP1/3RK1NR w - - 4 21,c3d5,12,-286,79,c4d5,g1f3,2,33
sprt_game_3,21,31,White,r5k1/ppn1qpb1/2pr1npp/3pp3/2P1P3/P1NP3P/1P1BQPP1/3RK1NR w - - 4 21,d1c1,13,-293,86,c4d5,g1f3,2,33
sprt_game_3,21,31,White,r5k1/ppn1qpb1/2pr1npp/3pp3/2P1P3/P1NP3P/1P1BQPP1/3RK1NR w - - 4 21,b2b4,14,-293,86,c4d5,g1f3,2,33
sprt_game_3,21,31,White,r5k1/ppn1qpb1/2pr1npp/3pp3/2P1P3/P1NP3P/1P1BQPP1/3RK1NR w - - 4 21,d1a1,15,-302,95,c4d5,g1f3,2,33
sprt_game_3,21,31,White,r5k1/ppn1qpb1/2pr1npp/3pp3/2P1P3/P1NP3P/1P1BQPP1/3RK1NR w - - 4 21,c3a2,16,-307,100,c4d5,g1f3,2,33
sprt_game_3,21,31,White,r5k1/ppn1qpb1/2pr1npp/3pp3/2P1P3/P1NP3P/1P1BQPP1/3RK1NR w - - 4 21,h3h4,17,-307,100,c4d5,g1f3,2,33
sprt_game_3,21,31,White,r5k1/ppn1qpb1/2pr1npp/3pp3/2P1P3/P1NP3P/1P1BQPP1/3RK1NR w - - 4 21,a3a4,18,-313,106,c4d5,g1f3,2,33
sprt_game_3,21,31,White,r5k1/ppn1qpb1/2pr1npp/3pp3/2P1P3/P1NP3P/1P1BQPP1/3RK1NR w - - 4 21,e2f3,19,-319,112,c4d5,g1f3,2,33
sprt_game_3,21,31,White,r5k1/ppn1qpb1/2pr1npp/3pp3/2P1P3/P1NP3P/1P1BQPP1/3RK1NR w - - 4 21,b2b3,20,-319,112,c4d5,g1f3,2,33
sprt_game_3,21,31,White,r5k1/ppn1qpb1/2pr1npp/3pp3/2P1P3/P1NP3P/1P1BQPP1/3RK1NR w - - 4 21,e2f1,21,-321,114,c4d5,g1f3,2,33
sprt_game_3,21,31,White,r5k1/ppn1qpb1/2pr1npp/3pp3/2P1P3/P1NP3P/1P1BQPP1/3RK1NR w - - 4 21,f2f3,22,-325,118,c4d5,g1f3,2,33
sprt_game_3,21,31,White,r5k1/ppn1qpb1/2pr1npp/3pp3/2P1P3/P1NP3P/1P1BQPP1/3RK1NR w - - 4 21,h1h2,23,-353,146,c4d5,g1f3,2,33
sprt_game_3,21,31,White,r5k1/ppn1qpb1/2pr1npp/3pp3/2P1P3/P1NP3P/1P1BQPP1/3RK1NR w - - 4 21,f2f4,24,-355,148,c4d5,g1f3,2,33
sprt_game_3,21,31,White,r5k1/ppn1qpb1/2pr1npp/3pp3/2P1P3/P1NP3P/1P1BQPP1/3RK1NR w - - 4 21,c3b5,25,-396,189,c4d5,g1f3,2,33
sprt_game_3,21,31,White,r5k1/ppn1qpb1/2pr1npp/3pp3/2P1P3/P1NP3P/1P1BQPP1/3RK1NR w - - 4 21,e2e3,26,-467,260,c4d5,g1f3,2,33
sprt_game_3,21,31,White,r5k1/ppn1qpb1/2pr1npp/3pp3/2P1P3/P1NP3P/1P1BQPP1/3RK1NR w - - 4 21,d2e3,27,-469,262,c4d5,g1f3,2,33
sprt_game_3,21,31,White,r5k1/ppn1qpb1/2pr1npp/3pp3/2P1P3/P1NP3P/1P1BQPP1/3RK1NR w - - 4 21,d2h6,28,-503,296,c4d5,g1f3,2,33
sprt_game_3,21,31,White,r5k1/ppn1qpb1/2pr1npp/3pp3/2P1P3/P1NP3P/1P1BQPP1/3RK1NR w - - 4 21,d3d4,29,-508,301,c4d5,g1f3,2,33
sprt_game_3,21,31,White,r5k1/ppn1qpb1/2pr1npp/3pp3/2P1P3/P1NP3P/1P1BQPP1/3RK1NR w - - 4 21,d2f4,30,-534,327,c4d5,g1f3,2,33
sprt_game_3,21,31,White,r5k1/ppn1qpb1/2pr1npp/3pp3/2P1P3/P1NP3P/1P1BQPP1/3RK1NR w - - 4 21,d2g5,31,-558,351,c4d5,g1f3,2,33
sprt_game_3,21,31,White,r5k1/ppn1qpb1/2pr1npp/3pp3/2P1P3/P1NP3P/1P1BQPP1/3RK1NR w - - 4 21,e2g4,32,-569,362,c4d5,g1f3,2,33
sprt_game_3,21,31,White,r5k1/ppn1qpb1/2pr1npp/3pp3/2P1P3/P1NP3P/1P1BQPP1/3RK1NR w - - 4 21,e2h5,33,-763,556,c4d5,g1f3,2,33
sprt_game_3,22,33,White,r5k1/ppn1qpb1/3r1npp/3pp3/4P3/P1NP3P/1P1BQPP1/3RK1NR w - - 0 22,g1f3,1,-202,0,g1f3,e1f1,2,31
sprt_game_3,22,33,White,r5k1/ppn1qpb1/3r1npp/3pp3/4P3/P1NP3P/1P1BQPP1/3RK1NR w - - 0 22,e1f1,2,-210,8,g1f3,e1f1,2,31
sprt_game_3,22,33,White,r5k1/ppn1qpb1/3r1npp/3pp3/4P3/P1NP3P/1P1BQPP1/3RK1NR w - - 0 22,g2g3,3,-224,22,g1f3,e1f1,2,31
sprt_game_3,22,33,White,r5k1/ppn1qpb1/3r1npp/3pp3/4P3/P1NP3P/1P1BQPP1/3RK1NR w - - 0 22,g2g4,4,-240,38,g1f3,e1f1,2,31
sprt_game_3,22,33,White,r5k1/ppn1qpb1/3r1npp/3pp3/4P3/P1NP3P/1P1BQPP1/3RK1NR w - - 0 22,d1c1,5,-244,42,g1f3,e1f1,2,31
sprt_game_3,22,33,White,r5k1/ppn1qpb1/3r1npp/3pp3/4P3/P1NP3P/1P1BQPP1/3RK1NR w - - 0 22,d1b1,6,-244,42,g1f3,e1f1,2,31
sprt_game_3,22,33,White,r5k1/ppn1qpb1/3r1npp/3pp3/4P3/P1NP3P/1P1BQPP1/3RK1NR w - - 0 22,d2c1,7,-245,43,g1f3,e1f1,2,31
sprt_game_3,22,33,White,r5k1/ppn1qpb1/3r1npp/3pp3/4P3/P1NP3P/1P1BQPP1/3RK1NR w - - 0 22,h3h4,8,-245,43,g1f3,e1f1,2,31
sprt_game_3,22,33,White,r5k1/ppn1qpb1/3r1npp/3pp3/4P3/P1NP3P/1P1BQPP1/3RK1NR w - - 0 22,a3a4,9,-255,53,g1f3,e1f1,2,31
sprt_game_3,22,33,White,r5k1/ppn1qpb1/3r1npp/3pp3/4P3/P1NP3P/1P1BQPP1/3RK1NR w - - 0 22,c3b1,10,-262,60,g1f3,e1f1,2,31
sprt_game_3,22,33,White,r5k1/ppn1qpb1/3r1npp/3pp3/4P3/P1NP3P/1P1BQPP1/3RK1NR w - - 0 22,b2b4,11,-264,62,g1f3,e1f1,2,31
sprt_game_3,22,33,White,r5k1/ppn1qpb1/3r1npp/3pp3/4P3/P1NP3P/1P1BQPP1/3RK1NR w - - 0 22,e4d5,12,-266,64,g1f3,e1f1,2,31
sprt_game_3,22,33,White,r5k1/ppn1qpb1/3r1npp/3pp3/4P3/P1NP3P/1P1BQPP1/3RK1NR w - - 0 22,c3a2,13,-272,70,g1f3,e1f1,2,31
sprt_game_3,22,33,White,r5k1/ppn1qpb1/3r1npp/3pp3/4P3/P1NP3P/1P1BQPP1/3RK1NR w - - 0 22,d1a1,14,-274,72,g1f3,e1f1,2,31
sprt_game_3,22,33,White,r5k1/ppn1qpb1/3r1npp/3pp3/4P3/P1NP3P/1P1BQPP1/3RK1NR w - - 0 22,c3a4,15,-285,83,g1f3,e1f1,2,31
sprt_game_3,22,33,White,r5k1/ppn1qpb1/3r1npp/3pp3/4P3/P1NP3P/1P1BQPP1/3RK1NR w - - 0 22,h1h2,16,-286,84,g1f3,e1f1,2,31
sprt_game_3,22,33,White,r5k1/ppn1qpb1/3r1npp/3pp3/4P3/P1NP3P/1P1BQPP1/3RK1NR w - - 0 22,c3d5,17,-290,88,g1f3,e1f1,2,31
sprt_game_3,22,33,White,r5k1/ppn1qpb1/3r1npp/3pp3/4P3/P1NP3P/1P1BQPP1/3RK1NR w - - 0 22,f2f3,18,-291,89,g1f3,e1f1,2,31
sprt_game_3,22,33,White,r5k1/ppn1qpb1/3r1npp/3pp3/4P3/P1NP3P/1P1BQPP1/3RK1NR w - - 0 22,b2b3,19,-295,93,g1f3,e1f1,2,31
sprt_game_3,22,33,White,r5k1/ppn1qpb1/3r1npp/3pp3/4P3/P1NP3P/1P1BQPP1/3RK1NR w - - 0 22,e2f3,20,-296,94,g1f3,e1f1,2,31
sprt_game_3,22,33,White,r5k1/ppn1qpb1/3r1npp/3pp3/4P3/P1NP3P/1P1BQPP1/3RK1NR w - - 0 22,e2f1,21,-340,138,g1f3,e1f1,2,31
sprt_game_3,22,33,White,r5k1/ppn1qpb1/3r1npp/3pp3/4P3/P1NP3P/1P1BQPP1/3RK1NR w - - 0 22,f2f4,22,-378,176,g1f3,e1f1,2,31
sprt_game_3,22,33,White,r5k1/ppn1qpb1/3r1npp/3pp3/4P3/P1NP3P/1P1BQPP1/3RK1NR w - - 0 22,d3d4,23,-384,182,g1f3,e1f1,2,31
sprt_game_3,22,33,White,r5k1/ppn1qpb1/3r1npp/3pp3/4P3/P1NP3P/1P1BQPP1/3RK1NR w - - 0 22,d2e3,24,-467,265,g1f3,e1f1,2,31
sprt_game_3,22,33,White,r5k1/ppn1qpb1/3r1npp/3pp3/4P3/P1NP3P/1P1BQPP1/3RK1NR w - - 0 22,e2e3,25,-495,293,g1f3,e1f1,2,31
sprt_game_3,22,33,White,r5k1/ppn1qpb1/3r1npp/3pp3/4P3/P1NP3P/1P1BQPP1/3RK1NR w - - 0 22,d2h6,26,-499,297,g1f3,e1f1,2,31
sprt_game_3,22,33,White,r5k1/ppn1qpb1/3r1npp/3pp3/4P3/P1NP3P/1P1BQPP1/3RK1NR w - - 0 22,d2f4,27,-542,340,g1f3,e1f1,2,31
sprt_game_3,22,33,White,r5k1/ppn1qpb1/3r1npp/3pp3/4P3/P1NP3P/1P1BQPP1/3RK1NR w - - 0 22,e2g4,28,-546,344,g1f3,e1f1,2,31
sprt_game_3,22,33,White,r5k1/ppn1qpb1/3r1npp/3pp3/4P3/P1NP3P/1P1BQPP1/3RK1NR w - - 0 22,d2g5,29,-556,354,g1f3,e1f1,2,31
sprt_game_3,22,33,White,r5k1/ppn1qpb1/3r1npp/3pp3/4P3/P1NP3P/1P1BQPP1/3RK1NR w - - 0 22,c3b5,30,-564,362,g1f3,e1f1,2,31
sprt_game_3,22,33,White,r5k1/ppn1qpb1/3r1npp/3pp3/4P3/P1NP3P/1P1BQPP1/3RK1NR w - - 0 22,e2h5,31,-763,561,g1f3,e1f1,2,31
sprt_game_3,25,39,White,r5k1/1p2qpb1/3r1npp/pn2p3/3pP3/P2P3P/NP1BQPP1/2R2KNR w - - 2 25,c1c4,1,-174,0,g1f3,c1c2,2,38
sprt_game_3,25,39,White,r5k1/1p2qpb1/3r1npp/pn2p3/3pP3/P2P3P/NP1BQPP1/2R2KNR w - - 2 25,c1c2,2,-180,6,g1f3,c1c2,2,38
sprt_game_3,25,39,White,r5k1/1p2qpb1/3r1npp/pn2p3/3pP3/P2P3P/NP1BQPP1/2R2KNR w - - 2 25,g1f3,3,-182,8,g1f3,c1c2,2,38
sprt_game_3,25,39,White,r5k1/1p2qpb1/3r1npp/pn2p3/3pP3/P2P3P/NP1BQPP1/2R2KNR w - - 2 25,c1c5,4,-184,10,g1f3,c1c2,2,38
sprt_game_3,25,39,White,r5k1/1p2qpb1/3r1npp/pn2p3/3pP3/P2P3P/NP1BQPP1/2R2KNR w - - 2 25,c1a1,5,-196,22,g1f3,c1c2,2,38
sprt_game_3,25,39,White,r5k1/1p2qpb1/3r1npp/pn2p3/3pP3/P2P3P/NP1BQPP1/2R2KNR w - - 2 25,a3a4,6,-202,28,g1f3,c1c2,2,38
sprt_game_3,25,39,White,r5k1/1p2qpb1/3r1npp/pn2p3/3pP3/P2P3P/NP1BQPP1/2R2KNR w - - 2 25,g2g4,7,-217,43,g1f3,c1c2,2,38
sprt_game_3,25,39,White,r5k1/1p2qpb1/3r1npp/pn2p3/3pP3/P2P3P/NP1BQPP1/2R2KNR w - - 2 25,e2d1,8,-219,45,g1f3,c1c2,2,38
sprt_game_3,25,39,White,r5k1/1p2qpb1/3r1npp/pn2p3/3pP3/P2P3P/NP1BQPP1/2R2KNR w - - 2 25,g2g3,9,-221,47,g1f3,c1c2,2,38
sprt_game_3,25,39,White,r5k1/1p2qpb1/3r1npp/pn2p3/3pP3/P2P3P/NP1BQPP1/2R2KNR w - - 2 25,c1e1,10,-229,55,g1f3,c1c2,2,38
sprt_game_3,25,39,White,r5k1/1p2qpb1/3r1npp/pn2p3/3pP3/P2P3P/NP1BQPP1/2R2KNR w - - 2 25,d2e1,11,-239,65,g1f3,c1c2,2,38
sprt_game_3,25,39,White,r5k1/1p2qpb1/3r1npp/pn2p3/3pP3/P2P3P/NP1BQPP1/2R2KNR w - - 2 25,a2b4,12,-239,65,g1f3,c1c2,2,38
sprt_game_3,25,39,White,r5k1/1p2qpb1/3r1npp/pn2p3/3pP3/P2P3P/NP1BQPP1/2R2KNR w - - 2 25,c1d1,13,-239,65,g1f3,c1c2,2,38
sprt_game_3,25,39,White,r5k1/1p2qpb1/3r1npp/pn2p3/3pP3/P2P3P/NP1BQPP1/2R2KNR w - - 2 25,c1b1,14,-244,70,g1f3,c1c2,2,38
sprt_game_3,25,39,White,r5k1/1p2qpb1/3r1npp/pn2p3/3pP3/P2P3P/NP1BQPP1/2R2KNR w - - 2 25,h1h2,15,-248,74,g1f3,c1c2,2,38
sprt_game_3,25,39,White,r5k1/1p2qpb1/3r1npp/pn2p3/3pP3/P2P3P/NP1BQPP1/2R2KNR w - - 2 25,h3h4,16,-248,74,g1f3,c1c2,2,38
sprt_game_3,25,39,White,r5k1/1p2qpb1/3r1npp/pn2p3/3pP3/P2P3P/NP1BQPP1/2R2KNR w - - 2 25,f2f3,17,-290,116,g1f3,c1c2,2,38
sprt_game_3,25,39,White,r5k1/1p2qpb1/3r1npp/pn2p3/3pP3/P2P3P/NP1BQPP1/2R2KNR w - - 2 25,e2e1,18,-296,122,g1f3,c1c2,2,38
sprt_game_3,25,39,White,r5k1/1p2qpb1/3r1npp/pn2p3/3pP3/P2P3P/NP1BQPP1/2R2KNR w - - 2 25,f1e1,19,-303,129,g1f3,c1c2,2,38
sprt_game_3,25,39,White,r5k1/1p2qpb1/3r1npp/pn2p3/3pP3/P2P3P/NP1BQPP1/2R2KNR w - - 2 25,b2b4,20,-303,129,g1f3,c1c2,2,38
sprt_game_3,25,39,White,r5k1/1p2qpb1/3r1npp/pn2p3/3pP3/P2P3P/NP1BQPP1/2R2KNR w - - 2 25,f2f4,21,-307,133,g1f3,c1c2,2,38
sprt_game_3,25,39,White,r5k1/1p2qpb1/3r1npp/pn2p3/3pP3/P2P3P/NP1BQPP1/2R2KNR w - - 2 25,b2b3,22,-323,149,g1f3,c1c2,2,38
sprt_game_3,25,39,White,r5k1/1p2qpb1/3r1npp/pn2p3/3pP3/P2P3P/NP1BQPP1/2R2KNR w - - 2 25,e2f3,23,-375,201,g1f3,c1c2,2,38
sprt_game_3,25,39,White,r5k1/1p2qpb1/3r1npp/pn2p3/3pP3/P2P3P/NP1BQPP1/2R2KNR w - - 2 25,d2b4,24,-383,209,g1f3,c1c2,2,38
sprt_game_3,25,39,White,r5k1/1p2qpb1/3r1npp/pn2p3/3pP3/P2P3P/NP1BQPP1/2R2KNR w - - 2 25,d2a5,25,-401,227,g1f3,c1c2,2,38
sprt_game_3,25,39,White,r5k1/1p2qpb1/3r1npp/pn2p3/3pP3/P2P3P/NP1BQPP1/2R2KNR w - - 2 25,d2f4,26,-412,238,g1f3,c1c2,2,38
sprt_game_3,25,39,White,r5k1/1p2qpb1/3r1npp/pn2p3/3pP3/P2P3P/NP1BQPP1/2R2KNR w - - 2 25,d2g5,27,-468,294,g1f3,c1c2,2,38
sprt_game_3,25,39,White,r5k1/1p2qpb1/3r1npp/pn2p3/3pP3/P2P3P/NP1BQPP1/2R2KNR w - - 2 25,d2h6,28,-475,301,g1f3,c1c2,2,38
sprt_game_3,25,39,White,r5k1/1p2qpb1/3r1npp/pn2p3/3pP3/P2P3P/NP1BQPP1/2R2KNR w - - 2 25,a2c3,29,-493,319,g1f3,c1c2,2,38
sprt_game_3,25,39,White,r5k1/1p2qpb1/3r1npp/pn2p3/3pP3/P2P3P/NP1BQPP1/2R2KNR w - - 2 25,d2c3,30,-521,347,g1f3,c1c2,2,38
sprt_game_3,25,39,White,r5k1/1p2qpb1/3r1npp/pn2p3/3pP3/P2P3P/NP1BQPP1/2R2KNR w - - 2 25,e2g4,31,-559,385,g1f3,c1c2,2,38
sprt_game_3,25,39,White,r5k1/1p2qpb1/3r1npp/pn2p3/3pP3/P2P3P/NP1BQPP1/2R2KNR w - - 2 25,d2e3,32,-565,391,g1f3,c1c2,2,38
sprt_game_3,25,39,White,r5k1/1p2qpb1/3r1npp/pn2p3/3pP3/P2P3P/NP1BQPP1/2R2KNR w - - 2 25,c1c7,33,-565,391,g1f3,c1c2,2,38
sprt_game_3,25,39,White,r5k1/1p2qpb1/3r1npp/pn2p3/3pP3/P2P3P/NP1BQPP1/2R2KNR w - - 2 25,c1c6,34,-572,398,g1f3,c1c2,2,38
sprt_game_3,25,39,White,r5k1/1p2qpb1/3r1npp/pn2p3/3pP3/P2P3P/NP1BQPP1/2R2KNR w - - 2 25,c1c3,35,-588,414,g1f3,c1c2,2,38
sprt_game_3,25,39,White,r5k1/1p2qpb1/3r1npp/pn2p3/3pP3/P2P3P/NP1BQPP1/2R2KNR w - - 2 25,c1c8,36,-590,416,g1f3,c1c2,2,38
sprt_game_3,25,39,White,r5k1/1p2qpb1/3r1npp/pn2p3/3pP3/P2P3P/NP1BQPP1/2R2KNR w - - 2 25,e2h5,37,-742,568,g1f3,c1c2,2,38
sprt_game_3,25,39,White,r5k1/1p2qpb1/3r1npp/pn2p3/3pP3/P2P3P/NP1BQPP1/2R2KNR w - - 2 25,e2e3,38,-779,605,g1f3,c1c2,2,38
sprt_game_3,29,47,White,r5k1/np1n1pb1/r3q1pp/p3p3/P1RpP3/3P1N1P/1P1BQPP1/2N2K1R w - - 7 29,g2g3,1,-148,0,c4c2,g2g3,2,37
sprt_game_3,29,47,White,r5k1/np1n1pb1/r3q1pp/p3p3/P1RpP3/3P1N1P/1P1BQPP1/2N2K1R w - - 7 29,e2d1,2,-152,4,c4c2,g2g3,2,37
sprt_game_3,29,47,White,r5k1/np1n1pb1/r3q1pp/p3p3/P1RpP3/3P1N1P/1P1BQPP1/2N2K1R w - - 7 29,c1b3,3,-155,7,c4c2,g2g3,2,37
sprt_game_3,29,47,White,r5k1/np1n1pb1/r3q1pp/p3p3/P1RpP3/3P1N1P/1P1BQPP1/2N2K1R w - - 7 29,g2g4,4,-178,30,c4c2,g2g3,2,37
sprt_game_3,29,47,White,r5k1/np1n1pb1/r3q1pp/p3p3/P1RpP3/3P1N1P/1P1BQPP1/2N2K1R w - - 7 29,b2b3,5,-180,32,c4c2,g2g3,2,37
sprt_game_3,29,47,White,r5k1/np1n1pb1/r3q1pp/p3p3/P1RpP3/3P1N1P/1P1BQPP1/2N2K1R w - - 7 29,h3h4,6,-189,41,c4c2,g2g3,2,37
sprt_game_3,29,47,White,r5k1/np1n1pb1/r3q1pp/p3p3/P1RpP3/3P1N1P/1P1BQPP1/2N2K1R w - - 7 29,c4c2,7,-196,48,c4c2,g2g3,2,37
sprt_game_3,29,47,White,r5k1/np1n1pb1/r3q1pp/p3p3/P1RpP3/3P1N1P/1P1BQPP1/2N2K1R w - - 7 29,f1g1,8,-203,55,c4c2,g2g3,2,37
sprt_game_3,29,47,White,r5k1/np1n1pb1/r3q1pp/p3p3/P1RpP3/3P1N1P/1P1BQPP1/2N2K1R w - - 7 29,b2b4,9,-206,58,c4c2,g2g3,2,37
sprt_game_3,29,47,White,r5k1/np1n1pb1/r3q1pp/p3p3/P1RpP3/3P1N1P/1P1BQPP1/2N2K1R w - - 7 29,h1g1,10,-241,93,c4c2,g2g3,2,37
sprt_game_3,29,47,White,r5k1/np1n1pb1/r3q1pp/p3p3/P1RpP3/3P1N1P/1P1BQPP1/2N2K1R w - - 7 29,f3e1,11,-246,98,c4c2,g2g3,2,37
sprt_game_3,29,47,White,r5k1/np1n1pb1/r3q1pp/p3p3/P1RpP3/3P1N1P/1P1BQPP1/2N2K1R w - - 7 29,f3h2,12,-256,108,c4c2,g2g3,2,37
sprt_game_3,29,47,White,r5k1/np1n1pb1/r3q1pp/p3p3/P1RpP3/3P1N1P/1P1BQPP1/2N2K1R w - - 7 29,d2e1,13,-262,114,c4c2,g2g3,2,37
sprt_game_3,29,47,White,r5k1/np1n1pb1/r3q1pp/p3p3/P1RpP3/3P1N1P/1P1BQPP1/2N2K1R w - - 7 29,h1h2,14,-267,119,c4c2,g2g3,2,37
sprt_game_3,29,47,White,r5k1/np1n1pb1/r3q1pp/p3p3/P1RpP3/3P1N1P/1P1BQPP1/2N2K1R w - - 7 29,e2e1,15,-269,121,c4c2,g2g3,2,37
sprt_game_3,29,47,White,r5k1/np1n1pb1/r3q1pp/p3p3/P1RpP3/3P1N1P/1P1BQPP1/2N2K1R w - - 7 29,f3h4,16,-277,129,c4c2,g2g3,2,37
sprt_game_3,29,47,White,r5k1/np1n1pb1/r3q1pp/p3p3/P1RpP3/3P1N1P/1P1BQPP1/2N2K1R w - - 7 29,c4c7,17,-281,133,c4c2,g2g3,2,37
sprt_game_3,29,47,White,r5k1/np1n1pb1/r3q1pp/p3p3/P1RpP3/3P1N1P/1P1BQPP1/2N2K1R w - - 7 29,f1e1,18,-294,146,c4c2,g2g3,2,37
sprt_game_3,29,47,White,r5k1/np1n1pb1/r3q1pp/p3p3/P1RpP3/3P1N1P/1P1BQPP1/2N2K1R w - - 7 29,f3g1,19,-297,149,c4c2,g2g3,2,37
sprt_game_3,29,47,White,r5k1/np1n1pb1/r3q1pp/p3p3/P1RpP3/3P1N1P/1P1BQPP1/2N2K1R w - - 7 29,c1a2,20,-319,171,c4c2,g2g3,2,37
sprt_game_3,29,47,White,r5k1/np1n1pb1/r3q1pp/p3p3/P1RpP3/3P1N1P/1P1BQPP1/2N2K1R w - - 7 29,d2g5,21,-391,243,c4c2,g2g3,2,37
sprt_game_3,29,47,White,r5k1/np1n1pb1/r3q1pp/p3p3/P1RpP3/3P1N1P/1P1BQPP1/2N2K1R w - - 7 29,f3g5,22,-408,260,c4c2,g2g3,2,37
sprt_game_3,29,47,White,r5k1/np1n1pb1/r3q1pp/p3p3/P1RpP3/3P1N1P/1P1BQPP1/2N2K1R w - - 7 29,d2h6,23,-412,264,c4c2,g2g3,2,37
sprt_game_3,29,47,White,r5k1/np1n1pb1/r3q1pp/p3p3/P1RpP3/3P1N1P/1P1BQPP1/2N2K1R w - - 7 29,f3d4,24,-415,267,c4c2,g2g3,2,37
sprt_game_3,29,47,White,r5k1/np1n1pb1/r3q1pp/p3p3/P1RpP3/3P1N1P/1P1BQPP1/2N2K1R w - - 7 29,f3e5,25,-417,269,c4c2,g2g3,2,37
sprt_game_3,29,47,White,r5k1/np1n1pb1/r3q1pp/p3p3/P1RpP3/3P1N1P/1P1BQPP1/2N2K1R w - - 7 29,d2a5,26,-426,278,c4c2,g2g3,2,37
sprt_game_3,29,47,White,r5k1/np1n1pb1/r3q1pp/p3p3/P1RpP3/3P1N1P/1P1BQPP1/2N2K1R w - - 7 29,c4c3,27,-465,317,c4c2,g2g3,2,37
sprt_game_3,29,47,White,r5k1/np1n1pb1/r3q1pp/p3p3/P1RpP3/3P1N1P/1P1BQPP1/2N2K1R w - - 7 29,d2c3,28,-475,327,c4c2,g2g3,2,37
sprt_game_3,29,47,White,r5k1/np1n1pb1/r3q1pp/p3p3/P1RpP3/3P1N1P/1P1BQPP1/2N2K1R w - - 7 29,c4d4,29,-488,340,c4c2,g2g3,2,37
sprt_game_3,29,47,White,r5k1/np1n1pb1/r3q1pp/p3p3/P1RpP3/3P1N1P/1P1BQPP1/2N2K1R w - - 7 29,d2b4,30,-488,340,c4c2,g2g3,2,37
sprt_game_3,29,47,White,r5k1/np1n1pb1/r3q1pp/p3p3/P1RpP3/3P1N1P/1P1BQPP1/2N2K1R w - - 7 29,c4c5,31,-490,342,c4c2,g2g3,2,37
sprt_game_3,29,47,White,r5k1/np1n1pb1/r3q1pp/p3p3/P1RpP3/3P1N1P/1P1BQPP1/2N2K1R w - - 7 29,d2e3,32,-497,349,c4c2,g2g3,2,37
sprt_game_3,29,47,White,r5k1/np1n1pb1/r3q1pp/p3p3/P1RpP3/3P1N1P/1P1BQPP1/2N2K1R w - - 7 29,c4c6,33,-504,356,c4c2,g2g3,2,37
sprt_game_3,29,47,White,r5k1/np1n1pb1/r3q1pp/p3p3/P1RpP3/3P1N1P/1P1BQPP1/2N2K1R w - - 7 29,d2f4,34,-504,356,c4c2,g2g3,2,37
sprt_game_3,29,47,White,r5k1/np1n1pb1/r3q1pp/p3p3/P1RpP3/3P1N1P/1P1BQPP1/2N2K1R w - - 7 29,c4b4,35,-515,367,c4c2,g2g3,2,37
sprt_game_3,29,47,White,r5k1/np1n1pb1/r3q1pp/p3p3/P1RpP3/3P1N1P/1P1BQPP1/2N2K1R w - - 7 29,c4c8,36,-549,401,c4c2,g2g3,2,37
sprt_game_3,29,47,White,r5k1/np1n1pb1/r3q1pp/p3p3/P1RpP3/3P1N1P/1P1BQPP1/2N2K1R w - - 7 29,e2e3,37,-676,528,c4c2,g2g3,2,37
sprt_game_3,32,53,White,r4bk1/np3p2/r3q1pp/N3p3/n2pP3/3P1N1P/1PRBQPP1/5K1R w - - 0 32,g2g3,1,-116,0,f1g1,g2g3,2,38
sprt_game_3,32,53,White,r4bk1/np3p2/r3q1pp/N3p3/n2pP3/3P1N1P/1PRBQPP1/5K1R w - - 0 32,f1g1,2,-144,28,f1g1,g2g3,2,38
sprt_game_3,32,53,White,r4bk1/np3p2/r3q1pp/N3p3/n2pP3/3P1N1P/1PRBQPP1/5K1R w - - 0 32,g2g4,3,-188,72,f1g1,g2g3,2,38
sprt_game_3,32,53,White,r4bk1/np3p2/r3q1pp/N3p3/n2pP3/3P1N1P/1PRBQPP1/5K1R w - - 0 32,h3h4,4,-199,83,f1g1,g2g3,2,38
sprt_game_3,32,53,White,r4bk1/np3p2/r3q1pp/N3p3/n2pP3/3P1N1P/1PRBQPP1/5K1R w - - 0 32,d2e1,5,-205,89,f1g1,g2g3,2,38
sprt_game_3,32,53,White,r4bk1/np3p2/r3q1pp/N3p3/n2pP3/3P1N1P/1PRBQPP1/5K1R w - - 0 32,e2d1,6,-211,95,f1g1,g2g3,2,38
sprt_game_3,32,53,White,r4bk1/np3p2/r3q1pp/N3p3/n2pP3/3P1N1P/1PRBQPP1/5K1R w - - 0 32,f3e1,7,-214,98,f1g1,g2g3,2,38
sprt_game_3,32,53,White,r4bk1/np3p2/r3q1pp/N3p3/n2pP3/3P1N1P/1PRBQPP1/5K1R w - - 0 32,a5c4,8,-240,124,f1g1,g2g3,2,38
sprt_game_3,32,53,White,r4bk1/np3p2/r3q1pp/N3p3/n2pP3/3P1N1P/1PRBQPP1/5K1R w - - 0 32,e2e1,9,-245,129,f1g1,g2g3,2,38
sprt_game_3,32,53,White,r4bk1/np3p2/r3q1pp/N3p3/n2pP3/3P1N1P/1PRBQPP1/5K1R w - - 0 32,f3h2,10,-248,132,f1g1,g2g3,2,38
sprt_game_3,32,53,White,r4bk1/np3p2/r3q1pp/N3p3/n2pP3/3P1N1P/1PRBQPP1/5K1R w - - 0 32,c2c1,11,-278,162,f1g1,g2g3,2,38
sprt_game_3,32,53,White,r4bk1/np3p2/r3q1pp/N3p3/n2pP3/3P1N1P/1PRBQPP1/5K1R w - - 0 32,h1g1,12,-278,162,f1g1,g2g3,2,38
sprt_game_3,32,53,White,r4bk1/np3p2/r3q1pp/N3p3/n2pP3/3P1N1P/1PRBQPP1/5K1R w - - 0 32,f3h4,13,-284,168,f1g1,g2g3,2,38
sprt_game_3,32,53,White,r4bk1/np3p2/r3q1pp/N3p3/n2pP3/3P1N1P/1PRBQPP1/5K1R w - - 0 32,c2c7,14,-292,176,f1g1,g2g3,2,38
sprt_game_3,32,53,White,r4bk1/np3p2/r3q1pp/N3p3/n2pP3/3P1N1P/1PRBQPP1/5K1R w - - 0 32,h1h2,15,-292,176,f1g1,g2g3,2,38
sprt_game_3,32,53,White,r4bk1/np3p2/r3q1pp/N3p3/n2pP3/3P1N1P/1PRBQPP1/5K1R w - - 0 32,f1e1,16,-318,202,f1g1,g2g3,2,38
sprt_game_3,32,53,White,r4bk1/np3p2/r3q1pp/N3p3/n2pP3/3P1N1P/1PRBQPP1/5K1R w - - 0 32,f3g1,17,-326,210,f1g1,g2g3,2,38
sprt_game_3,32,53,White,r4bk1/np3p2/r3q1pp/N3p3/n2pP3/3P1N1P/1PRBQPP1/5K1R w - - 0 32,a5b7,18,-337,221,f1g1,g2g3,2,38
sprt_game_3,32,53,White,r4bk1/np3p2/r3q1pp/N3p3/n2pP3/3P1N1P/1PRBQPP1/5K1R w - - 0 32,c2c4,19,-337,221,f1g1,g2g3,2,38
sprt_game_3,32,53,White,r4bk1/np3p2/r3q1pp/N3p3/n2pP3/3P1N1P/1PRBQPP1/5K1R w - - 0 32,b2b4,20,-339,223,f1g1,g2g3,2,38
sprt_game_3,32,53,White,r4bk1/np3p2/r3q1pp/N3p3/n2pP3/3P1N1P/1PRBQPP1/5K1R w - - 0 32,d2h6,21,-368,252,f1g1,g2g3,2,38
sprt_game_3,32,53,White,r4bk1/np3p2/r3q1pp/N3p3/n2pP3/3P1N1P/1PRBQPP1/5K1R w - - 0 32,f3e5,22,-390,274,f1g1,g2g3,2,38
sprt_game_3,32,53,White,r4bk1/np3p2/r3q1pp/N3p3/n2pP3/3P1N1P/1PRBQPP1/5K1R w - - 0 32,f3g5,23,-398,282,f1g1,g2g3,2,38
sprt_game_3,32,53,White,r4bk1/np3p2/r3q1pp/N3p3/n2pP3/3P1N1P/1PRBQPP1/5K1R w - - 0 32,d2g5,24,-404,288,f1g1,g2g3,2,38
sprt_game_3,32,53,White,r4bk1/np3p2/r3q1pp/N3p3/n2pP3/3P1N1P/1PRBQPP1/5K1R w - - 0 32,d2c1,25,-416,300,f1g1,g2g3,2,38
sprt_game_3,32,53,White,r4bk1/np3p2/r3q1pp/N3p3/n2pP3/3P1N1P/1PRBQPP1/5K1R w - - 0 32,f3d4,26,-422,306,f1g1,g2g3,2,38
sprt_game_3,32,53,White,r4bk1/np3p2/r3q1pp/N3p3/n2pP3/3P1N1P/1PRBQPP1/5K1R w - - 0 32,a5c6,27,-442,326,f1g1,g2g3,2,38
sprt_game_3,32,53,White,r4bk1/np3p2/r3q1pp/N3p3/n2pP3/3P1N1P/1PRBQPP1/5K1R w - - 0 32,b2b3,28,-452,336,f1g1,g2g3,2,38
sprt_game_3,32,53,White,r4bk1/np3p2/r3q1pp/N3p3/n2pP3/3P1N1P/1PRBQPP1/5K1R w - - 0 32,d2b4,29,-467,351,f1g1,g2g3,2,38
sprt_game_3,32,53,White,r4bk1/np3p2/r3q1pp/N3p3/n2pP3/3P1N1P/1PRBQPP1/5K1R w - - 0 32,a5b3,30,-477,361,f1g1,g2g3,2,38
sprt_game_3,32,53,White,r4bk1/np3p2/r3q1pp/N3p3/n2pP3/3P1N1P/1PRBQPP1/5K1R w - - 0 32,d2f4,31,-488,372,f1g1,g2g3,2,38
sprt_game_3,32,53,White,r4bk1/np3p2/r3q1pp/N3p3/n2pP3/3P1N1P/1PRBQPP1/5K1R w - - 0 32,c2c6,32,-497,381,f1g1,g2g3,2,38
sprt_game_3,32,53,White,r4bk1/np3p2/r3q1pp/N3p3/n2pP3/3P1N1P/1PRBQPP1/5K1R w - - 0 32,c2c5,33,-498,382,f1g1,g2g3,2,38
sprt_game_3,32,53,White,r4bk1/np3p2/r3q1pp/N3p3/n2pP3/3P1N1P/1PRBQPP1/5K1R w - - 0 32,c2c8,34,-503,387,f1g1,g2g3,2,38
sprt_game_3,32,53,White,r4bk1/np3p2/r3q1pp/N3p3/n2pP3/3P1N1P/1PRBQPP1/5K1R w - - 0 32,d2e3,35,-504,388,f1g1,g2g3,2,38
sprt_game_3,32,53,White,r4bk1/np3p2/r3q1pp/N3p3/n2pP3/3P1N1P/1PRBQPP1/5K1R w - - 0 32,d2c3,36,-554,438,f1g1,g2g3,2,38
sprt_game_3,32,53,White,r4bk1/np3p2/r3q1pp/N3p3/n2pP3/3P1N1P/1PRBQPP1/5K1R w - - 0 32,c2c3,37,-583,467,f1g1,g2g3,2,38
sprt_game_3,32,53,White,r4bk1/np3p2/r3q1pp/N3p3/n2pP3/3P1N1P/1PRBQPP1/5K1R w - - 0 32,e2e3,38,-669,553,f1g1,g2g3,2,38
sprt_game_3,42,73,White,r5k1/5p2/r5pp/1p2N3/3pP3/bq1P2PP/1B2QPK1/1R6 w - - 1 42,e2d2,1,-167,0,e5f3,e2d2,2,37
sprt_game_3,42,73,White,r5k1/5p2/r5pp/1p2N3/3pP3/bq1P2PP/1B2QPK1/1R6 w - - 1 42,h3h4,2,-176,9,e5f3,e2d2,2,37
sprt_game_3,42,73,White,r5k1/5p2/r5pp/1p2N3/3pP3/bq1P2PP/1B2QPK1/1R6 w - - 1 42,e5f3,3,-201,34,e5f3,e2d2,2,37
sprt_game_3,42,73,White,r5k1/5p2/r5pp/1p2N3/3pP3/bq1P2PP/1B2QPK1/1R6 w - - 1 42,g2g1,4,-251,84,e5f3,e2d2,2,37
sprt_game_3,42,73,White,r5k1/5p2/r5pp/1p2N3/3pP3/bq1P2PP/1B2QPK1/1R6 w - - 1 42,e5g4,5,-253,86,e5f3,e2d2,2,37
sprt_game_3,42,73,White,r5k1/5p2/r5pp/1p2N3/3pP3/bq1P2PP/1B2QPK1/1R6 w - - 1 42,e2f3,6,-255,88,e5f3,e2d2,2,37
sprt_game_3,42,73,White,r5k1/5p2/r5pp/1p2N3/3pP3/bq1P2PP/1B2QPK1/1R6 w - - 1 42,g3g4,7,-274,107,e5f3,e2d2,2,37
sprt_game_3,42,73,White,r5k1/5p2/r5pp/1p2N3/3pP3/bq1P2PP/1B2QPK1/1R6 w - - 1 42,e2g4,8,-292,125,e5f3,e2d2,2,37
sprt_game_3,42,73,White,r5k1/5p2/r5pp/1p2N3/3pP3/bq1P2PP/1B2QPK1/1R6 w - - 1 42,b2a3,9,-297,130,e5f3,e2d2,2,37
sprt_game_3,42,73,White,r5k1/5p2/r5pp/1p2N3/3pP3/bq1P2PP/1B2QPK1/1R6 w - - 1 42,g2f3,10,-299,132,e5f3,e2d2,2,37
sprt_game_3,42,73,White,r5k1/5p2/r5pp/1p2N3/3pP3/bq1P2PP/1B2QPK1/1R6 w - - 1 42,e5d7,11,-307,140,e5f3,e2d2,2,37
sprt_game_3,42,73,White,r5k1/5p2/r5pp/1p2N3/3pP3/bq1P2PP/1B2QPK1/1R6 w - - 1 42,b2d4,12,-328,161,e5f3,e2d2,2,37
sprt_game_3,42,73,White,r5k1/5p2/r5pp/1p2N3/3pP3/bq1P2PP/1B2QPK1/1R6 w - - 1 42,g2f1,13,-331,164,e5f3,e2d2,2,37
sprt_game_3,42,73,White,r5k1/5p2/r5pp/1p2N3/3pP3/bq1P2PP/1B2QPK1/1R6 w - - 1 42,g2h2,14,-348,181,e5f3,e2d2,2,37
sprt_game_3,42,73,White,r5k1/5p2/r5pp/1p2N3/3pP3/bq1P2PP/1B2QPK1/1R6 w - - 1 42,e2e1,15,-348,181,e5f3,e2d2,2,37
sprt_game_3,42,73,White,r5k1/5p2/r5pp/1p2N3/3pP3/bq1P2PP/1B2QPK1/1R6 w - - 1 42,g2h1,16,-379,212,e5f3,e2d2,2,37
sprt_game_3,42,73,White,r5k1/5p2/r5pp/1p2N3/3pP3/bq1P2PP/1B2QPK1/1R6 w - - 1 42,e5f7,17,-380,213,e5f3,e2d2,2,37
sprt_game_3,42,73,White,r5k1/5p2/r5pp/1p2N3/3pP3/bq1P2PP/1B2QPK1/1R6 w - - 1 42,b1g1,18,-385,218,e5f3,e2d2,2,37
sprt_game_3,42,73,White,r5k1/5p2/r5pp/1p2N3/3pP3/bq1P2PP/1B2QPK1/1R6 w - - 1 42,f2f4,19,-395,228,e5f3,e2d2,2,37
sprt_game_3,42,73,White,r5k1/5p2/r5pp/1p2N3/3pP3/bq1P2PP/1B2QPK1/1R6 w - - 1 42,b1a1,20,-396,229,e5f3,e2d2,2,37
sprt_game_3,42,73,White,r5k1/5p2/r5pp/1p2N3/3pP3/bq1P2PP/1B2QPK1/1R6 w - - 1 42,b2c1,21,-397,230,e5f3,e2d2,2,37
sprt_game_3,42,73,White,r5k1/5p2/r5pp/1p2N3/3pP3/bq1P2PP/1B2QPK1/1R6 w - - 1 42,b1c1,22,-398,231,e5f3,e2d2,2,37
sprt_game_3,42,73,White,r5k1/5p2/r5pp/1p2N3/3pP3/bq1P2PP/1B2QPK1/1R6 w - - 1 42,e5g6,23,-399,232,e5f3,e2d2,2,37
sprt_game_3,42,73,White,r5k1/5p2/r5pp/1p2N3/3pP3/bq1P2PP/1B2QPK1/1R6 w - - 1 42,b2c3,24,-410,243,e5f3,e2d2,2,37
sprt_game_3,42,73,White,r5k1/5p2/r5pp/1p2N3/3pP3/bq1P2PP/1B2QPK1/1R6 w - - 1 42,e2f1,25,-415,248,e5f3,e2d2,2,37
sprt_game_3,42,73,White,r5k1/5p2/r5pp/1p2N3/3pP3/bq1P2PP/1B2QPK1/1R6 w - - 1 42,b1d1,26,-424,257,e5f3,e2d2,2,37
sprt_game_3,42,73,White,r5k1/5p2/r5pp/1p2N3/3pP3/bq1P2PP/1B2QPK1/1R6 w - - 1 42,b1e1,27,-426,259,e5f3,e2d2,2,37
sprt_game_3,42,73,White,r5k1/5p2/r5pp/1p2N3/3pP3/bq1P2PP/1B2QPK1/1R6 w - - 1 42,b1f1,28,-430,263,e5f3,e2d2,2,37
sprt_game_3,42,73,White,r5k1/5p2/r5pp/1p2N3/3pP3/bq1P2PP/1B2QPK1/1R6 w - - 1 42,b2a1,29,-431,264,e5f3,e2d2,2,37
sprt_game_3,42,73,White,r5k1/5p2/r5pp/1p2N3/3pP3/bq1P2PP/1B2QPK1/1R6 w - - 1 42,b1h1,30,-463,296,e5f3,e2d2,2,37
sprt_game_3,42,73,White,r5k1/5p2/r5pp/1p2N3/3pP3/bq1P2PP/1B2QPK1/1R6 w - - 1 42,f2f3,31,-464,297,e5f3,e2d2,2,37
sprt_game_3,42,73,White,r5k1/5p2/r5pp/1p2N3/3pP3/bq1P2PP/1B2QPK1/1R6 w - - 1 42,e2d1,32,-505,338,e5f3,e2d2,2,37
sprt_game_3,42,73,White,r5k1/5p2/r5pp/1p2N3/3pP3/bq1P2PP/1B2QPK1/1R6 w - - 1 42,e5c6,33,-507,340,e5f3,e2d2,2,37
sprt_game_3,42,73,White,r5k1/5p2/r5pp/1p2N3/3pP3/bq1P2PP/1B2QPK1/1R6 w - - 1 42,e5c4,34,-540,373,e5f3,e2d2,2,37
sprt_game_3,42,73,White,r5k1/5p2/r5pp/1p2N3/3pP3/bq1P2PP/1B2QPK1/1R6 w - - 1 42,e2h5,35,-717,550,e5f3,e2d2,2,37
sprt_game_3,42,73,White,r5k1/5p2/r5pp/1p2N3/3pP3/bq1P2PP/1B2QPK1/1R6 w - - 1 42,e2c2,36,-751,584,e5f3,e2d2,2,37
sprt_game_3,42,73,White,r5k1/5p2/r5pp/1p2N3/3pP3/bq1P2PP/1B2QPK1/1R6 w - - 1 42,e2e3,37,-773,606,e5f3,e2d2,2,37
sprt_game_3,44,77,White,r5k1/5p2/r5p1/1pb4p/3pP3/1q1P1NPP/1B1Q1PK1/1R6 w - - 0 44,f3d4,1,-10,0,g3g4,d2c1,2,38
sprt_game_3,44,77,White,r5k1/5p2/r5p1/1pb4p/3pP3/1q1P1NPP/1B1Q1PK1/1R6 w - - 0 44,d2h6,2,-122,112,g3g4,d2c1,2,38
sprt_game_3,44,77,White,r5k1/5p2/r5p1/1pb4p/3pP3/1q1P1NPP/1B1Q1PK1/1R6 w - - 0 44,f3e5,3,-134,124,g3g4,d2c1,2,38
sprt_game_3,44,77,White,r5k1/5p2/r5p1/1pb4p/3pP3/1q1P1NPP/1B1Q1PK1/1R6 w - - 0 44,d2c1,4,-143,133,g3g4,d2c1,2,38
sprt_game_3,44,77,White,r5k1/5p2/r5p1/1pb4p/3pP3/1q1P1NPP/1B1Q1PK1/1R6 w - - 0 44,d2f4,5,-144,134,g3g4,d2c1,2,38
sprt_game_3,44,77,White,r5k1/5p2/r5p1/1pb4p/3pP3/1q1P1NPP/1B1Q1PK1/1R6 w - - 0 44,g3g4,6,-168,158,g3g4,d2c1,2,38
sprt_game_3,44,77,White,r5k1/5p2/r5p1/1pb4p/3pP3/1q1P1NPP/1B1Q1PK1/1R6 w - - 0 44,d2g5,7,-185,175,g3g4,d2c1,2,38
sprt_game_3,44,77,White,r5k1/5p2/r5p1/1pb4p/3pP3/1q1P1NPP/1B1Q1PK1/1R6 w - - 0 44,f3g1,8,-200,190,g3g4,d2c1,2,38
sprt_game_3,44,77,White,r5k1/5p2/r5p1/1pb4p/3pP3/1q1P1NPP/1B1Q1PK1/1R6 w - - 0 44,f3g5,9,-205,195,g3g4,d2c1,2,38
sprt_game_3,44,77,White,r5k1/5p2/r5p1/1pb4p/3pP3/1q1P1NPP/1B1Q1PK1/1R6 w - - 0 44,f3h4,10,-205,195,g3g4,d2c1,2,38
sprt_game_3,44,77,White,r5k1/5p2/r5p1/1pb4p/3pP3/1q1P1NPP/1B1Q1PK1/1R6 w - - 0 44,f3e1,11,-208,198,g3g4,d2c1,2,38
sprt_game_3,44,77,White,r5k1/5p2/r5p1/1pb4p/3pP3/1q1P1NPP/1B1Q1PK1/1R6 w - - 0 44,b1c1,12,-213,203,g3g4,d2c1,2,38
sprt_game_3,44,77,White,r5k1/5p2/r5p1/1pb4p/3pP3/1q1P1NPP/1B1Q1PK1/1R6 w - - 0 44,d2e2,13,-216,206,g3g4,d2c1,2,38
sprt_game_3,44,77,White,r5k1/5p2/r5p1/1pb4p/3pP3/1q1P1NPP/1B1Q1PK1/1R6 w - - 0 44,e4e5,14,-226,216,g3g4,d2c1,2,38
sprt_game_3,44,77,White,r5k1/5p2/r5p1/1pb4p/3pP3/1q1P1NPP/1B1Q1PK1/1R6 w - - 0 44,b1h1,15,-231,221,g3g4,d2c1,2,38
sprt_game_3,44,77,White,r5k1/5p2/r5p1/1pb4p/3pP3/1q1P1NPP/1B1Q1PK1/1R6 w - - 0 44,b1d1,16,-231,221,g3g4,d2c1,2,38
sprt_game_3,44,77,White,r5k1/5p2/r5p1/1pb4p/3pP3/1q1P1NPP/1B1Q1PK1/1R6 w - - 0 44,h3h4,17,-235,225,g3g4,d2c1,2,38
sprt_game_3,44,77,White,r5k1/5p2/r5p1/1pb4p/3pP3/1q1P1NPP/1B1Q1PK1/1R6 w - - 0 44,g2f1,18,-236,226,g3g4,d2c1,2,38
sprt_game_3,44,77,White,r5k1/5p2/r5p1/1pb4p/3pP3/1q1P1NPP/1B1Q1PK1/1R6 w - - 0 44,b1g1,19,-240,230,g3g4,d2c1,2,38
sprt_game_3,44,77,White,r5k1/5p2/r5p1/1pb4p/3pP3/1q1P1NPP/1B1Q1PK1/1R6 w - - 0 44,b1f1,20,-245,235,g3g4,d2c1,2,38
sprt_game_3,44,77,White,r5k1/5p2/r5p1/1pb4p/3pP3/1q1P1NPP/1B1Q1PK1/1R6 w - - 0 44,b1e1,21,-245,235,g3g4,d2c1,2,38
sprt_game_3,44,77,White,r5k1/5p2/r5p1/1pb4p/3pP3/1q1P1NPP/1B1Q1PK1/1R6 w - - 0 44,g2g1,22,-247,237,g3g4,d2c1,2,38
sprt_game_3,44,77,White,r5k1/5p2/r5p1/1pb4p/3pP3/1q1P1NPP/1B1Q1PK1/1R6 w - - 0 44,g2h2,23,-254,244,g3g4,d2c1,2,38
sprt_game_3,44,77,White,r5k1/5p2/r5p1/1pb4p/3pP3/1q1P1NPP/1B1Q1PK1/1R6 w - - 0 44,d2d1,24,-270,260,g3g4,d2c1,2,38
sprt_game_3,44,77,White,r5k1/5p2/r5p1/1pb4p/3pP3/1q1P1NPP/1B1Q1PK1/1R6 w - - 0 44,f3h2,25,-293,283,g3g4,d2c1,2,38
sprt_game_3,44,77,White,r5k1/5p2/r5p1/1pb4p/3pP3/1q1P1NPP/1B1Q1PK1/1R6 w - - 0 44,d2e1,26,-295,285,g3g4,d2c1,2,38
sprt_game_3,44,77,White,r5k1/5p2/r5p1/1pb4p/3pP3/1q1P1NPP/1B1Q1PK1/1R6 w - - 0 44,g2h1,27,-309,299,g3g4,d2c1,2,38
sprt_game_3,44,77,White,r5k1/5p2/r5p1/1pb4p/3pP3/1q1P1NPP/1B1Q1PK1/1R6 w - - 0 44,b2a3,28,-373,363,g3g4,d2c1,2,38
sprt_game_3,44,77,White,r5k1/5p2/r5p1/1pb4p/3pP3/1q1P1NPP/1B1Q1PK1/1R6 w - - 0 44,b2d4,29,-454,444,g3g4,d2c1,2,38
sprt_game_3,44,77,White,r5k1/5p2/r5p1/1pb4p/3pP3/1q1P1NPP/1B1Q1PK1/1R6 w - - 0 44,b1a1,30,-578,568,g3g4,d2c1,2,38
sprt_game_3,44,77,White,r5k1/5p2/r5p1/1pb4p/3pP3/1q1P1NPP/1B1Q1PK1/1R6 w - - 0 44,b2c1,31,-638,628,g3g4,d2c1,2,38
sprt_game_3,44,77,White,r5k1/5p2/r5p1/1pb4p/3pP3/1q1P1NPP/1B1Q1PK1/1R6 w - - 0 44,b2c3,32,-648,638,g3g4,d2c1,2,38
sprt_game_3,44,77,White,r5k1/5p2/r5p1/1pb4p/3pP3/1q1P1NPP/1B1Q1PK1/1R6 w - - 0 44,d2b4,33,-707,697,g3g4,d2c1,2,38
sprt_game_3,44,77,White,r5k1/5p2/r5p1/1pb4p/3pP3/1q1P1NPP/1B1Q1PK1/1R6 w - - 0 44,b2a1,34,-726,716,g3g4,d2c1,2,38
sprt_game_3,44,77,White,r5k1/5p2/r5p1/1pb4p/3pP3/1q1P1NPP/1B1Q1PK1/1R6 w - - 0 44,d2a5,35,-731,721,g3g4,d2c1,2,38
sprt_game_3,44,77,White,r5k1/5p2/r5p1/1pb4p/3pP3/1q1P1NPP/1B1Q1PK1/1R6 w - - 0 44,d2c2,36,-796,786,g3g4,d2c1,2,38
sprt_game_3,44,77,White,r5k1/5p2/r5p1/1pb4p/3pP3/1q1P1NPP/1B1Q1PK1/1R6 w - - 0 44,d2e3,37,-808,798,g3g4,d2c1,2,38
sprt_game_3,44,77,White,r5k1/5p2/r5p1/1pb4p/3pP3/1q1P1NPP/1B1Q1PK1/1R6 w - - 0 44,d2c3,38,-849,839,g3g4,d2c1,2,38
sprt_game_3,45,79,White,r5k1/5p2/r5p1/1pb5/3pP1Pp/1q1P1N1P/1B1Q1PK1/1R6 w - - 0 45,f3d4,1,-16,0,d2g5,d2c1,2,37
sprt_game_3,45,79,White,r5k1/5p2/r5p1/1pb5/3pP1Pp/1q1P1N1P/1B1Q1PK1/1R6 w - - 0 45,d2h6,2,-81,65,d2g5,d2c1,2,37
sprt_game_3,45,79,White,r5k1/5p2/r5p1/1pb5/3pP1Pp/1q1P1N1P/1B1Q1PK1/1R6 w - - 0 45,d2g5,3,-90,74,d2g5,d2c1,2,37
sprt_game_3,45,79,White,r5k1/5p2/r5p1/1pb5/3pP1Pp/1q1P1N1P/1B1Q1PK1/1R6 w - - 0 45,f3e5,4,-130,114,d2g5,d2c1,2,37
sprt_game_3,45,79,White,r5k1/5p2/r5p1/1pb5/3pP1Pp/1q1P1N1P/1B1Q1PK1/1R6 w - - 0 45,f3h4,5,-144,128,d2g5,d2c1,2,37
sprt_game_3,45,79,White,r5k1/5p2/r5p1/1pb5/3pP1Pp/1q1P1N1P/1B1Q1PK1/1R6 w - - 0 45,d2f4,6,-149,133,d2g5,d2c1,2,37
sprt_game_3,45,79,White,r5k1/5p2/r5p1/1pb5/3pP1Pp/1q1P1N1P/1B1Q1PK1/1R6 w - - 0 45,b1c1,7,-155,139,d2g5,d2c1,2,37
sprt_game_3,45,79,White,r5k1/5p2/r5p1/1pb5/3pP1Pp/1q1P1N1P/1B1Q1PK1/1R6 w - - 0 45,d2c1,8,-162,146,d2g5,d2c1,2,37
sprt_game_3,45,79,White,r5k1/5p2/r5p1/1pb5/3pP1Pp/1q1P1N1P/1B1Q1PK1/1R6 w - - 0 45,e4e5,9,-166,150,d2g5,d2c1,2,37
sprt_game_3,45,79,White,r5k1/5p2/r5p1/1pb5/3pP1Pp/1q1P1N1P/1B1Q1PK1/1R6 w - - 0 45,g4g5,10,-173,157,d2g5,d2c1,2,37
sprt_game_3,45,79,White,r5k1/5p2/r5p1/1pb5/3pP1Pp/1q1P1N1P/1B1Q1PK1/1R6 w - - 0 45,f3e1,11,-188,172,d2g5,d2c1,2,37
sprt_game_3,45,79,White,r5k1/5p2/r5p1/1pb5/3pP1Pp/1q1P1N1P/1B1Q1PK1/1R6 w - - 0 45,f3h2,12,-195,179,d2g5,d2c1,2,37
sprt_game_3,45,79,White,r5k1/5p2/r5p1/1pb5/3pP1Pp/1q1P1N1P/1B1Q1PK1/1R6 w - - 0 45,f3g5,13,-208,192,d2g5,d2c1,2,37
sprt_game_3,45,79,White,r5k1/5p2/r5p1/1pb5/3pP1Pp/1q1P1N1P/1B1Q1PK1/1R6 w - - 0 45,g2h1,14,-231,215,d2g5,d2c1,2,37
sprt_game_3,45,79,White,r5k1/5p2/r5p1/1pb5/3pP1Pp/1q1P1N1P/1B1Q1PK1/1R6 w - - 0 45,g2g1,15,-231,215,d2g5,d2c1,2,37
sprt_game_3,45,79,White,r5k1/5p2/r5p1/1pb5/3pP1Pp/1q1P1N1P/1B1Q1PK1/1R6 w - - 0 45,b1e1,16,-237,221,d2g5,d2c1,2,37
sprt_game_3,45,79,White,r5k1/5p2/r5p1/1pb5/3pP1Pp/1q1P1N1P/1B1Q1PK1/1R6 w - - 0 45,g2h2,17,-239,223,d2g5,d2c1,2,37
sprt_game_3,45,79,White,r5k1/5p2/r5p1/1pb5/3pP1Pp/1q1P1N1P/1B1Q1PK1/1R6 w - - 0 45,f3g1,18,-248,232,d2g5,d2c1,2,37
sprt_game_3,45,79,White,r5k1/5p2/r5p1/1pb5/3pP1Pp/1q1P1N1P/1B1Q1PK1/1R6 w - - 0 45,b1h1,19,-249,233,d2g5,d2c1,2,37
sprt_game_3,45,79,White,r5k1/5p2/r5p1/1pb5/3pP1Pp/1q1P1N1P/1B1Q1PK1/1R6 w - - 0 45,d2e2,20,-250,234,d2g5,d2c1,2,37
sprt_game_3,45,79,White,r5k1/5p2/r5p1/1pb5/3pP1Pp/1q1P1N1P/1B1Q1PK1/1R6 w - - 0 45,g2f1,21,-256,240,d2g5,d2c1,2,37
sprt_game_3,45,79,White,r5k1/5p2/r5p1/1pb5/3pP1Pp/1q1P1N1P/1B1Q1PK1/1R6 w - - 0 45,b1d1,22,-264,248,d2g5,d2c1,2,37
sprt_game_3,45,79,White,r5k1/5p2/r5p1/1pb5/3pP1Pp/1q1P1N1P/1B1Q1PK1/1R6 w - - 0 45,b1f1,23,-269,253,d2g5,d2c1,2,37
sprt_game_3,45,79,White,r5k1/5p2/r5p1/1pb5/3pP1Pp/1q1P1N1P/1B1Q1PK1/1R6 w - - 0 45,b1g1,24,-273,257,d2g5,d2c1,2,37
sprt_game_3,45,79,White,r5k1/5p2/r5p1/1pb5/3pP1Pp/1q1P1N1P/1B1Q1PK1/1R6 w - - 0 45,d2e1,25,-297,281,d2g5,d2c1,2,37
sprt_game_3,45,79,White,r5k1/5p2/r5p1/1pb5/3pP1Pp/1q1P1N1P/1B1Q1PK1/1R6 w - - 0 45,d2d1,26,-310,294,d2g5,d2c1,2,37
sprt_game_3,45,79,White,r5k1/5p2/r5p1/1pb5/3pP1Pp/1q1P1N1P/1B1Q1PK1/1R6 w - - 0 45,b2a3,27,-359,343,d2g5,d2c1,2,37
sprt_game_3,45,79,White,r5k1/5p2/r5p1/1pb5/3pP1Pp/1q1P1N1P/1B1Q1PK1/1R6 w - - 0 45,b2d4,28,-465,449,d2g5,d2c1,2,37
sprt_game_3,45,79,White,r5k1/5p2/r5p1/1pb5/3pP1Pp/1q1P1N1P/1B1Q1PK1/1R6 w - - 0 45,b2c1,29,-491,475,d2g5,d2c1,2,37
sprt_game_3,45,79,White,r5k1/5p2/r5p1/1pb5/3pP1Pp/1q1P1N1P/1B1Q1PK1/1R6 w - - 0 45,b1a1,30,-572,556,d2g5,d2c1,2,37
sprt_game_3,45,79,White,r5k1/5p2/r5p1/1pb5/3pP1Pp/1q1P1N1P/1B1Q1PK1/1R6 w - - 0 45,b2c3,31,-654,638,d2g5,d2c1,2,37
sprt_game_3,45,79,White,r5k1/5p2/r5p1/1pb5/3pP1Pp/1q1P1N1P/1B1Q1PK1/1R6 w - - 0 45,b2a1,32,-724,708,d2g5,d2c1,2,37
sprt_game_3,45,79,White,r5k1/5p2/r5p1/1pb5/3pP1Pp/1q1P1N1P/1B1Q1PK1/1R6 w - - 0 45,d2a5,33,-728,712,d2g5,d2c1,2,37
sprt_game_3,45,79,White,r5k1/5p2/r5p1/1pb5/3pP1Pp/1q1P1N1P/1B1Q1PK1/1R6 w - - 0 45,d2b4,34,-745,729,d2g5,d2c1,2,37
sprt_game_3,45,79,White,r5k1/5p2/r5p1/1pb5/3pP1Pp/1q1P1N1P/1B1Q1PK1/1R6 w - - 0 45,d2c3,35,-848,832,d2g5,d2c1,2,37
sprt_game_3,45,79,White,r5k1/5p2/r5p1/1pb5/3pP1Pp/1q1P1N1P/1B1Q1PK1/1R6 w - - 0 45,d2e3,36,-855,839,d2g5,d2c1,2,37
sprt_game_3,45,79,White,r5k1/5p2/r5p1/1pb5/3pP1Pp/1q1P1N1P/1B1Q1PK1/1R6 w - - 0 45,d2c2,37,-868,852,d2g5,d2c1,2,37
sprt_game_3,46,81,White,r5k1/5p2/6p1/1pb5/3pP1Pp/1q1P1N1P/rB1Q1PK1/2R5 w - - 2 46,c1c2,1,-164,0,c1b1,d2f4,2,39
sprt_game_3,46,81,White,r5k1/5p2/6p1/1pb5/3pP1Pp/1q1P1N1P/rB1Q1PK1/2R5 w - - 2 46,c1b1,2,-275,111,c1b1,d2f4,2,39
sprt_game_3,46,81,White,r5k1/5p2/6p1/1pb5/3pP1Pp/1q1P1N1P/rB1Q1PK1/2R5 w - - 2 46,c1c5,3,-323,159,c1b1,d2f4,2,39
sprt_game_3,46,81,White,r5k1/5p2/6p1/1pb5/3pP1Pp/1q1P1N1P/rB1Q1PK1/2R5 w - - 2 46,d2f4,4,-350,186,c1b1,d2f4,2,39
sprt_game_3,46,81,White,r5k1/5p2/6p1/1pb5/3pP1Pp/1q1P1N1P/rB1Q1PK1/2R5 w - - 2 46,d2h6,5,-403,239,c1b1,d2f4,2,39
sprt_game_3,46,81,White,r5k1/5p2/6p1/1pb5/3pP1Pp/1q1P1N1P/rB1Q1PK1/2R5 w - - 2 46,d2g5,6,-419,255,c1b1,d2f4,2,39
sprt_game_3,46,81,White,r5k1/5p2/6p1/1pb5/3pP1Pp/1q1P1N1P/rB1Q1PK1/2R5 w - - 2 46,f3h4,7,-440,276,c1b1,d2f4,2,39
sprt_game_3,46,81,White,r5k1/5p2/6p1/1pb5/3pP1Pp/1q1P1N1P/rB1Q1PK1/2R5 w - - 2 46,d2c2,8,-446,282,c1b1,d2f4,2,39
sprt_game_3,46,81,White,r5k1/5p2/6p1/1pb5/3pP1Pp/1q1P1N1P/rB1Q1PK1/2R5 w - - 2 46,c1f1,9,-473,309,c1b1,d2f4,2,39
sprt_game_3,46,81,White,r5k1/5p2/6p1/1pb5/3pP1Pp/1q1P1N1P/rB1Q1PK1/2R5 w - - 2 46,e4e5,10,-482,318,c1b1,d2f4,2,39
sprt_game_3,46,81,White,r5k1/5p2/6p1/1pb5/3pP1Pp/1q1P1N1P/rB1Q1PK1/2R5 w - - 2 46,g2g1,11,-498,334,c1b1,d2f4,2,39
sprt_game_3,46,81,White,r5k1/5p2/6p1/1pb5/3pP1Pp/1q1P1N1P/rB1Q1PK1/2R5 w - - 2 46,f3g5,12,-512,348,c1b1,d2f4,2,39
sprt_game_3,46,81,White,r5k1/5p2/6p1/1pb5/3pP1Pp/1q1P1N1P/rB1Q1PK1/2R5 w - - 2 46,d2e1,13,-512,348,c1b1,d2f4,2,39
sprt_game_3,46,81,White,r5k1/5p2/6p1/1pb5/3pP1Pp/1q1P1N1P/rB1Q1PK1/2R5 w - - 2 46,c1d1,14,-527,363,c1b1,d2f4,2,39
sprt_game_3,46,81,White,r5k1/5p2/6p1/1pb5/3pP1Pp/1q1P1N1P/rB1Q1PK1/2R5 w - - 2 46,f3e1,15,-533,369,c1b1,d2f4,2,39
sprt_game_3,46,81,White,r5k1/5p2/6p1/1pb5/3pP1Pp/1q1P1N1P/rB1Q1PK1/2R5 w - - 2 46,f3e5,16,-534,370,c1b1,d2f4,2,39
sprt_game_3,46,81,White,r5k1/5p2/6p1/1pb5/3pP1Pp/1q1P1N1P/rB1Q1PK1/2R5 w - - 2 46,c1e1,17,-551,387,c1b1,d2f4,2,39
sprt_game_3,46,81,White,r5k1/5p2/6p1/1pb5/3pP1Pp/1q1P1N1P/rB1Q1PK1/2R5 w - - 2 46,d2d1,18,-555,391,c1b1,d2f4,2,39
sprt_game_3,46,81,White,r5k1/5p2/6p1/1pb5/3pP1Pp/1q1P1N1P/rB1Q1PK1/2R5 w - - 2 46,c1h1,19,-558,394,c1b1,d2f4,2,39
sprt_game_3,46,81,White,r5k1/5p2/6p1/1pb5/3pP1Pp/1q1P1N1P/rB1Q1PK1/2R5 w - - 2 46,g2h1,20,-569,405,c1b1,d2f4,2,39
sprt_game_3,46,81,White,r5k1/5p2/6p1/1pb5/3pP1Pp/1q1P1N1P/rB1Q1PK1/2R5 w - - 2 46,c1g1,21,-569,405,c1b1,d2f4,2,39
sprt_game_3,46,81,White,r5k1/5p2/6p1/1pb5/3pP1Pp/1q1P1N1P/rB1Q1PK1/2R5 w - - 2 46,d2e2,22,-575,411,c1b1,d2f4,2,39
sprt_game_3,46,81,White,r5k1/5p2/6p1/1pb5/3pP1Pp/1q1P1N1P/rB1Q1PK1/2R5 w - - 2 46,g2f1,23,-582,418,c1b1,d2f4,2,39
sprt_game_3,46,81,White,r5k1/5p2/6p1/1pb5/3pP1Pp/1q1P1N1P/rB1Q1PK1/2R5 w - - 2 46,g4g5,24,-582,418,c1b1,d2f4,2,39
sprt_game_3,46,81,White,r5k1/5p2/6p1/1pb5/3pP1Pp/1q1P1N1P/rB1Q1PK1/2R5 w - - 2 46,c1a1,25,-593,429,c1b1,d2f4,2,39
sprt_game_3,46,81,White,r5k1/5p2/6p1/1pb5/3pP1Pp/1q1P1N1P/rB1Q1PK1/2R5 w - - 2 46,f3h2,26,-606,442,c1b1,d2f4,2,39
sprt_game_3,46,81,White,r5k1/5p2/6p1/1pb5/3pP1Pp/1q1P1N1P/rB1Q1PK1/2R5 w - - 2 46,b2d4,27,-606,442,c1b1,d2f4,2,39
sprt_game_3,46,81,White,r5k1/5p2/6p1/1pb5/3pP1Pp/1q1P1N1P/rB1Q1PK1/2R5 w - - 2 46,f3g1,28,-608,444,c1b1,d2f4,2,39
sprt_game_3,46,81,White,r5k1/5p2/6p1/1pb5/3pP1Pp/1q1P1N1P/rB1Q1PK1/2R5 w - - 2 46,g2h2,29,-615,451,c1b1,d2f4,2,39
sprt_game_3,46,81,White,r5k1/5p2/6p1/1pb5/3pP1Pp/1q1P1N1P/rB1Q1PK1/2R5 w - - 2 46,b2a1,30,-652,488,c1b1,d2f4,2,39
sprt_game_3,46,81,White,r5k1/5p2/6p1/1pb5/3pP1Pp/1q1P1N1P/rB1Q1PK1/2R5 w - - 2 46,b2a3,31,-721,557,c1b1,d2f4,2,39
sprt_game_3,46,81,White,r5k1/5p2/6p1/1pb5/3pP1Pp/1q1P1N1P/rB1Q1PK1/2R5 w - - 2 46,f3d4,32,-726,562,c1b1,d2f4,2,39
sprt_game_3,46,81,White,r5k1/5p2/6p1/1pb5/3pP1Pp/1q1P1N1P/rB1Q1PK1/2R5 w - - 2 46,c1c4,33,-731,567,c1b1,d2f4,2,39
sprt_game_3,46,81,White,r5k1/5p2/6p1/1pb5/3pP1Pp/1q1P1N1P/rB1Q1PK1/2R5 w - - 2 46,c1c3,34,-753,589,c1b1,d2f4,2,39
sprt_game_3,46,81,White,r5k1/5p2/6p1/1pb5/3pP1Pp/1q1P1N1P/rB1Q1PK1/2R5 w - - 2 46,d2a5,35,-760,596,c1b1,d2f4,2,39
sprt_game_3,46,81,White,r5k1/5p2/6p1/1pb5/3pP1Pp/1q1P1N1P/rB1Q1PK1/2R5 w - - 2 46,b2c3,36,-782,618,c1b1,d2f4,2,39
sprt_game_3,46,81,White,r5k1/5p2/6p1/1pb5/3pP1Pp/1q1P1N1P/rB1Q1PK1/2R5 w - - 2 46,d2b4,37,-867,703,c1b1,d2f4,2,39
sprt_game_3,46,81,White,r5k1/5p2/6p1/1pb5/3pP1Pp/1q1P1N1P/rB1Q1PK1/2R5 w - - 2 46,d2e3,38,-892,728,c1b1,d2f4,2,39
sprt_game_3,46,81,White,r5k1/5p2/6p1/1pb5/3pP1Pp/1q1P1N1P/rB1Q1PK1/2R5 w - - 2 46,d2c3,39,-977,813,c1b1,d2f4,2,39
sprt_game_3,50,89,White,6k1/5p2/6p1/1pR5/3pP1P1/3r1N1P/1r3PK1/8 w - - 0 50,c5c8,1,-231,0,e4e5,c5d5,2,29
sprt_game_3,50,89,White,6k1/5p2/6p1/1pR5/3pP1P1/3r1N1P/1r3PK1/8 w - - 0 50,c5d5,2,-250,19,e4e5,c5d5,2,29
sprt_game_3,50,89,White,6k1/5p2/6p1/1pR5/3pP1P1/3r1N1P/1r3PK1/8 w - - 0 50,e4e5,3,-264,33,e4e5,c5d5,2,29
sprt_game_3,50,89,White,6k1/5p2/6p1/1pR5/3pP1P1/3r1N1P/1r3PK1/8 w - - 0 50,h3h4,4,-289,58,e4e5,c5d5,2,29
sprt_game_3,50,89,White,6k1/5p2/6p1/1pR5/3pP1P1/3r1N1P/1r3PK1/8 w - - 0 50,f3g5,5,-309,78,e4e5,c5d5,2,29
sprt_game_3,50,89,White,6k1/5p2/6p1/1pR5/3pP1P1/3r1N1P/1r3PK1/8 w - - 0 50,c5c7,6,-312,81,e4e5,c5d5,2,29
sprt_game_3,50,89,White,6k1/5p2/6p1/1pR5/3pP1P1/3r1N1P/1r3PK1/8 w - - 0 50,c5e5,7,-312,81,e4e5,c5d5,2,29
sprt_game_3,50,89,White,6k1/5p2/6p1/1pR5/3pP1P1/3r1N1P/1r3PK1/8 w - - 0 50,c5g5,8,-313,82,e4e5,c5d5,2,29
sprt_game_3,50,89,White,6k1/5p2/6p1/1pR5/3pP1P1/3r1N1P/1r3PK1/8 w - - 0 50,c5c6,9,-336,105,e4e5,c5d5,2,29
sprt_game_3,50,89,White,6k1/5p2/6p1/1pR5/3pP1P1/3r1N1P/1r3PK1/8 w - - 0 50,g4g5,10,-352,121,e4e5,c5d5,2,29
sprt_game_3,50,89,White,6k1/5p2/6p1/1pR5/3pP1P1/3r1N1P/1r3PK1/8 w - - 0 50,f3e5,11,-364,133,e4e5,c5d5,2,29
sprt_game_3,50,89,White,6k1/5p2/6p1/1pR5/3pP1P1/3r1N1P/1r3PK1/8 w - - 0 50,c5c1,12,-396,165,e4e5,c5d5,2,29
sprt_game_3,50,89,White,6k1/5p2/6p1/1pR5/3pP1P1/3r1N1P/1r3PK1/8 w - - 0 50,f3h4,13,-426,195,e4e5,c5d5,2,29
sprt_game_3,50,89,White,6k1/5p2/6p1/1pR5/3pP1P1/3r1N1P/1r3PK1/8 w - - 0 50,f3e1,14,-429,198,e4e5,c5d5,2,29
sprt_game_3,50,89,White,6k1/5p2/6p1/1pR5/3pP1P1/3r1N1P/1r3PK1/8 w - - 0 50,g2g3,15,-484,253,e4e5,c5d5,2,29
sprt_game_3,50,89,White,6k1/5p2/6p1/1pR5/3pP1P1/3r1N1P/1r3PK1/8 w - - 0 50,f3h2,16,-495,264,e4e5,c5d5,2,29
sprt_game_3,50,89,White,6k1/5p2/6p1/1pR5/3pP1P1/3r1N1P/1r3PK1/8 w - - 0 50,f3d4,17,-511,280,e4e5,c5d5,2,29
sprt_game_3,50,89,White,6k1/5p2/6p1/1pR5/3pP1P1/3r1N1P/1r3PK1/8 w - - 0 50,f3g1,18,-518,287,e4e5,c5d5,2,29
sprt_game_3,50,89,White,6k1/5p2/6p1/1pR5/3pP1P1/3r1N1P/1r3PK1/8 w - - 0 50,c5f5,19,-601,370,e4e5,c5d5,2,29
sprt_game_3,50,89,White,6k1/5p2/6p1/1pR5/3pP1P1/3r1N1P/1r3PK1/8 w - - 0 50,f3d2,20,-601,370,e4e5,c5d5,2,29
sprt_game_3,50,89,White,6k1/5p2/6p1/1pR5/3pP1P1/3r1N1P/1r3PK1/8 w - - 0 50,c5b5,21,-609,378,e4e5,c5d5,2,29
sprt_game_3,50,89,White,6k1/5p2/6p1/1pR5/3pP1P1/3r1N1P/1r3PK1/8 w - - 0 50,c5h5,22,-619,388,e4e5,c5d5,2,29
sprt_game_3,50,89,White,6k1/5p2/6p1/1pR5/3pP1P1/3r1N1P/1r3PK1/8 w - - 0 50,c5c4,23,-654,423,e4e5,c5d5,2,29
sprt_game_3,50,89,White,6k1/5p2/6p1/1pR5/3pP1P1/3r1N1P/1r3PK1/8 w - - 0 50,g2h2,24,-670,439,e4e5,c5d5,2,29
sprt_game_3,50,89,White,6k1/5p2/6p1/1pR5/3pP1P1/3r1N1P/1r3PK1/8 w - - 0 50,g2g1,25,-678,447,e4e5,c5d5,2,29
sprt_game_3,50,89,White,6k1/5p2/6p1/1pR5/3pP1P1/3r1N1P/1r3PK1/8 w - - 0 50,g2f1,26,-683,452,e4e5,c5d5,2,29
sprt_game_3,50,89,White,6k1/5p2/6p1/1pR5/3pP1P1/3r1N1P/1r3PK1/8 w - - 0 50,c5c2,27,-690,459,e4e5,c5d5,2,29
sprt_game_3,50,89,White,6k1/5p2/6p1/1pR5/3pP1P1/3r1N1P/1r3PK1/8 w - - 0 50,g2h1,28,-715,484,e4e5,c5d5,2,29
sprt_game_3,50,89,White,6k1/5p2/6p1/1pR5/3pP1P1/3r1N1P/1r3PK1/8 w - - 0 50,c5c3,29,-744,513,e4e5,c5d5,2,29
sprt_game_3,52,93,White,6k1/5p2/6p1/1p1RP3/6P1/2rp1N1P/1r3PK1/8 w - - 0 52,f3g5,1,-214,0,f3g5,d5d8,2,22
sprt_game_3,52,93,White,6k1/5p2/6p1/1p1RP3/6P1/2rp1N1P/1r3PK1/8 w - - 0 52,d5d8,2,-247,33,f3g5,d5d8,2,22
sprt_game_3,52,93,White,6k1/5p2/6p1/1p1RP3/6P1/2rp1N1P/1r3PK1/8 w - - 0 52,h3h4,3,-320,106,f3g5,d5d8,2,22
sprt_game_3,52,93,White,6k1/5p2/6p1/1p1RP3/6P1/2rp1N1P/1r3PK1/8 w - - 0 52,d5d4,4,-364,150,f3g5,d5d8,2,22
sprt_game_3,52,93,White,6k1/5p2/6p1/1p1RP3/6P1/2rp1N1P/1r3PK1/8 w - - 0 52,d5d6,5,-369,155,f3g5,d5d8,2,22
sprt_game_3,52,93,White,6k1/5p2/6p1/1p1RP3/6P1/2rp1N1P/1r3PK1/8 w - - 0 52,d5d7,6,-376,162,f3g5,d5d8,2,22
sprt_game_3,52,93,White,6k1/5p2/6p1/1p1RP3/6P1/2rp1N1P/1r3PK1/8 w - - 0 52,e5e6,7,-412,198,f3g5,d5d8,2,22
sprt_game_3,52,93,White,6k1/5p2/6p1/1p1RP3/6P1/2rp1N1P/1r3PK1/8 w - - 0 52,g4g5,8,-421,207,f3g5,d5d8,2,22
sprt_game_3,52,93,White,6k1/5p2/6p1/1p1RP3/6P1/2rp1N1P/1r3PK1/8 w - - 0 52,g2h2,9,-432,218,f3g5,d5d8,2,22
sprt_game_3,52,93,White,6k1/5p2/6p1/1p1RP3/6P1/2rp1N1P/1r3PK1/8 w - - 0 52,f3h2,10,-437,223,f3g5,d5d8,2,22
sprt_game_3,52,93,White,6k1/5p2/6p1/1p1RP3/6P1/2rp1N1P/1r3PK1/8 w - - 0 52,g2g3,11,-448,234,f3g5,d5d8,2,22
sprt_game_3,52,93,White,6k1/5p2/6p1/1p1RP3/6P1/2rp1N1P/1r3PK1/8 w - - 0 52,g2g1,12,-456,242,f3g5,d5d8,2,22
sprt_game_3,52,93,White,6k1/5p2/6p1/1p1RP3/6P1/2rp1N1P/1r3PK1/8 w - - 0 52,f3h4,13,-465,251,f3g5,d5d8,2,22
sprt_game_3,52,93,White,6k1/5p2/6p1/1p1RP3/6P1/2rp1N1P/1r3PK1/8 w - - 0 52,f3d4,14,-473,259,f3g5,d5d8,2,22
sprt_game_3,52,93,White,6k1/5p2/6p1/1p1RP3/6P1/2rp1N1P/1r3PK1/8 w - - 0 52,f3g1,15,-485,271,f3g5,d5d8,2,22
sprt_game_3,52,93,White,6k1/5p2/6p1/1p1RP3/6P1/2rp1N1P/1r3PK1/8 w - - 0 52,f3e1,16,-490,276,f3g5,d5d8,2,22
sprt_game_3,52,93,White,6k1/5p2/6p1/1p1RP3/6P1/2rp1N1P/1r3PK1/8 w - - 0 52,g2f1,17,-492,278,f3g5,d5d8,2,22
sprt_game_3,52,93,White,6k1/5p2/6p1/1p1RP3/6P1/2rp1N1P/1r3PK1/8 w - - 0 52,f3d2,18,-518,304,f3g5,d5d8,2,22
sprt_game_3,52,93,White,6k1/5p2/6p1/1p1RP3/6P1/2rp1N1P/1r3PK1/8 w - - 0 52,d5d3,19,-640,426,f3g5,d5d8,2,22
sprt_game_3,52,93,White,6k1/5p2/6p1/1p1RP3/6P1/2rp1N1P/1r3PK1/8 w - - 0 52,d5b5,20,-653,439,f3g5,d5d8,2,22
sprt_game_3,52,93,White,6k1/5p2/6p1/1p1RP3/6P1/2rp1N1P/1r3PK1/8 w - - 0 52,g2h1,21,-681,467,f3g5,d5d8,2,22
sprt_game_3,52,93,White,6k1/5p2/6p1/1p1RP3/6P1/2rp1N1P/1r3PK1/8 w - - 0 52,d5c5,22,-703,489,f3g5,d5d8,2,22
sprt_game_3,53,95,White,5k2/5p2/6p1/1p1RP1N1/6P1/2rp3P/1r3PK1/8 w - - 2 53,g5e4,1,-208,0,g5e4,e5e6,2,20
sprt_game_3,53,95,White,5k2/5p2/6p1/1p1RP1N1/6P1/2rp3P/1r3PK1/8 w - - 2 53,e5e6,2,-349,141,g5e4,e5e6,2,20
sprt_game_3,53,95,White,5k2/5p2/6p1/1p1RP1N1/6P1/2rp3P/1r3PK1/8 w - - 2 53,g5h7,3,-406,198,g5e4,e5e6,2,20
sprt_game_3,53,95,White,5k2/5p2/6p1/1p1RP1N1/6P1/2rp3P/1r3PK1/8 w - - 2 53,g5f3,4,-424,216,g5e4,e5e6,2,20
sprt_game_3,53,95,White,5k2/5p2/6p1/1p1RP1N1/6P1/2rp3P/1r3PK1/8 w - - 2 53,h3h4,5,-426,218,g5e4,e5e6,2,20
sprt_game_3,53,95,White,5k2/5p2/6p1/1p1RP1N1/6P1/2rp3P/1r3PK1/8 w - - 2 53,d5d6,6,-431,223,g5e4,e5e6,2,20
sprt_game_3,53,95,White,5k2/5p2/6p1/1p1RP1N1/6P1/2rp3P/1r3PK1/8 w - - 2 53,d5d7,7,-432,224,g5e4,e5e6,2,20
sprt_game_3,53,95,White,5k2/5p2/6p1/1p1RP1N1/6P1/2rp3P/1r3PK1/8 w - - 2 53,g2f3,8,-437,229,g5e4,e5e6,2,20
sprt_game_3,53,95,White,5k2/5p2/6p1/1p1RP1N1/6P1/2rp3P/1r3PK1/8 w - - 2 53,d5d8,9,-447,239,g5e4,e5e6,2,20
sprt_game_3,53,95,White,5k2/5p2/6p1/1p1RP1N1/6P1/2rp3P/1r3PK1/8 w - - 2 53,d5d4,10,-449,241,g5e4,e5e6,2,20
sprt_game_3,53,95,White,5k2/5p2/6p1/1p1RP1N1/6P1/2rp3P/1r3PK1/8 w - - 2 53,g2g3,11,-487,279,g5e4,e5e6,2,20
sprt_game_3,53,95,White,5k2/5p2/6p1/1p1RP1N1/6P1/2rp3P/1r3PK1/8 w - - 2 53,g2h2,12,-504,296,g5e4,e5e6,2,20
sprt_game_3,53,95,White,5k2/5p2/6p1/1p1RP1N1/6P1/2rp3P/1r3PK1/8 w - - 2 53,g2g1,13,-537,329,g5e4,e5e6,2,20
sprt_game_3,53,95,White,5k2/5p2/6p1/1p1RP1N1/6P1/2rp3P/1r3PK1/8 w - - 2 53,g5f7,14,-569,361,g5e4,e5e6,2,20
sprt_game_3,53,95,White,5k2/5p2/6p1/1p1RP1N1/6P1/2rp3P/1r3PK1/8 w - - 2 53,g2f1,15,-570,362,g5e4,e5e6,2,20
sprt_game_3,53,95,White,5k2/5p2/6p1/1p1RP1N1/6P1/2rp3P/1r3PK1/8 w - - 2 53,d5d3,16,-616,408,g5e4,e5e6,2,20
sprt_game_3,53,95,White,5k2/5p2/6p1/1p1RP1N1/6P1/2rp3P/1r3PK1/8 w - - 2 53,d5b5,17,-659,451,g5e4,e5e6,2,20
sprt_game_3,53,95,White,5k2/5p2/6p1/1p1RP1N1/6P1/2rp3P/1r3PK1/8 w - - 2 53,g5e6,18,-672,464,g5e4,e5e6,2,20
sprt_game_3,53,95,White,5k2/5p2/6p1/1p1RP1N1/6P1/2rp3P/1r3PK1/8 w - - 2 53,d5c5,19,-728,520,g5e4,e5e6,2,20
sprt_game_3,53,95,White,5k2/5p2/6p1/1p1RP1N1/6P1/2rp3P/1r3PK1/8 w - - 2 53,g2h1,20,-31985,31777,g5e4,e5e6,2,20
sprt_game_3,54,97,White,5k2/5p2/6p1/1p1RP3/4N1P1/r2p3P/1r3PK1/8 w - - 4 54,d5d7,1,-216,0,d5d7,h3h4,2,23
sprt_game_3,54,97,White,5k2/5p2/6p1/1p1RP3/4N1P1/r2p3P/1r3PK1/8 w - - 4 54,h3h4,2,-275,59,d5d7,h3h4,2,23
sprt_game_3,54,97,White,5k2/5p2/6p1/1p1RP3/4N1P1/r2p3P/1r3PK1/8 w - - 4 54,g2f3,3,-292,76,d5d7,h3h4,2,23
sprt_game_3,54,97,White,5k2/5p2/6p1/1p1RP3/4N1P1/r2p3P/1r3PK1/8 w - - 4 54,e4f6,4,-304,88,d5d7,h3h4,2,23
sprt_game_3,54,97,White,5k2/5p2/6p1/1p1RP3/4N1P1/r2p3P/1r3PK1/8 w - - 4 54,g2g3,5,-313,97,d5d7,h3h4,2,23
sprt_game_3,54,97,White,5k2/5p2/6p1/1p1RP3/4N1P1/r2p3P/1r3PK1/8 w - - 4 54,d5d6,6,-329,113,d5d7,h3h4,2,23
sprt_game_3,54,97,White,5k2/5p2/6p1/1p1RP3/4N1P1/r2p3P/1r3PK1/8 w - - 4 54,d5d8,7,-349,133,d5d7,h3h4,2,23
sprt_game_3,54,97,White,5k2/5p2/6p1/1p1RP3/4N1P1/r2p3P/1r3PK1/8 w - - 4 54,e5e6,8,-360,144,d5d7,h3h4,2,23
sprt_game_3,54,97,White,5k2/5p2/6p1/1p1RP3/4N1P1/r2p3P/1r3PK1/8 w - - 4 54,g4g5,9,-385,169,d5d7,h3h4,2,23
sprt_game_3,54,97,White,5k2/5p2/6p1/1p1RP3/4N1P1/r2p3P/1r3PK1/8 w - - 4 54,d5c5,10,-419,203,d5d7,h3h4,2,23
sprt_game_3,54,97,White,5k2/5p2/6p1/1p1RP3/4N1P1/r2p3P/1r3PK1/8 w - - 4 54,e4g3,11,-419,203,d5d7,h3h4,2,23
sprt_game_3,54,97,White,5k2/5p2/6p1/1p1RP3/4N1P1/r2p3P/1r3PK1/8 w - - 4 54,g2h2,12,-432,216,d5d7,h3h4,2,23
sprt_game_3,54,97,White,5k2/5p2/6p1/1p1RP3/4N1P1/r2p3P/1r3PK1/8 w - - 4 54,g2g1,13,-467,251,d5d7,h3h4,2,23
sprt_game_3,54,97,White,5k2/5p2/6p1/1p1RP3/4N1P1/r2p3P/1r3PK1/8 w - - 4 54,g2h1,14,-471,255,d5d7,h3h4,2,23
sprt_game_3,54,97,White,5k2/5p2/6p1/1p1RP3/4N1P1/r2p3P/1r3PK1/8 w - - 4 54,g2f1,15,-482,266,d5d7,h3h4,2,23
sprt_game_3,54,97,White,5k2/5p2/6p1/1p1RP3/4N1P1/r2p3P/1r3PK1/8 w - - 4 54,e4d6,16,-488,272,d5d7,h3h4,2,23
sprt_game_3,54,97,White,5k2/5p2/6p1/1p1RP3/4N1P1/r2p3P/1r3PK1/8 w - - 4 54,e4c5,17,-492,276,d5d7,h3h4,2,23
sprt_game_3,54,97,White,5k2/5p2/6p1/1p1RP3/4N1P1/r2p3P/1r3PK1/8 w - - 4 54,e4g5,18,-493,277,d5d7,h3h4,2,23
sprt_game_3,54,97,White,5k2/5p2/6p1/1p1RP3/4N1P1/r2p3P/1r3PK1/8 w - - 4 54,d5d4,19,-543,327,d5d7,h3h4,2,23
sprt_game_3,54,97,White,5k2/5p2/6p1/1p1RP3/4N1P1/r2p3P/1r3PK1/8 w - - 4 54,e4d2,20,-545,329,d5d7,h3h4,2,23
sprt_game_3,54,97,White,5k2/5p2/6p1/1p1RP3/4N1P1/r2p3P/1r3PK1/8 w - - 4 54,e4c3,21,-583,367,d5d7,h3h4,2,23
sprt_game_3,54,97,White,5k2/5p2/6p1/1p1RP3/4N1P1/r2p3P/1r3PK1/8 w - - 4 54,d5d3,22,-605,389,d5d7,h3h4,2,23
sprt_game_3,54,97,White,5k2/5p2/6p1/1p1RP3/4N1P1/r2p3P/1r3PK1/8 w - - 4 54,d5b5,23,-644,428,d5d7,h3h4,2,23
sprt_game_3,58,105,White,5k2/5p2/6p1/4P3/3RNKP1/rp1p3P/5P2/4r3 w - - 0 58,e4f6,1,-420,0,e4d2,e4f6,2,22
sprt_game_3,58,105,White,5k2/5p2/6p1/4P3/3RNKP1/rp1p3P/5P2/4r3 w - - 0 58,d4d8,2,-462,42,e4d2,e4f6,2,22
sprt_game_3,58,105,White,5k2/5p2/6p1/4P3/3RNKP1/rp1p3P/5P2/4r3 w - - 0 58,e4d2,3,-482,62,e4d2,e4f6,2,22
sprt_game_3,58,105,White,5k2/5p2/6p1/4P3/3RNKP1/rp1p3P/5P2/4r3 w - - 0 58,d4d3,4,-489,69,e4d2,e4f6,2,22
sprt_game_3,58,105,White,5k2/5p2/6p1/4P3/3RNKP1/rp1p3P/5P2/4r3 w - - 0 58,g4g5,5,-558,138,e4d2,e4f6,2,22
sprt_game_3,58,105,White,5k2/5p2/6p1/4P3/3RNKP1/rp1p3P/5P2/4r3 w - - 0 58,f4f3,6,-562,142,e4d2,e4f6,2,22
sprt_game_3,58,105,White,5k2/5p2/6p1/4P3/3RNKP1/rp1p3P/5P2/4r3 w - - 0 58,h3h4,7,-562,142,e4d2,e4f6,2,22
sprt_game_3,58,105,White,5k2/5p2/6p1/4P3/3RNKP1/rp1p3P/5P2/4r3 w - - 0 58,f2f3,8,-575,155,e4d2,e4f6,2,22
sprt_game_3,58,105,White,5k2/5p2/6p1/4P3/3RNKP1/rp1p3P/5P2/4r3 w - - 0 58,e4c3,9,-582,162,e4d2,e4f6,2,22
sprt_game_3,58,105,White,5k2/5p2/6p1/4P3/3RNKP1/rp1p3P/5P2/4r3 w - - 0 58,d4d7,10,-583,163,e4d2,e4f6,2,22
sprt_game_3,58,105,White,5k2/5p2/6p1/4P3/3RNKP1/rp1p3P/5P2/4r3 w - - 0 58,f4g5,11,-590,170,e4d2,e4f6,2,22
sprt_game_3,58,105,White,5k2/5p2/6p1/4P3/3RNKP1/rp1p3P/5P2/4r3 w - - 0 58,e5e6,12,-610,190,e4d2,e4f6,2,22
sprt_game_3,58,105,White,5k2/5p2/6p1/4P3/3RNKP1/rp1p3P/5P2/4r3 w - - 0 58,d4d6,13,-618,198,e4d2,e4f6,2,22
sprt_game_3,58,105,White,5k2/5p2/6p1/4P3/3RNKP1/rp1p3P/5P2/4r3 w - - 0 58,f4g3,14,-636,216,e4d2,e4f6,2,22
sprt_game_3,58,105,White,5k2/5p2/6p1/4P3/3RNKP1/rp1p3P/5P2/4r3 w - - 0 58,e4c5,15,-636,216,e4d2,e4f6,2,22
sprt_game_3,58,105,White,5k2/5p2/6p1/4P3/3RNKP1/rp1p3P/5P2/4r3 w - - 0 58,d4d5,16,-642,222,e4d2,e4f6,2,22
sprt_game_3,58,105,White,5k2/5p2/6p1/4P3/3RNKP1/rp1p3P/5P2/4r3 w - - 0 58,e4g5,17,-687,267,e4d2,e4f6,2,22
sprt_game_3,58,105,White,5k2/5p2/6p1/4P3/3RNKP1/rp1p3P/5P2/4r3 w - - 0 58,e4d6,18,-689,269,e4d2,e4f6,2,22
sprt_game_3,58,105,White,5k2/5p2/6p1/4P3/3RNKP1/rp1p3P/5P2/4r3 w - - 0 58,e4g3,19,-706,286,e4d2,e4f6,2,22
sprt_game_3,58,105,White,5k2/5p2/6p1/4P3/3RNKP1/rp1p3P/5P2/4r3 w - - 0 58,d4c4,20,-712,292,e4d2,e4f6,2,22
sprt_game_3,58,105,White,5k2/5p2/6p1/4P3/3RNKP1/rp1p3P/5P2/4r3 w - - 0 58,d4b4,21,-719,299,e4d2,e4f6,2,22
sprt_game_3,58,105,White,5k2/5p2/6p1/4P3/3RNKP1/rp1p3P/5P2/4r3 w - - 0 58,d4a4,22,-968,548,e4d2,e4f6,2,22
sprt_game_3,60,109,White,5k2/5p2/6p1/4P3/1R2K1P1/rp5P/3p1P2/8 w - - 0 60,b4b8,1,-859,0,b4d4,e5e6,2,19
sprt_game_3,60,109,White,5k2/5p2/6p1/4P3/1R2K1P1/rp5P/3p1P2/8 w - - 0 60,e5e6,2,-888,29,b4d4,e5e6,2,19
sprt_game_3,60,109,White,5k2/5p2/6p1/4P3/1R2K1P1/rp5P/3p1P2/8 w - - 0 60,b4b7,3,-917,58,b4d4,e5e6,2,19
sprt_game_3,60,109,White,5k2/5p2/6p1/4P3/1R2K1P1/rp5P/3p1P2/8 w - - 0 60,g4g5,4,-919,60,b4d4,e5e6,2,19
sprt_game_3,60,109,White,5k2/5p2/6p1/4P3/1R2K1P1/rp5P/3p1P2/8 w - - 0 60,b4b6,5,-937,78,b4d4,e5e6,2,19
sprt_game_3,60,109,White,5k2/5p2/6p1/4P3/1R2K1P1/rp5P/3p1P2/8 w - - 0 60,e4d5,6,-943,84,b4d4,e5e6,2,19
sprt_game_3,60,109,White,5k2/5p2/6p1/4P3/1R2K1P1/rp5P/3p1P2/8 w - - 0 60,b4d4,7,-950,91,b4d4,e5e6,2,19
sprt_game_3,60,109,White,5k2/5p2/6p1/4P3/1R2K1P1/rp5P/3p1P2/8 w - - 0 60,h3h4,8,-963,104,b4d4,e5e6,2,19
sprt_game_3,60,109,White,5k2/5p2/6p1/4P3/1R2K1P1/rp5P/3p1P2/8 w - - 0 60,e4f4,9,-1021,162,b4d4,e5e6,2,19
sprt_game_3,60,109,White,5k2/5p2/6p1/4P3/1R2K1P1/rp5P/3p1P2/8 w - - 0 60,b4b5,10,-1050,191,b4d4,e5e6,2,19
sprt_game_3,60,109,White,5k2/5p2/6p1/4P3/1R2K1P1/rp5P/3p1P2/8 w - - 0 60,f2f3,11,-6343,5484,b4d4,e5e6,2,19
sprt_game_3,60,109,White,5k2/5p2/6p1/4P3/1R2K1P1/rp5P/3p1P2/8 w - - 0 60,b4c4,12,-31988,31129,b4d4,e5e6,2,19
sprt_game_3,60,109,White,5k2/5p2/6p1/4P3/1R2K1P1/rp5P/3p1P2/8 w - - 0 60,f2f4,13,-31989,31130,b4d4,e5e6,2,19
sprt_game_3,60,109,White,5k2/5p2/6p1/4P3/1R2K1P1/rp5P/3p1P2/8 w - - 0 60,e4d4,14,-31990,31131,b4d4,e5e6,2,19
sprt_game_3,60,109,White,5k2/5p2/6p1/4P3/1R2K1P1/rp5P/3p1P2/8 w - - 0 60,e4d3,15,-31991,31132,b4d4,e5e6,2,19
sprt_game_3,60,109,White,5k2/5p2/6p1/4P3/1R2K1P1/rp5P/3p1P2/8 w - - 0 60,e4f3,16,-31992,31133,b4d4,e5e6,2,19
sprt_game_3,60,109,White,5k2/5p2/6p1/4P3/1R2K1P1/rp5P/3p1P2/8 w - - 0 60,e4e3,17,-31992,31133,b4d4,e5e6,2,19
sprt_game_3,60,109,White,5k2/5p2/6p1/4P3/1R2K1P1/rp5P/3p1P2/8 w - - 0 60,b4a4,18,-31992,31133,b4d4,e5e6,2,19
sprt_game_3,60,109,White,5k2/5p2/6p1/4P3/1R2K1P1/rp5P/3p1P2/8 w - - 0 60,b4b3,19,-31994,31135,b4d4,e5e6,2,19
sprt_game_3,61,111,White,1R6/5pk1/6p1/4P3/4K1P1/rp5P/3p1P2/8 w - - 2 61,e5e6,1,-910,0,e5e6,b8d8,2,23
sprt_game_3,61,111,White,1R6/5pk1/6p1/4P3/4K1P1/rp5P/3p1P2/8 w - - 2 61,g4g5,2,-1119,209,e5e6,b8d8,2,23
sprt_game_3,61,111,White,1R6/5pk1/6p1/4P3/4K1P1/rp5P/3p1P2/8 w - - 2 61,b8b7,3,-1170,260,e5e6,b8d8,2,23
sprt_game_3,61,111,White,1R6/5pk1/6p1/4P3/4K1P1/rp5P/3p1P2/8 w - - 2 61,b8b6,4,-1401,491,e5e6,b8d8,2,23
sprt_game_3,61,111,White,1R6/5pk1/6p1/4P3/4K1P1/rp5P/3p1P2/8 w - - 2 61,h3h4,5,-31989,31079,e5e6,b8d8,2,23
sprt_game_3,61,111,White,1R6/5pk1/6p1/4P3/4K1P1/rp5P/3p1P2/8 w - - 2 61,b8a8,6,-31990,31080,e5e6,b8d8,2,23
sprt_game_3,61,111,White,1R6/5pk1/6p1/4P3/4K1P1/rp5P/3p1P2/8 w - - 2 61,f2f4,7,-31991,31081,e5e6,b8d8,2,23
sprt_game_3,61,111,White,1R6/5pk1/6p1/4P3/4K1P1/rp5P/3p1P2/8 w - - 2 61,b8d8,8,-31992,31082,e5e6,b8d8,2,23
sprt_game_3,61,111,White,1R6/5pk1/6p1/4P3/4K1P1/rp5P/3p1P2/8 w - - 2 61,b8b5,9,-31992,31082,e5e6,b8d8,2,23
sprt_game_3,61,111,White,1R6/5pk1/6p1/4P3/4K1P1/rp5P/3p1P2/8 w - - 2 61,b8b4,10,-31992,31082,e5e6,b8d8,2,23
sprt_game_3,61,111,White,1R6/5pk1/6p1/4P3/4K1P1/rp5P/3p1P2/8 w - - 2 61,e4d5,11,-31992,31082,e5e6,b8d8,2,23
sprt_game_3,61,111,White,1R6/5pk1/6p1/4P3/4K1P1/rp5P/3p1P2/8 w - - 2 61,e4d4,12,-31992,31082,e5e6,b8d8,2,23
sprt_game_3,61,111,White,1R6/5pk1/6p1/4P3/4K1P1/rp5P/3p1P2/8 w - - 2 61,e4d3,13,-31992,31082,e5e6,b8d8,2,23
sprt_game_3,61,111,White,1R6/5pk1/6p1/4P3/4K1P1/rp5P/3p1P2/8 w - - 2 61,b8h8,14,-31993,31083,e5e6,b8d8,2,23
sprt_game_3,61,111,White,1R6/5pk1/6p1/4P3/4K1P1/rp5P/3p1P2/8 w - - 2 61,b8g8,15,-31993,31083,e5e6,b8d8,2,23
sprt_game_3,61,111,White,1R6/5pk1/6p1/4P3/4K1P1/rp5P/3p1P2/8 w - - 2 61,b8f8,16,-31993,31083,e5e6,b8d8,2,23
sprt_game_3,61,111,White,1R6/5pk1/6p1/4P3/4K1P1/rp5P/3p1P2/8 w - - 2 61,b8e8,17,-31993,31083,e5e6,b8d8,2,23
sprt_game_3,61,111,White,1R6/5pk1/6p1/4P3/4K1P1/rp5P/3p1P2/8 w - - 2 61,b8c8,18,-31993,31083,e5e6,b8d8,2,23
sprt_game_3,61,111,White,1R6/5pk1/6p1/4P3/4K1P1/rp5P/3p1P2/8 w - - 2 61,e4f4,19,-31993,31083,e5e6,b8d8,2,23
sprt_game_3,61,111,White,1R6/5pk1/6p1/4P3/4K1P1/rp5P/3p1P2/8 w - - 2 61,e4e3,20,-31993,31083,e5e6,b8d8,2,23
sprt_game_3,61,111,White,1R6/5pk1/6p1/4P3/4K1P1/rp5P/3p1P2/8 w - - 2 61,f2f3,21,-31993,31083,e5e6,b8d8,2,23
sprt_game_3,61,111,White,1R6/5pk1/6p1/4P3/4K1P1/rp5P/3p1P2/8 w - - 2 61,b8b3,22,-31994,31084,e5e6,b8d8,2,23
sprt_game_3,61,111,White,1R6/5pk1/6p1/4P3/4K1P1/rp5P/3p1P2/8 w - - 2 61,e4f3,23,-31994,31084,e5e6,b8d8,2,23
sprt_game_3,63,115,White,1R6/5pk1/6p1/4P3/3q1KP1/rp5P/5P2/8 w - - 2 63,f4g3,1,-31994,0,f4f3,f4g3,2,3
sprt_game_3,63,115,White,1R6/5pk1/6p1/4P3/3q1KP1/rp5P/5P2/8 w - - 2 63,f4f3,2,-31994,0,f4f3,f4g3,2,3
sprt_game_3,63,115,White,1R6/5pk1/6p1/4P3/3q1KP1/rp5P/5P2/8 w - - 2 63,f4g5,3,-31998,4,f4f3,f4g3,2,3
sprt_game_3,66,121,White,8/5pk1/6p1/4P3/4K1P1/1R5P/4rq2/8 w - - 2 66,e4d5,1,-31989,0,e4d5,e4d3,2,3
sprt_game_3,66,121,White,8/5pk1/6p1/4P3/4K1P1/1R5P/4rq2/8 w - - 2 66,e4d3,2,-31995,6,e4d5,e4d3,2,3
sprt_game_3,66,121,White,8/5pk1/6p1/4P3/4K1P1/1R5P/4rq2/8 w - - 2 66,b3e3,3,-31995,6,e4d5,e4d3,2,3
sprt_game_3,70,129,White,8/5pk1/4P1p1/3K4/6P1/7r/3q4/8 w - - 1 70,d5c6,1,-31997,0,d5c4,d5c6,2,5
sprt_game_3,70,129,White,8/5pk1/4P1p1/3K4/6P1/7r/3q4/8 w - - 1 70,d5c5,2,-31997,0,d5c4,d5c6,2,5
sprt_game_3,70,129,White,8/5pk1/4P1p1/3K4/6P1/7r/3q4/8 w - - 1 70,d5c4,3,-31997,0,d5c4,d5c6,2,5
sprt_game_3,70,129,White,8/5pk1/4P1p1/3K4/6P1/7r/3q4/8 w - - 1 70,d5e5,4,-31998,1,d5c4,d5c6,2,5
sprt_game_3,70,129,White,8/5pk1/4P1p1/3K4/6P1/7r/3q4/8 w - - 1 70,d5e4,5,-31998,1,d5c4,d5c6,2,5
sprt_game_4,14,18,Black,r4rk1/pp1bbppp/2n1pn2/2q5/4N3/P2B1N2/1PPBQPPP/2KR3R b - - 2 14,c5b6,1,-78,0,c5h5,c5b6,7,50
sprt_game_4,14,18,Black,r4rk1/pp1bbppp/2n1pn2/2q5/4N3/P2B1N2/1PPBQPPP/2KR3R b - - 2 14,f6e4,2,-93,15,c5h5,c5b6,7,50
sprt_game_4,14,18,Black,r4rk1/pp1bbppp/2n1pn2/2q5/4N3/P2B1N2/1PPBQPPP/2KR3R b - - 2 14,c5h5,3,-132,54,c5h5,c5b6,7,50
sprt_game_4,14,18,Black,r4rk1/pp1bbppp/2n1pn2/2q5/4N3/P2B1N2/1PPBQPPP/2KR3R b - - 2 14,c6d4,4,-180,102,c5h5,c5b6,7,50
sprt_game_4,14,18,Black,r4rk1/pp1bbppp/2n1pn2/2q5/4N3/P2B1N2/1PPBQPPP/2KR3R b - - 2 14,c5d5,5,-250,172,c5h5,c5b6,7,50
sprt_game_4,14,18,Black,r4rk1/pp1bbppp/2n1pn2/2q5/4N3/P2B1N2/1PPBQPPP/2KR3R b - - 2 14,c5f5,6,-377,299,c5h5,c5b6,7,50
sprt_game_4,14,18,Black,r4rk1/pp1bbppp/2n1pn2/2q5/4N3/P2B1N2/1PPBQPPP/2KR3R b - - 2 14,c5d4,7,-462,384,c5h5,c5b6,7,50
sprt_game_4,14,18,Black,r4rk1/pp1bbppp/2n1pn2/2q5/4N3/P2B1N2/1PPBQPPP/2KR3R b - - 2 14,b7b6,8,-466,388,c5h5,c5b6,7,50
sprt_game_4,14,18,Black,r4rk1/pp1bbppp/2n1pn2/2q5/4N3/P2B1N2/1PPBQPPP/2KR3R b - - 2 14,e6e5,9,-475,397,c5h5,c5b6,7,50
sprt_game_4,14,18,Black,r4rk1/pp1bbppp/2n1pn2/2q5/4N3/P2B1N2/1PPBQPPP/2KR3R b - - 2 14,c5a3,10,-489,411,c5h5,c5b6,7,50
sprt_game_4,14,18,Black,r4rk1/pp1bbppp/2n1pn2/2q5/4N3/P2B1N2/1PPBQPPP/2KR3R b - - 2 14,f8d8,11,-492,414,c5h5,c5b6,7,50
sprt_game_4,14,18,Black,r4rk1/pp1bbppp/2n1pn2/2q5/4N3/P2B1N2/1PPBQPPP/2KR3R b - - 2 14,a8c8,12,-494,416,c5h5,c5b6,7,50
sprt_game_4,14,18,Black,r4rk1/pp1bbppp/2n1pn2/2q5/4N3/P2B1N2/1PPBQPPP/2KR3R b - - 2 14,f8e8,13,-498,420,c5h5,c5b6,7,50
sprt_game_4,14,18,Black,r4rk1/pp1bbppp/2n1pn2/2q5/4N3/P2B1N2/1PPBQPPP/2KR3R b - - 2 14,h7h6,14,-502,424,c5h5,c5b6,7,50
sprt_game_4,14,18,Black,r4rk1/pp1bbppp/2n1pn2/2q5/4N3/P2B1N2/1PPBQPPP/2KR3R b - - 2 14,b7b5,15,-502,424,c5h5,c5b6,7,50
sprt_game_4,14,18,Black,r4rk1/pp1bbppp/2n1pn2/2q5/4N3/P2B1N2/1PPBQPPP/2KR3R b - - 2 14,a8b8,16,-505,427,c5h5,c5b6,7,50
sprt_game_4,14,18,Black,r4rk1/pp1bbppp/2n1pn2/2q5/4N3/P2B1N2/1PPBQPPP/2KR3R b - - 2 14,f6d5,17,-509,431,c5h5,c5b6,7,50
sprt_game_4,14,18,Black,r4rk1/pp1bbppp/2n1pn2/2q5/4N3/P2B1N2/1PPBQPPP/2KR3R b - - 2 14,a7a5,18,-511,433,c5h5,c5b6,7,50
sprt_game_4,14,18,Black,r4rk1/pp1bbppp/2n1pn2/2q5/4N3/P2B1N2/1PPBQPPP/2KR3R b - - 2 14,d7e8,19,-512,434,c5h5,c5b6,7,50
sprt_game_4,14,18,Black,r4rk1/pp1bbppp/2n1pn2/2q5/4N3/P2B1N2/1PPBQPPP/2KR3R b - - 2 14,a8e8,20,-514,436,c5h5,c5b6,7,50
sprt_game_4,14,18,Black,r4rk1/pp1bbppp/2n1pn2/2q5/4N3/P2B1N2/1PPBQPPP/2KR3R b - - 2 14,f8b8,21,-515,437,c5h5,c5b6,7,50
sprt_game_4,14,18,Black,r4rk1/pp1bbppp/2n1pn2/2q5/4N3/P2B1N2/1PPBQPPP/2KR3R b - - 2 14,a8d8,22,-515,437,c5h5,c5b6,7,50
sprt_game_4,14,18,Black,r4rk1/pp1bbppp/2n1pn2/2q5/4N3/P2B1N2/1PPBQPPP/2KR3R b - - 2 14,c5e5,23,-516,438,c5h5,c5b6,7,50
sprt_game_4,14,18,Black,r4rk1/pp1bbppp/2n1pn2/2q5/4N3/P2B1N2/1PPBQPPP/2KR3R b - - 2 14,g7g6,24,-520,442,c5h5,c5b6,7,50
sprt_game_4,14,18,Black,r4rk1/pp1bbppp/2n1pn2/2q5/4N3/P2B1N2/1PPBQPPP/2KR3R b - - 2 14,f8c8,25,-523,445,c5h5,c5b6,7,50
sprt_game_4,14,18,Black,r4rk1/pp1bbppp/2n1pn2/2q5/4N3/P2B1N2/1PPBQPPP/2KR3R b - - 2 14,c5d6,26,-523,445,c5h5,c5b6,7,50
sprt_game_4,14,18,Black,r4rk1/pp1bbppp/2n1pn2/2q5/4N3/P2B1N2/1PPBQPPP/2KR3R b - - 2 14,a7a6,27,-535,457,c5h5,c5b6,7,50
sprt_game_4,14,18,Black,r4rk1/pp1bbppp/2n1pn2/2q5/4N3/P2B1N2/1PPBQPPP/2KR3R b - - 2 14,g8h8,28,-539,461,c5h5,c5b6,7,50
sprt_game_4,14,18,Black,r4rk1/pp1bbppp/2n1pn2/2q5/4N3/P2B1N2/1PPBQPPP/2KR3R b - - 2 14,e7d6,29,-540,462,c5h5,c5b6,7,50
sprt_game_4,14,18,Black,r4rk1/pp1bbppp/2n1pn2/2q5/4N3/P2B1N2/1PPBQPPP/2KR3R b - - 2 14,c5a5,30,-542,464,c5h5,c5b6,7,50
sprt_game_4,14,18,Black,r4rk1/pp1bbppp/2n1pn2/2q5/4N3/P2B1N2/1PPBQPPP/2KR3R b - - 2 14,h7h5,31,-542,464,c5h5,c5b6,7,50
sprt_game_4,14,18,Black,r4rk1/pp1bbppp/2n1pn2/2q5/4N3/P2B1N2/1PPBQPPP/2KR3R b - - 2 14,d7c8,32,-549,471,c5h5,c5b6,7,50
sprt_game_4,14,18,Black,r4rk1/pp1bbppp/2n1pn2/2q5/4N3/P2B1N2/1PPBQPPP/2KR3R b - - 2 14,f6g4,33,-573,495,c5h5,c5b6,7,50
sprt_game_4,14,18,Black,r4rk1/pp1bbppp/2n1pn2/2q5/4N3/P2B1N2/1PPBQPPP/2KR3R b - - 2 14,c6b4,34,-577,499,c5h5,c5b6,7,50
sprt_game_4,14,18,Black,r4rk1/pp1bbppp/2n1pn2/2q5/4N3/P2B1N2/1PPBQPPP/2KR3R b - - 2 14,c6d8,35,-578,500,c5h5,c5b6,7,50
sprt_game_4,14,18,Black,r4rk1/pp1bbppp/2n1pn2/2q5/4N3/P2B1N2/1PPBQPPP/2KR3R b - - 2 14,c5b4,36,-578,500,c5h5,c5b6,7,50
sprt_game_4,14,18,Black,r4rk1/pp1bbppp/2n1pn2/2q5/4N3/P2B1N2/1PPBQPPP/2KR3R b - - 2 14,c6b8,37,-580,502,c5h5,c5b6,7,50
sprt_game_4,14,18,Black,r4rk1/pp1bbppp/2n1pn2/2q5/4N3/P2B1N2/1PPBQPPP/2KR3R b - - 2 14,c6e5,38,-588,510,c5h5,c5b6,7,50
sprt_game_4,14,18,Black,r4rk1/pp1bbppp/2n1pn2/2q5/4N3/P2B1N2/1PPBQPPP/2KR3R b - - 2 14,f6h5,39,-592,514,c5h5,c5b6,7,50
sprt_game_4,14,18,Black,r4rk1/pp1bbppp/2n1pn2/2q5/4N3/P2B1N2/1PPBQPPP/2KR3R b - - 2 14,c5c2,40,-596,518,c5h5,c5b6,7,50
sprt_game_4,14,18,Black,r4rk1/pp1bbppp/2n1pn2/2q5/4N3/P2B1N2/1PPBQPPP/2KR3R b - - 2 14,f6e8,41,-614,536,c5h5,c5b6,7,50
sprt_game_4,14,18,Black,r4rk1/pp1bbppp/2n1pn2/2q5/4N3/P2B1N2/1PPBQPPP/2KR3R b - - 2 14,c5b5,42,-617,539,c5h5,c5b6,7,50
sprt_game_4,14,18,Black,r4rk1/pp1bbppp/2n1pn2/2q5/4N3/P2B1N2/1PPBQPPP/2KR3R b - - 2 14,g7g5,43,-632,554,c5h5,c5b6,7,50
sprt_game_4,14,18,Black,r4rk1/pp1bbppp/2n1pn2/2q5/4N3/P2B1N2/1PPBQPPP/2KR3R b - - 2 14,c5f2,44,-638,560,c5h5,c5b6,7,50
sprt_game_4,14,18,Black,r4rk1/pp1bbppp/2n1pn2/2q5/4N3/P2B1N2/1PPBQPPP/2KR3R b - - 2 14,c5c4,45,-647,569,c5h5,c5b6,7,50
sprt_game_4,14,18,Black,r4rk1/pp1bbppp/2n1pn2/2q5/4N3/P2B1N2/1PPBQPPP/2KR3R b - - 2 14,c5c3,46,-654,576,c5h5,c5b6,7,50
sprt_game_4,14,18,Black,r4rk1/pp1bbppp/2n1pn2/2q5/4N3/P2B1N2/1PPBQPPP/2KR3R b - - 2 14,c6a5,47,-665,587,c5h5,c5b6,7,50
sprt_game_4,14,18,Black,r4rk1/pp1bbppp/2n1pn2/2q5/4N3/P2B1N2/1PPBQPPP/2KR3R b - - 2 14,e7d8,48,-683,605,c5h5,c5b6,7,50
sprt_game_4,14,18,Black,r4rk1/pp1bbppp/2n1pn2/2q5/4N3/P2B1N2/1PPBQPPP/2KR3R b - - 2 14,c5e3,49,-689,611,c5h5,c5b6,7,50
sprt_game_4,14,18,Black,r4rk1/pp1bbppp/2n1pn2/2q5/4N3/P2B1N2/1PPBQPPP/2KR3R b - - 2 14,c5g5,50,-727,649,c5h5,c5b6,7,50
sprt_game_4,15,20,Black,r4rk1/pp1bbppp/2n1pn2/7q/4N3/P2B1N1P/1PPBQPP1/2KR3R b - - 0 15,c6e5,1,-136,0,c6e5,f6e4,7,47
sprt_game_4,15,20,Black,r4rk1/pp1bbppp/2n1pn2/7q/4N3/P2B1N1P/1PPBQPP1/2KR3R b - - 0 15,f6e4,2,-170,34,c6e5,f6e4,7,47
sprt_game_4,15,20,Black,r4rk1/pp1bbppp/2n1pn2/7q/4N3/P2B1N1P/1PPBQPP1/2KR3R b - - 0 15,b7b5,3,-285,149,c6e5,f6e4,7,47
sprt_game_4,15,20,Black,r4rk1/pp1bbppp/2n1pn2/7q/4N3/P2B1N1P/1PPBQPP1/2KR3R b - - 0 15,f8d8,4,-310,174,c6e5,f6e4,7,47
sprt_game_4,15,20,Black,r4rk1/pp1bbppp/2n1pn2/7q/4N3/P2B1N1P/1PPBQPP1/2KR3R b - - 0 15,f8c8,5,-311,175,c6e5,f6e4,7,47
sprt_game_4,15,20,Black,r4rk1/pp1bbppp/2n1pn2/7q/4N3/P2B1N1P/1PPBQPP1/2KR3R b - - 0 15,f8b8,6,-317,181,c6e5,f6e4,7,47
sprt_game_4,15,20,Black,r4rk1/pp1bbppp/2n1pn2/7q/4N3/P2B1N1P/1PPBQPP1/2KR3R b - - 0 15,h7h6,7,-317,181,c6e5,f6e4,7,47
sprt_game_4,15,20,Black,r4rk1/pp1bbppp/2n1pn2/7q/4N3/P2B1N1P/1PPBQPP1/2KR3R b - - 0 15,e7d8,8,-324,188,c6e5,f6e4,7,47
sprt_game_4,15,20,Black,r4rk1/pp1bbppp/2n1pn2/7q/4N3/P2B1N1P/1PPBQPP1/2KR3R b - - 0 15,h5d5,9,-330,194,c6e5,f6e4,7,47
sprt_game_4,15,20,Black,r4rk1/pp1bbppp/2n1pn2/7q/4N3/P2B1N1P/1PPBQPP1/2KR3R b - - 0 15,f8e8,10,-340,204,c6e5,f6e4,7,47
sprt_game_4,15,20,Black,r4rk1/pp1bbppp/2n1pn2/7q/4N3/P2B1N1P/1PPBQPP1/2KR3R b - - 0 15,a8c8,11,-348,212,c6e5,f6e4,7,47
sprt_game_4,15,20,Black,r4rk1/pp1bbppp/2n1pn2/7q/4N3/P2B1N1P/1PPBQPP1/2KR3R b - - 0 15,a7a5,12,-352,216,c6e5,f6e4,7,47
sprt_game_4,15,20,Black,r4rk1/pp1bbppp/2n1pn2/7q/4N3/P2B1N1P/1PPBQPP1/2KR3R b - - 0 15,a8e8,13,-363,227,c6e5,f6e4,7,47
sprt_game_4,15,20,Black,r4rk1/pp1bbppp/2n1pn2/7q/4N3/P2B1N1P/1PPBQPP1/2KR3R b - - 0 15,a8d8,14,-370,234,c6e5,f6e4,7,47
sprt_game_4,15,20,Black,r4rk1/pp1bbppp/2n1pn2/7q/4N3/P2B1N1P/1PPBQPP1/2KR3R b - - 0 15,a7a6,15,-370,234,c6e5,f6e4,7,47
sprt_game_4,15,20,Black,r4rk1/pp1bbppp/2n1pn2/7q/4N3/P2B1N1P/1PPBQPP1/2KR3R b - - 0 15,a8b8,16,-372,236,c6e5,f6e4,7,47
sprt_game_4,15,20,Black,r4rk1/pp1bbppp/2n1pn2/7q/4N3/P2B1N1P/1PPBQPP1/2KR3R b - - 0 15,d7c8,17,-380,244,c6e5,f6e4,7,47
sprt_game_4,15,20,Black,r4rk1/pp1bbppp/2n1pn2/7q/4N3/P2B1N1P/1PPBQPP1/2KR3R b - - 0 15,d7e8,18,-392,256,c6e5,f6e4,7,47
sprt_game_4,15,20,Black,r4rk1/pp1bbppp/2n1pn2/7q/4N3/P2B1N1P/1PPBQPP1/2KR3R b - - 0 15,g8h8,19,-394,258,c6e5,f6e4,7,47
sprt_game_4,15,20,Black,r4rk1/pp1bbppp/2n1pn2/7q/4N3/P2B1N1P/1PPBQPP1/2KR3R b - - 0 15,h5f5,20,-394,258,c6e5,f6e4,7,47
sprt_game_4,15,20,Black,r4rk1/pp1bbppp/2n1pn2/7q/4N3/P2B1N1P/1PPBQPP1/2KR3R b - - 0 15,g7g6,21,-396,260,c6e5,f6e4,7,47
sprt_game_4,15,20,Black,r4rk1/pp1bbppp/2n1pn2/7q/4N3/P2B1N1P/1PPBQPP1/2KR3R b - - 0 15,e7a3,22,-399,263,c6e5,f6e4,7,47
sprt_game_4,15,20,Black,r4rk1/pp1bbppp/2n1pn2/7q/4N3/P2B1N1P/1PPBQPP1/2KR3R b - - 0 15,c6a5,23,-399,263,c6e5,f6e4,7,47
sprt_game_4,15,20,Black,r4rk1/pp1bbppp/2n1pn2/7q/4N3/P2B1N1P/1PPBQPP1/2KR3R b - - 0 15,c6d8,24,-403,267,c6e5,f6e4,7,47
sprt_game_4,15,20,Black,r4rk1/pp1bbppp/2n1pn2/7q/4N3/P2B1N1P/1PPBQPP1/2KR3R b - - 0 15,c6b8,25,-411,275,c6e5,f6e4,7,47
sprt_game_4,15,20,Black,r4rk1/pp1bbppp/2n1pn2/7q/4N3/P2B1N1P/1PPBQPP1/2KR3R b - - 0 15,b7b6,26,-411,275,c6e5,f6e4,7,47
sprt_game_4,15,20,Black,r4rk1/pp1bbppp/2n1pn2/7q/4N3/P2B1N1P/1PPBQPP1/2KR3R b - - 0 15,f6e8,27,-430,294,c6e5,f6e4,7,47
sprt_game_4,15,20,Black,r4rk1/pp1bbppp/2n1pn2/7q/4N3/P2B1N1P/1PPBQPP1/2KR3R b - - 0 15,f6d5,28,-436,300,c6e5,f6e4,7,47
sprt_game_4,15,20,Black,r4rk1/pp1bbppp/2n1pn2/7q/4N3/P2B1N1P/1PPBQPP1/2KR3R b - - 0 15,e6e5,29,-436,300,c6e5,f6e4,7,47
sprt_game_4,15,20,Black,r4rk1/pp1bbppp/2n1pn2/7q/4N3/P2B1N1P/1PPBQPP1/2KR3R b - - 0 15,e7c5,30,-438,302,c6e5,f6e4,7,47
sprt_game_4,15,20,Black,r4rk1/pp1bbppp/2n1pn2/7q/4N3/P2B1N1P/1PPBQPP1/2KR3R b - - 0 15,e7b4,31,-439,303,c6e5,f6e4,7,47
sprt_game_4,15,20,Black,r4rk1/pp1bbppp/2n1pn2/7q/4N3/P2B1N1P/1PPBQPP1/2KR3R b - - 0 15,c6b4,32,-441,305,c6e5,f6e4,7,47
sprt_game_4,15,20,Black,r4rk1/pp1bbppp/2n1pn2/7q/4N3/P2B1N1P/1PPBQPP1/2KR3R b - - 0 15,c6d4,33,-442,306,c6e5,f6e4,7,47
sprt_game_4,15,20,Black,r4rk1/pp1bbppp/2n1pn2/7q/4N3/P2B1N1P/1PPBQPP1/2KR3R b - - 0 15,g7g5,34,-470,334,c6e5,f6e4,7,47
sprt_game_4,15,20,Black,r4rk1/pp1bbppp/2n1pn2/7q/4N3/P2B1N1P/1PPBQPP1/2KR3R b - - 0 15,h5g6,35,-471,335,c6e5,f6e4,7,47
sprt_game_4,15,20,Black,r4rk1/pp1bbppp/2n1pn2/7q/4N3/P2B1N1P/1PPBQPP1/2KR3R b - - 0 15,h5f3,36,-482,346,c6e5,f6e4,7,47
sprt_game_4,15,20,Black,r4rk1/pp1bbppp/2n1pn2/7q/4N3/P2B1N1P/1PPBQPP1/2KR3R b - - 0 15,e7d6,37,-500,364,c6e5,f6e4,7,47
sprt_game_4,15,20,Black,r4rk1/pp1bbppp/2n1pn2/7q/4N3/P2B1N1P/1PPBQPP1/2KR3R b - - 0 15,h5c5,38,-543,407,c6e5,f6e4,7,47
sprt_game_4,15,20,Black,r4rk1/pp1bbppp/2n1pn2/7q/4N3/P2B1N1P/1PPBQPP1/2KR3R b - - 0 15,h5a5,39,-543,407,c6e5,f6e4,7,47
sprt_game_4,15,20,Black,r4rk1/pp1bbppp/2n1pn2/7q/4N3/P2B1N1P/1PPBQPP1/2KR3R b - - 0 15,h5e5,40,-572,436,c6e5,f6e4,7,47
sprt_game_4,15,20,Black,r4rk1/pp1bbppp/2n1pn2/7q/4N3/P2B1N1P/1PPBQPP1/2KR3R b - - 0 15,h5h4,41,-578,442,c6e5,f6e4,7,47
sprt_game_4,15,20,Black,r4rk1/pp1bbppp/2n1pn2/7q/4N3/P2B1N1P/1PPBQPP1/2KR3R b - - 0 15,h5h6,42,-605,469,c6e5,f6e4,7,47
sprt_game_4,15,20,Black,r4rk1/pp1bbppp/2n1pn2/7q/4N3/P2B1N1P/1PPBQPP1/2KR3R b - - 0 15,f6g4,43,-624,488,c6e5,f6e4,7,47
sprt_game_4,15,20,Black,r4rk1/pp1bbppp/2n1pn2/7q/4N3/P2B1N1P/1PPBQPP1/2KR3R b - - 0 15,h5b5,44,-635,499,c6e5,f6e4,7,47
sprt_game_4,15,20,Black,r4rk1/pp1bbppp/2n1pn2/7q/4N3/P2B1N1P/1PPBQPP1/2KR3R b - - 0 15,h5h3,45,-679,543,c6e5,f6e4,7,47
sprt_game_4,15,20,Black,r4rk1/pp1bbppp/2n1pn2/7q/4N3/P2B1N1P/1PPBQPP1/2KR3R b - - 0 15,h5g5,46,-688,552,c6e5,f6e4,7,47
sprt_game_4,15,20,Black,r4rk1/pp1bbppp/2n1pn2/7q/4N3/P2B1N1P/1PPBQPP1/2KR3R b - - 0 15,h5g4,47,-696,560,c6e5,f6e4,7,47
sprt_game_4,23,36,Black,3r1rk1/p3bppp/4p3/2p5/5P1q/P3Q1PP/1PPB4/1K1R3R b - - 0 23,h4h5,1,-119,0,h4h6,h4h5,7,33
sprt_game_4,23,36,Black,3r1rk1/p3bppp/4p3/2p5/5P1q/P3Q1PP/1PPB4/1K1R3R b - - 0 23,h4h6,2,-120,1,h4h6,h4h5,7,33
sprt_game_4,23,36,Black,3r1rk1/p3bppp/4p3/2p5/5P1q/P3Q1PP/1PPB4/1K1R3R b - - 0 23,h4f6,3,-199,80,h4h6,h4h5,7,33
sprt_game_4,23,36,Black,3r1rk1/p3bppp/4p3/2p5/5P1q/P3Q1PP/1PPB4/1K1R3R b - - 0 23,d8d2,4,-601,482,h4h6,h4h5,7,33
sprt_game_4,23,36,Black,3r1rk1/p3bppp/4p3/2p5/5P1q/P3Q1PP/1PPB4/1K1R3R b - - 0 23,d8d3,5,-621,502,h4h6,h4h5,7,33
sprt_game_4,23,36,Black,3r1rk1/p3bppp/4p3/2p5/5P1q/P3Q1PP/1PPB4/1K1R3R b - - 0 23,h4h3,6,-638,519,h4h6,h4h5,7,33
sprt_game_4,23,36,Black,3r1rk1/p3bppp/4p3/2p5/5P1q/P3Q1PP/1PPB4/1K1R3R b - - 0 23,e7f6,7,-647,528,h4h6,h4h5,7,33
sprt_game_4,23,36,Black,3r1rk1/p3bppp/4p3/2p5/5P1q/P3Q1PP/1PPB4/1K1R3R b - - 0 23,d8d5,8,-654,535,h4h6,h4h5,7,33
sprt_game_4,23,36,Black,3r1rk1/p3bppp/4p3/2p5/5P1q/P3Q1PP/1PPB4/1K1R3R b - - 0 23,d8b8,9,-661,542,h4h6,h4h5,7,33
sprt_game_4,23,36,Black,3r1rk1/p3bppp/4p3/2p5/5P1q/P3Q1PP/1PPB4/1K1R3R b - - 0 23,h4g3,10,-662,543,h4h6,h4h5,7,33
sprt_game_4,23,36,Black,3r1rk1/p3bppp/4p3/2p5/5P1q/P3Q1PP/1PPB4/1K1R3R b - - 0 23,h7h6,11,-664,545,h4h6,h4h5,7,33
sprt_game_4,23,36,Black,3r1rk1/p3bppp/4p3/2p5/5P1q/P3Q1PP/1PPB4/1K1R3R b - - 0 23,d8d6,12,-667,548,h4h6,h4h5,7,33
sprt_game_4,23,36,Black,3r1rk1/p3bppp/4p3/2p5/5P1q/P3Q1PP/1PPB4/1K1R3R b - - 0 23,h4f4,13,-668,549,h4h6,h4h5,7,33
sprt_game_4,23,36,Black,3r1rk1/p3bppp/4p3/2p5/5P1q/P3Q1PP/1PPB4/1K1R3R b - - 0 23,d8d4,14,-680,561,h4h6,h4h5,7,33
sprt_game_4,23,36,Black,3r1rk1/p3bppp/4p3/2p5/5P1q/P3Q1PP/1PPB4/1K1R3R b - - 0 23,f8e8,15,-687,568,h4h6,h4h5,7,33
sprt_game_4,23,36,Black,3r1rk1/p3bppp/4p3/2p5/5P1q/P3Q1PP/1PPB4/1K1R3R b - - 0 23,d8d7,16,-690,571,h4h6,h4h5,7,33
sprt_game_4,23,36,Black,3r1rk1/p3bppp/4p3/2p5/5P1q/P3Q1PP/1PPB4/1K1R3R b - - 0 23,c5c4,17,-699,580,h4h6,h4h5,7,33
sprt_game_4,23,36,Black,3r1rk1/p3bppp/4p3/2p5/5P1q/P3Q1PP/1PPB4/1K1R3R b - - 0 23,h7h5,18,-701,582,h4h6,h4h5,7,33
sprt_game_4,23,36,Black,3r1rk1/p3bppp/4p3/2p5/5P1q/P3Q1PP/1PPB4/1K1R3R b - - 0 23,g7g6,19,-707,588,h4h6,h4h5,7,33
sprt_game_4,23,36,Black,3r1rk1/p3bppp/4p3/2p5/5P1q/P3Q1PP/1PPB4/1K1R3R b - - 0 23,g8h8,20,-709,590,h4h6,h4h5,7,33
sprt_game_4,23,36,Black,3r1rk1/p3bppp/4p3/2p5/5P1q/P3Q1PP/1PPB4/1K1R3R b - - 0 23,h4g5,21,-714,595,h4h6,h4h5,7,33
sprt_game_4,23,36,Black,3r1rk1/p3bppp/4p3/2p5/5P1q/P3Q1PP/1PPB4/1K1R3R b - - 0 23,a7a5,22,-716,597,h4h6,h4h5,7,33
sprt_game_4,23,36,Black,3r1rk1/p3bppp/4p3/2p5/5P1q/P3Q1PP/1PPB4/1K1R3R b - - 0 23,d8e8,23,-719,600,h4h6,h4h5,7,33
sprt_game_4,23,36,Black,3r1rk1/p3bppp/4p3/2p5/5P1q/P3Q1PP/1PPB4/1K1R3R b - - 0 23,h4g4,24,-720,601,h4h6,h4h5,7,33
sprt_game_4,23,36,Black,3r1rk1/p3bppp/4p3/2p5/5P1q/P3Q1PP/1PPB4/1K1R3R b - - 0 23,e6e5,25,-725,606,h4h6,h4h5,7,33
sprt_game_4,23,36,Black,3r1rk1/p3bppp/4p3/2p5/5P1q/P3Q1PP/1PPB4/1K1R3R b - - 0 23,e7d6,26,-731,612,h4h6,h4h5,7,33
sprt_game_4,23,36,Black,3r1rk1/p3bppp/4p3/2p5/5P1q/P3Q1PP/1PPB4/1K1R3R b - - 0 23,a7a6,27,-731,612,h4h6,h4h5,7,33
sprt_game_4,23,36,Black,3r1rk1/p3bppp/4p3/2p5/5P1q/P3Q1PP/1PPB4/1K1R3R b - - 0 23,d8c8,28,-732,613,h4h6,h4h5,7,33
sprt_game_4,23,36,Black,3r1rk1/p3bppp/4p3/2p5/5P1q/P3Q1PP/1PPB4/1K1R3R b - - 0 23,g7g5,29,-734,615,h4h6,h4h5,7,33
sprt_game_4,23,36,Black,3r1rk1/p3bppp/4p3/2p5/5P1q/P3Q1PP/1PPB4/1K1R3R b - - 0 23,e7g5,30,-740,621,h4h6,h4h5,7,33
sprt_game_4,23,36,Black,3r1rk1/p3bppp/4p3/2p5/5P1q/P3Q1PP/1PPB4/1K1R3R b - - 0 23,d8a8,31,-741,622,h4h6,h4h5,7,33
sprt_game_4,23,36,Black,3r1rk1/p3bppp/4p3/2p5/5P1q/P3Q1PP/1PPB4/1K1R3R b - - 0 23,f7f6,32,-744,625,h4h6,h4h5,7,33
sprt_game_4,23,36,Black,3r1rk1/p3bppp/4p3/2p5/5P1q/P3Q1PP/1PPB4/1K1R3R b - - 0 23,f7f5,33,-749,630,h4h6,h4h5,7,33
sprt_game_4,27,44,Black,5rk1/p3bppp/4p3/B1p5/5PP1/P3Q2P/KPP5/3r4 b - - 1 27,d1d7,1,-132,0,e7d6,f8e8,7,34
sprt_game_4,27,44,Black,5rk1/p3bppp/4p3/B1p5/5PP1/P3Q2P/KPP5/3r4 b - - 1 27,f8b8,2,-144,12,e7d6,f8e8,7,34
sprt_game_4,27,44,Black,5rk1/p3bppp/4p3/B1p5/5PP1/P3Q2P/KPP5/3r4 b - - 1 27,h7h5,3,-166,34,e7d6,f8e8,7,34
sprt_game_4,27,44,Black,5rk1/p3bppp/4p3/B1p5/5PP1/P3Q2P/KPP5/3r4 b - - 1 27,e7d8,4,-168,36,e7d6,f8e8,7,34
sprt_game_4,27,44,Black,5rk1/p3bppp/4p3/B1p5/5PP1/P3Q2P/KPP5/3r4 b - - 1 27,e7d6,5,-171,39,e7d6,f8e8,7,34
sprt_game_4,27,44,Black,5rk1/p3bppp/4p3/B1p5/5PP1/P3Q2P/KPP5/3r4 b - - 1 27,h7h6,6,-176,44,e7d6,f8e8,7,34
sprt_game_4,27,44,Black,5rk1/p3bppp/4p3/B1p5/5PP1/P3Q2P/KPP5/3r4 b - - 1 27,a7a6,7,-187,55,e7d6,f8e8,7,34
sprt_game_4,27,44,Black,5rk1/p3bppp/4p3/B1p5/5PP1/P3Q2P/KPP5/3r4 b - - 1 27,f8e8,8,-192,60,e7d6,f8e8,7,34
sprt_game_4,27,44,Black,5rk1/p3bppp/4p3/B1p5/5PP1/P3Q2P/KPP5/3r4 b - - 1 27,f8c8,9,-199,67,e7d6,f8e8,7,34
sprt_game_4,27,44,Black,5rk1/p3bppp/4p3/B1p5/5PP1/P3Q2P/KPP5/3r4 b - - 1 27,d1d5,10,-207,75,e7d6,f8e8,7,34
sprt_game_4,27,44,Black,5rk1/p3bppp/4p3/B1p5/5PP1/P3Q2P/KPP5/3r4 b - - 1 27,e7f6,11,-217,85,e7d6,f8e8,7,34
sprt_game_4,27,44,Black,5rk1/p3bppp/4p3/B1p5/5PP1/P3Q2P/KPP5/3r4 b - - 1 27,d1d4,12,-218,86,e7d6,f8e8,7,34
sprt_game_4,27,44,Black,5rk1/p3bppp/4p3/B1p5/5PP1/P3Q2P/KPP5/3r4 b - - 1 27,d1h1,13,-227,95,e7d6,f8e8,7,34
sprt_game_4,27,44,Black,5rk1/p3bppp/4p3/B1p5/5PP1/P3Q2P/KPP5/3r4 b - - 1 27,d1f1,14,-229,97,e7d6,f8e8,7,34
sprt_game_4,27,44,Black,5rk1/p3bppp/4p3/B1p5/5PP1/P3Q2P/KPP5/3r4 b - - 1 27,g8h8,15,-235,103,e7d6,f8e8,7,34
sprt_game_4,27,44,Black,5rk1/p3bppp/4p3/B1p5/5PP1/P3Q2P/KPP5/3r4 b - - 1 27,c5c4,16,-252,120,e7d6,f8e8,7,34
sprt_game_4,27,44,Black,5rk1/p3bppp/4p3/B1p5/5PP1/P3Q2P/KPP5/3r4 b - - 1 27,f7f6,17,-257,125,e7d6,f8e8,7,34
sprt_game_4,27,44,Black,5rk1/p3bppp/4p3/B1p5/5PP1/P3Q2P/KPP5/3r4 b - - 1 27,d1d6,18,-260,128,e7d6,f8e8,7,34
sprt_game_4,27,44,Black,5rk1/p3bppp/4p3/B1p5/5PP1/P3Q2P/KPP5/3r4 b - - 1 27,g7g6,19,-266,134,e7d6,f8e8,7,34
sprt_game_4,27,44,Black,5rk1/p3bppp/4p3/B1p5/5PP1/P3Q2P/KPP5/3r4 b - - 1 27,e6e5,20,-287,155,e7d6,f8e8,7,34
sprt_game_4,27,44,Black,5rk1/p3bppp/4p3/B1p5/5PP1/P3Q2P/KPP5/3r4 b - - 1 27,g7g5,21,-295,163,e7d6,f8e8,7,34
sprt_game_4,27,44,Black,5rk1/p3bppp/4p3/B1p5/5PP1/P3Q2P/KPP5/3r4 b - - 1 27,e7h4,22,-296,164,e7d6,f8e8,7,34
sprt_game_4,27,44,Black,5rk1/p3bppp/4p3/B1p5/5PP1/P3Q2P/KPP5/3r4 b - - 1 27,f7f5,23,-299,167,e7d6,f8e8,7,34
sprt_game_4,27,44,Black,5rk1/p3bppp/4p3/B1p5/5PP1/P3Q2P/KPP5/3r4 b - - 1 27,f8a8,24,-389,257,e7d6,f8e8,7,34
sprt_game_4,27,44,Black,5rk1/p3bppp/4p3/B1p5/5PP1/P3Q2P/KPP5/3r4 b - - 1 27,f8d8,25,-421,289,e7d6,f8e8,7,34
sprt_game_4,27,44,Black,5rk1/p3bppp/4p3/B1p5/5PP1/P3Q2P/KPP5/3r4 b - - 1 27,d1d8,26,-434,302,e7d6,f8e8,7,34
sprt_game_4,27,44,Black,5rk1/p3bppp/4p3/B1p5/5PP1/P3Q2P/KPP5/3r4 b - - 1 27,e7g5,27,-499,367,e7d6,f8e8,7,34
sprt_game_4,27,44,Black,5rk1/p3bppp/4p3/B1p5/5PP1/P3Q2P/KPP5/3r4 b - - 1 27,d1g1,28,-580,448,e7d6,f8e8,7,34
sprt_game_4,27,44,Black,5rk1/p3bppp/4p3/B1p5/5PP1/P3Q2P/KPP5/3r4 b - - 1 27,d1a1,29,-586,454,e7d6,f8e8,7,34
sprt_game_4,27,44,Black,5rk1/p3bppp/4p3/B1p5/5PP1/P3Q2P/KPP5/3r4 b - - 1 27,d1b1,30,-594,462,e7d6,f8e8,7,34
sprt_game_4,27,44,Black,5rk1/p3bppp/4p3/B1p5/5PP1/P3Q2P/KPP5/3r4 b - - 1 27,d1e1,31,-602,470,e7d6,f8e8,7,34
sprt_game_4,27,44,Black,5rk1/p3bppp/4p3/B1p5/5PP1/P3Q2P/KPP5/3r4 b - - 1 27,d1d3,32,-603,471,e7d6,f8e8,7,34
sprt_game_4,27,44,Black,5rk1/p3bppp/4p3/B1p5/5PP1/P3Q2P/KPP5/3r4 b - - 1 27,d1c1,33,-606,474,e7d6,f8e8,7,34
sprt_game_4,27,44,Black,5rk1/p3bppp/4p3/B1p5/5PP1/P3Q2P/KPP5/3r4 b - - 1 27,d1d2,34,-616,484,e7d6,f8e8,7,34
sprt_game_4,30,50,Black,2r3k1/p3bppp/4p3/2pr2P1/4QP2/P1B4P/KPP5/8 b - - 2 30,g7g6,1,-129,0,c5c4,e7f8,7,33
sprt_game_4,30,50,Black,2r3k1/p3bppp/4p3/2pr2P1/4QP2/P1B4P/KPP5/8 b - - 2 30,e7d6,2,-147,18,c5c4,e7f8,7,33
sprt_game_4,30,50,Black,2r3k1/p3bppp/4p3/2pr2P1/4QP2/P1B4P/KPP5/8 b - - 2 30,e7f8,3,-161,32,c5c4,e7f8,7,33
sprt_game_4,30,50,Black,2r3k1/p3bppp/4p3/2pr2P1/4QP2/P1B4P/KPP5/8 b - - 2 30,c8b8,4,-165,36,c5c4,e7f8,7,33
sprt_game_4,30,50,Black,2r3k1/p3bppp/4p3/2pr2P1/4QP2/P1B4P/KPP5/8 b - - 2 30,e7d8,5,-171,42,c5c4,e7f8,7,33
sprt_game_4,30,50,Black,2r3k1/p3bppp/4p3/2pr2P1/4QP2/P1B4P/KPP5/8 b - - 2 30,d5d7,6,-176,47,c5c4,e7f8,7,33
sprt_game_4,30,50,Black,2r3k1/p3bppp/4p3/2pr2P1/4QP2/P1B4P/KPP5/8 b - - 2 30,c8f8,7,-188,59,c5c4,e7f8,7,33
sprt_game_4,30,50,Black,2r3k1/p3bppp/4p3/2pr2P1/4QP2/P1B4P/KPP5/8 b - - 2 30,c8d8,8,-193,64,c5c4,e7f8,7,33
sprt_game_4,30,50,Black,2r3k1/p3bppp/4p3/2pr2P1/4QP2/P1B4P/KPP5/8 b - - 2 30,c8e8,9,-207,78,c5c4,e7f8,7,33
sprt_game_4,30,50,Black,2r3k1/p3bppp/4p3/2pr2P1/4QP2/P1B4P/KPP5/8 b - - 2 30,c8c7,10,-208,79,c5c4,e7f8,7,33
sprt_game_4,30,50,Black,2r3k1/p3bppp/4p3/2pr2P1/4QP2/P1B4P/KPP5/8 b - - 2 30,d5d6,11,-227,98,c5c4,e7f8,7,33
sprt_game_4,30,50,Black,2r3k1/p3bppp/4p3/2pr2P1/4QP2/P1B4P/KPP5/8 b - - 2 30,c8c6,12,-232,103,c5c4,e7f8,7,33
sprt_game_4,30,50,Black,2r3k1/p3bppp/4p3/2pr2P1/4QP2/P1B4P/KPP5/8 b - - 2 30,g8h8,13,-235,106,c5c4,e7f8,7,33
sprt_game_4,30,50,Black,2r3k1/p3bppp/4p3/2pr2P1/4QP2/P1B4P/KPP5/8 b - - 2 30,a7a5,14,-235,106,c5c4,e7f8,7,33
sprt_game_4,30,50,Black,2r3k1/p3bppp/4p3/2pr2P1/4QP2/P1B4P/KPP5/8 b - - 2 30,d5d8,15,-241,112,c5c4,e7f8,7,33
sprt_game_4,30,50,Black,2r3k1/p3bppp/4p3/2pr2P1/4QP2/P1B4P/KPP5/8 b - - 2 30,a7a6,16,-277,148,c5c4,e7f8,7,33
sprt_game_4,30,50,Black,2r3k1/p3bppp/4p3/2pr2P1/4QP2/P1B4P/KPP5/8 b - - 2 30,h7h5,17,-290,161,c5c4,e7f8,7,33
sprt_game_4,30,50,Black,2r3k1/p3bppp/4p3/2pr2P1/4QP2/P1B4P/KPP5/8 b - - 2 30,c8a8,18,-292,163,c5c4,e7f8,7,33
sprt_game_4,30,50,Black,2r3k1/p3bppp/4p3/2pr2P1/4QP2/P1B4P/KPP5/8 b - - 2 30,h7h6,19,-293,164,c5c4,e7f8,7,33
sprt_game_4,30,50,Black,2r3k1/p3bppp/4p3/2pr2P1/4QP2/P1B4P/KPP5/8 b - - 2 30,c5c4,20,-297,168,c5c4,e7f8,7,33
sprt_game_4,30,50,Black,2r3k1/p3bppp/4p3/2pr2P1/4QP2/P1B4P/KPP5/8 b - - 2 30,d5d1,21,-312,183,c5c4,e7f8,7,33
sprt_game_4,30,50,Black,2r3k1/p3bppp/4p3/2pr2P1/4QP2/P1B4P/KPP5/8 b - - 2 30,d5f5,22,-351,222,c5c4,e7f8,7,33
sprt_game_4,30,50,Black,2r3k1/p3bppp/4p3/2pr2P1/4QP2/P1B4P/KPP5/8 b - - 2 30,e7g5,23,-433,304,c5c4,e7f8,7,33
sprt_game_4,30,50,Black,2r3k1/p3bppp/4p3/2pr2P1/4QP2/P1B4P/KPP5/8 b - - 2 30,d5d4,24,-472,343,c5c4,e7f8,7,33
sprt_game_4,30,50,Black,2r3k1/p3bppp/4p3/2pr2P1/4QP2/P1B4P/KPP5/8 b - - 2 30,e7f6,25,-486,357,c5c4,e7f8,7,33
sprt_game_4,30,50,Black,2r3k1/p3bppp/4p3/2pr2P1/4QP2/P1B4P/KPP5/8 b - - 2 30,g8f8,26,-518,389,c5c4,e7f8,7,33
sprt_game_4,30,50,Black,2r3k1/p3bppp/4p3/2pr2P1/4QP2/P1B4P/KPP5/8 b - - 2 30,d5g5,27,-565,436,c5c4,e7f8,7,33
sprt_game_4,30,50,Black,2r3k1/p3bppp/4p3/2pr2P1/4QP2/P1B4P/KPP5/8 b - - 2 30,e6e5,28,-591,462,c5c4,e7f8,7,33
sprt_game_4,30,50,Black,2r3k1/p3bppp/4p3/2pr2P1/4QP2/P1B4P/KPP5/8 b - - 2 30,d5e5,29,-595,466,c5c4,e7f8,7,33
sprt_game_4,30,50,Black,2r3k1/p3bppp/4p3/2pr2P1/4QP2/P1B4P/KPP5/8 b - - 2 30,d5d2,30,-616,487,c5c4,e7f8,7,33
sprt_game_4,30,50,Black,2r3k1/p3bppp/4p3/2pr2P1/4QP2/P1B4P/KPP5/8 b - - 2 30,d5d3,31,-639,510,c5c4,e7f8,7,33
sprt_game_4,30,50,Black,2r3k1/p3bppp/4p3/2pr2P1/4QP2/P1B4P/KPP5/8 b - - 2 30,f7f6,32,-699,570,c5c4,e7f8,7,33
sprt_game_4,30,50,Black,2r3k1/p3bppp/4p3/2pr2P1/4QP2/P1B4P/KPP5/8 b - - 2 30,f7f5,33,-789,660,c5c4,e7f8,7,33
sprt_game_4,31,52,Black,2r3k1/p4ppp/3bp3/2pr2P1/4QP1P/P1B5/KPP5/8 b - - 0 31,g7g6,1,-146,0,c5c4,d5f5,7,31
sprt_game_4,31,52,Black,2r3k1/p4ppp/3bp3/2pr2P1/4QP1P/P1B5/KPP5/8 b - - 0 31,c8d8,2,-170,24,c5c4,d5f5,7,31
sprt_game_4,31,52,Black,2r3k1/p4ppp/3bp3/2pr2P1/4QP1P/P1B5/KPP5/8 b - - 0 31,d5f5,3,-179,33,c5c4,d5f5,7,31
sprt_game_4,31,52,Black,2r3k1/p4ppp/3bp3/2pr2P1/4QP1P/P1B5/KPP5/8 b - - 0 31,d6f8,4,-185,39,c5c4,d5f5,7,31
sprt_game_4,31,52,Black,2r3k1/p4ppp/3bp3/2pr2P1/4QP1P/P1B5/KPP5/8 b - - 0 31,c8b8,5,-191,45,c5c4,d5f5,7,31
sprt_game_4,31,52,Black,2r3k1/p4ppp/3bp3/2pr2P1/4QP1P/P1B5/KPP5/8 b - - 0 31,a7a6,6,-193,47,c5c4,d5f5,7,31
sprt_game_4,31,52,Black,2r3k1/p4ppp/3bp3/2pr2P1/4QP1P/P1B5/KPP5/8 b - - 0 31,a7a5,7,-203,57,c5c4,d5f5,7,31
sprt_game_4,31,52,Black,2r3k1/p4ppp/3bp3/2pr2P1/4QP1P/P1B5/KPP5/8 b - - 0 31,g8h8,8,-207,61,c5c4,d5f5,7,31
sprt_game_4,31,52,Black,2r3k1/p4ppp/3bp3/2pr2P1/4QP1P/P1B5/KPP5/8 b - - 0 31,c8c7,9,-215,69,c5c4,d5f5,7,31
sprt_game_4,31,52,Black,2r3k1/p4ppp/3bp3/2pr2P1/4QP1P/P1B5/KPP5/8 b - - 0 31,c8f8,10,-223,77,c5c4,d5f5,7,31
sprt_game_4,31,52,Black,2r3k1/p4ppp/3bp3/2pr2P1/4QP1P/P1B5/KPP5/8 b - - 0 31,c8e8,11,-223,77,c5c4,d5f5,7,31
sprt_game_4,31,52,Black,2r3k1/p4ppp/3bp3/2pr2P1/4QP1P/P1B5/KPP5/8 b - - 0 31,d6b8,12,-225,79,c5c4,d5f5,7,31
sprt_game_4,31,52,Black,2r3k1/p4ppp/3bp3/2pr2P1/4QP1P/P1B5/KPP5/8 b - - 0 31,c5c4,13,-225,79,c5c4,d5f5,7,31
sprt_game_4,31,52,Black,2r3k1/p4ppp/3bp3/2pr2P1/4QP1P/P1B5/KPP5/8 b - - 0 31,h7h6,14,-236,90,c5c4,d5f5,7,31
sprt_game_4,31,52,Black,2r3k1/p4ppp/3bp3/2pr2P1/4QP1P/P1B5/KPP5/8 b - - 0 31,h7h5,15,-249,103,c5c4,d5f5,7,31
sprt_game_4,31,52,Black,2r3k1/p4ppp/3bp3/2pr2P1/4QP1P/P1B5/KPP5/8 b - - 0 31,d6c7,16,-297,151,c5c4,d5f5,7,31
sprt_game_4,31,52,Black,2r3k1/p4ppp/3bp3/2pr2P1/4QP1P/P1B5/KPP5/8 b - - 0 31,d6e7,17,-331,185,c5c4,d5f5,7,31
sprt_game_4,31,52,Black,2r3k1/p4ppp/3bp3/2pr2P1/4QP1P/P1B5/KPP5/8 b - - 0 31,c8c6,18,-336,190,c5c4,d5f5,7,31
sprt_game_4,31,52,Black,2r3k1/p4ppp/3bp3/2pr2P1/4QP1P/P1B5/KPP5/8 b - - 0 31,d5d1,19,-340,194,c5c4,d5f5,7,31
sprt_game_4,31,52,Black,2r3k1/p4ppp/3bp3/2pr2P1/4QP1P/P1B5/KPP5/8 b - - 0 31,c8a8,20,-344,198,c5c4,d5f5,7,31
sprt_game_4,31,52,Black,2r3k1/p4ppp/3bp3/2pr2P1/4QP1P/P1B5/KPP5/8 b - - 0 31,d5d4,21,-443,297,c5c4,d5f5,7,31
sprt_game_4,31,52,Black,2r3k1/p4ppp/3bp3/2pr2P1/4QP1P/P1B5/KPP5/8 b - - 0 31,d6f4,22,-507,361,c5c4,d5f5,7,31
sprt_game_4,31,52,Black,2r3k1/p4ppp/3bp3/2pr2P1/4QP1P/P1B5/KPP5/8 b - - 0 31,g8f8,23,-544,398,c5c4,d5f5,7,31
sprt_game_4,31,52,Black,2r3k1/p4ppp/3bp3/2pr2P1/4QP1P/P1B5/KPP5/8 b - - 0 31,d6e5,24,-549,403,c5c4,d5f5,7,31
sprt_game_4,31,52,Black,2r3k1/p4ppp/3bp3/2pr2P1/4QP1P/P1B5/KPP5/8 b - - 0 31,d5g5,25,-583,437,c5c4,d5f5,7,31
sprt_game_4,31,52,Black,2r3k1/p4ppp/3bp3/2pr2P1/4QP1P/P1B5/KPP5/8 b - - 0 31,d5d3,26,-604,458,c5c4,d5f5,7,31
sprt_game_4,31,52,Black,2r3k1/p4ppp/3bp3/2pr2P1/4QP1P/P1B5/KPP5/8 b - - 0 31,d5d2,27,-632,486,c5c4,d5f5,7,31
sprt_game_4,31,52,Black,2r3k1/p4ppp/3bp3/2pr2P1/4QP1P/P1B5/KPP5/8 b - - 0 31,d5e5,28,-660,514,c5c4,d5f5,7,31
sprt_game_4,31,52,Black,2r3k1/p4ppp/3bp3/2pr2P1/4QP1P/P1B5/KPP5/8 b - - 0 31,e6e5,29,-718,572,c5c4,d5f5,7,31
sprt_game_4,31,52,Black,2r3k1/p4ppp/3bp3/2pr2P1/4QP1P/P1B5/KPP5/8 b - - 0 31,f7f5,30,-811,665,c5c4,d5f5,7,31
sprt_game_4,31,52,Black,2r3k1/p4ppp/3bp3/2pr2P1/4QP1P/P1B5/KPP5/8 b - - 0 31,f7f6,31,-836,690,c5c4,d5f5,7,31
sprt_game_4,32,54,Black,2r3k1/p4ppp/3bp3/3r2PP/2p1QP2/P1B5/KPP5/8 b - - 0 32,d6f8,1,-217,0,c8c7,a7a6,7,36
sprt_game_4,32,54,Black,2r3k1/p4ppp/3bp3/3r2PP/2p1QP2/P1B5/KPP5/8 b - - 0 32,a7a5,2,-229,12,c8c7,a7a6,7,36
sprt_game_4,32,54,Black,2r3k1/p4ppp/3bp3/3r2PP/2p1QP2/P1B5/KPP5/8 b - - 0 32,d6e7,3,-244,27,c8c7,a7a6,7,36
sprt_game_4,32,54,Black,2r3k1/p4ppp/3bp3/3r2PP/2p1QP2/P1B5/KPP5/8 b - - 0 32,c8c5,4,-248,31,c8c7,a7a6,7,36
sprt_game_4,32,54,Black,2r3k1/p4ppp/3bp3/3r2PP/2p1QP2/P1B5/KPP5/8 b - - 0 32,a7a6,5,-250,33,c8c7,a7a6,7,36
sprt_game_4,32,54,Black,2r3k1/p4ppp/3bp3/3r2PP/2p1QP2/P1B5/KPP5/8 b - - 0 32,d5c5,6,-251,34,c8c7,a7a6,7,36
sprt_game_4,32,54,Black,2r3k1/p4ppp/3bp3/3r2PP/2p1QP2/P1B5/KPP5/8 b - - 0 32,c8d8,7,-262,45,c8c7,a7a6,7,36
sprt_game_4,32,54,Black,2r3k1/p4ppp/3bp3/3r2PP/2p1QP2/P1B5/KPP5/8 b - - 0 32,c8e8,8,-266,49,c8c7,a7a6,7,36
sprt_game_4,32,54,Black,2r3k1/p4ppp/3bp3/3r2PP/2p1QP2/P1B5/KPP5/8 b - - 0 32,c8c7,9,-266,49,c8c7,a7a6,7,36
sprt_game_4,32,54,Black,2r3k1/p4ppp/3bp3/3r2PP/2p1QP2/P1B5/KPP5/8 b - - 0 32,c8b8,10,-271,54,c8c7,a7a6,7,36
sprt_game_4,32,54,Black,2r3k1/p4ppp/3bp3/3r2PP/2p1QP2/P1B5/KPP5/8 b - - 0 32,d5b5,11,-277,60,c8c7,a7a6,7,36
sprt_game_4,32,54,Black,2r3k1/p4ppp/3bp3/3r2PP/2p1QP2/P1B5/KPP5/8 b - - 0 32,d5f5,12,-281,64,c8c7,a7a6,7,36
sprt_game_4,32,54,Black,2r3k1/p4ppp/3bp3/3r2PP/2p1QP2/P1B5/KPP5/8 b - - 0 32,c8f8,13,-289,72,c8c7,a7a6,7,36
sprt_game_4,32,54,Black,2r3k1/p4ppp/3bp3/3r2PP/2p1QP2/P1B5/KPP5/8 b - - 0 32,d6c5,14,-300,83,c8c7,a7a6,7,36
sprt_game_4,32,54,Black,2r3k1/p4ppp/3bp3/3r2PP/2p1QP2/P1B5/KPP5/8 b - - 0 32,g8h8,15,-335,118,c8c7,a7a6,7,36
sprt_game_4,32,54,Black,2r3k1/p4ppp/3bp3/3r2PP/2p1QP2/P1B5/KPP5/8 b - - 0 32,d6b8,16,-337,120,c8c7,a7a6,7,36
sprt_game_4,32,54,Black,2r3k1/p4ppp/3bp3/3r2PP/2p1QP2/P1B5/KPP5/8 b - - 0 32,c8a8,17,-346,129,c8c7,a7a6,7,36
sprt_game_4,32,54,Black,2r3k1/p4ppp/3bp3/3r2PP/2p1QP2/P1B5/KPP5/8 b - - 0 32,d5d1,18,-362,145,c8c7,a7a6,7,36
sprt_game_4,32,54,Black,2r3k1/p4ppp/3bp3/3r2PP/2p1QP2/P1B5/KPP5/8 b - - 0 32,h7h6,19,-363,146,c8c7,a7a6,7,36
sprt_game_4,32,54,Black,2r3k1/p4ppp/3bp3/3r2PP/2p1QP2/P1B5/KPP5/8 b - - 0 32,d6c7,20,-424,207,c8c7,a7a6,7,36
sprt_game_4,32,54,Black,2r3k1/p4ppp/3bp3/3r2PP/2p1QP2/P1B5/KPP5/8 b - - 0 32,c8c6,21,-441,224,c8c7,a7a6,7,36
sprt_game_4,32,54,Black,2r3k1/p4ppp/3bp3/3r2PP/2p1QP2/P1B5/KPP5/8 b - - 0 32,d6f4,22,-499,282,c8c7,a7a6,7,36
sprt_game_4,32,54,Black,2r3k1/p4ppp/3bp3/3r2PP/2p1QP2/P1B5/KPP5/8 b - - 0 32,g7g6,23,-503,286,c8c7,a7a6,7,36
sprt_game_4,32,54,Black,2r3k1/p4ppp/3bp3/3r2PP/2p1QP2/P1B5/KPP5/8 b - - 0 32,d6b4,24,-504,287,c8c7,a7a6,7,36
sprt_game_4,32,54,Black,2r3k1/p4ppp/3bp3/3r2PP/2p1QP2/P1B5/KPP5/8 b - - 0 32,d6a3,25,-510,293,c8c7,a7a6,7,36
sprt_game_4,32,54,Black,2r3k1/p4ppp/3bp3/3r2PP/2p1QP2/P1B5/KPP5/8 b - - 0 32,d6e5,26,-533,316,c8c7,a7a6,7,36
sprt_game_4,32,54,Black,2r3k1/p4ppp/3bp3/3r2PP/2p1QP2/P1B5/KPP5/8 b - - 0 32,g8f8,27,-611,394,c8c7,a7a6,7,36
sprt_game_4,32,54,Black,2r3k1/p4ppp/3bp3/3r2PP/2p1QP2/P1B5/KPP5/8 b - - 0 32,d5g5,28,-617,400,c8c7,a7a6,7,36
sprt_game_4,32,54,Black,2r3k1/p4ppp/3bp3/3r2PP/2p1QP2/P1B5/KPP5/8 b - - 0 32,d5d3,29,-638,421,c8c7,a7a6,7,36
sprt_game_4,32,54,Black,2r3k1/p4ppp/3bp3/3r2PP/2p1QP2/P1B5/KPP5/8 b - - 0 32,d5d2,30,-640,423,c8c7,a7a6,7,36
sprt_game_4,32,54,Black,2r3k1/p4ppp/3bp3/3r2PP/2p1QP2/P1B5/KPP5/8 b - - 0 32,d5a5,31,-650,433,c8c7,a7a6,7,36
sprt_game_4,32,54,Black,2r3k1/p4ppp/3bp3/3r2PP/2p1QP2/P1B5/KPP5/8 b - - 0 32,d5e5,32,-666,449,c8c7,a7a6,7,36
sprt_game_4,32,54,Black,2r3k1/p4ppp/3bp3/3r2PP/2p1QP2/P1B5/KPP5/8 b - - 0 32,d5d4,33,-686,469,c8c7,a7a6,7,36
sprt_game_4,32,54,Black,2r3k1/p4ppp/3bp3/3r2PP/2p1QP2/P1B5/KPP5/8 b - - 0 32,e6e5,34,-785,568,c8c7,a7a6,7,36
sprt_game_4,32,54,Black,2r3k1/p4ppp/3bp3/3r2PP/2p1QP2/P1B5/KPP5/8 b - - 0 32,f7f5,35,-857,640,c8c7,a7a6,7,36
sprt_game_4,32,54,Black,2r3k1/p4ppp/3bp3/3r2PP/2p1QP2/P1B5/KPP5/8 b - - 0 32,f7f6,36,-867,650,c8c7,a7a6,7,36
sprt_game_4,36,62,Black,2r3k1/5p2/4p1p1/p2rP1P1/2p5/P1B2Q2/KPP5/8 b - - 1 36,g8f8,1,-390,0,a5a4,c8c7,7,25
sprt_game_4,36,62,Black,2r3k1/5p2/4p1p1/p2rP1P1/2p5/P1B2Q2/KPP5/8 b - - 1 36,g8g7,2,-402,12,a5a4,c8c7,7,25
sprt_game_4,36,62,Black,2r3k1/5p2/4p1p1/p2rP1P1/2p5/P1B2Q2/KPP5/8 b - - 1 36,c8a8,3,-417,27,a5a4,c8c7,7,25
sprt_game_4,36,62,Black,2r3k1/5p2/4p1p1/p2rP1P1/2p5/P1B2Q2/KPP5/8 b - - 1 36,c8d8,4,-424,34,a5a4,c8c7,7,25
sprt_game_4,36,62,Black,2r3k1/5p2/4p1p1/p2rP1P1/2p5/P1B2Q2/KPP5/8 b - - 1 36,c8c7,5,-428,38,a5a4,c8c7,7,25
sprt_game_4,36,62,Black,2r3k1/5p2/4p1p1/p2rP1P1/2p5/P1B2Q2/KPP5/8 b - - 1 36,c8f8,6,-429,39,a5a4,c8c7,7,25
sprt_game_4,36,62,Black,2r3k1/5p2/4p1p1/p2rP1P1/2p5/P1B2Q2/KPP5/8 b - - 1 36,c8e8,7,-430,40,a5a4,c8c7,7,25
sprt_game_4,36,62,Black,2r3k1/5p2/4p1p1/p2rP1P1/2p5/P1B2Q2/KPP5/8 b - - 1 36,d5b5,8,-433,43,a5a4,c8c7,7,25
sprt_game_4,36,62,Black,2r3k1/5p2/4p1p1/p2rP1P1/2p5/P1B2Q2/KPP5/8 b - - 1 36,a5a4,9,-434,44,a5a4,c8c7,7,25
sprt_game_4,36,62,Black,2r3k1/5p2/4p1p1/p2rP1P1/2p5/P1B2Q2/KPP5/8 b - - 1 36,c8b8,10,-438,48,a5a4,c8c7,7,25
sprt_game_4,36,62,Black,2r3k1/5p2/4p1p1/p2rP1P1/2p5/P1B2Q2/KPP5/8 b - - 1 36,c8c6,11,-456,66,a5a4,c8c7,7,25
sprt_game_4,36,62,Black,2r3k1/5p2/4p1p1/p2rP1P1/2p5/P1B2Q2/KPP5/8 b - - 1 36,c8c5,12,-461,71,a5a4,c8c7,7,25
sprt_game_4,36,62,Black,2r3k1/5p2/4p1p1/p2rP1P1/2p5/P1B2Q2/KPP5/8 b - - 1 36,d5d8,13,-462,72,a5a4,c8c7,7,25
sprt_game_4,36,62,Black,2r3k1/5p2/4p1p1/p2rP1P1/2p5/P1B2Q2/KPP5/8 b - - 1 36,d5c5,14,-464,74,a5a4,c8c7,7,25
sprt_game_4,36,62,Black,2r3k1/5p2/4p1p1/p2rP1P1/2p5/P1B2Q2/KPP5/8 b - - 1 36,d5d7,15,-472,82,a5a4,c8c7,7,25
sprt_game_4,36,62,Black,2r3k1/5p2/4p1p1/p2rP1P1/2p5/P1B2Q2/KPP5/8 b - - 1 36,d5d3,16,-665,275,a5a4,c8c7,7,25
sprt_game_4,36,62,Black,2r3k1/5p2/4p1p1/p2rP1P1/2p5/P1B2Q2/KPP5/8 b - - 1 36,f7f5,17,-711,321,a5a4,c8c7,7,25
sprt_game_4,36,62,Black,2r3k1/5p2/4p1p1/p2rP1P1/2p5/P1B2Q2/KPP5/8 b - - 1 36,d5d4,18,-738,348,a5a4,c8c7,7,25
sprt_game_4,36,62,Black,2r3k1/5p2/4p1p1/p2rP1P1/2p5/P1B2Q2/KPP5/8 b - - 1 36,f7f6,19,-769,379,a5a4,c8c7,7,25
sprt_game_4,36,62,Black,2r3k1/5p2/4p1p1/p2rP1P1/2p5/P1B2Q2/KPP5/8 b - - 1 36,d5d2,20,-770,380,a5a4,c8c7,7,25
sprt_game_4,36,62,Black,2r3k1/5p2/4p1p1/p2rP1P1/2p5/P1B2Q2/KPP5/8 b - - 1 36,d5d1,21,-810,420,a5a4,c8c7,7,25
sprt_game_4,36,62,Black,2r3k1/5p2/4p1p1/p2rP1P1/2p5/P1B2Q2/KPP5/8 b - - 1 36,g8h8,22,-818,428,a5a4,c8c7,7,25
sprt_game_4,36,62,Black,2r3k1/5p2/4p1p1/p2rP1P1/2p5/P1B2Q2/KPP5/8 b - - 1 36,g8h7,23,-31992,31602,a5a4,c8c7,7,25
sprt_game_4,36,62,Black,2r3k1/5p2/4p1p1/p2rP1P1/2p5/P1B2Q2/KPP5/8 b - - 1 36,d5e5,24,-31993,31603,a5a4,c8c7,7,25
sprt_game_4,36,62,Black,2r3k1/5p2/4p1p1/p2rP1P1/2p5/P1B2Q2/KPP5/8 b - - 1 36,d5d6,25,-31994,31604,a5a4,c8c7,7,25
sprt_game_4,38,66,Black,2r3k1/5p2/4p1p1/p2rP1P1/2p5/P1B5/KPP2Q2/8 b - - 5 38,d5c5,1,-422,0,c8c7,c8c5,7,25
sprt_game_4,38,66,Black,2r3k1/5p2/4p1p1/p2rP1P1/2p5/P1B5/KPP2Q2/8 b - - 5 38,c8a8,2,-446,24,c8c7,c8c5,7,25
sprt_game_4,38,66,Black,2r3k1/5p2/4p1p1/p2rP1P1/2p5/P1B5/KPP2Q2/8 b - - 5 38,g8g7,3,-452,30,c8c7,c8c5,7,25
sprt_game_4,38,66,Black,2r3k1/5p2/4p1p1/p2rP1P1/2p5/P1B5/KPP2Q2/8 b - - 5 38,c8d8,4,-465,43,c8c7,c8c5,7,25
sprt_game_4,38,66,Black,2r3k1/5p2/4p1p1/p2rP1P1/2p5/P1B5/KPP2Q2/8 b - - 5 38,c8f8,5,-473,51,c8c7,c8c5,7,25
sprt_game_4,38,66,Black,2r3k1/5p2/4p1p1/p2rP1P1/2p5/P1B5/KPP2Q2/8 b - - 5 38,g8f8,6,-478,56,c8c7,c8c5,7,25
sprt_game_4,38,66,Black,2r3k1/5p2/4p1p1/p2rP1P1/2p5/P1B5/KPP2Q2/8 b - - 5 38,c8e8,7,-484,62,c8c7,c8c5,7,25
sprt_game_4,38,66,Black,2r3k1/5p2/4p1p1/p2rP1P1/2p5/P1B5/KPP2Q2/8 b - - 5 38,c8b8,8,-484,62,c8c7,c8c5,7,25
sprt_game_4,38,66,Black,2r3k1/5p2/4p1p1/p2rP1P1/2p5/P1B5/KPP2Q2/8 b - - 5 38,c8c7,9,-487,65,c8c7,c8c5,7,25
sprt_game_4,38,66,Black,2r3k1/5p2/4p1p1/p2rP1P1/2p5/P1B5/KPP2Q2/8 b - - 5 38,d5b5,10,-491,69,c8c7,c8c5,7,25
sprt_game_4,38,66,Black,2r3k1/5p2/4p1p1/p2rP1P1/2p5/P1B5/KPP2Q2/8 b - - 5 38,c8c5,11,-493,71,c8c7,c8c5,7,25
sprt_game_4,38,66,Black,2r3k1/5p2/4p1p1/p2rP1P1/2p5/P1B5/KPP2Q2/8 b - - 5 38,a5a4,12,-495,73,c8c7,c8c5,7,25
sprt_game_4,38,66,Black,2r3k1/5p2/4p1p1/p2rP1P1/2p5/P1B5/KPP2Q2/8 b - - 5 38,c8c6,13,-496,74,c8c7,c8c5,7,25
sprt_game_4,38,66,Black,2r3k1/5p2/4p1p1/p2rP1P1/2p5/P1B5/KPP2Q2/8 b - - 5 38,d5d7,14,-496,74,c8c7,c8c5,7,25
sprt_game_4,38,66,Black,2r3k1/5p2/4p1p1/p2rP1P1/2p5/P1B5/KPP2Q2/8 b - - 5 38,d5d1,15,-507,85,c8c7,c8c5,7,25
sprt_game_4,38,66,Black,2r3k1/5p2/4p1p1/p2rP1P1/2p5/P1B5/KPP2Q2/8 b - - 5 38,d5d8,16,-508,86,c8c7,c8c5,7,25
sprt_game_4,38,66,Black,2r3k1/5p2/4p1p1/p2rP1P1/2p5/P1B5/KPP2Q2/8 b - - 5 38,f7f5,17,-719,297,c8c7,c8c5,7,25
sprt_game_4,38,66,Black,2r3k1/5p2/4p1p1/p2rP1P1/2p5/P1B5/KPP2Q2/8 b - - 5 38,d5d3,18,-741,319,c8c7,c8c5,7,25
sprt_game_4,38,66,Black,2r3k1/5p2/4p1p1/p2rP1P1/2p5/P1B5/KPP2Q2/8 b - - 5 38,g8h8,19,-757,335,c8c7,c8c5,7,25
sprt_game_4,38,66,Black,2r3k1/5p2/4p1p1/p2rP1P1/2p5/P1B5/KPP2Q2/8 b - - 5 38,f7f6,20,-806,384,c8c7,c8c5,7,25
sprt_game_4,38,66,Black,2r3k1/5p2/4p1p1/p2rP1P1/2p5/P1B5/KPP2Q2/8 b - - 5 38,d5d4,21,-824,402,c8c7,c8c5,7,25
sprt_game_4,38,66,Black,2r3k1/5p2/4p1p1/p2rP1P1/2p5/P1B5/KPP2Q2/8 b - - 5 38,d5d2,22,-824,402,c8c7,c8c5,7,25
sprt_game_4,38,66,Black,2r3k1/5p2/4p1p1/p2rP1P1/2p5/P1B5/KPP2Q2/8 b - - 5 38,d5e5,23,-31991,31569,c8c7,c8c5,7,25
sprt_game_4,38,66,Black,2r3k1/5p2/4p1p1/p2rP1P1/2p5/P1B5/KPP2Q2/8 b - - 5 38,g8h7,24,-31992,31570,c8c7,c8c5,7,25
sprt_game_4,38,66,Black,2r3k1/5p2/4p1p1/p2rP1P1/2p5/P1B5/KPP2Q2/8 b - - 5 38,d5d6,25,-31994,31572,c8c7,c8c5,7,25
sprt_game_4,41,72,Black,8/5pk1/4p1p1/p1rrP1P1/P1p5/2B5/KPP5/7Q b - - 0 41,c5c8,1,-377,0,g7g8,c5c7,7,16
sprt_game_4,41,72,Black,8/5pk1/4p1p1/p1rrP1P1/P1p5/2B5/KPP5/7Q b - - 0 41,c5c7,2,-399,22,g7g8,c5c7,7,16
sprt_game_4,41,72,Black,8/5pk1/4p1p1/p1rrP1P1/P1p5/2B5/KPP5/7Q b - - 0 41,g7g8,3,-419,42,g7g8,c5c7,7,16
sprt_game_4,41,72,Black,8/5pk1/4p1p1/p1rrP1P1/P1p5/2B5/KPP5/7Q b - - 0 41,c5c6,4,-422,45,g7g8,c5c7,7,16
sprt_game_4,41,72,Black,8/5pk1/4p1p1/p1rrP1P1/P1p5/2B5/KPP5/7Q b - - 0 41,d5d8,5,-452,75,g7g8,c5c7,7,16
sprt_game_4,41,72,Black,8/5pk1/4p1p1/p1rrP1P1/P1p5/2B5/KPP5/7Q b - - 0 41,d5d7,6,-453,76,g7g8,c5c7,7,16
sprt_game_4,41,72,Black,8/5pk1/4p1p1/p1rrP1P1/P1p5/2B5/KPP5/7Q b - - 0 41,g7f8,7,-642,265,g7g8,c5c7,7,16
sprt_game_4,41,72,Black,8/5pk1/4p1p1/p1rrP1P1/P1p5/2B5/KPP5/7Q b - - 0 41,d5d3,8,-648,271,g7g8,c5c7,7,16
sprt_game_4,41,72,Black,8/5pk1/4p1p1/p1rrP1P1/P1p5/2B5/KPP5/7Q b - - 0 41,c5b5,9,-699,322,g7g8,c5c7,7,16
sprt_game_4,41,72,Black,8/5pk1/4p1p1/p1rrP1P1/P1p5/2B5/KPP5/7Q b - - 0 41,d5d2,10,-745,368,g7g8,c5c7,7,16
sprt_game_4,41,72,Black,8/5pk1/4p1p1/p1rrP1P1/P1p5/2B5/KPP5/7Q b - - 0 41,d5d1,11,-775,398,g7g8,c5c7,7,16
sprt_game_4,41,72,Black,8/5pk1/4p1p1/p1rrP1P1/P1p5/2B5/KPP5/7Q b - - 0 41,d5e5,12,-824,447,g7g8,c5c7,7,16
sprt_game_4,41,72,Black,8/5pk1/4p1p1/p1rrP1P1/P1p5/2B5/KPP5/7Q b - - 0 41,d5d4,13,-931,554,g7g8,c5c7,7,16
sprt_game_4,41,72,Black,8/5pk1/4p1p1/p1rrP1P1/P1p5/2B5/KPP5/7Q b - - 0 41,f7f6,14,-31991,31614,g7g8,c5c7,7,16
sprt_game_4,41,72,Black,8/5pk1/4p1p1/p1rrP1P1/P1p5/2B5/KPP5/7Q b - - 0 41,f7f5,15,-31991,31614,g7g8,c5c7,7,16
sprt_game_4,41,72,Black,8/5pk1/4p1p1/p1rrP1P1/P1p5/2B5/KPP5/7Q b - - 0 41,d5d6,16,-31994,31617,g7g8,c5c7,7,16
sprt_game_4,48,86,Black,6k1/5p2/4p1p1/3rP1P1/PQp5/8/KPP5/8 b - - 0 48,g8h7,1,-637,0,g8h7,d5d4,7,17
sprt_game_4,48,86,Black,6k1/5p2/4p1p1/3rP1P1/PQp5/8/KPP5/8 b - - 0 48,d5d1,2,-664,27,g8h7,d5d4,7,17
sprt_game_4,48,86,Black,6k1/5p2/4p1p1/3rP1P1/PQp5/8/KPP5/8 b - - 0 48,g8g7,3,-670,33,g8h7,d5d4,7,17
sprt_game_4,48,86,Black,6k1/5p2/4p1p1/3rP1P1/PQp5/8/KPP5/8 b - - 0 48,d5d4,4,-685,48,g8h7,d5d4,7,17
sprt_game_4,48,86,Black,6k1/5p2/4p1p1/3rP1P1/PQp5/8/KPP5/8 b - - 0 48,d5d8,5,-700,63,g8h7,d5d4,7,17
sprt_game_4,48,86,Black,6k1/5p2/4p1p1/3rP1P1/PQp5/8/KPP5/8 b - - 0 48,d5d7,6,-722,85,g8h7,d5d4,7,17
sprt_game_4,48,86,Black,6k1/5p2/4p1p1/3rP1P1/PQp5/8/KPP5/8 b - - 0 48,c4c3,7,-752,115,g8h7,d5d4,7,17
sprt_game_4,48,86,Black,6k1/5p2/4p1p1/3rP1P1/PQp5/8/KPP5/8 b - - 0 48,d5e5,8,-910,273,g8h7,d5d4,7,17
sprt_game_4,48,86,Black,6k1/5p2/4p1p1/3rP1P1/PQp5/8/KPP5/8 b - - 0 48,f7f5,9,-1252,615,g8h7,d5d4,7,17
sprt_game_4,48,86,Black,6k1/5p2/4p1p1/3rP1P1/PQp5/8/KPP5/8 b - - 0 48,g8h8,10,-31983,31346,g8h7,d5d4,7,17
sprt_game_4,48,86,Black,6k1/5p2/4p1p1/3rP1P1/PQp5/8/KPP5/8 b - - 0 48,d5d3,11,-31992,31355,g8h7,d5d4,7,17
sprt_game_4,48,86,Black,6k1/5p2/4p1p1/3rP1P1/PQp5/8/KPP5/8 b - - 0 48,d5c5,12,-31993,31356,g8h7,d5d4,7,17
sprt_game_4,48,86,Black,6k1/5p2/4p1p1/3rP1P1/PQp5/8/KPP5/8 b - - 0 48,d5b5,13,-31993,31356,g8h7,d5d4,7,17
sprt_game_4,48,86,Black,6k1/5p2/4p1p1/3rP1P1/PQp5/8/KPP5/8 b - - 0 48,d5a5,14,-31993,31356,g8h7,d5d4,7,17
sprt_game_4,48,86,Black,6k1/5p2/4p1p1/3rP1P1/PQp5/8/KPP5/8 b - - 0 48,d5d2,15,-31993,31356,g8h7,d5d4,7,17
sprt_game_4,48,86,Black,6k1/5p2/4p1p1/3rP1P1/PQp5/8/KPP5/8 b - - 0 48,f7f6,16,-31993,31356,g8h7,d5d4,7,17
sprt_game_4,48,86,Black,6k1/5p2/4p1p1/3rP1P1/PQp5/8/KPP5/8 b - - 0 48,d5d6,17,-31994,31357,g8h7,d5d4,7,17
sprt_game_4,50,90,Black,6k1/5p2/4p1p1/P3P1P1/2p3r1/2Q5/KPP5/8 b - - 0 50,g8g7,1,-696,0,g8g7,g4g5,7,14
sprt_game_4,50,90,Black,6k1/5p2/4p1p1/P3P1P1/2p3r1/2Q5/KPP5/8 b - - 0 50,g4g5,2,-724,28,g8g7,g4g5,7,14
sprt_game_4,50,90,Black,6k1/5p2/4p1p1/P3P1P1/2p3r1/2Q5/KPP5/8 b - - 0 50,g8f8,3,-825,129,g8g7,g4g5,7,14
sprt_game_4,50,90,Black,6k1/5p2/4p1p1/P3P1P1/2p3r1/2Q5/KPP5/8 b - - 0 50,g4h4,4,-835,139,g8g7,g4g5,7,14
sprt_game_4,50,90,Black,6k1/5p2/4p1p1/P3P1P1/2p3r1/2Q5/KPP5/8 b - - 0 50,g4g2,5,-844,148,g8g7,g4g5,7,14
sprt_game_4,50,90,Black,6k1/5p2/4p1p1/P3P1P1/2p3r1/2Q5/KPP5/8 b - - 0 50,g4g1,6,-861,165,g8g7,g4g5,7,14
sprt_game_4,50,90,Black,6k1/5p2/4p1p1/P3P1P1/2p3r1/2Q5/KPP5/8 b - - 0 50,g4f4,7,-934,238,g8g7,g4g5,7,14
sprt_game_4,50,90,Black,6k1/5p2/4p1p1/P3P1P1/2p3r1/2Q5/KPP5/8 b - - 0 50,f7f6,8,-1039,343,g8g7,g4g5,7,14
sprt_game_4,50,90,Black,6k1/5p2/4p1p1/P3P1P1/2p3r1/2Q5/KPP5/8 b - - 0 50,f7f5,9,-1273,577,g8g7,g4g5,7,14
sprt_game_4,50,90,Black,6k1/5p2/4p1p1/P3P1P1/2p3r1/2Q5/KPP5/8 b - - 0 50,g8h8,10,-31991,31295,g8g7,g4g5,7,14
sprt_game_4,50,90,Black,6k1/5p2/4p1p1/P3P1P1/2p3r1/2Q5/KPP5/8 b - - 0 50,g8h7,11,-31991,31295,g8g7,g4g5,7,14
sprt_game_4,50,90,Black,6k1/5p2/4p1p1/P3P1P1/2p3r1/2Q5/KPP5/8 b - - 0 50,g4e4,12,-31992,31296,g8g7,g4g5,7,14
sprt_game_4,50,90,Black,6k1/5p2/4p1p1/P3P1P1/2p3r1/2Q5/KPP5/8 b - - 0 50,g4d4,13,-31993,31297,g8g7,g4g5,7,14
sprt_game_4,50,90,Black,6k1/5p2/4p1p1/P3P1P1/2p3r1/2Q5/KPP5/8 b - - 0 50,g4g3,14,-31993,31297,g8g7,g4g5,7,14
sprt_game_4,54,98,Black,7r/P4pk1/2Q1p1p1/4P3/8/8/KPP5/8 b - - 2 54,h8f8,1,-733,0,h8g8,h8f8,7,21
sprt_game_4,54,98,Black,7r/P4pk1/2Q1p1p1/4P3/8/8/KPP5/8 b - - 2 54,g6g5,2,-740,7,h8g8,h8f8,7,21
sprt_game_4,54,98,Black,7r/P4pk1/2Q1p1p1/4P3/8/8/KPP5/8 b - - 2 54,h8g8,3,-745,12,h8g8,h8f8,7,21
sprt_game_4,54,98,Black,7r/P4pk1/2Q1p1p1/4P3/8/8/KPP5/8 b - - 2 54,h8d8,4,-798,65,h8g8,h8f8,7,21
sprt_game_4,54,98,Black,7r/P4pk1/2Q1p1p1/4P3/8/8/KPP5/8 b - - 2 54,h8h7,5,-826,93,h8g8,h8f8,7,21
sprt_game_4,54,98,Black,7r/P4pk1/2Q1p1p1/4P3/8/8/KPP5/8 b - - 2 54,h8h6,6,-842,109,h8g8,h8f8,7,21
sprt_game_4,54,98,Black,7r/P4pk1/2Q1p1p1/4P3/8/8/KPP5/8 b - - 2 54,h8h5,7,-911,178,h8g8,h8f8,7,21
sprt_game_4,54,98,Black,7r/P4pk1/2Q1p1p1/4P3/8/8/KPP5/8 b - - 2 54,h8h4,8,-1171,438,h8g8,h8f8,7,21
sprt_game_4,54,98,Black,7r/P4pk1/2Q1p1p1/4P3/8/8/KPP5/8 b - - 2 54,h8h3,9,-1190,457,h8g8,h8f8,7,21
sprt_game_4,54,98,Black,7r/P4pk1/2Q1p1p1/4P3/8/8/KPP5/8 b - - 2 54,f7f5,10,-1342,609,h8g8,h8f8,7,21
sprt_game_4,54,98,Black,7r/P4pk1/2Q1p1p1/4P3/8/8/KPP5/8 b - - 2 54,g7h7,11,-31982,31249,h8g8,h8f8,7,21
sprt_game_4,54,98,Black,7r/P4pk1/2Q1p1p1/4P3/8/8/KPP5/8 b - - 2 54,h8h2,12,-31983,31250,h8g8,h8f8,7,21
sprt_game_4,54,98,Black,7r/P4pk1/2Q1p1p1/4P3/8/8/KPP5/8 b - - 2 54,g7g8,13,-31983,31250,h8g8,h8f8,7,21
sprt_game_4,54,98,Black,7r/P4pk1/2Q1p1p1/4P3/8/8/KPP5/8 b - - 2 54,g7h6,14,-31984,31251,h8g8,h8f8,7,21
sprt_game_4,54,98,Black,7r/P4pk1/2Q1p1p1/4P3/8/8/KPP5/8 b - - 2 54,g7f8,15,-31991,31258,h8g8,h8f8,7,21
sprt_game_4,54,98,Black,7r/P4pk1/2Q1p1p1/4P3/8/8/KPP5/8 b - - 2 54,f7f6,16,-31992,31259,h8g8,h8f8,7,21
sprt_game_4,54,98,Black,7r/P4pk1/2Q1p1p1/4P3/8/8/KPP5/8 b - - 2 54,h8c8,17,-31994,31261,h8g8,h8f8,7,21
sprt_game_4,54,98,Black,7r/P4pk1/2Q1p1p1/4P3/8/8/KPP5/8 b - - 2 54,h8a8,18,-31994,31261,h8g8,h8f8,7,21
sprt_game_4,54,98,Black,7r/P4pk1/2Q1p1p1/4P3/8/8/KPP5/8 b - - 2 54,h8e8,19,-31995,31262,h8g8,h8f8,7,21
sprt_game_4,54,98,Black,7r/P4pk1/2Q1p1p1/4P3/8/8/KPP5/8 b - - 2 54,h8h1,20,-31995,31262,h8g8,h8f8,7,21
sprt_game_4,54,98,Black,7r/P4pk1/2Q1p1p1/4P3/8/8/KPP5/8 b - - 2 54,h8b8,21,-31996,31263,h8g8,h8f8,7,21
sprt_game_4,55,100,Black,6r1/P4pk1/2Q1p1p1/4P3/1P6/8/K1P5/8 b - - 0 55,g8h8,1,-768,0,g8f8,g8h8,7,14
sprt_game_4,55,100,Black,6r1/P4pk1/2Q1p1p1/4P3/1P6/8/K1P5/8 b - - 0 55,g8f8,2,-768,0,g8f8,g8h8,7,14
sprt_game_4,55,100,Black,6r1/P4pk1/2Q1p1p1/4P3/1P6/8/K1P5/8 b - - 0 55,g6g5,3,-778,10,g8f8,g8h8,7,14
sprt_game_4,55,100,Black,6r1/P4pk1/2Q1p1p1/4P3/1P6/8/K1P5/8 b - - 0 55,g8d8,4,-788,20,g8f8,g8h8,7,14
sprt_game_4,55,100,Black,6r1/P4pk1/2Q1p1p1/4P3/1P6/8/K1P5/8 b - - 0 55,f7f5,5,-801,33,g8f8,g8h8,7,14
sprt_game_4,55,100,Black,6r1/P4pk1/2Q1p1p1/4P3/1P6/8/K1P5/8 b - - 0 55,g7h7,6,-805,37,g8f8,g8h8,7,14
sprt_game_4,55,100,Black,6r1/P4pk1/2Q1p1p1/4P3/1P6/8/K1P5/8 b - - 0 55,g7f8,7,-807,39,g8f8,g8h8,7,14
sprt_game_4,55,100,Black,6r1/P4pk1/2Q1p1p1/4P3/1P6/8/K1P5/8 b - - 0 55,g7h8,8,-820,52,g8f8,g8h8,7,14
sprt_game_4,55,100,Black,6r1/P4pk1/2Q1p1p1/4P3/1P6/8/K1P5/8 b - - 0 55,g7h6,9,-857,89,g8f8,g8h8,7,14
sprt_game_4,55,100,Black,6r1/P4pk1/2Q1p1p1/4P3/1P6/8/K1P5/8 b - - 0 55,f7f6,10,-1102,334,g8f8,g8h8,7,14
sprt_game_4,55,100,Black,6r1/P4pk1/2Q1p1p1/4P3/1P6/8/K1P5/8 b - - 0 55,g8c8,11,-31994,31226,g8f8,g8h8,7,14
sprt_game_4,55,100,Black,6r1/P4pk1/2Q1p1p1/4P3/1P6/8/K1P5/8 b - - 0 55,g8a8,12,-31994,31226,g8f8,g8h8,7,14
sprt_game_4,55,100,Black,6r1/P4pk1/2Q1p1p1/4P3/1P6/8/K1P5/8 b - - 0 55,g8e8,13,-31995,31227,g8f8,g8h8,7,14
sprt_game_4,55,100,Black,6r1/P4pk1/2Q1p1p1/4P3/1P6/8/K1P5/8 b - - 0 55,g8b8,14,-31996,31228,g8f8,g8h8,7,14
sprt_game_4,56,102,Black,3r4/P4pk1/4p1p1/4P3/1P6/5Q2/K1P5/8 b - - 2 56,f7f5,1,-825,0,d8f8,d8c8,7,22
sprt_game_4,56,102,Black,3r4/P4pk1/4p1p1/4P3/1P6/5Q2/K1P5/8 b - - 2 56,d8f8,2,-827,2,d8f8,d8c8,7,22
sprt_game_4,56,102,Black,3r4/P4pk1/4p1p1/4P3/1P6/5Q2/K1P5/8 b - - 2 56,d8g8,3,-850,25,d8f8,d8c8,7,22
sprt_game_4,56,102,Black,3r4/P4pk1/4p1p1/4P3/1P6/5Q2/K1P5/8 b - - 2 56,d8e8,4,-851,26,d8f8,d8c8,7,22
sprt_game_4,56,102,Black,3r4/P4pk1/4p1p1/4P3/1P6/5Q2/K1P5/8 b - - 2 56,d8c8,5,-854,29,d8f8,d8c8,7,22
sprt_game_4,56,102,Black,3r4/P4pk1/4p1p1/4P3/1P6/5Q2/K1P5/8 b - - 2 56,g7h7,6,-893,68,d8f8,d8c8,7,22
sprt_game_4,56,102,Black,3r4/P4pk1/4p1p1/4P3/1P6/5Q2/K1P5/8 b - - 2 56,g7f8,7,-1026,201,d8f8,d8c8,7,22
sprt_game_4,56,102,Black,3r4/P4pk1/4p1p1/4P3/1P6/5Q2/K1P5/8 b - - 2 56,d8h8,8,-1213,388,d8f8,d8c8,7,22
sprt_game_4,56,102,Black,3r4/P4pk1/4p1p1/4P3/1P6/5Q2/K1P5/8 b - - 2 56,g7h6,9,-1326,501,d8f8,d8c8,7,22
sprt_game_4,56,102,Black,3r4/P4pk1/4p1p1/4P3/1P6/5Q2/K1P5/8 b - - 2 56,g7g8,10,-1342,517,d8f8,d8c8,7,22
sprt_game_4,56,102,Black,3r4/P4pk1/4p1p1/4P3/1P6/5Q2/K1P5/8 b - - 2 56,d8a8,11,-31994,31169,d8f8,d8c8,7,22
sprt_game_4,56,102,Black,3r4/P4pk1/4p1p1/4P3/1P6/5Q2/K1P5/8 b - - 2 56,d8d2,12,-31994,31169,d8f8,d8c8,7,22
sprt_game_4,56,102,Black,3r4/P4pk1/4p1p1/4P3/1P6/5Q2/K1P5/8 b - - 2 56,g7h8,13,-31994,31169,d8f8,d8c8,7,22
sprt_game_4,56,102,Black,3r4/P4pk1/4p1p1/4P3/1P6/5Q2/K1P5/8 b - - 2 56,f7f6,14,-31994,31169,d8f8,d8c8,7,22
sprt_game_4,56,102,Black,3r4/P4pk1/4p1p1/4P3/1P6/5Q2/K1P5/8 b - - 2 56,g6g5,15,-31994,31169,d8f8,d8c8,7,22
sprt_game_4,56,102,Black,3r4/P4pk1/4p1p1/4P3/1P6/5Q2/K1P5/8 b - - 2 56,d8d7,16,-31995,31170,d8f8,d8c8,7,22
sprt_game_4,56,102,Black,3r4/P4pk1/4p1p1/4P3/1P6/5Q2/K1P5/8 b - - 2 56,d8d6,17,-31995,31170,d8f8,d8c8,7,22
sprt_game_4,56,102,Black,3r4/P4pk1/4p1p1/4P3/1P6/5Q2/K1P5/8 b - - 2 56,d8d5,18,-31995,31170,d8f8,d8c8,7,22
sprt_game_4,56,102,Black,3r4/P4pk1/4p1p1/4P3/1P6/5Q2/K1P5/8 b - - 2 56,d8d3,19,-31995,31170,d8f8,d8c8,7,22
sprt_game_4,56,102,Black,3r4/P4pk1/4p1p1/4P3/1P6/5Q2/K1P5/8 b - - 2 56,d8d1,20,-31995,31170,d8f8,d8c8,7,22
sprt_game_4,56,102,Black,3r4/P4pk1/4p1p1/4P3/1P6/5Q2/K1P5/8 b - - 2 56,d8b8,21,-31996,31171,d8f8,d8c8,7,22
sprt_game_4,56,102,Black,3r4/P4pk1/4p1p1/4P3/1P6/5Q2/K1P5/8 b - - 2 56,d8d4,22,-31996,31171,d8f8,d8c8,7,22
sprt_game_4,57,104,Black,5r2/P4pk1/4p1p1/1P2P3/8/5Q2/K1P5/8 b - - 0 57,f7f5,1,-801,0,g6g5,f8e8,7,14
sprt_game_4,57,104,Black,5r2/P4pk1/4p1p1/1P2P3/8/5Q2/K1P5/8 b - - 0 57,f7f6,2,-828,27,g6g5,f8e8,7,14
sprt_game_4,57,104,Black,5r2/P4pk1/4p1p1/1P2P3/8/5Q2/K1P5/8 b - - 0 57,f8g8,3,-946,145,g6g5,f8e8,7,14
sprt_game_4,57,104,Black,5r2/P4pk1/4p1p1/1P2P3/8/5Q2/K1P5/8 b - - 0 57,f8h8,4,-952,151,g6g5,f8e8,7,14
sprt_game_4,57,104,Black,5r2/P4pk1/4p1p1/1P2P3/8/5Q2/K1P5/8 b - - 0 57,f8e8,5,-976,175,g6g5,f8e8,7,14
sprt_game_4,57,104,Black,5r2/P4pk1/4p1p1/1P2P3/8/5Q2/K1P5/8 b - - 0 57,f8c8,6,-984,183,g6g5,f8e8,7,14
sprt_game_4,57,104,Black,5r2/P4pk1/4p1p1/1P2P3/8/5Q2/K1P5/8 b - - 0 57,g7h8,7,-1005,204,g6g5,f8e8,7,14
sprt_game_4,57,104,Black,5r2/P4pk1/4p1p1/1P2P3/8/5Q2/K1P5/8 b - - 0 57,g7h7,8,-1012,211,g6g5,f8e8,7,14
sprt_game_4,57,104,Black,5r2/P4pk1/4p1p1/1P2P3/8/5Q2/K1P5/8 b - - 0 57,g7g8,9,-1059,258,g6g5,f8e8,7,14
sprt_game_4,57,104,Black,5r2/P4pk1/4p1p1/1P2P3/8/5Q2/K1P5/8 b - - 0 57,g7h6,10,-1075,274,g6g5,f8e8,7,14
sprt_game_4,57,104,Black,5r2/P4pk1/4p1p1/1P2P3/8/5Q2/K1P5/8 b - - 0 57,g6g5,11,-1091,290,g6g5,f8e8,7,14
sprt_game_4,57,104,Black,5r2/P4pk1/4p1p1/1P2P3/8/5Q2/K1P5/8 b - - 0 57,f8d8,12,-31994,31193,g6g5,f8e8,7,14
sprt_game_4,57,104,Black,5r2/P4pk1/4p1p1/1P2P3/8/5Q2/K1P5/8 b - - 0 57,f8a8,13,-31994,31193,g6g5,f8e8,7,14
sprt_game_4,57,104,Black,5r2/P4pk1/4p1p1/1P2P3/8/5Q2/K1P5/8 b - - 0 57,f8b8,14,-31996,31195,g6g5,f8e8,7,14
sprt_game_4,59,108,Black,Q4r2/5pk1/4p1p1/1P2P3/8/K4Q2/2P5/8 b - - 2 59,f8a8,1,-1181,0,f8a8,g7g8,7,14
sprt_game_4,59,108,Black,Q4r2/5pk1/4p1p1/1P2P3/8/K4Q2/2P5/8 b - - 2 59,g7g8,2,-31995,30814,f8a8,g7g8,7,14
sprt_game_4,59,108,Black,Q4r2/5pk1/4p1p1/1P2P3/8/K4Q2/2P5/8 b - - 2 59,f7f5,3,-31995,30814,f8a8,g7g8,7,14
sprt_game_4,59,108,Black,Q4r2/5pk1/4p1p1/1P2P3/8/K4Q2/2P5/8 b - - 2 59,g7h6,4,-31996,30815,f8a8,g7g8,7,14
sprt_game_4,59,108,Black,Q4r2/5pk1/4p1p1/1P2P3/8/K4Q2/2P5/8 b - - 2 59,f7f6,5,-31996,30815,f8a8,g7g8,7,14
sprt_game_4,59,108,Black,Q4r2/5pk1/4p1p1/1P2P3/8/K4Q2/2P5/8 b - - 2 59,f8e8,6,-31997,30816,f8a8,g7g8,7,14
sprt_game_4,59,108,Black,Q4r2/5pk1/4p1p1/1P2P3/8/K4Q2/2P5/8 b - - 2 59,f8d8,7,-31997,30816,f8a8,g7g8,7,14
sprt_game_4,59,108,Black,Q4r2/5pk1/4p1p1/1P2P3/8/K4Q2/2P5/8 b - - 2 59,f8c8,8,-31997,30816,f8a8,g7g8,7,14
sprt_game_4,59,108,Black,Q4r2/5pk1/4p1p1/1P2P3/8/K4Q2/2P5/8 b - - 2 59,f8b8,9,-31997,30816,f8a8,g7g8,7,14
sprt_game_4,59,108,Black,Q4r2/5pk1/4p1p1/1P2P3/8/K4Q2/2P5/8 b - - 2 59,g6g5,10,-31997,30816,f8a8,g7g8,7,14
sprt_game_4,59,108,Black,Q4r2/5pk1/4p1p1/1P2P3/8/K4Q2/2P5/8 b - - 2 59,f8h8,11,-31998,30817,f8a8,g7g8,7,14
sprt_game_4,59,108,Black,Q4r2/5pk1/4p1p1/1P2P3/8/K4Q2/2P5/8 b - - 2 59,f8g8,12,-31998,30817,f8a8,g7g8,7,14
sprt_game_4,59,108,Black,Q4r2/5pk1/4p1p1/1P2P3/8/K4Q2/2P5/8 b - - 2 59,g7h8,13,-31998,30817,f8a8,g7g8,7,14
sprt_game_4,59,108,Black,Q4r2/5pk1/4p1p1/1P2P3/8/K4Q2/2P5/8 b - - 2 59,g7h7,14,-31998,30817,f8a8,g7g8,7,14
sprt_game_4,60,110,Black,Q7/5pk1/4p1p1/1P2P3/8/K7/2P5/8 b - - 0 60,g6g5,1,-31992,0,g6g5,g7h7,7,5
sprt_game_4,60,110,Black,Q7/5pk1/4p1p1/1P2P3/8/K7/2P5/8 b - - 0 60,g7h7,2,-31993,1,g6g5,g7h7,7,5
sprt_game_4,60,110,Black,Q7/5pk1/4p1p1/1P2P3/8/K7/2P5/8 b - - 0 60,g7h6,3,-31993,1,g6g5,g7h7,7,5
sprt_game_4,60,110,Black,Q7/5pk1/4p1p1/1P2P3/8/K7/2P5/8 b - - 0 60,f7f6,4,-31993,1,g6g5,g7h7,7,5
sprt_game_4,60,110,Black,Q7/5pk1/4p1p1/1P2P3/8/K7/2P5/8 b - - 0 60,f7f5,5,-31993,1,g6g5,g7h7,7,5
sprt_game_4,68,126,Black,5Q2/8/4p1pk/1P2P3/K7/8/2P5/8 b - - 2 68,h6h5,1,-31991,0,h6h5,h6g5,7,3
sprt_game_4,68,126,Black,5Q2/8/4p1pk/1P2P3/K7/8/2P5/8 b - - 2 68,h6g5,2,-31993,2,h6h5,h6g5,7,3
sprt_game_4,68,126,Black,5Q2/8/4p1pk/1P2P3/K7/8/2P5/8 b - - 2 68,h6h7,3,-31995,4,h6h5,h6g5,7,3
sprt_game_4,73,136,Black,5k1Q/8/4p1p1/KP2P3/8/8/2P5/8 b - - 12 73,f8f7,1,-31996,0,f8f7,f8e7,7,2
sprt_game_4,73,136,Black,5k1Q/8/4p1p1/KP2P3/8/8/2P5/8 b - - 12 73,f8e7,2,-31996,0,f8f7,f8e7,7,2
sprt_game_4,74,138,Black,8/5k1Q/4p1p1/KP2P3/8/8/2P5/8 b - - 14 74,f7f8,1,-31997,0,f7f8,f7e8,7,2
sprt_game_4,74,138,Black,8/5k1Q/4p1p1/KP2P3/8/8/2P5/8 b - - 14 74,f7e8,2,-31997,0,f7f8,f7e8,7,2
sprt_game_4,75,140,Black,5k2/7Q/1P2p1p1/K3P3/8/8/2P5/8 b - - 0 75,f8e8,1,-31998,0,f8e8,g6g5,7,2
sprt_game_4,75,140,Black,5k2/7Q/1P2p1p1/K3P3/8/8/2P5/8 b - - 0 75,g6g5,2,-31998,0,f8e8,g6g5,7,2
sprt_game_5,15,14,Black,r2q1rk1/pppb1ppp/n3p3/3pP3/2PP1P2/1PQB1NP1/P6P/3RK2R b K - 0 15,c7c5,1,-108,0,c7c5,d5c4,8,30
sprt_game_5,15,14,Black,r2q1rk1/pppb1ppp/n3p3/3pP3/2PP1P2/1PQB1NP1/P6P/3RK2R b K - 0 15,d5c4,2,-116,8,c7c5,d5c4,8,30
sprt_game_5,15,14,Black,r2q1rk1/pppb1ppp/n3p3/3pP3/2PP1P2/1PQB1NP1/P6P/3RK2R b K - 0 15,d8e7,3,-152,44,c7c5,d5c4,8,30
sprt_game_5,15,14,Black,r2q1rk1/pppb1ppp/n3p3/3pP3/2PP1P2/1PQB1NP1/P6P/3RK2R b K - 0 15,a8c8,4,-163,55,c7c5,d5c4,8,30
sprt_game_5,15,14,Black,r2q1rk1/pppb1ppp/n3p3/3pP3/2PP1P2/1PQB1NP1/P6P/3RK2R b K - 0 15,c7c6,5,-179,71,c7c5,d5c4,8,30
sprt_game_5,15,14,Black,r2q1rk1/pppb1ppp/n3p3/3pP3/2PP1P2/1PQB1NP1/P6P/3RK2R b K - 0 15,d7e8,6,-183,75,c7c5,d5c4,8,30
sprt_game_5,15,14,Black,r2q1rk1/pppb1ppp/n3p3/3pP3/2PP1P2/1PQB1NP1/P6P/3RK2R b K - 0 15,d8e8,7,-189,81,c7c5,d5c4,8,30
sprt_game_5,15,14,Black,r2q1rk1/pppb1ppp/n3p3/3pP3/2PP1P2/1PQB1NP1/P6P/3RK2R b K - 0 15,g7g6,8,-191,83,c7c5,d5c4,8,30
sprt_game_5,15,14,Black,r2q1rk1/pppb1ppp/n3p3/3pP3/2PP1P2/1PQB1NP1/P6P/3RK2R b K - 0 15,f7f6,9,-191,83,c7c5,d5c4,8,30
sprt_game_5,15,14,Black,r2q1rk1/pppb1ppp/n3p3/3pP3/2PP1P2/1PQB1NP1/P6P/3RK2R b K - 0 15,a6b8,10,-199,91,c7c5,d5c4,8,30
sprt_game_5,15,14,Black,r2q1rk1/pppb1ppp/n3p3/3pP3/2PP1P2/1PQB1NP1/P6P/3RK2R b K - 0 15,d7c6,11,-200,92,c7c5,d5c4,8,30
sprt_game_5,15,14,Black,r2q1rk1/pppb1ppp/n3p3/3pP3/2PP1P2/1PQB1NP1/P6P/3RK2R b K - 0 15,f8e8,12,-218,110,c7c5,d5c4,8,30
sprt_game_5,15,14,Black,r2q1rk1/pppb1ppp/n3p3/3pP3/2PP1P2/1PQB1NP1/P6P/3RK2R b K - 0 15,d7c8,13,-220,112,c7c5,d5c4,8,30
sprt_game_5,15,14,Black,r2q1rk1/pppb1ppp/n3p3/3pP3/2PP1P2/1PQB1NP1/P6P/3RK2R b K - 0 15,d8c8,14,-223,115,c7c5,d5c4,8,30
sprt_game_5,15,14,Black,r2q1rk1/pppb1ppp/n3p3/3pP3/2PP1P2/1PQB1NP1/P6P/3RK2R b K - 0 15,g8h8,15,-224,116,c7c5,d5c4,8,30
sprt_game_5,15,14,Black,r2q1rk1/pppb1ppp/n3p3/3pP3/2PP1P2/1PQB1NP1/P6P/3RK2R b K - 0 15,h7h6,16,-225,117,c7c5,d5c4,8,30
sprt_game_5,15,14,Black,r2q1rk1/pppb1ppp/n3p3/3pP3/2PP1P2/1PQB1NP1/P6P/3RK2R b K - 0 15,a8b8,17,-227,119,c7c5,d5c4,8,30
sprt_game_5,15,14,Black,r2q1rk1/pppb1ppp/n3p3/3pP3/2PP1P2/1PQB1NP1/P6P/3RK2R b K - 0 15,h7h5,18,-250,142,c7c5,d5c4,8,30
sprt_game_5,15,14,Black,r2q1rk1/pppb1ppp/n3p3/3pP3/2PP1P2/1PQB1NP1/P6P/3RK2R b K - 0 15,d8b8,19,-260,152,c7c5,d5c4,8,30
sprt_game_5,15,14,Black,r2q1rk1/pppb1ppp/n3p3/3pP3/2PP1P2/1PQB1NP1/P6P/3RK2R b K - 0 15,f7f5,20,-273,165,c7c5,d5c4,8,30
sprt_game_5,15,14,Black,r2q1rk1/pppb1ppp/n3p3/3pP3/2PP1P2/1PQB1NP1/P6P/3RK2R b K - 0 15,b7b5,21,-273,165,c7c5,d5c4,8,30
sprt_game_5,15,14,Black,r2q1rk1/pppb1ppp/n3p3/3pP3/2PP1P2/1PQB1NP1/P6P/3RK2R b K - 0 15,b7b6,22,-324,216,c7c5,d5c4,8,30
sprt_game_5,15,14,Black,r2q1rk1/pppb1ppp/n3p3/3pP3/2PP1P2/1PQB1NP1/P6P/3RK2R b K - 0 15,g7g5,23,-406,298,c7c5,d5c4,8,30
sprt_game_5,15,14,Black,r2q1rk1/pppb1ppp/n3p3/3pP3/2PP1P2/1PQB1NP1/P6P/3RK2R b K - 0 15,a6b4,24,-419,311,c7c5,d5c4,8,30
sprt_game_5,15,14,Black,r2q1rk1/pppb1ppp/n3p3/3pP3/2PP1P2/1PQB1NP1/P6P/3RK2R b K - 0 15,d7a4,25,-446,338,c7c5,d5c4,8,30
sprt_game_5,15,14,Black,r2q1rk1/pppb1ppp/n3p3/3pP3/2PP1P2/1PQB1NP1/P6P/3RK2R b K - 0 15,a6c5,26,-468,360,c7c5,d5c4,8,30
sprt_game_5,15,14,Black,r2q1rk1/pppb1ppp/n3p3/3pP3/2PP1P2/1PQB1NP1/P6P/3RK2R b K - 0 15,d7b5,27,-549,441,c7c5,d5c4,8,30
sprt_game_5,15,14,Black,r2q1rk1/pppb1ppp/n3p3/3pP3/2PP1P2/1PQB1NP1/P6P/3RK2R b K - 0 15,d8f6,28,-736,628,c7c5,d5c4,8,30
sprt_game_5,15,14,Black,r2q1rk1/pppb1ppp/n3p3/3pP3/2PP1P2/1PQB1NP1/P6P/3RK2R b K - 0 15,d8g5,29,-746,638,c7c5,d5c4,8,30
sprt_game_5,15,14,Black,r2q1rk1/pppb1ppp/n3p3/3pP3/2PP1P2/1PQB1NP1/P6P/3RK2R b K - 0 15,d8h4,30,-768,660,c7c5,d5c4,8,30
sprt_game_5,16,16,Black,r2q1rk1/pppb1ppp/n3p3/4P3/2BP1P2/1PQ2NP1/P6P/3RK2R b K - 0 16,d7c6,1,-77,0,a8c8,b7b5,8,29
sprt_game_5,16,16,Black,r2q1rk1/pppb1ppp/n3p3/4P3/2BP1P2/1PQ2NP1/P6P/3RK2R b K - 0 16,a8b8,2,-109,32,a8c8,b7b5,8,29
sprt_game_5,16,16,Black,r2q1rk1/pppb1ppp/n3p3/4P3/2BP1P2/1PQ2NP1/P6P/3RK2R b K - 0 16,a8c8,3,-117,40,a8c8,b7b5,8,29
sprt_game_5,16,16,Black,r2q1rk1/pppb1ppp/n3p3/4P3/2BP1P2/1PQ2NP1/P6P/3RK2R b K - 0 16,d8e7,4,-120,43,a8c8,b7b5,8,29
sprt_game_5,16,16,Black,r2q1rk1/pppb1ppp/n3p3/4P3/2BP1P2/1PQ2NP1/P6P/3RK2R b K - 0 16,b7b5,5,-122,45,a8c8,b7b5,8,29
sprt_game_5,16,16,Black,r2q1rk1/pppb1ppp/n3p3/4P3/2BP1P2/1PQ2NP1/P6P/3RK2R b K - 0 16,d8e8,6,-124,47,a8c8,b7b5,8,29
sprt_game_5,16,16,Black,r2q1rk1/pppb1ppp/n3p3/4P3/2BP1P2/1PQ2NP1/P6P/3RK2R b K - 0 16,f8e8,7,-129,52,a8c8,b7b5,8,29
sprt_game_5,16,16,Black,r2q1rk1/pppb1ppp/n3p3/4P3/2BP1P2/1PQ2NP1/P6P/3RK2R b K - 0 16,h7h6,8,-132,55,a8c8,b7b5,8,29
sprt_game_5,16,16,Black,r2q1rk1/pppb1ppp/n3p3/4P3/2BP1P2/1PQ2NP1/P6P/3RK2R b K - 0 16,c7c6,9,-138,61,a8c8,b7b5,8,29
sprt_game_5,16,16,Black,r2q1rk1/pppb1ppp/n3p3/4P3/2BP1P2/1PQ2NP1/P6P/3RK2R b K - 0 16,g8h8,10,-149,72,a8c8,b7b5,8,29
sprt_game_5,16,16,Black,r2q1rk1/pppb1ppp/n3p3/4P3/2BP1P2/1PQ2NP1/P6P/3RK2R b K - 0 16,d7c8,11,-150,73,a8c8,b7b5,8,29
sprt_game_5,16,16,Black,r2q1rk1/pppb1ppp/n3p3/4P3/2BP1P2/1PQ2NP1/P6P/3RK2R b K - 0 16,d8b8,12,-165,88,a8c8,b7b5,8,29
sprt_game_5,16,16,Black,r2q1rk1/pppb1ppp/n3p3/4P3/2BP1P2/1PQ2NP1/P6P/3RK2R b K - 0 16,a6b8,13,-172,95,a8c8,b7b5,8,29
sprt_game_5,16,16,Black,r2q1rk1/pppb1ppp/n3p3/4P3/2BP1P2/1PQ2NP1/P6P/3RK2R b K - 0 16,h7h5,14,-174,97,a8c8,b7b5,8,29
sprt_game_5,16,16,Black,r2q1rk1/pppb1ppp/n3p3/4P3/2BP1P2/1PQ2NP1/P6P/3RK2R b K - 0 16,d7e8,15,-185,108,a8c8,b7b5,8,29
sprt_game_5,16,16,Black,r2q1rk1/pppb1ppp/n3p3/4P3/2BP1P2/1PQ2NP1/P6P/3RK2R b K - 0 16,d8c8,16,-188,111,a8c8,b7b5,8,29
sprt_game_5,16,16,Black,r2q1rk1/pppb1ppp/n3p3/4P3/2BP1P2/1PQ2NP1/P6P/3RK2R b K - 0 16,g7g6,17,-194,117,a8c8,b7b5,8,29
sprt_game_5,16,16,Black,r2q1rk1/pppb1ppp/n3p3/4P3/2BP1P2/1PQ2NP1/P6P/3RK2R b K - 0 16,f7f5,18,-245,168,a8c8,b7b5,8,29
sprt_game_5,16,16,Black,r2q1rk1/pppb1ppp/n3p3/4P3/2BP1P2/1PQ2NP1/P6P/3RK2R b K - 0 16,f7f6,19,-264,187,a8c8,b7b5,8,29
sprt_game_5,16,16,Black,r2q1rk1/pppb1ppp/n3p3/4P3/2BP1P2/1PQ2NP1/P6P/3RK2R b K - 0 16,c7c5,20,-294,217,a8c8,b7b5,8,29
sprt_game_5,16,16,Black,r2q1rk1/pppb1ppp/n3p3/4P3/2BP1P2/1PQ2NP1/P6P/3RK2R b K - 0 16,a6b4,21,-388,311,a8c8,b7b5,8,29
sprt_game_5,16,16,Black,r2q1rk1/pppb1ppp/n3p3/4P3/2BP1P2/1PQ2NP1/P6P/3RK2R b K - 0 16,g7g5,22,-398,321,a8c8,b7b5,8,29
sprt_game_5,16,16,Black,r2q1rk1/pppb1ppp/n3p3/4P3/2BP1P2/1PQ2NP1/P6P/3RK2R b K - 0 16,a6c5,23,-436,359,a8c8,b7b5,8,29
sprt_game_5,16,16,Black,r2q1rk1/pppb1ppp/n3p3/4P3/2BP1P2/1PQ2NP1/P6P/3RK2R b K - 0 16,d7a4,24,-461,384,a8c8,b7b5,8,29
sprt_game_5,16,16,Black,r2q1rk1/pppb1ppp/n3p3/4P3/2BP1P2/1PQ2NP1/P6P/3RK2R b K - 0 16,b7b6,25,-477,400,a8c8,b7b5,8,29
sprt_game_5,16,16,Black,r2q1rk1/pppb1ppp/n3p3/4P3/2BP1P2/1PQ2NP1/P6P/3RK2R b K - 0 16,d7b5,26,-483,406,a8c8,b7b5,8,29
sprt_game_5,16,16,Black,r2q1rk1/pppb1ppp/n3p3/4P3/2BP1P2/1PQ2NP1/P6P/3RK2R b K - 0 16,d8g5,27,-740,663,a8c8,b7b5,8,29
sprt_game_5,16,16,Black,r2q1rk1/pppb1ppp/n3p3/4P3/2BP1P2/1PQ2NP1/P6P/3RK2R b K - 0 16,d8f6,28,-756,679,a8c8,b7b5,8,29
sprt_game_5,16,16,Black,r2q1rk1/pppb1ppp/n3p3/4P3/2BP1P2/1PQ2NP1/P6P/3RK2R b K - 0 16,d8h4,29,-764,687,a8c8,b7b5,8,29
sprt_game_5,23,30,Black,5rk1/p1prqp1p/p3p1p1/4P3/2RP1P2/1PQ3P1/P4K1P/5R2 b - - 1 23,f8b8,1,-67,0,f8c8,f8d8,8,28
sprt_game_5,23,30,Black,5rk1/p1prqp1p/p3p1p1/4P3/2RP1P2/1PQ3P1/P4K1P/5R2 b - - 1 23,f8d8,2,-81,14,f8c8,f8d8,8,28
sprt_game_5,23,30,Black,5rk1/p1prqp1p/p3p1p1/4P3/2RP1P2/1PQ3P1/P4K1P/5R2 b - - 1 23,e7d8,3,-87,20,f8c8,f8d8,8,28
sprt_game_5,23,30,Black,5rk1/p1prqp1p/p3p1p1/4P3/2RP1P2/1PQ3P1/P4K1P/5R2 b - - 1 23,g8g7,4,-88,21,f8c8,f8d8,8,28
sprt_game_5,23,30,Black,5rk1/p1prqp1p/p3p1p1/4P3/2RP1P2/1PQ3P1/P4K1P/5R2 b - - 1 23,f8c8,5,-92,25,f8c8,f8d8,8,28
sprt_game_5,23,30,Black,5rk1/p1prqp1p/p3p1p1/4P3/2RP1P2/1PQ3P1/P4K1P/5R2 b - - 1 23,h7h5,6,-92,25,f8c8,f8d8,8,28
sprt_game_5,23,30,Black,5rk1/p1prqp1p/p3p1p1/4P3/2RP1P2/1PQ3P1/P4K1P/5R2 b - - 1 23,d7d5,7,-95,28,f8c8,f8d8,8,28
sprt_game_5,23,30,Black,5rk1/p1prqp1p/p3p1p1/4P3/2RP1P2/1PQ3P1/P4K1P/5R2 b - - 1 23,e7e8,8,-100,33,f8c8,f8d8,8,28
sprt_game_5,23,30,Black,5rk1/p1prqp1p/p3p1p1/4P3/2RP1P2/1PQ3P1/P4K1P/5R2 b - - 1 23,e7a3,9,-104,37,f8c8,f8d8,8,28
sprt_game_5,23,30,Black,5rk1/p1prqp1p/p3p1p1/4P3/2RP1P2/1PQ3P1/P4K1P/5R2 b - - 1 23,h7h6,10,-104,37,f8c8,f8d8,8,28
sprt_game_5,23,30,Black,5rk1/p1prqp1p/p3p1p1/4P3/2RP1P2/1PQ3P1/P4K1P/5R2 b - - 1 23,f8a8,11,-111,44,f8c8,f8d8,8,28
sprt_game_5,23,30,Black,5rk1/p1prqp1p/p3p1p1/4P3/2RP1P2/1PQ3P1/P4K1P/5R2 b - - 1 23,f8e8,12,-113,46,f8c8,f8d8,8,28
sprt_game_5,23,30,Black,5rk1/p1prqp1p/p3p1p1/4P3/2RP1P2/1PQ3P1/P4K1P/5R2 b - - 1 23,c7c6,13,-115,48,f8c8,f8d8,8,28
sprt_game_5,23,30,Black,5rk1/p1prqp1p/p3p1p1/4P3/2RP1P2/1PQ3P1/P4K1P/5R2 b - - 1 23,g8h8,14,-120,53,f8c8,f8d8,8,28
sprt_game_5,23,30,Black,5rk1/p1prqp1p/p3p1p1/4P3/2RP1P2/1PQ3P1/P4K1P/5R2 b - - 1 23,a6a5,15,-122,55,f8c8,f8d8,8,28
sprt_game_5,23,30,Black,5rk1/p1prqp1p/p3p1p1/4P3/2RP1P2/1PQ3P1/P4K1P/5R2 b - - 1 23,f7f6,16,-128,61,f8c8,f8d8,8,28
sprt_game_5,23,30,Black,5rk1/p1prqp1p/p3p1p1/4P3/2RP1P2/1PQ3P1/P4K1P/5R2 b - - 1 23,d7d8,17,-147,80,f8c8,f8d8,8,28
sprt_game_5,23,30,Black,5rk1/p1prqp1p/p3p1p1/4P3/2RP1P2/1PQ3P1/P4K1P/5R2 b - - 1 23,f7f5,18,-180,113,f8c8,f8d8,8,28
sprt_game_5,23,30,Black,5rk1/p1prqp1p/p3p1p1/4P3/2RP1P2/1PQ3P1/P4K1P/5R2 b - - 1 23,g6g5,19,-186,119,f8c8,f8d8,8,28
sprt_game_5,23,30,Black,5rk1/p1prqp1p/p3p1p1/4P3/2RP1P2/1PQ3P1/P4K1P/5R2 b - - 1 23,c7c5,20,-192,125,f8c8,f8d8,8,28
sprt_game_5,23,30,Black,5rk1/p1prqp1p/p3p1p1/4P3/2RP1P2/1PQ3P1/P4K1P/5R2 b - - 1 23,d7d4,21,-481,414,f8c8,f8d8,8,28
sprt_game_5,23,30,Black,5rk1/p1prqp1p/p3p1p1/4P3/2RP1P2/1PQ3P1/P4K1P/5R2 b - - 1 23,d7d6,22,-484,417,f8c8,f8d8,8,28
sprt_game_5,23,30,Black,5rk1/p1prqp1p/p3p1p1/4P3/2RP1P2/1PQ3P1/P4K1P/5R2 b - - 1 23,e7d6,23,-676,609,f8c8,f8d8,8,28
sprt_game_5,23,30,Black,5rk1/p1prqp1p/p3p1p1/4P3/2RP1P2/1PQ3P1/P4K1P/5R2 b - - 1 23,e7b4,24,-717,650,f8c8,f8d8,8,28
sprt_game_5,23,30,Black,5rk1/p1prqp1p/p3p1p1/4P3/2RP1P2/1PQ3P1/P4K1P/5R2 b - - 1 23,e7c5,25,-729,662,f8c8,f8d8,8,28
sprt_game_5,23,30,Black,5rk1/p1prqp1p/p3p1p1/4P3/2RP1P2/1PQ3P1/P4K1P/5R2 b - - 1 23,e7f6,26,-732,665,f8c8,f8d8,8,28
sprt_game_5,23,30,Black,5rk1/p1prqp1p/p3p1p1/4P3/2RP1P2/1PQ3P1/P4K1P/5R2 b - - 1 23,e7h4,27,-740,673,f8c8,f8d8,8,28
sprt_game_5,23,30,Black,5rk1/p1prqp1p/p3p1p1/4P3/2RP1P2/1PQ3P1/P4K1P/5R2 b - - 1 23,e7g5,28,-750,683,f8c8,f8d8,8,28
sprt_game_5,24,32,Black,5r2/p1prqpkp/p3p1p1/4P3/2RP1P2/1PQ1K1P1/P6P/5R2 b - - 3 24,f8b8,1,-67,0,f8c8,f8d8,8,31
sprt_game_5,24,32,Black,5r2/p1prqpkp/p3p1p1/4P3/2RP1P2/1PQ1K1P1/P6P/5R2 b - - 3 24,h7h5,2,-83,16,f8c8,f8d8,8,31
sprt_game_5,24,32,Black,5r2/p1prqpkp/p3p1p1/4P3/2RP1P2/1PQ1K1P1/P6P/5R2 b - - 3 24,f8c8,3,-87,20,f8c8,f8d8,8,31
sprt_game_5,24,32,Black,5r2/p1prqpkp/p3p1p1/4P3/2RP1P2/1PQ1K1P1/P6P/5R2 b - - 3 24,f8d8,4,-89,22,f8c8,f8d8,8,31
sprt_game_5,24,32,Black,5r2/p1prqpkp/p3p1p1/4P3/2RP1P2/1PQ1K1P1/P6P/5R2 b - - 3 24,f8e8,5,-102,35,f8c8,f8d8,8,31
sprt_game_5,24,32,Black,5r2/p1prqpkp/p3p1p1/4P3/2RP1P2/1PQ1K1P1/P6P/5R2 b - - 3 24,f8a8,6,-103,36,f8c8,f8d8,8,31
sprt_game_5,24,32,Black,5r2/p1prqpkp/p3p1p1/4P3/2RP1P2/1PQ1K1P1/P6P/5R2 b - - 3 24,f8h8,7,-105,38,f8c8,f8d8,8,31
sprt_game_5,24,32,Black,5r2/p1prqpkp/p3p1p1/4P3/2RP1P2/1PQ1K1P1/P6P/5R2 b - - 3 24,f8g8,8,-105,38,f8c8,f8d8,8,31
sprt_game_5,24,32,Black,5r2/p1prqpkp/p3p1p1/4P3/2RP1P2/1PQ1K1P1/P6P/5R2 b - - 3 24,h7h6,9,-105,38,f8c8,f8d8,8,31
sprt_game_5,24,32,Black,5r2/p1prqpkp/p3p1p1/4P3/2RP1P2/1PQ1K1P1/P6P/5R2 b - - 3 24,e7d8,10,-110,43,f8c8,f8d8,8,31
sprt_game_5,24,32,Black,5r2/p1prqpkp/p3p1p1/4P3/2RP1P2/1PQ1K1P1/P6P/5R2 b - - 3 24,e7e8,11,-117,50,f8c8,f8d8,8,31
sprt_game_5,24,32,Black,5r2/p1prqpkp/p3p1p1/4P3/2RP1P2/1PQ1K1P1/P6P/5R2 b - - 3 24,e7a3,12,-118,51,f8c8,f8d8,8,31
sprt_game_5,24,32,Black,5r2/p1prqpkp/p3p1p1/4P3/2RP1P2/1PQ1K1P1/P6P/5R2 b - - 3 24,g7g8,13,-128,61,f8c8,f8d8,8,31
sprt_game_5,24,32,Black,5r2/p1prqpkp/p3p1p1/4P3/2RP1P2/1PQ1K1P1/P6P/5R2 b - - 3 24,c7c6,14,-140,73,f8c8,f8d8,8,31
sprt_game_5,24,32,Black,5r2/p1prqpkp/p3p1p1/4P3/2RP1P2/1PQ1K1P1/P6P/5R2 b - - 3 24,g7h6,15,-141,74,f8c8,f8d8,8,31
sprt_game_5,24,32,Black,5r2/p1prqpkp/p3p1p1/4P3/2RP1P2/1PQ1K1P1/P6P/5R2 b - - 3 24,a6a5,16,-151,84,f8c8,f8d8,8,31
sprt_game_5,24,32,Black,5r2/p1prqpkp/p3p1p1/4P3/2RP1P2/1PQ1K1P1/P6P/5R2 b - - 3 24,d7d5,17,-156,89,f8c8,f8d8,8,31
sprt_game_5,24,32,Black,5r2/p1prqpkp/p3p1p1/4P3/2RP1P2/1PQ1K1P1/P6P/5R2 b - - 3 24,g6g5,18,-164,97,f8c8,f8d8,8,31
sprt_game_5,24,32,Black,5r2/p1prqpkp/p3p1p1/4P3/2RP1P2/1PQ1K1P1/P6P/5R2 b - - 3 24,g7h8,19,-166,99,f8c8,f8d8,8,31
sprt_game_5,24,32,Black,5r2/p1prqpkp/p3p1p1/4P3/2RP1P2/1PQ1K1P1/P6P/5R2 b - - 3 24,d7d8,20,-189,122,f8c8,f8d8,8,31
sprt_game_5,24,32,Black,5r2/p1prqpkp/p3p1p1/4P3/2RP1P2/1PQ1K1P1/P6P/5R2 b - - 3 24,f7f6,21,-206,139,f8c8,f8d8,8,31
sprt_game_5,24,32,Black,5r2/p1prqpkp/p3p1p1/4P3/2RP1P2/1PQ1K1P1/P6P/5R2 b - - 3 24,c7c5,22,-222,155,f8c8,f8d8,8,31
sprt_game_5,24,32,Black,5r2/p1prqpkp/p3p1p1/4P3/2RP1P2/1PQ1K1P1/P6P/5R2 b - - 3 24,f7f5,23,-231,164,f8c8,f8d8,8,31
sprt_game_5,24,32,Black,5r2/p1prqpkp/p3p1p1/4P3/2RP1P2/1PQ1K1P1/P6P/5R2 b - - 3 24,d7d4,24,-446,379,f8c8,f8d8,8,31
sprt_game_5,24,32,Black,5r2/p1prqpkp/p3p1p1/4P3/2RP1P2/1PQ1K1P1/P6P/5R2 b - - 3 24,d7d6,25,-491,424,f8c8,f8d8,8,31
sprt_game_5,24,32,Black,5r2/p1prqpkp/p3p1p1/4P3/2RP1P2/1PQ1K1P1/P6P/5R2 b - - 3 24,e7d6,26,-690,623,f8c8,f8d8,8,31
sprt_game_5,24,32,Black,5r2/p1prqpkp/p3p1p1/4P3/2RP1P2/1PQ1K1P1/P6P/5R2 b - - 3 24,e7b4,27,-718,651,f8c8,f8d8,8,31
sprt_game_5,24,32,Black,5r2/p1prqpkp/p3p1p1/4P3/2RP1P2/1PQ1K1P1/P6P/5R2 b - - 3 24,e7g5,28,-748,681,f8c8,f8d8,8,31
sprt_game_5,24,32,Black,5r2/p1prqpkp/p3p1p1/4P3/2RP1P2/1PQ1K1P1/P6P/5R2 b - - 3 24,e7c5,29,-750,683,f8c8,f8d8,8,31
sprt_game_5,24,32,Black,5r2/p1prqpkp/p3p1p1/4P3/2RP1P2/1PQ1K1P1/P6P/5R2 b - - 3 24,e7h4,30,-767,700,f8c8,f8d8,8,31
sprt_game_5,24,32,Black,5r2/p1prqpkp/p3p1p1/4P3/2RP1P2/1PQ1K1P1/P6P/5R2 b - - 3 24,e7f6,31,-899,832,f8c8,f8d8,8,31
sprt_game_5,27,38,Black,2rq4/p1pr1pk1/p3p1p1/4P2p/1QRP1P2/1P2K1P1/P1R4P/8 b - - 5 27,h5h4,1,-37,0,d7d5,c8b8,8,25
sprt_game_5,27,38,Black,2rq4/p1pr1pk1/p3p1p1/4P2p/1QRP1P2/1P2K1P1/P1R4P/8 b - - 5 27,c8b8,2,-57,20,d7d5,c8b8,8,25
sprt_game_5,27,38,Black,2rq4/p1pr1pk1/p3p1p1/4P2p/1QRP1P2/1P2K1P1/P1R4P/8 b - - 5 27,c8a8,3,-61,24,d7d5,c8b8,8,25
sprt_game_5,27,38,Black,2rq4/p1pr1pk1/p3p1p1/4P2p/1QRP1P2/1P2K1P1/P1R4P/8 b - - 5 27,g7h6,4,-62,25,d7d5,c8b8,8,25
sprt_game_5,27,38,Black,2rq4/p1pr1pk1/p3p1p1/4P2p/1QRP1P2/1P2K1P1/P1R4P/8 b - - 5 27,d8h8,5,-65,28,d7d5,c8b8,8,25
sprt_game_5,27,38,Black,2rq4/p1pr1pk1/p3p1p1/4P2p/1QRP1P2/1P2K1P1/P1R4P/8 b - - 5 27,g7g8,6,-65,28,d7d5,c8b8,8,25
sprt_game_5,27,38,Black,2rq4/p1pr1pk1/p3p1p1/4P2p/1QRP1P2/1P2K1P1/P1R4P/8 b - - 5 27,g7h7,7,-65,28,d7d5,c8b8,8,25
sprt_game_5,27,38,Black,2rq4/p1pr1pk1/p3p1p1/4P2p/1QRP1P2/1P2K1P1/P1R4P/8 b - - 5 27,d8e8,8,-66,29,d7d5,c8b8,8,25
sprt_game_5,27,38,Black,2rq4/p1pr1pk1/p3p1p1/4P2p/1QRP1P2/1P2K1P1/P1R4P/8 b - - 5 27,d7e7,9,-72,35,d7d5,c8b8,8,25
sprt_game_5,27,38,Black,2rq4/p1pr1pk1/p3p1p1/4P2p/1QRP1P2/1P2K1P1/P1R4P/8 b - - 5 27,g7h8,10,-74,37,d7d5,c8b8,8,25
sprt_game_5,27,38,Black,2rq4/p1pr1pk1/p3p1p1/4P2p/1QRP1P2/1P2K1P1/P1R4P/8 b - - 5 27,d7d5,11,-75,38,d7d5,c8b8,8,25
sprt_game_5,27,38,Black,2rq4/p1pr1pk1/p3p1p1/4P2p/1QRP1P2/1P2K1P1/P1R4P/8 b - - 5 27,d8g8,12,-81,44,d7d5,c8b8,8,25
sprt_game_5,27,38,Black,2rq4/p1pr1pk1/p3p1p1/4P2p/1QRP1P2/1P2K1P1/P1R4P/8 b - - 5 27,g6g5,13,-92,55,d7d5,c8b8,8,25
sprt_game_5,27,38,Black,2rq4/p1pr1pk1/p3p1p1/4P2p/1QRP1P2/1P2K1P1/P1R4P/8 b - - 5 27,a6a5,14,-98,61,d7d5,c8b8,8,25
sprt_game_5,27,38,Black,2rq4/p1pr1pk1/p3p1p1/4P2p/1QRP1P2/1P2K1P1/P1R4P/8 b - - 5 27,c7c5,15,-110,73,d7d5,c8b8,8,25
sprt_game_5,27,38,Black,2rq4/p1pr1pk1/p3p1p1/4P2p/1QRP1P2/1P2K1P1/P1R4P/8 b - - 5 27,c7c6,16,-126,89,d7d5,c8b8,8,25
sprt_game_5,27,38,Black,2rq4/p1pr1pk1/p3p1p1/4P2p/1QRP1P2/1P2K1P1/P1R4P/8 b - - 5 27,f7f6,17,-201,164,d7d5,c8b8,8,25
sprt_game_5,27,38,Black,2rq4/p1pr1pk1/p3p1p1/4P2p/1QRP1P2/1P2K1P1/P1R4P/8 b - - 5 27,f7f5,18,-270,233,d7d5,c8b8,8,25
sprt_game_5,27,38,Black,2rq4/p1pr1pk1/p3p1p1/4P2p/1QRP1P2/1P2K1P1/P1R4P/8 b - - 5 27,d8f8,19,-305,268,d7d5,c8b8,8,25
sprt_game_5,27,38,Black,2rq4/p1pr1pk1/p3p1p1/4P2p/1QRP1P2/1P2K1P1/P1R4P/8 b - - 5 27,d8e7,20,-315,278,d7d5,c8b8,8,25
sprt_game_5,27,38,Black,2rq4/p1pr1pk1/p3p1p1/4P2p/1QRP1P2/1P2K1P1/P1R4P/8 b - - 5 27,d7d4,21,-448,411,d7d5,c8b8,8,25
sprt_game_5,27,38,Black,2rq4/p1pr1pk1/p3p1p1/4P2p/1QRP1P2/1P2K1P1/P1R4P/8 b - - 5 27,d7d6,22,-554,517,d7d5,c8b8,8,25
sprt_game_5,27,38,Black,2rq4/p1pr1pk1/p3p1p1/4P2p/1QRP1P2/1P2K1P1/P1R4P/8 b - - 5 27,d8h4,23,-718,681,d7d5,c8b8,8,25
sprt_game_5,27,38,Black,2rq4/p1pr1pk1/p3p1p1/4P2p/1QRP1P2/1P2K1P1/P1R4P/8 b - - 5 27,d8f6,24,-776,739,d7d5,c8b8,8,25
sprt_game_5,27,38,Black,2rq4/p1pr1pk1/p3p1p1/4P2p/1QRP1P2/1P2K1P1/P1R4P/8 b - - 5 27,d8g5,25,-783,746,d7d5,c8b8,8,25
