log,fullmove,ply,side,fen,move,rank,score_cp,gap_cp,candidate_move,reference_move,round,legal_moves
sprt_game_1,9,9,Black,rnbqk2r/4bppp/1p2p3/3n4/2P5/3Q1N2/PP2BPPP/RNB1K2R b KQkq - 0 9,d8c7,1,-92,0,d5b4,d8c7,4,42
sprt_game_1,9,9,Black,rnbqk2r/4bppp/1p2p3/3n4/2P5/3Q1N2/PP2BPPP/RNB1K2R b KQkq - 0 9,c8a6,2,-127,35,d5b4,d8c7,4,42
sprt_game_1,9,9,Black,rnbqk2r/4bppp/1p2p3/3n4/2P5/3Q1N2/PP2BPPP/RNB1K2R b KQkq - 0 9,d5b4,3,-132,40,d5b4,d8c7,4,42
sprt_game_1,9,9,Black,rnbqk2r/4bppp/1p2p3/3n4/2P5/3Q1N2/PP2BPPP/RNB1K2R b KQkq - 0 9,d5f6,4,-185,93,d5b4,d8c7,4,42
sprt_game_1,9,9,Black,rnbqk2r/4bppp/1p2p3/3n4/2P5/3Q1N2/PP2BPPP/RNB1K2R b KQkq - 0 9,e7b4,5,-203,111,d5b4,d8c7,4,42
sprt_game_1,9,9,Black,rnbqk2r/4bppp/1p2p3/3n4/2P5/3Q1N2/PP2BPPP/RNB1K2R b KQkq - 0 9,d5c7,6,-212,120,d5b4,d8c7,4,42
sprt_game_1,9,9,Black,rnbqk2r/4bppp/1p2p3/3n4/2P5/3Q1N2/PP2BPPP/RNB1K2R b KQkq - 0 9,e8g8,7,-360,268,d5b4,d8c7,4,42
sprt_game_1,9,9,Black,rnbqk2r/4bppp/1p2p3/3n4/2P5/3Q1N2/PP2BPPP/RNB1K2R b KQkq - 0 9,b8c6,8,-386,294,d5b4,d8c7,4,42
sprt_game_1,9,9,Black,rnbqk2r/4bppp/1p2p3/3n4/2P5/3Q1N2/PP2BPPP/RNB1K2R b KQkq - 0 9,b8a6,9,-390,298,d5b4,d8c7,4,42
sprt_game_1,9,9,Black,rnbqk2r/4bppp/1p2p3/3n4/2P5/3Q1N2/PP2BPPP/RNB1K2R b KQkq - 0 9,a8a5,10,-391,299,d5b4,d8c7,4,42
sprt_game_1,9,9,Black,rnbqk2r/4bppp/1p2p3/3n4/2P5/3Q1N2/PP2BPPP/RNB1K2R b KQkq - 0 9,e7f6,11,-392,300,d5b4,d8c7,4,42
sprt_game_1,9,9,Black,rnbqk2r/4bppp/1p2p3/3n4/2P5/3Q1N2/PP2BPPP/RNB1K2R b KQkq - 0 9,h7h6,12,-396,304,d5b4,d8c7,4,42
sprt_game_1,9,9,Black,rnbqk2r/4bppp/1p2p3/3n4/2P5/3Q1N2/PP2BPPP/RNB1K2R b KQkq - 0 9,c8b7,13,-402,310,d5b4,d8c7,4,42
sprt_game_1,9,9,Black,rnbqk2r/4bppp/1p2p3/3n4/2P5/3Q1N2/PP2BPPP/RNB1K2R b KQkq - 0 9,b8d7,14,-413,321,d5b4,d8c7,4,42
sprt_game_1,9,9,Black,rnbqk2r/4bppp/1p2p3/3n4/2P5/3Q1N2/PP2BPPP/RNB1K2R b KQkq - 0 9,b6b5,15,-416,324,d5b4,d8c7,4,42
sprt_game_1,9,9,Black,rnbqk2r/4bppp/1p2p3/3n4/2P5/3Q1N2/PP2BPPP/RNB1K2R b KQkq - 0 9,f7f5,16,-416,324,d5b4,d8c7,4,42
sprt_game_1,9,9,Black,rnbqk2r/4bppp/1p2p3/3n4/2P5/3Q1N2/PP2BPPP/RNB1K2R b KQkq - 0 9,e7d6,17,-421,329,d5b4,d8c7,4,42
sprt_game_1,9,9,Black,rnbqk2r/4bppp/1p2p3/3n4/2P5/3Q1N2/PP2BPPP/RNB1K2R b KQkq - 0 9,d8d6,18,-425,333,d5b4,d8c7,4,42
sprt_game_1,9,9,Black,rnbqk2r/4bppp/1p2p3/3n4/2P5/3Q1N2/PP2BPPP/RNB1K2R b KQkq - 0 9,a8a6,19,-425,333,d5b4,d8c7,4,42
sprt_game_1,9,9,Black,rnbqk2r/4bppp/1p2p3/3n4/2P5/3Q1N2/PP2BPPP/RNB1K2R b KQkq - 0 9,a8a4,20,-425,333,d5b4,d8c7,4,42
sprt_game_1,9,9,Black,rnbqk2r/4bppp/1p2p3/3n4/2P5/3Q1N2/PP2BPPP/RNB1K2R b KQkq - 0 9,g7g5,21,-433,341,d5b4,d8c7,4,42
sprt_game_1,9,9,Black,rnbqk2r/4bppp/1p2p3/3n4/2P5/3Q1N2/PP2BPPP/RNB1K2R b KQkq - 0 9,a8a7,22,-434,342,d5b4,d8c7,4,42
sprt_game_1,9,9,Black,rnbqk2r/4bppp/1p2p3/3n4/2P5/3Q1N2/PP2BPPP/RNB1K2R b KQkq - 0 9,h7h5,23,-436,344,d5b4,d8c7,4,42
sprt_game_1,9,9,Black,rnbqk2r/4bppp/1p2p3/3n4/2P5/3Q1N2/PP2BPPP/RNB1K2R b KQkq - 0 9,d8d7,24,-438,346,d5b4,d8c7,4,42
sprt_game_1,9,9,Black,rnbqk2r/4bppp/1p2p3/3n4/2P5/3Q1N2/PP2BPPP/RNB1K2R b KQkq - 0 9,e7c5,25,-439,347,d5b4,d8c7,4,42
sprt_game_1,9,9,Black,rnbqk2r/4bppp/1p2p3/3n4/2P5/3Q1N2/PP2BPPP/RNB1K2R b KQkq - 0 9,c8d7,26,-448,356,d5b4,d8c7,4,42
sprt_game_1,9,9,Black,rnbqk2r/4bppp/1p2p3/3n4/2P5/3Q1N2/PP2BPPP/RNB1K2R b KQkq - 0 9,g7g6,27,-452,360,d5b4,d8c7,4,42
sprt_game_1,9,9,Black,rnbqk2r/4bppp/1p2p3/3n4/2P5/3Q1N2/PP2BPPP/RNB1K2R b KQkq - 0 9,e7h4,28,-462,370,d5b4,d8c7,4,42
sprt_game_1,9,9,Black,rnbqk2r/4bppp/1p2p3/3n4/2P5/3Q1N2/PP2BPPP/RNB1K2R b KQkq - 0 9,e7f8,29,-463,371,d5b4,d8c7,4,42
sprt_game_1,9,9,Black,rnbqk2r/4bppp/1p2p3/3n4/2P5/3Q1N2/PP2BPPP/RNB1K2R b KQkq - 0 9,d5c3,30,-475,383,d5b4,d8c7,4,42
sprt_game_1,9,9,Black,rnbqk2r/4bppp/1p2p3/3n4/2P5/3Q1N2/PP2BPPP/RNB1K2R b KQkq - 0 9,f7f6,31,-475,383,d5b4,d8c7,4,42
sprt_game_1,9,9,Black,rnbqk2r/4bppp/1p2p3/3n4/2P5/3Q1N2/PP2BPPP/RNB1K2R b KQkq - 0 9,d5f4,32,-478,386,d5b4,d8c7,4,42
sprt_game_1,9,9,Black,rnbqk2r/4bppp/1p2p3/3n4/2P5/3Q1N2/PP2BPPP/RNB1K2R b KQkq - 0 9,e6e5,33,-478,386,d5b4,d8c7,4,42
sprt_game_1,9,9,Black,rnbqk2r/4bppp/1p2p3/3n4/2P5/3Q1N2/PP2BPPP/RNB1K2R b KQkq - 0 9,e8f8,34,-479,387,d5b4,d8c7,4,42
sprt_game_1,9,9,Black,rnbqk2r/4bppp/1p2p3/3n4/2P5/3Q1N2/PP2BPPP/RNB1K2R b KQkq - 0 9,a8a2,35,-480,388,d5b4,d8c7,4,42
sprt_game_1,9,9,Black,rnbqk2r/4bppp/1p2p3/3n4/2P5/3Q1N2/PP2BPPP/RNB1K2R b KQkq - 0 9,d5e3,36,-490,398,d5b4,d8c7,4,42
sprt_game_1,9,9,Black,rnbqk2r/4bppp/1p2p3/3n4/2P5/3Q1N2/PP2BPPP/RNB1K2R b KQkq - 0 9,e8d7,37,-513,421,d5b4,d8c7,4,42
sprt_game_1,9,9,Black,rnbqk2r/4bppp/1p2p3/3n4/2P5/3Q1N2/PP2BPPP/RNB1K2R b KQkq - 0 9,h8g8,38,-535,443,d5b4,d8c7,4,42
sprt_game_1,9,9,Black,rnbqk2r/4bppp/1p2p3/3n4/2P5/3Q1N2/PP2BPPP/RNB1K2R b KQkq - 0 9,e7g5,39,-550,458,d5b4,d8c7,4,42
sprt_game_1,9,9,Black,rnbqk2r/4bppp/1p2p3/3n4/2P5/3Q1N2/PP2BPPP/RNB1K2R b KQkq - 0 9,h8f8,40,-551,459,d5b4,d8c7,4,42
sprt_game_1,9,9,Black,rnbqk2r/4bppp/1p2p3/3n4/2P5/3Q1N2/PP2BPPP/RNB1K2R b KQkq - 0 9,e7a3,41,-569,477,d5b4,d8c7,4,42
sprt_game_1,9,9,Black,rnbqk2r/4bppp/1p2p3/3n4/2P5/3Q1N2/PP2BPPP/RNB1K2R b KQkq - 0 9,a8a3,42,-573,481,d5b4,d8c7,4,42
sprt_game_1,19,29,Black,rn3rk1/1b2bppp/1p2p3/1N6/2P2P2/2N5/PP2BP1P/R2R2K1 b - - 2 19,b7c6,1,-101,0,b8c6,g7g6,4,36
sprt_game_1,19,29,Black,rn3rk1/1b2bppp/1p2p3/1N6/2P2P2/2N5/PP2BP1P/R2R2K1 b - - 2 19,g7g6,2,-101,0,b8c6,g7g6,4,36
sprt_game_1,19,29,Black,rn3rk1/1b2bppp/1p2p3/1N6/2P2P2/2N5/PP2BP1P/R2R2K1 b - - 2 19,g7g5,3,-128,27,b8c6,g7g6,4,36
sprt_game_1,19,29,Black,rn3rk1/1b2bppp/1p2p3/1N6/2P2P2/2N5/PP2BP1P/R2R2K1 b - - 2 19,h7h6,4,-132,31,b8c6,g7g6,4,36
sprt_game_1,19,29,Black,rn3rk1/1b2bppp/1p2p3/1N6/2P2P2/2N5/PP2BP1P/R2R2K1 b - - 2 19,g8h8,5,-135,34,b8c6,g7g6,4,36
sprt_game_1,19,29,Black,rn3rk1/1b2bppp/1p2p3/1N6/2P2P2/2N5/PP2BP1P/R2R2K1 b - - 2 19,e7h4,6,-136,35,b8c6,g7g6,4,36
sprt_game_1,19,29,Black,rn3rk1/1b2bppp/1p2p3/1N6/2P2P2/2N5/PP2BP1P/R2R2K1 b - - 2 19,e7d8,7,-141,40,b8c6,g7g6,4,36
sprt_game_1,19,29,Black,rn3rk1/1b2bppp/1p2p3/1N6/2P2P2/2N5/PP2BP1P/R2R2K1 b - - 2 19,h7h5,8,-145,44,b8c6,g7g6,4,36
sprt_game_1,19,29,Black,rn3rk1/1b2bppp/1p2p3/1N6/2P2P2/2N5/PP2BP1P/R2R2K1 b - - 2 19,a8a6,9,-150,49,b8c6,g7g6,4,36
sprt_game_1,19,29,Black,rn3rk1/1b2bppp/1p2p3/1N6/2P2P2/2N5/PP2BP1P/R2R2K1 b - - 2 19,a8a5,10,-150,49,b8c6,g7g6,4,36
sprt_game_1,19,29,Black,rn3rk1/1b2bppp/1p2p3/1N6/2P2P2/2N5/PP2BP1P/R2R2K1 b - - 2 19,e7c5,11,-152,51,b8c6,g7g6,4,36
sprt_game_1,19,29,Black,rn3rk1/1b2bppp/1p2p3/1N6/2P2P2/2N5/PP2BP1P/R2R2K1 b - - 2 19,f8d8,12,-154,53,b8c6,g7g6,4,36
sprt_game_1,19,29,Black,rn3rk1/1b2bppp/1p2p3/1N6/2P2P2/2N5/PP2BP1P/R2R2K1 b - - 2 19,e7f6,13,-164,63,b8c6,g7g6,4,36
sprt_game_1,19,29,Black,rn3rk1/1b2bppp/1p2p3/1N6/2P2P2/2N5/PP2BP1P/R2R2K1 b - - 2 19,e7b4,14,-176,75,b8c6,g7g6,4,36
sprt_game_1,19,29,Black,rn3rk1/1b2bppp/1p2p3/1N6/2P2P2/2N5/PP2BP1P/R2R2K1 b - - 2 19,b7c8,15,-188,87,b8c6,g7g6,4,36
sprt_game_1,19,29,Black,rn3rk1/1b2bppp/1p2p3/1N6/2P2P2/2N5/PP2BP1P/R2R2K1 b - - 2 19,b8c6,16,-195,94,b8c6,g7g6,4,36
sprt_game_1,19,29,Black,rn3rk1/1b2bppp/1p2p3/1N6/2P2P2/2N5/PP2BP1P/R2R2K1 b - - 2 19,f8c8,17,-227,126,b8c6,g7g6,4,36
sprt_game_1,19,29,Black,rn3rk1/1b2bppp/1p2p3/1N6/2P2P2/2N5/PP2BP1P/R2R2K1 b - - 2 19,f7f5,18,-232,131,b8c6,g7g6,4,36
sprt_game_1,19,29,Black,rn3rk1/1b2bppp/1p2p3/1N6/2P2P2/2N5/PP2BP1P/R2R2K1 b - - 2 19,e6e5,19,-328,227,b8c6,g7g6,4,36
sprt_game_1,19,29,Black,rn3rk1/1b2bppp/1p2p3/1N6/2P2P2/2N5/PP2BP1P/R2R2K1 b - - 2 19,b7a6,20,-351,250,b8c6,g7g6,4,36
sprt_game_1,19,29,Black,rn3rk1/1b2bppp/1p2p3/1N6/2P2P2/2N5/PP2BP1P/R2R2K1 b - - 2 19,f7f6,21,-354,253,b8c6,g7g6,4,36
sprt_game_1,19,29,Black,rn3rk1/1b2bppp/1p2p3/1N6/2P2P2/2N5/PP2BP1P/R2R2K1 b - - 2 19,f8e8,22,-359,258,b8c6,g7g6,4,36
sprt_game_1,19,29,Black,rn3rk1/1b2bppp/1p2p3/1N6/2P2P2/2N5/PP2BP1P/R2R2K1 b - - 2 19,b8a6,23,-428,327,b8c6,g7g6,4,36
sprt_game_1,19,29,Black,rn3rk1/1b2bppp/1p2p3/1N6/2P2P2/2N5/PP2BP1P/R2R2K1 b - - 2 19,b7e4,24,-498,397,b8c6,g7g6,4,36
sprt_game_1,19,29,Black,rn3rk1/1b2bppp/1p2p3/1N6/2P2P2/2N5/PP2BP1P/R2R2K1 b - - 2 19,b7h1,25,-515,414,b8c6,g7g6,4,36
sprt_game_1,19,29,Black,rn3rk1/1b2bppp/1p2p3/1N6/2P2P2/2N5/PP2BP1P/R2R2K1 b - - 2 19,e7a3,26,-517,416,b8c6,g7g6,4,36
sprt_game_1,19,29,Black,rn3rk1/1b2bppp/1p2p3/1N6/2P2P2/2N5/PP2BP1P/R2R2K1 b - - 2 19,b7g2,27,-528,427,b8c6,g7g6,4,36
sprt_game_1,19,29,Black,rn3rk1/1b2bppp/1p2p3/1N6/2P2P2/2N5/PP2BP1P/R2R2K1 b - - 2 19,a8a3,28,-543,442,b8c6,g7g6,4,36
sprt_game_1,19,29,Black,rn3rk1/1b2bppp/1p2p3/1N6/2P2P2/2N5/PP2BP1P/R2R2K1 b - - 2 19,e7g5,29,-545,444,b8c6,g7g6,4,36
sprt_game_1,19,29,Black,rn3rk1/1b2bppp/1p2p3/1N6/2P2P2/2N5/PP2BP1P/R2R2K1 b - - 2 19,a8a2,30,-556,455,b8c6,g7g6,4,36
sprt_game_1,19,29,Black,rn3rk1/1b2bppp/1p2p3/1N6/2P2P2/2N5/PP2BP1P/R2R2K1 b - - 2 19,e7d6,31,-559,458,b8c6,g7g6,4,36
sprt_game_1,19,29,Black,rn3rk1/1b2bppp/1p2p3/1N6/2P2P2/2N5/PP2BP1P/R2R2K1 b - - 2 19,b7d5,32,-562,461,b8c6,g7g6,4,36
sprt_game_1,19,29,Black,rn3rk1/1b2bppp/1p2p3/1N6/2P2P2/2N5/PP2BP1P/R2R2K1 b - - 2 19,a8a7,33,-568,467,b8c6,g7g6,4,36
sprt_game_1,19,29,Black,rn3rk1/1b2bppp/1p2p3/1N6/2P2P2/2N5/PP2BP1P/R2R2K1 b - - 2 19,b7f3,34,-572,471,b8c6,g7g6,4,36
sprt_game_1,19,29,Black,rn3rk1/1b2bppp/1p2p3/1N6/2P2P2/2N5/PP2BP1P/R2R2K1 b - - 2 19,a8a4,35,-585,484,b8c6,g7g6,4,36
sprt_game_1,19,29,Black,rn3rk1/1b2bppp/1p2p3/1N6/2P2P2/2N5/PP2BP1P/R2R2K1 b - - 2 19,b8d7,36,-635,534,b8c6,g7g6,4,36
sprt_game_1,21,33,Black,rn3rk1/5ppp/1pb1pb2/1N6/2P2P2/P1N5/1P2BP1P/2RR2K1 b - - 2 21,g7g6,1,-98,0,g7g5,f8c8,4,32
sprt_game_1,21,33,Black,rn3rk1/5ppp/1pb1pb2/1N6/2P2P2/P1N5/1P2BP1P/2RR2K1 b - - 2 21,g7g5,2,-105,7,g7g5,f8c8,4,32
sprt_game_1,21,33,Black,rn3rk1/5ppp/1pb1pb2/1N6/2P2P2/P1N5/1P2BP1P/2RR2K1 b - - 2 21,h7h6,3,-119,21,g7g5,f8c8,4,32
sprt_game_1,21,33,Black,rn3rk1/5ppp/1pb1pb2/1N6/2P2P2/P1N5/1P2BP1P/2RR2K1 b - - 2 21,f8d8,4,-129,31,g7g5,f8c8,4,32
sprt_game_1,21,33,Black,rn3rk1/5ppp/1pb1pb2/1N6/2P2P2/P1N5/1P2BP1P/2RR2K1 b - - 2 21,f8c8,5,-131,33,g7g5,f8c8,4,32
sprt_game_1,21,33,Black,rn3rk1/5ppp/1pb1pb2/1N6/2P2P2/P1N5/1P2BP1P/2RR2K1 b - - 2 21,a8a6,6,-136,38,g7g5,f8c8,4,32
sprt_game_1,21,33,Black,rn3rk1/5ppp/1pb1pb2/1N6/2P2P2/P1N5/1P2BP1P/2RR2K1 b - - 2 21,f6e7,7,-137,39,g7g5,f8c8,4,32
sprt_game_1,21,33,Black,rn3rk1/5ppp/1pb1pb2/1N6/2P2P2/P1N5/1P2BP1P/2RR2K1 b - - 2 21,f6h4,8,-140,42,g7g5,f8c8,4,32
sprt_game_1,21,33,Black,rn3rk1/5ppp/1pb1pb2/1N6/2P2P2/P1N5/1P2BP1P/2RR2K1 b - - 2 21,c6d7,9,-140,42,g7g5,f8c8,4,32
sprt_game_1,21,33,Black,rn3rk1/5ppp/1pb1pb2/1N6/2P2P2/P1N5/1P2BP1P/2RR2K1 b - - 2 21,g8h8,10,-143,45,g7g5,f8c8,4,32
sprt_game_1,21,33,Black,rn3rk1/5ppp/1pb1pb2/1N6/2P2P2/P1N5/1P2BP1P/2RR2K1 b - - 2 21,f6d8,11,-143,45,g7g5,f8c8,4,32
sprt_game_1,21,33,Black,rn3rk1/5ppp/1pb1pb2/1N6/2P2P2/P1N5/1P2BP1P/2RR2K1 b - - 2 21,c6b7,12,-143,45,g7g5,f8c8,4,32
sprt_game_1,21,33,Black,rn3rk1/5ppp/1pb1pb2/1N6/2P2P2/P1N5/1P2BP1P/2RR2K1 b - - 2 21,b8a6,13,-147,49,g7g5,f8c8,4,32
sprt_game_1,21,33,Black,rn3rk1/5ppp/1pb1pb2/1N6/2P2P2/P1N5/1P2BP1P/2RR2K1 b - - 2 21,h7h5,14,-150,52,g7g5,f8c8,4,32
sprt_game_1,21,33,Black,rn3rk1/5ppp/1pb1pb2/1N6/2P2P2/P1N5/1P2BP1P/2RR2K1 b - - 2 21,a8a5,15,-160,62,g7g5,f8c8,4,32
sprt_game_1,21,33,Black,rn3rk1/5ppp/1pb1pb2/1N6/2P2P2/P1N5/1P2BP1P/2RR2K1 b - - 2 21,c6b5,16,-166,68,g7g5,f8c8,4,32
sprt_game_1,21,33,Black,rn3rk1/5ppp/1pb1pb2/1N6/2P2P2/P1N5/1P2BP1P/2RR2K1 b - - 2 21,b8d7,17,-169,71,g7g5,f8c8,4,32
sprt_game_1,21,33,Black,rn3rk1/5ppp/1pb1pb2/1N6/2P2P2/P1N5/1P2BP1P/2RR2K1 b - - 2 21,c6e8,18,-200,102,g7g5,f8c8,4,32
sprt_game_1,21,33,Black,rn3rk1/5ppp/1pb1pb2/1N6/2P2P2/P1N5/1P2BP1P/2RR2K1 b - - 2 21,e6e5,19,-236,138,g7g5,f8c8,4,32
sprt_game_1,21,33,Black,rn3rk1/5ppp/1pb1pb2/1N6/2P2P2/P1N5/1P2BP1P/2RR2K1 b - - 2 21,f6c3,20,-256,158,g7g5,f8c8,4,32
sprt_game_1,21,33,Black,rn3rk1/5ppp/1pb1pb2/1N6/2P2P2/P1N5/1P2BP1P/2RR2K1 b - - 2 21,f8e8,21,-373,275,g7g5,f8c8,4,32
sprt_game_1,21,33,Black,rn3rk1/5ppp/1pb1pb2/1N6/2P2P2/P1N5/1P2BP1P/2RR2K1 b - - 2 21,c6e4,22,-477,379,g7g5,f8c8,4,32
sprt_game_1,21,33,Black,rn3rk1/5ppp/1pb1pb2/1N6/2P2P2/P1N5/1P2BP1P/2RR2K1 b - - 2 21,a8a3,23,-495,397,g7g5,f8c8,4,32
sprt_game_1,21,33,Black,rn3rk1/5ppp/1pb1pb2/1N6/2P2P2/P1N5/1P2BP1P/2RR2K1 b - - 2 21,f6e5,24,-523,425,g7g5,f8c8,4,32
sprt_game_1,21,33,Black,rn3rk1/5ppp/1pb1pb2/1N6/2P2P2/P1N5/1P2BP1P/2RR2K1 b - - 2 21,f6g5,25,-543,445,g7g5,f8c8,4,32
sprt_game_1,21,33,Black,rn3rk1/5ppp/1pb1pb2/1N6/2P2P2/P1N5/1P2BP1P/2RR2K1 b - - 2 21,c6h1,26,-543,445,g7g5,f8c8,4,32
sprt_game_1,21,33,Black,rn3rk1/5ppp/1pb1pb2/1N6/2P2P2/P1N5/1P2BP1P/2RR2K1 b - - 2 21,c6g2,27,-545,447,g7g5,f8c8,4,32
sprt_game_1,21,33,Black,rn3rk1/5ppp/1pb1pb2/1N6/2P2P2/P1N5/1P2BP1P/2RR2K1 b - - 2 21,f6d4,28,-554,456,g7g5,f8c8,4,32
sprt_game_1,21,33,Black,rn3rk1/5ppp/1pb1pb2/1N6/2P2P2/P1N5/1P2BP1P/2RR2K1 b - - 2 21,a8a7,29,-566,468,g7g5,f8c8,4,32
sprt_game_1,21,33,Black,rn3rk1/5ppp/1pb1pb2/1N6/2P2P2/P1N5/1P2BP1P/2RR2K1 b - - 2 21,c6d5,30,-576,478,g7g5,f8c8,4,32
sprt_game_1,21,33,Black,rn3rk1/5ppp/1pb1pb2/1N6/2P2P2/P1N5/1P2BP1P/2RR2K1 b - - 2 21,a8a4,31,-591,493,g7g5,f8c8,4,32
sprt_game_1,21,33,Black,rn3rk1/5ppp/1pb1pb2/1N6/2P2P2/P1N5/1P2BP1P/2RR2K1 b - - 2 21,c6f3,32,-605,507,g7g5,f8c8,4,32
sprt_game_1,24,39,Black,rnr3k1/5ppp/1pb1pb2/1N6/1PPN1P2/P7/4BP1P/2RR2K1 b - - 4 24,f6d4,1,-151,0,g8f8,f6d4,4,33
sprt_game_1,24,39,Black,rnr3k1/5ppp/1pb1pb2/1N6/1PPN1P2/P7/4BP1P/2RR2K1 b - - 4 24,g8f8,2,-198,47,g8f8,f6d4,4,33
sprt_game_1,24,39,Black,rnr3k1/5ppp/1pb1pb2/1N6/1PPN1P2/P7/4BP1P/2RR2K1 b - - 4 24,c6d7,3,-217,66,g8f8,f6d4,4,33
sprt_game_1,24,39,Black,rnr3k1/5ppp/1pb1pb2/1N6/1PPN1P2/P7/4BP1P/2RR2K1 b - - 4 24,c6b7,4,-232,81,g8f8,f6d4,4,33
sprt_game_1,24,39,Black,rnr3k1/5ppp/1pb1pb2/1N6/1PPN1P2/P7/4BP1P/2RR2K1 b - - 4 24,g7g6,5,-245,94,g8f8,f6d4,4,33
sprt_game_1,24,39,Black,rnr3k1/5ppp/1pb1pb2/1N6/1PPN1P2/P7/4BP1P/2RR2K1 b - - 4 24,a8a4,6,-258,107,g8f8,f6d4,4,33
sprt_game_1,24,39,Black,rnr3k1/5ppp/1pb1pb2/1N6/1PPN1P2/P7/4BP1P/2RR2K1 b - - 4 24,h7h6,7,-258,107,g8f8,f6d4,4,33
sprt_game_1,24,39,Black,rnr3k1/5ppp/1pb1pb2/1N6/1PPN1P2/P7/4BP1P/2RR2K1 b - - 4 24,g7g5,8,-263,112,g8f8,f6d4,4,33
sprt_game_1,24,39,Black,rnr3k1/5ppp/1pb1pb2/1N6/1PPN1P2/P7/4BP1P/2RR2K1 b - - 4 24,f6e7,9,-264,113,g8f8,f6d4,4,33
sprt_game_1,24,39,Black,rnr3k1/5ppp/1pb1pb2/1N6/1PPN1P2/P7/4BP1P/2RR2K1 b - - 4 24,h7h5,10,-270,119,g8f8,f6d4,4,33
sprt_game_1,24,39,Black,rnr3k1/5ppp/1pb1pb2/1N6/1PPN1P2/P7/4BP1P/2RR2K1 b - - 4 24,c6b5,11,-273,122,g8f8,f6d4,4,33
sprt_game_1,24,39,Black,rnr3k1/5ppp/1pb1pb2/1N6/1PPN1P2/P7/4BP1P/2RR2K1 b - - 4 24,c8d8,12,-293,142,g8f8,f6d4,4,33
sprt_game_1,24,39,Black,rnr3k1/5ppp/1pb1pb2/1N6/1PPN1P2/P7/4BP1P/2RR2K1 b - - 4 24,f6h4,13,-302,151,g8f8,f6d4,4,33
sprt_game_1,24,39,Black,rnr3k1/5ppp/1pb1pb2/1N6/1PPN1P2/P7/4BP1P/2RR2K1 b - - 4 24,f6d8,14,-303,152,g8f8,f6d4,4,33
sprt_game_1,24,39,Black,rnr3k1/5ppp/1pb1pb2/1N6/1PPN1P2/P7/4BP1P/2RR2K1 b - - 4 24,g8h8,15,-317,166,g8f8,f6d4,4,33
sprt_game_1,24,39,Black,rnr3k1/5ppp/1pb1pb2/1N6/1PPN1P2/P7/4BP1P/2RR2K1 b - - 4 24,e6e5,16,-354,203,g8f8,f6d4,4,33
sprt_game_1,24,39,Black,rnr3k1/5ppp/1pb1pb2/1N6/1PPN1P2/P7/4BP1P/2RR2K1 b - - 4 24,c6e8,17,-355,204,g8f8,f6d4,4,33
sprt_game_1,24,39,Black,rnr3k1/5ppp/1pb1pb2/1N6/1PPN1P2/P7/4BP1P/2RR2K1 b - - 4 24,c8f8,18,-376,225,g8f8,f6d4,4,33
sprt_game_1,24,39,Black,rnr3k1/5ppp/1pb1pb2/1N6/1PPN1P2/P7/4BP1P/2RR2K1 b - - 4 24,c6e4,19,-393,242,g8f8,f6d4,4,33
sprt_game_1,24,39,Black,rnr3k1/5ppp/1pb1pb2/1N6/1PPN1P2/P7/4BP1P/2RR2K1 b - - 4 24,c8e8,20,-432,281,g8f8,f6d4,4,33
sprt_game_1,24,39,Black,rnr3k1/5ppp/1pb1pb2/1N6/1PPN1P2/P7/4BP1P/2RR2K1 b - - 4 24,a8a6,21,-436,285,g8f8,f6d4,4,33
sprt_game_1,24,39,Black,rnr3k1/5ppp/1pb1pb2/1N6/1PPN1P2/P7/4BP1P/2RR2K1 b - - 4 24,a8a3,22,-477,326,g8f8,f6d4,4,33
sprt_game_1,24,39,Black,rnr3k1/5ppp/1pb1pb2/1N6/1PPN1P2/P7/4BP1P/2RR2K1 b - - 4 24,b8a6,23,-501,350,g8f8,f6d4,4,33
sprt_game_1,24,39,Black,rnr3k1/5ppp/1pb1pb2/1N6/1PPN1P2/P7/4BP1P/2RR2K1 b - - 4 24,b8d7,24,-544,393,g8f8,f6d4,4,33
sprt_game_1,24,39,Black,rnr3k1/5ppp/1pb1pb2/1N6/1PPN1P2/P7/4BP1P/2RR2K1 b - - 4 24,c6g2,25,-548,397,g8f8,f6d4,4,33
sprt_game_1,24,39,Black,rnr3k1/5ppp/1pb1pb2/1N6/1PPN1P2/P7/4BP1P/2RR2K1 b - - 4 24,f6g5,26,-559,408,g8f8,f6d4,4,33
sprt_game_1,24,39,Black,rnr3k1/5ppp/1pb1pb2/1N6/1PPN1P2/P7/4BP1P/2RR2K1 b - - 4 24,c8c7,27,-561,410,g8f8,f6d4,4,33
sprt_game_1,24,39,Black,rnr3k1/5ppp/1pb1pb2/1N6/1PPN1P2/P7/4BP1P/2RR2K1 b - - 4 24,c6h1,28,-562,411,g8f8,f6d4,4,33
sprt_game_1,24,39,Black,rnr3k1/5ppp/1pb1pb2/1N6/1PPN1P2/P7/4BP1P/2RR2K1 b - - 4 24,f6e5,29,-568,417,g8f8,f6d4,4,33
sprt_game_1,24,39,Black,rnr3k1/5ppp/1pb1pb2/1N6/1PPN1P2/P7/4BP1P/2RR2K1 b - - 4 24,c6d5,30,-577,426,g8f8,f6d4,4,33
sprt_game_1,24,39,Black,rnr3k1/5ppp/1pb1pb2/1N6/1PPN1P2/P7/4BP1P/2RR2K1 b - - 4 24,c6f3,31,-578,427,g8f8,f6d4,4,33
sprt_game_1,24,39,Black,rnr3k1/5ppp/1pb1pb2/1N6/1PPN1P2/P7/4BP1P/2RR2K1 b - - 4 24,a8a5,32,-616,465,g8f8,f6d4,4,33
sprt_game_1,24,39,Black,rnr3k1/5ppp/1pb1pb2/1N6/1PPN1P2/P7/4BP1P/2RR2K1 b - - 4 24,a8a7,33,-708,557,g8f8,f6d4,4,33
sprt_game_1,27,45,Black,rnr1b1k1/5ppp/1p2p3/8/1PPN1P2/P1R5/3RBP1P/6K1 b - - 4 27,g8f8,1,-163,0,g8f8,g7g6,4,27
sprt_game_1,27,45,Black,rnr1b1k1/5ppp/1p2p3/8/1PPN1P2/P1R5/3RBP1P/6K1 b - - 4 27,g7g6,2,-166,3,g8f8,g7g6,4,27
sprt_game_1,27,45,Black,rnr1b1k1/5ppp/1p2p3/8/1PPN1P2/P1R5/3RBP1P/6K1 b - - 4 27,h7h6,3,-213,50,g8f8,g7g6,4,27
sprt_game_1,27,45,Black,rnr1b1k1/5ppp/1p2p3/8/1PPN1P2/P1R5/3RBP1P/6K1 b - - 4 27,b8c6,4,-220,57,g8f8,g7g6,4,27
sprt_game_1,27,45,Black,rnr1b1k1/5ppp/1p2p3/8/1PPN1P2/P1R5/3RBP1P/6K1 b - - 4 27,b8a6,5,-228,65,g8f8,g7g6,4,27
sprt_game_1,27,45,Black,rnr1b1k1/5ppp/1p2p3/8/1PPN1P2/P1R5/3RBP1P/6K1 b - - 4 27,h7h5,6,-254,91,g8f8,g7g6,4,27
sprt_game_1,27,45,Black,rnr1b1k1/5ppp/1p2p3/8/1PPN1P2/P1R5/3RBP1P/6K1 b - - 4 27,a8a4,7,-256,93,g8f8,g7g6,4,27
sprt_game_1,27,45,Black,rnr1b1k1/5ppp/1p2p3/8/1PPN1P2/P1R5/3RBP1P/6K1 b - - 4 27,c8d8,8,-263,100,g8f8,g7g6,4,27
sprt_game_1,27,45,Black,rnr1b1k1/5ppp/1p2p3/8/1PPN1P2/P1R5/3RBP1P/6K1 b - - 4 27,a8a7,9,-284,121,g8f8,g7g6,4,27
sprt_game_1,27,45,Black,rnr1b1k1/5ppp/1p2p3/8/1PPN1P2/P1R5/3RBP1P/6K1 b - - 4 27,e8a4,10,-288,125,g8f8,g7g6,4,27
sprt_game_1,27,45,Black,rnr1b1k1/5ppp/1p2p3/8/1PPN1P2/P1R5/3RBP1P/6K1 b - - 4 27,g8h8,11,-316,153,g8f8,g7g6,4,27
sprt_game_1,27,45,Black,rnr1b1k1/5ppp/1p2p3/8/1PPN1P2/P1R5/3RBP1P/6K1 b - - 4 27,e8c6,12,-328,165,g8f8,g7g6,4,27
sprt_game_1,27,45,Black,rnr1b1k1/5ppp/1p2p3/8/1PPN1P2/P1R5/3RBP1P/6K1 b - - 4 27,c8c7,13,-348,185,g8f8,g7g6,4,27
sprt_game_1,27,45,Black,rnr1b1k1/5ppp/1p2p3/8/1PPN1P2/P1R5/3RBP1P/6K1 b - - 4 27,g7g5,14,-356,193,g8f8,g7g6,4,27
sprt_game_1,27,45,Black,rnr1b1k1/5ppp/1p2p3/8/1PPN1P2/P1R5/3RBP1P/6K1 b - - 4 27,e8d7,15,-358,195,g8f8,g7g6,4,27
sprt_game_1,27,45,Black,rnr1b1k1/5ppp/1p2p3/8/1PPN1P2/P1R5/3RBP1P/6K1 b - - 4 27,f7f6,16,-366,203,g8f8,g7g6,4,27
sprt_game_1,27,45,Black,rnr1b1k1/5ppp/1p2p3/8/1PPN1P2/P1R5/3RBP1P/6K1 b - - 4 27,f7f5,17,-370,207,g8f8,g7g6,4,27
sprt_game_1,27,45,Black,rnr1b1k1/5ppp/1p2p3/8/1PPN1P2/P1R5/3RBP1P/6K1 b - - 4 27,e6e5,18,-404,241,g8f8,g7g6,4,27
sprt_game_1,27,45,Black,rnr1b1k1/5ppp/1p2p3/8/1PPN1P2/P1R5/3RBP1P/6K1 b - - 4 27,a8a6,19,-408,245,g8f8,g7g6,4,27
sprt_game_1,27,45,Black,rnr1b1k1/5ppp/1p2p3/8/1PPN1P2/P1R5/3RBP1P/6K1 b - - 4 27,b8d7,20,-409,246,g8f8,g7g6,4,27
sprt_game_1,27,45,Black,rnr1b1k1/5ppp/1p2p3/8/1PPN1P2/P1R5/3RBP1P/6K1 b - - 4 27,b6b5,21,-449,286,g8f8,g7g6,4,27
sprt_game_1,27,45,Black,rnr1b1k1/5ppp/1p2p3/8/1PPN1P2/P1R5/3RBP1P/6K1 b - - 4 27,c8c6,22,-545,382,g8f8,g7g6,4,27
sprt_game_1,27,45,Black,rnr1b1k1/5ppp/1p2p3/8/1PPN1P2/P1R5/3RBP1P/6K1 b - - 4 27,c8c5,23,-567,404,g8f8,g7g6,4,27
sprt_game_1,27,45,Black,rnr1b1k1/5ppp/1p2p3/8/1PPN1P2/P1R5/3RBP1P/6K1 b - - 4 27,a8a5,24,-574,411,g8f8,g7g6,4,27
sprt_game_1,27,45,Black,rnr1b1k1/5ppp/1p2p3/8/1PPN1P2/P1R5/3RBP1P/6K1 b - - 4 27,c8c4,25,-587,424,g8f8,g7g6,4,27
sprt_game_1,27,45,Black,rnr1b1k1/5ppp/1p2p3/8/1PPN1P2/P1R5/3RBP1P/6K1 b - - 4 27,a8a3,26,-588,425,g8f8,g7g6,4,27
sprt_game_1,27,45,Black,rnr1b1k1/5ppp/1p2p3/8/1PPN1P2/P1R5/3RBP1P/6K1 b - - 4 27,e8b5,27,-589,426,g8f8,g7g6,4,27
sprt_game_1,29,49,Black,rnr1bk2/5p1p/1p2p1p1/8/1PPN1P2/P3R3/3RBP1P/5K2 b - - 1 29,a8a7,1,-182,0,a8a7,b8c6,4,27
sprt_game_1,29,49,Black,rnr1bk2/5p1p/1p2p1p1/8/1PPN1P2/P3R3/3RBP1P/5K2 b - - 1 29,e8d7,2,-189,7,a8a7,b8c6,4,27
sprt_game_1,29,49,Black,rnr1bk2/5p1p/1p2p1p1/8/1PPN1P2/P3R3/3RBP1P/5K2 b - - 1 29,a8a4,3,-190,8,a8a7,b8c6,4,27
sprt_game_1,29,49,Black,rnr1bk2/5p1p/1p2p1p1/8/1PPN1P2/P3R3/3RBP1P/5K2 b - - 1 29,e8c6,4,-191,9,a8a7,b8c6,4,27
sprt_game_1,29,49,Black,rnr1bk2/5p1p/1p2p1p1/8/1PPN1P2/P3R3/3RBP1P/5K2 b - - 1 29,b8c6,5,-193,11,a8a7,b8c6,4,27
sprt_game_1,29,49,Black,rnr1bk2/5p1p/1p2p1p1/8/1PPN1P2/P3R3/3RBP1P/5K2 b - - 1 29,e8a4,6,-194,12,a8a7,b8c6,4,27
sprt_game_1,29,49,Black,rnr1bk2/5p1p/1p2p1p1/8/1PPN1P2/P3R3/3RBP1P/5K2 b - - 1 29,h7h6,7,-197,15,a8a7,b8c6,4,27
sprt_game_1,29,49,Black,rnr1bk2/5p1p/1p2p1p1/8/1PPN1P2/P3R3/3RBP1P/5K2 b - - 1 29,b8a6,8,-204,22,a8a7,b8c6,4,27
sprt_game_1,29,49,Black,rnr1bk2/5p1p/1p2p1p1/8/1PPN1P2/P3R3/3RBP1P/5K2 b - - 1 29,b8d7,9,-206,24,a8a7,b8c6,4,27
sprt_game_1,29,49,Black,rnr1bk2/5p1p/1p2p1p1/8/1PPN1P2/P3R3/3RBP1P/5K2 b - - 1 29,f8g8,10,-214,32,a8a7,b8c6,4,27
sprt_game_1,29,49,Black,rnr1bk2/5p1p/1p2p1p1/8/1PPN1P2/P3R3/3RBP1P/5K2 b - - 1 29,h7h5,11,-214,32,a8a7,b8c6,4,27
sprt_game_1,29,49,Black,rnr1bk2/5p1p/1p2p1p1/8/1PPN1P2/P3R3/3RBP1P/5K2 b - - 1 29,f8g7,12,-216,34,a8a7,b8c6,4,27
sprt_game_1,29,49,Black,rnr1bk2/5p1p/1p2p1p1/8/1PPN1P2/P3R3/3RBP1P/5K2 b - - 1 29,f8e7,13,-222,40,a8a7,b8c6,4,27
sprt_game_1,29,49,Black,rnr1bk2/5p1p/1p2p1p1/8/1PPN1P2/P3R3/3RBP1P/5K2 b - - 1 29,a8a6,14,-246,64,a8a7,b8c6,4,27
sprt_game_1,29,49,Black,rnr1bk2/5p1p/1p2p1p1/8/1PPN1P2/P3R3/3RBP1P/5K2 b - - 1 29,c8c7,15,-299,117,a8a7,b8c6,4,27
sprt_game_1,29,49,Black,rnr1bk2/5p1p/1p2p1p1/8/1PPN1P2/P3R3/3RBP1P/5K2 b - - 1 29,e6e5,16,-360,178,a8a7,b8c6,4,27
sprt_game_1,29,49,Black,rnr1bk2/5p1p/1p2p1p1/8/1PPN1P2/P3R3/3RBP1P/5K2 b - - 1 29,g6g5,17,-379,197,a8a7,b8c6,4,27
sprt_game_1,29,49,Black,rnr1bk2/5p1p/1p2p1p1/8/1PPN1P2/P3R3/3RBP1P/5K2 b - - 1 29,b6b5,18,-394,212,a8a7,b8c6,4,27
sprt_game_1,29,49,Black,rnr1bk2/5p1p/1p2p1p1/8/1PPN1P2/P3R3/3RBP1P/5K2 b - - 1 29,f7f6,19,-442,260,a8a7,b8c6,4,27
sprt_game_1,29,49,Black,rnr1bk2/5p1p/1p2p1p1/8/1PPN1P2/P3R3/3RBP1P/5K2 b - - 1 29,f7f5,20,-479,297,a8a7,b8c6,4,27
sprt_game_1,29,49,Black,rnr1bk2/5p1p/1p2p1p1/8/1PPN1P2/P3R3/3RBP1P/5K2 b - - 1 29,c8c6,21,-497,315,a8a7,b8c6,4,27
sprt_game_1,29,49,Black,rnr1bk2/5p1p/1p2p1p1/8/1PPN1P2/P3R3/3RBP1P/5K2 b - - 1 29,c8c5,22,-515,333,a8a7,b8c6,4,27
sprt_game_1,29,49,Black,rnr1bk2/5p1p/1p2p1p1/8/1PPN1P2/P3R3/3RBP1P/5K2 b - - 1 29,a8a5,23,-523,341,a8a7,b8c6,4,27
sprt_game_1,29,49,Black,rnr1bk2/5p1p/1p2p1p1/8/1PPN1P2/P3R3/3RBP1P/5K2 b - - 1 29,c8c4,24,-535,353,a8a7,b8c6,4,27
sprt_game_1,29,49,Black,rnr1bk2/5p1p/1p2p1p1/8/1PPN1P2/P3R3/3RBP1P/5K2 b - - 1 29,e8b5,25,-556,374,a8a7,b8c6,4,27
sprt_game_1,29,49,Black,rnr1bk2/5p1p/1p2p1p1/8/1PPN1P2/P3R3/3RBP1P/5K2 b - - 1 29,c8d8,26,-557,375,a8a7,b8c6,4,27
sprt_game_1,29,49,Black,rnr1bk2/5p1p/1p2p1p1/8/1PPN1P2/P3R3/3RBP1P/5K2 b - - 1 29,a8a3,27,-612,430,a8a7,b8c6,4,27
sprt_game_1,30,51,Black,1nr1bk2/5p1p/1p2p1p1/8/rPPN1P1P/P3R3/3RBP2/5K2 b - - 0 30,b8d7,1,-158,0,b8d7,b8c6,4,27
sprt_game_1,30,51,Black,1nr1bk2/5p1p/1p2p1p1/8/rPPN1P1P/P3R3/3RBP2/5K2 b - - 0 30,h7h5,2,-175,17,b8d7,b8c6,4,27
sprt_game_1,30,51,Black,1nr1bk2/5p1p/1p2p1p1/8/rPPN1P1P/P3R3/3RBP2/5K2 b - - 0 30,a4a7,3,-188,30,b8d7,b8c6,4,27
sprt_game_1,30,51,Black,1nr1bk2/5p1p/1p2p1p1/8/rPPN1P1P/P3R3/3RBP2/5K2 b - - 0 30,a4a8,4,-189,31,b8d7,b8c6,4,27
sprt_game_1,30,51,Black,1nr1bk2/5p1p/1p2p1p1/8/rPPN1P1P/P3R3/3RBP2/5K2 b - - 0 30,e8d7,5,-195,37,b8d7,b8c6,4,27
sprt_game_1,30,51,Black,1nr1bk2/5p1p/1p2p1p1/8/rPPN1P1P/P3R3/3RBP2/5K2 b - - 0 30,f8e7,6,-211,53,b8d7,b8c6,4,27
sprt_game_1,30,51,Black,1nr1bk2/5p1p/1p2p1p1/8/rPPN1P1P/P3R3/3RBP2/5K2 b - - 0 30,f8g7,7,-212,54,b8d7,b8c6,4,27
sprt_game_1,30,51,Black,1nr1bk2/5p1p/1p2p1p1/8/rPPN1P1P/P3R3/3RBP2/5K2 b - - 0 30,h7h6,8,-214,56,b8d7,b8c6,4,27
sprt_game_1,30,51,Black,1nr1bk2/5p1p/1p2p1p1/8/rPPN1P1P/P3R3/3RBP2/5K2 b - - 0 30,e8c6,9,-220,62,b8d7,b8c6,4,27
sprt_game_1,30,51,Black,1nr1bk2/5p1p/1p2p1p1/8/rPPN1P1P/P3R3/3RBP2/5K2 b - - 0 30,a4a6,10,-227,69,b8d7,b8c6,4,27
sprt_game_1,30,51,Black,1nr1bk2/5p1p/1p2p1p1/8/rPPN1P1P/P3R3/3RBP2/5K2 b - - 0 30,f8g8,11,-229,71,b8d7,b8c6,4,27
sprt_game_1,30,51,Black,1nr1bk2/5p1p/1p2p1p1/8/rPPN1P1P/P3R3/3RBP2/5K2 b - - 0 30,b8c6,12,-233,75,b8d7,b8c6,4,27
sprt_game_1,30,51,Black,1nr1bk2/5p1p/1p2p1p1/8/rPPN1P1P/P3R3/3RBP2/5K2 b - - 0 30,c8c7,13,-303,145,b8d7,b8c6,4,27
sprt_game_1,30,51,Black,1nr1bk2/5p1p/1p2p1p1/8/rPPN1P1P/P3R3/3RBP2/5K2 b - - 0 30,b6b5,14,-358,200,b8d7,b8c6,4,27
sprt_game_1,30,51,Black,1nr1bk2/5p1p/1p2p1p1/8/rPPN1P1P/P3R3/3RBP2/5K2 b - - 0 30,b8a6,15,-373,215,b8d7,b8c6,4,27
sprt_game_1,30,51,Black,1nr1bk2/5p1p/1p2p1p1/8/rPPN1P1P/P3R3/3RBP2/5K2 b - - 0 30,e6e5,16,-379,221,b8d7,b8c6,4,27
sprt_game_1,30,51,Black,1nr1bk2/5p1p/1p2p1p1/8/rPPN1P1P/P3R3/3RBP2/5K2 b - - 0 30,g6g5,17,-397,239,b8d7,b8c6,4,27
sprt_game_1,30,51,Black,1nr1bk2/5p1p/1p2p1p1/8/rPPN1P1P/P3R3/3RBP2/5K2 b - - 0 30,f7f6,18,-429,271,b8d7,b8c6,4,27
sprt_game_1,30,51,Black,1nr1bk2/5p1p/1p2p1p1/8/rPPN1P1P/P3R3/3RBP2/5K2 b - - 0 30,f7f5,19,-439,281,b8d7,b8c6,4,27
sprt_game_1,30,51,Black,1nr1bk2/5p1p/1p2p1p1/8/rPPN1P1P/P3R3/3RBP2/5K2 b - - 0 30,c8c6,20,-467,309,b8d7,b8c6,4,27
sprt_game_1,30,51,Black,1nr1bk2/5p1p/1p2p1p1/8/rPPN1P1P/P3R3/3RBP2/5K2 b - - 0 30,a4a5,21,-521,363,b8d7,b8c6,4,27
sprt_game_1,30,51,Black,1nr1bk2/5p1p/1p2p1p1/8/rPPN1P1P/P3R3/3RBP2/5K2 b - - 0 30,c8c5,22,-530,372,b8d7,b8c6,4,27
sprt_game_1,30,51,Black,1nr1bk2/5p1p/1p2p1p1/8/rPPN1P1P/P3R3/3RBP2/5K2 b - - 0 30,e8b5,23,-538,380,b8d7,b8c6,4,27
sprt_game_1,30,51,Black,1nr1bk2/5p1p/1p2p1p1/8/rPPN1P1P/P3R3/3RBP2/5K2 b - - 0 30,a4b4,24,-552,394,b8d7,b8c6,4,27
sprt_game_1,30,51,Black,1nr1bk2/5p1p/1p2p1p1/8/rPPN1P1P/P3R3/3RBP2/5K2 b - - 0 30,c8c4,25,-559,401,b8d7,b8c6,4,27
sprt_game_1,30,51,Black,1nr1bk2/5p1p/1p2p1p1/8/rPPN1P1P/P3R3/3RBP2/5K2 b - - 0 30,c8d8,26,-574,416,b8d7,b8c6,4,27
sprt_game_1,30,51,Black,1nr1bk2/5p1p/1p2p1p1/8/rPPN1P1P/P3R3/3RBP2/5K2 b - - 0 30,a4a3,27,-596,438,b8d7,b8c6,4,27
sprt_game_1,32,55,Black,2r1bk2/4np1p/1p1Np1p1/8/rPP2P1P/P3R3/3RBP2/5K2 b - - 4 32,c8d8,1,-160,0,c8d8,c8a8,4,29
sprt_game_1,32,55,Black,2r1bk2/4np1p/1p1Np1p1/8/rPP2P1P/P3R3/3RBP2/5K2 b - - 4 32,c8b8,2,-185,25,c8d8,c8a8,4,29
sprt_game_1,32,55,Black,2r1bk2/4np1p/1p1Np1p1/8/rPP2P1P/P3R3/3RBP2/5K2 b - - 4 32,c8a8,3,-208,48,c8d8,c8a8,4,29
sprt_game_1,32,55,Black,2r1bk2/4np1p/1p1Np1p1/8/rPP2P1P/P3R3/3RBP2/5K2 b - - 4 32,c8c7,4,-271,111,c8d8,c8a8,4,29
sprt_game_1,32,55,Black,2r1bk2/4np1p/1p1Np1p1/8/rPP2P1P/P3R3/3RBP2/5K2 b - - 4 32,a4a8,5,-418,258,c8d8,c8a8,4,29
sprt_game_1,32,55,Black,2r1bk2/4np1p/1p1Np1p1/8/rPP2P1P/P3R3/3RBP2/5K2 b - - 4 32,c8c6,6,-435,275,c8d8,c8a8,4,29
sprt_game_1,32,55,Black,2r1bk2/4np1p/1p1Np1p1/8/rPP2P1P/P3R3/3RBP2/5K2 b - - 4 32,a4a7,7,-441,281,c8d8,c8a8,4,29
sprt_game_1,32,55,Black,2r1bk2/4np1p/1p1Np1p1/8/rPP2P1P/P3R3/3RBP2/5K2 b - - 4 32,e8d7,8,-466,306,c8d8,c8a8,4,29
sprt_game_1,32,55,Black,2r1bk2/4np1p/1p1Np1p1/8/rPP2P1P/P3R3/3RBP2/5K2 b - - 4 32,g6g5,9,-498,338,c8d8,c8a8,4,29
sprt_game_1,32,55,Black,2r1bk2/4np1p/1p1Np1p1/8/rPP2P1P/P3R3/3RBP2/5K2 b - - 4 32,c8c5,10,-501,341,c8d8,c8a8,4,29
sprt_game_1,32,55,Black,2r1bk2/4np1p/1p1Np1p1/8/rPP2P1P/P3R3/3RBP2/5K2 b - - 4 32,e7f5,11,-510,350,c8d8,c8a8,4,29
sprt_game_1,32,55,Black,2r1bk2/4np1p/1p1Np1p1/8/rPP2P1P/P3R3/3RBP2/5K2 b - - 4 32,b6b5,12,-539,379,c8d8,c8a8,4,29
sprt_game_1,32,55,Black,2r1bk2/4np1p/1p1Np1p1/8/rPP2P1P/P3R3/3RBP2/5K2 b - - 4 32,c8c4,13,-548,388,c8d8,c8a8,4,29
sprt_game_1,32,55,Black,2r1bk2/4np1p/1p1Np1p1/8/rPP2P1P/P3R3/3RBP2/5K2 b - - 4 32,a4a6,14,-548,388,c8d8,c8a8,4,29
sprt_game_1,32,55,Black,2r1bk2/4np1p/1p1Np1p1/8/rPP2P1P/P3R3/3RBP2/5K2 b - - 4 32,a4b4,15,-549,389,c8d8,c8a8,4,29
sprt_game_1,32,55,Black,2r1bk2/4np1p/1p1Np1p1/8/rPP2P1P/P3R3/3RBP2/5K2 b - - 4 32,h7h6,16,-554,394,c8d8,c8a8,4,29
sprt_game_1,32,55,Black,2r1bk2/4np1p/1p1Np1p1/8/rPP2P1P/P3R3/3RBP2/5K2 b - - 4 32,h7h5,17,-567,407,c8d8,c8a8,4,29
sprt_game_1,32,55,Black,2r1bk2/4np1p/1p1Np1p1/8/rPP2P1P/P3R3/3RBP2/5K2 b - - 4 32,f7f6,18,-571,411,c8d8,c8a8,4,29
sprt_game_1,32,55,Black,2r1bk2/4np1p/1p1Np1p1/8/rPP2P1P/P3R3/3RBP2/5K2 b - - 4 32,e7d5,19,-572,412,c8d8,c8a8,4,29
sprt_game_1,32,55,Black,2r1bk2/4np1p/1p1Np1p1/8/rPP2P1P/P3R3/3RBP2/5K2 b - - 4 32,a4a3,20,-583,423,c8d8,c8a8,4,29
sprt_game_1,32,55,Black,2r1bk2/4np1p/1p1Np1p1/8/rPP2P1P/P3R3/3RBP2/5K2 b - - 4 32,f8g7,21,-586,426,c8d8,c8a8,4,29
sprt_game_1,32,55,Black,2r1bk2/4np1p/1p1Np1p1/8/rPP2P1P/P3R3/3RBP2/5K2 b - - 4 32,e6e5,22,-595,435,c8d8,c8a8,4,29
sprt_game_1,32,55,Black,2r1bk2/4np1p/1p1Np1p1/8/rPP2P1P/P3R3/3RBP2/5K2 b - - 4 32,f7f5,23,-595,435,c8d8,c8a8,4,29
sprt_game_1,32,55,Black,2r1bk2/4np1p/1p1Np1p1/8/rPP2P1P/P3R3/3RBP2/5K2 b - - 4 32,e8c6,24,-608,448,c8d8,c8a8,4,29
sprt_game_1,32,55,Black,2r1bk2/4np1p/1p1Np1p1/8/rPP2P1P/P3R3/3RBP2/5K2 b - - 4 32,f8g8,25,-666,506,c8d8,c8a8,4,29
sprt_game_1,32,55,Black,2r1bk2/4np1p/1p1Np1p1/8/rPP2P1P/P3R3/3RBP2/5K2 b - - 4 32,e8b5,26,-685,525,c8d8,c8a8,4,29
sprt_game_1,32,55,Black,2r1bk2/4np1p/1p1Np1p1/8/rPP2P1P/P3R3/3RBP2/5K2 b - - 4 32,a4a5,27,-695,535,c8d8,c8a8,4,29
sprt_game_1,32,55,Black,2r1bk2/4np1p/1p1Np1p1/8/rPP2P1P/P3R3/3RBP2/5K2 b - - 4 32,e7g8,28,-697,537,c8d8,c8a8,4,29
sprt_game_1,32,55,Black,2r1bk2/4np1p/1p1Np1p1/8/rPP2P1P/P3R3/3RBP2/5K2 b - - 4 32,e7c6,29,-704,544,c8d8,c8a8,4,29
sprt_game_1,34,59,Black,3r1k2/4np1p/1pbNp1p1/8/rPP2P1P/P2R4/3RBP2/4K3 b - - 8 34,a4a7,1,-180,0,a4a7,h7h5,4,35
sprt_game_1,34,59,Black,3r1k2/4np1p/1pbNp1p1/8/rPP2P1P/P2R4/3RBP2/4K3 b - - 8 34,h7h6,2,-186,6,a4a7,h7h5,4,35
sprt_game_1,34,59,Black,3r1k2/4np1p/1pbNp1p1/8/rPP2P1P/P2R4/3RBP2/4K3 b - - 8 34,e7g8,3,-201,21,a4a7,h7h5,4,35
sprt_game_1,34,59,Black,3r1k2/4np1p/1pbNp1p1/8/rPP2P1P/P2R4/3RBP2/4K3 b - - 8 34,h7h5,4,-205,25,a4a7,h7h5,4,35
sprt_game_1,34,59,Black,3r1k2/4np1p/1pbNp1p1/8/rPP2P1P/P2R4/3RBP2/4K3 b - - 8 34,d8b8,5,-208,28,a4a7,h7h5,4,35
sprt_game_1,34,59,Black,3r1k2/4np1p/1pbNp1p1/8/rPP2P1P/P2R4/3RBP2/4K3 b - - 8 34,d8d7,6,-215,35,a4a7,h7h5,4,35
sprt_game_1,34,59,Black,3r1k2/4np1p/1pbNp1p1/8/rPP2P1P/P2R4/3RBP2/4K3 b - - 8 34,d8a8,7,-220,40,a4a7,h7h5,4,35
sprt_game_1,34,59,Black,3r1k2/4np1p/1pbNp1p1/8/rPP2P1P/P2R4/3RBP2/4K3 b - - 8 34,c6e8,8,-224,44,a4a7,h7h5,4,35
sprt_game_1,34,59,Black,3r1k2/4np1p/1pbNp1p1/8/rPP2P1P/P2R4/3RBP2/4K3 b - - 8 34,a4a8,9,-227,47,a4a7,h7h5,4,35
sprt_game_1,34,59,Black,3r1k2/4np1p/1pbNp1p1/8/rPP2P1P/P2R4/3RBP2/4K3 b - - 8 34,f8g7,10,-240,60,a4a7,h7h5,4,35
sprt_game_1,34,59,Black,3r1k2/4np1p/1pbNp1p1/8/rPP2P1P/P2R4/3RBP2/4K3 b - - 8 34,e7c8,11,-244,64,a4a7,h7h5,4,35
sprt_game_1,34,59,Black,3r1k2/4np1p/1pbNp1p1/8/rPP2P1P/P2R4/3RBP2/4K3 b - - 8 34,f7f5,12,-247,67,a4a7,h7h5,4,35
sprt_game_1,34,59,Black,3r1k2/4np1p/1pbNp1p1/8/rPP2P1P/P2R4/3RBP2/4K3 b - - 8 34,f7f6,13,-254,74,a4a7,h7h5,4,35
sprt_game_1,34,59,Black,3r1k2/4np1p/1pbNp1p1/8/rPP2P1P/P2R4/3RBP2/4K3 b - - 8 34,c6a8,14,-261,81,a4a7,h7h5,4,35
sprt_game_1,34,59,Black,3r1k2/4np1p/1pbNp1p1/8/rPP2P1P/P2R4/3RBP2/4K3 b - - 8 34,c6g2,15,-272,92,a4a7,h7h5,4,35
sprt_game_1,34,59,Black,3r1k2/4np1p/1pbNp1p1/8/rPP2P1P/P2R4/3RBP2/4K3 b - - 8 34,g6g5,16,-276,96,a4a7,h7h5,4,35
sprt_game_1,34,59,Black,3r1k2/4np1p/1pbNp1p1/8/rPP2P1P/P2R4/3RBP2/4K3 b - - 8 34,e7f5,17,-281,101,a4a7,h7h5,4,35
sprt_game_1,34,59,Black,3r1k2/4np1p/1pbNp1p1/8/rPP2P1P/P2R4/3RBP2/4K3 b - - 8 34,f8g8,18,-306,126,a4a7,h7h5,4,35
sprt_game_1,34,59,Black,3r1k2/4np1p/1pbNp1p1/8/rPP2P1P/P2R4/3RBP2/4K3 b - - 8 34,b6b5,19,-345,165,a4a7,h7h5,4,35
sprt_game_1,34,59,Black,3r1k2/4np1p/1pbNp1p1/8/rPP2P1P/P2R4/3RBP2/4K3 b - - 8 34,e6e5,20,-363,183,a4a7,h7h5,4,35
sprt_game_1,34,59,Black,3r1k2/4np1p/1pbNp1p1/8/rPP2P1P/P2R4/3RBP2/4K3 b - - 8 34,c6h1,21,-371,191,a4a7,h7h5,4,35
sprt_game_1,34,59,Black,3r1k2/4np1p/1pbNp1p1/8/rPP2P1P/P2R4/3RBP2/4K3 b - - 8 34,d8d6,22,-415,235,a4a7,h7h5,4,35
sprt_game_1,34,59,Black,3r1k2/4np1p/1pbNp1p1/8/rPP2P1P/P2R4/3RBP2/4K3 b - - 8 34,a4a6,23,-420,240,a4a7,h7h5,4,35
sprt_game_1,34,59,Black,3r1k2/4np1p/1pbNp1p1/8/rPP2P1P/P2R4/3RBP2/4K3 b - - 8 34,d8e8,24,-449,269,a4a7,h7h5,4,35
sprt_game_1,34,59,Black,3r1k2/4np1p/1pbNp1p1/8/rPP2P1P/P2R4/3RBP2/4K3 b - - 8 34,e7d5,25,-449,269,a4a7,h7h5,4,35
sprt_game_1,34,59,Black,3r1k2/4np1p/1pbNp1p1/8/rPP2P1P/P2R4/3RBP2/4K3 b - - 8 34,c6d7,26,-451,271,a4a7,h7h5,4,35
sprt_game_1,34,59,Black,3r1k2/4np1p/1pbNp1p1/8/rPP2P1P/P2R4/3RBP2/4K3 b - - 8 34,c6d5,27,-460,280,a4a7,h7h5,4,35
sprt_game_1,34,59,Black,3r1k2/4np1p/1pbNp1p1/8/rPP2P1P/P2R4/3RBP2/4K3 b - - 8 34,c6b7,28,-524,344,a4a7,h7h5,4,35
sprt_game_1,34,59,Black,3r1k2/4np1p/1pbNp1p1/8/rPP2P1P/P2R4/3RBP2/4K3 b - - 8 34,c6f3,29,-529,349,a4a7,h7h5,4,35
sprt_game_1,34,59,Black,3r1k2/4np1p/1pbNp1p1/8/rPP2P1P/P2R4/3RBP2/4K3 b - - 8 34,c6b5,30,-547,367,a4a7,h7h5,4,35
sprt_game_1,34,59,Black,3r1k2/4np1p/1pbNp1p1/8/rPP2P1P/P2R4/3RBP2/4K3 b - - 8 34,c6e4,31,-554,374,a4a7,h7h5,4,35
sprt_game_1,34,59,Black,3r1k2/4np1p/1pbNp1p1/8/rPP2P1P/P2R4/3RBP2/4K3 b - - 8 34,a4a5,32,-556,376,a4a7,h7h5,4,35
sprt_game_1,34,59,Black,3r1k2/4np1p/1pbNp1p1/8/rPP2P1P/P2R4/3RBP2/4K3 b - - 8 34,a4b4,33,-570,390,a4a7,h7h5,4,35
sprt_game_1,34,59,Black,3r1k2/4np1p/1pbNp1p1/8/rPP2P1P/P2R4/3RBP2/4K3 b - - 8 34,d8c8,34,-600,420,a4a7,h7h5,4,35
sprt_game_1,34,59,Black,3r1k2/4np1p/1pbNp1p1/8/rPP2P1P/P2R4/3RBP2/4K3 b - - 8 34,a4a3,35,-602,422,a4a7,h7h5,4,35
sprt_game_1,35,61,Black,2nr1k2/5p1p/1pbNp1p1/1P6/r1P2P1P/P2R4/3RBP2/4K3 b - - 0 35,c6e8,1,-268,0,c6a8,c6g2,4,32
sprt_game_1,35,61,Black,2nr1k2/5p1p/1pbNp1p1/1P6/r1P2P1P/P2R4/3RBP2/4K3 b - - 0 35,c6g2,2,-303,35,c6a8,c6g2,4,32
sprt_game_1,35,61,Black,2nr1k2/5p1p/1pbNp1p1/1P6/r1P2P1P/P2R4/3RBP2/4K3 b - - 0 35,c6a8,3,-307,39,c6a8,c6g2,4,32
sprt_game_1,35,61,Black,2nr1k2/5p1p/1pbNp1p1/1P6/r1P2P1P/P2R4/3RBP2/4K3 b - - 0 35,d8d6,4,-367,99,c6a8,c6g2,4,32
sprt_game_1,35,61,Black,2nr1k2/5p1p/1pbNp1p1/1P6/r1P2P1P/P2R4/3RBP2/4K3 b - - 0 35,c6h1,5,-376,108,c6a8,c6g2,4,32
sprt_game_1,35,61,Black,2nr1k2/5p1p/1pbNp1p1/1P6/r1P2P1P/P2R4/3RBP2/4K3 b - - 0 35,c8d6,6,-412,144,c6a8,c6g2,4,32
sprt_game_1,35,61,Black,2nr1k2/5p1p/1pbNp1p1/1P6/r1P2P1P/P2R4/3RBP2/4K3 b - - 0 35,c6b5,7,-433,165,c6a8,c6g2,4,32
sprt_game_1,35,61,Black,2nr1k2/5p1p/1pbNp1p1/1P6/r1P2P1P/P2R4/3RBP2/4K3 b - - 0 35,c6d5,8,-438,170,c6a8,c6g2,4,32
sprt_game_1,35,61,Black,2nr1k2/5p1p/1pbNp1p1/1P6/r1P2P1P/P2R4/3RBP2/4K3 b - - 0 35,c8e7,9,-447,179,c6a8,c6g2,4,32
sprt_game_1,35,61,Black,2nr1k2/5p1p/1pbNp1p1/1P6/r1P2P1P/P2R4/3RBP2/4K3 b - - 0 35,c8a7,10,-447,179,c6a8,c6g2,4,32
sprt_game_1,35,61,Black,2nr1k2/5p1p/1pbNp1p1/1P6/r1P2P1P/P2R4/3RBP2/4K3 b - - 0 35,c6d7,11,-482,214,c6a8,c6g2,4,32
sprt_game_1,35,61,Black,2nr1k2/5p1p/1pbNp1p1/1P6/r1P2P1P/P2R4/3RBP2/4K3 b - - 0 35,f8g7,12,-493,225,c6a8,c6g2,4,32
sprt_game_1,35,61,Black,2nr1k2/5p1p/1pbNp1p1/1P6/r1P2P1P/P2R4/3RBP2/4K3 b - - 0 35,c6f3,13,-508,240,c6a8,c6g2,4,32
sprt_game_1,35,61,Black,2nr1k2/5p1p/1pbNp1p1/1P6/r1P2P1P/P2R4/3RBP2/4K3 b - - 0 35,c6e4,14,-515,247,c6a8,c6g2,4,32
sprt_game_1,35,61,Black,2nr1k2/5p1p/1pbNp1p1/1P6/r1P2P1P/P2R4/3RBP2/4K3 b - - 0 35,a4a5,15,-533,265,c6a8,c6g2,4,32
sprt_game_1,35,61,Black,2nr1k2/5p1p/1pbNp1p1/1P6/r1P2P1P/P2R4/3RBP2/4K3 b - - 0 35,c6b7,16,-534,266,c6a8,c6g2,4,32
sprt_game_1,35,61,Black,2nr1k2/5p1p/1pbNp1p1/1P6/r1P2P1P/P2R4/3RBP2/4K3 b - - 0 35,f8e7,17,-542,274,c6a8,c6g2,4,32
sprt_game_1,35,61,Black,2nr1k2/5p1p/1pbNp1p1/1P6/r1P2P1P/P2R4/3RBP2/4K3 b - - 0 35,a4a7,18,-545,277,c6a8,c6g2,4,32
sprt_game_1,35,61,Black,2nr1k2/5p1p/1pbNp1p1/1P6/r1P2P1P/P2R4/3RBP2/4K3 b - - 0 35,g6g5,19,-565,297,c6a8,c6g2,4,32
sprt_game_1,35,61,Black,2nr1k2/5p1p/1pbNp1p1/1P6/r1P2P1P/P2R4/3RBP2/4K3 b - - 0 35,d8e8,20,-568,300,c6a8,c6g2,4,32
sprt_game_1,35,61,Black,2nr1k2/5p1p/1pbNp1p1/1P6/r1P2P1P/P2R4/3RBP2/4K3 b - - 0 35,h7h5,21,-583,315,c6a8,c6g2,4,32
sprt_game_1,35,61,Black,2nr1k2/5p1p/1pbNp1p1/1P6/r1P2P1P/P2R4/3RBP2/4K3 b - - 0 35,a4a8,22,-586,318,c6a8,c6g2,4,32
sprt_game_1,35,61,Black,2nr1k2/5p1p/1pbNp1p1/1P6/r1P2P1P/P2R4/3RBP2/4K3 b - - 0 35,h7h6,23,-592,324,c6a8,c6g2,4,32
sprt_game_1,35,61,Black,2nr1k2/5p1p/1pbNp1p1/1P6/r1P2P1P/P2R4/3RBP2/4K3 b - - 0 35,e6e5,24,-592,324,c6a8,c6g2,4,32
sprt_game_1,35,61,Black,2nr1k2/5p1p/1pbNp1p1/1P6/r1P2P1P/P2R4/3RBP2/4K3 b - - 0 35,a4c4,25,-598,330,c6a8,c6g2,4,32
sprt_game_1,35,61,Black,2nr1k2/5p1p/1pbNp1p1/1P6/r1P2P1P/P2R4/3RBP2/4K3 b - - 0 35,f7f6,26,-620,352,c6a8,c6g2,4,32
sprt_game_1,35,61,Black,2nr1k2/5p1p/1pbNp1p1/1P6/r1P2P1P/P2R4/3RBP2/4K3 b - - 0 35,d8d7,27,-621,353,c6a8,c6g2,4,32
sprt_game_1,35,61,Black,2nr1k2/5p1p/1pbNp1p1/1P6/r1P2P1P/P2R4/3RBP2/4K3 b - - 0 35,f8g8,28,-633,365,c6a8,c6g2,4,32
sprt_game_1,35,61,Black,2nr1k2/5p1p/1pbNp1p1/1P6/r1P2P1P/P2R4/3RBP2/4K3 b - - 0 35,a4a3,29,-637,369,c6a8,c6g2,4,32
sprt_game_1,35,61,Black,2nr1k2/5p1p/1pbNp1p1/1P6/r1P2P1P/P2R4/3RBP2/4K3 b - - 0 35,f7f5,30,-638,370,c6a8,c6g2,4,32
sprt_game_1,35,61,Black,2nr1k2/5p1p/1pbNp1p1/1P6/r1P2P1P/P2R4/3RBP2/4K3 b - - 0 35,a4a6,31,-668,400,c6a8,c6g2,4,32
sprt_game_1,35,61,Black,2nr1k2/5p1p/1pbNp1p1/1P6/r1P2P1P/P2R4/3RBP2/4K3 b - - 0 35,a4b4,32,-704,436,c6a8,c6g2,4,32
sprt_game_1,45,81,Black,4b3/2rk4/1p4pp/1P2Np2/P1n2P1P/8/4RP2/3BK3 b - - 3 45,c4e5,1,-137,0,c4e5,d7d8,4,6
sprt_game_1,45,81,Black,4b3/2rk4/1p4pp/1P2Np2/P1n2P1P/8/4RP2/3BK3 b - - 3 45,d7d8,2,-256,119,c4e5,d7d8,4,6
sprt_game_1,45,81,Black,4b3/2rk4/1p4pp/1P2Np2/P1n2P1P/8/4RP2/3BK3 b - - 3 45,d7d6,3,-469,332,c4e5,d7d8,4,6
sprt_game_1,45,81,Black,4b3/2rk4/1p4pp/1P2Np2/P1n2P1P/8/4RP2/3BK3 b - - 3 45,d7c8,4,-504,367,c4e5,d7d8,4,6
sprt_game_1,45,81,Black,4b3/2rk4/1p4pp/1P2Np2/P1n2P1P/8/4RP2/3BK3 b - - 3 45,d7e7,5,-596,459,c4e5,d7d8,4,6
sprt_game_1,45,81,Black,4b3/2rk4/1p4pp/1P2Np2/P1n2P1P/8/4RP2/3BK3 b - - 3 45,d7e6,6,-605,468,c4e5,d7d8,4,6
sprt_game_1,51,93,Black,4b3/3k4/1p6/1P2Ppp1/P7/2K5/5P2/3B4 b - - 3 51,d7c7,1,-248,0,g5g4,e8f7,4,10
sprt_game_1,51,93,Black,4b3/3k4/1p6/1P2Ppp1/P7/2K5/5P2/3B4 b - - 3 51,d7d8,2,-261,13,g5g4,e8f7,4,10
sprt_game_1,51,93,Black,4b3/3k4/1p6/1P2Ppp1/P7/2K5/5P2/3B4 b - - 3 51,e8f7,3,-295,47,g5g4,e8f7,4,10
sprt_game_1,51,93,Black,4b3/3k4/1p6/1P2Ppp1/P7/2K5/5P2/3B4 b - - 3 51,d7e7,4,-307,59,g5g4,e8f7,4,10
sprt_game_1,51,93,Black,4b3/3k4/1p6/1P2Ppp1/P7/2K5/5P2/3B4 b - - 3 51,g5g4,5,-341,93,g5g4,e8f7,4,10
sprt_game_1,51,93,Black,4b3/3k4/1p6/1P2Ppp1/P7/2K5/5P2/3B4 b - - 3 51,d7e6,6,-343,95,g5g4,e8f7,4,10
sprt_game_1,51,93,Black,4b3/3k4/1p6/1P2Ppp1/P7/2K5/5P2/3B4 b - - 3 51,d7c8,7,-346,98,g5g4,e8f7,4,10
sprt_game_1,51,93,Black,4b3/3k4/1p6/1P2Ppp1/P7/2K5/5P2/3B4 b - - 3 51,e8g6,8,-358,110,g5g4,e8f7,4,10
sprt_game_1,51,93,Black,4b3/3k4/1p6/1P2Ppp1/P7/2K5/5P2/3B4 b - - 3 51,f5f4,9,-486,238,g5g4,e8f7,4,10
sprt_game_1,51,93,Black,4b3/3k4/1p6/1P2Ppp1/P7/2K5/5P2/3B4 b - - 3 51,e8h5,10,-757,509,g5g4,e8f7,4,10
sprt_game_1,54,99,Black,4b3/8/1p2k3/1P2P3/P2K1pp1/1B6/5P2/8 b - - 1 54,e6f5,1,-391,0,e6e7,e6d7,4,3
sprt_game_1,54,99,Black,4b3/8/1p2k3/1P2P3/P2K1pp1/1B6/5P2/8 b - - 1 54,e6e7,2,-422,31,e6e7,e6d7,4,3
sprt_game_1,54,99,Black,4b3/8/1p2k3/1P2P3/P2K1pp1/1B6/5P2/8 b - - 1 54,e6d7,3,-472,81,e6e7,e6d7,4,3
sprt_game_1,60,111,Black,8/1B6/8/4Pk2/3K4/6p1/8/8 b - - 0 60,f5g4,1,-544,0,g3g2,f5e6,4,6
sprt_game_1,60,111,Black,8/1B6/8/4Pk2/3K4/6p1/8/8 b - - 0 60,f5g5,2,-674,130,g3g2,f5e6,4,6
sprt_game_1,60,111,Black,8/1B6/8/4Pk2/3K4/6p1/8/8 b - - 0 60,f5g6,3,-1017,473,g3g2,f5e6,4,6
sprt_game_1,60,111,Black,8/1B6/8/4Pk2/3K4/6p1/8/8 b - - 0 60,g3g2,4,-6256,5712,g3g2,f5e6,4,6
sprt_game_1,60,111,Black,8/1B6/8/4Pk2/3K4/6p1/8/8 b - - 0 60,f5e6,5,-8115,7571,g3g2,f5e6,4,6
sprt_game_1,60,111,Black,8/1B6/8/4Pk2/3K4/6p1/8/8 b - - 0 60,f5f4,6,-31989,31445,g3g2,f5e6,4,6
sprt_game_1,61,113,Black,8/8/8/4Pk2/3K4/8/6B1/8 b - - 0 61,f5e6,1,-31987,0,f5e6,f5g4,4,5
sprt_game_1,61,113,Black,8/8/8/4Pk2/3K4/8/6B1/8 b - - 0 61,f5g6,2,-31988,1,f5e6,f5g4,4,5
sprt_game_1,61,113,Black,8/8/8/4Pk2/3K4/8/6B1/8 b - - 0 61,f5g5,3,-31988,1,f5e6,f5g4,4,5
sprt_game_1,61,113,Black,8/8/8/4Pk2/3K4/8/6B1/8 b - - 0 61,f5g4,4,-31991,4,f5e6,f5g4,4,5
sprt_game_1,61,113,Black,8/8/8/4Pk2/3K4/8/6B1/8 b - - 0 61,f5f4,5,-31991,4,f5e6,f5g4,4,5
sprt_game_1,68,127,Black,8/2k1P3/5K2/3B4/8/8/8/8 b - - 2 68,c7d6,1,-31990,0,c7b6,c7d6,4,5
sprt_game_1,68,127,Black,8/2k1P3/5K2/3B4/8/8/8/8 b - - 2 68,c7d7,2,-31991,1,c7b6,c7d6,4,5
sprt_game_1,68,127,Black,8/2k1P3/5K2/3B4/8/8/8/8 b - - 2 68,c7b6,3,-31994,4,c7b6,c7d6,4,5
sprt_game_1,68,127,Black,8/2k1P3/5K2/3B4/8/8/8/8 b - - 2 68,c7c8,4,-31996,6,c7b6,c7d6,4,5
sprt_game_1,68,127,Black,8/2k1P3/5K2/3B4/8/8/8/8 b - - 2 68,c7b8,5,-31996,6,c7b6,c7d6,4,5
sprt_game_1,69,129,Black,8/3kPB2/5K2/8/8/8/8/8 b - - 4 69,d7c7,1,-31993,0,d7c7,d7d6,4,4
sprt_game_1,69,129,Black,8/3kPB2/5K2/8/8/8/8/8 b - - 4 69,d7d6,2,-31993,0,d7c7,d7d6,4,4
sprt_game_1,69,129,Black,8/3kPB2/5K2/8/8/8/8/8 b - - 4 69,d7c6,3,-31993,0,d7c7,d7d6,4,4
sprt_game_1,69,129,Black,8/3kPB2/5K2/8/8/8/8/8 b - - 4 69,d7c8,4,-31995,2,d7c7,d7d6,4,4
sprt_game_1,70,131,Black,8/2k1P3/4BK2/8/8/8/8/8 b - - 6 70,c7d6,1,-31993,0,c7b6,c7c6,4,5
sprt_game_1,70,131,Black,8/2k1P3/4BK2/8/8/8/8/8 b - - 6 70,c7b7,2,-31994,1,c7b6,c7c6,4,5
sprt_game_1,70,131,Black,8/2k1P3/4BK2/8/8/8/8/8 b - - 6 70,c7c6,3,-31994,1,c7b6,c7c6,4,5
sprt_game_1,70,131,Black,8/2k1P3/4BK2/8/8/8/8/8 b - - 6 70,c7b6,4,-31994,1,c7b6,c7c6,4,5
sprt_game_1,70,131,Black,8/2k1P3/4BK2/8/8/8/8/8 b - - 6 70,c7b8,5,-31996,3,c7b6,c7c6,4,5
sprt_game_1,73,137,Black,8/4P3/5K2/5B2/1k6/8/8/8 b - - 12 73,b4c5,1,-31992,0,b4c3,b4b3,4,8
sprt_game_1,73,137,Black,8/4P3/5K2/5B2/1k6/8/8/8 b - - 12 73,b4b5,2,-31993,1,b4c3,b4b3,4,8
sprt_game_1,73,137,Black,8/4P3/5K2/5B2/1k6/8/8/8 b - - 12 73,b4a5,3,-31993,1,b4c3,b4b3,4,8
sprt_game_1,73,137,Black,8/4P3/5K2/5B2/1k6/8/8/8 b - - 12 73,b4c4,4,-31993,1,b4c3,b4b3,4,8
sprt_game_1,73,137,Black,8/4P3/5K2/5B2/1k6/8/8/8 b - - 12 73,b4a4,5,-31993,1,b4c3,b4b3,4,8
sprt_game_1,73,137,Black,8/4P3/5K2/5B2/1k6/8/8/8 b - - 12 73,b4c3,6,-31993,1,b4c3,b4b3,4,8
sprt_game_1,73,137,Black,8/4P3/5K2/5B2/1k6/8/8/8 b - - 12 73,b4b3,7,-31993,1,b4c3,b4b3,4,8
sprt_game_1,73,137,Black,8/4P3/5K2/5B2/1k6/8/8/8 b - - 12 73,b4a3,8,-31994,2,b4c3,b4b3,4,8
sprt_game_1,76,143,Black,8/4P3/8/8/5K2/3B4/k7/8 b - - 18 76,a2b3,1,-31994,0,a2b2,a2b3,4,4
sprt_game_1,76,143,Black,8/4P3/8/8/5K2/3B4/k7/8 b - - 18 76,a2a3,2,-31994,0,a2b2,a2b3,4,4
sprt_game_1,76,143,Black,8/4P3/8/8/5K2/3B4/k7/8 b - - 18 76,a2b2,3,-31994,0,a2b2,a2b3,4,4
sprt_game_1,76,143,Black,8/4P3/8/8/5K2/3B4/k7/8 b - - 18 76,a2a1,4,-31995,1,a2b2,a2b3,4,4
sprt_game_1,77,145,Black,4Q3/8/8/8/5K2/3B4/1k6/8 b - - 0 77,b2b3,1,-31995,0,b2c3,b2b3,4,6
sprt_game_1,77,145,Black,4Q3/8/8/8/5K2/3B4/1k6/8 b - - 0 77,b2c3,2,-31996,1,b2c3,b2b3,4,6
sprt_game_1,77,145,Black,4Q3/8/8/8/5K2/3B4/1k6/8 b - - 0 77,b2a3,3,-31997,2,b2c3,b2b3,4,6
sprt_game_1,77,145,Black,4Q3/8/8/8/5K2/3B4/1k6/8 b - - 0 77,b2a2,4,-31997,2,b2c3,b2b3,4,6
sprt_game_1,77,145,Black,4Q3/8/8/8/5K2/3B4/1k6/8 b - - 0 77,b2c1,5,-31997,2,b2c3,b2b3,4,6
sprt_game_1,77,145,Black,4Q3/8/8/8/5K2/3B4/1k6/8 b - - 0 77,b2a1,6,-31997,2,b2c3,b2b3,4,6
sprt_game_1,82,155,Black,1Q6/8/8/8/2k5/4K3/8/8 b - - 7 82,c4d5,1,-31992,0,c4c3,c4d5,4,3
sprt_game_1,82,155,Black,1Q6/8/8/8/2k5/4K3/8/8 b - - 7 82,c4c5,2,-31993,1,c4c3,c4d5,4,3
sprt_game_1,82,155,Black,1Q6/8/8/8/2k5/4K3/8/8 b - - 7 82,c4c3,3,-31996,4,c4c3,c4d5,4,3
sprt_game_1,84,159,Black,8/8/8/8/2k5/4K3/Q7/8 b - - 11 84,c4c5,1,-31994,0,c4b4,c4c3,4,4
sprt_game_1,84,159,Black,8/8/8/8/2k5/4K3/Q7/8 b - - 11 84,c4b5,2,-31994,0,c4b4,c4c3,4,4
sprt_game_1,84,159,Black,8/8/8/8/2k5/4K3/Q7/8 b - - 11 84,c4b4,3,-31995,1,c4b4,c4c3,4,4
sprt_game_1,84,159,Black,8/8/8/8/2k5/4K3/Q7/8 b - - 11 84,c4c3,4,-31996,2,c4b4,c4c3,4,4
sprt_game_1,89,169,Black,8/8/k7/3K4/8/1Q6/8/8 b - - 21 89,a6a7,1,-31998,0,a6a5,a6a7,4,2
sprt_game_1,89,169,Black,8/8/k7/3K4/8/1Q6/8/8 b - - 21 89,a6a5,2,-31998,0,a6a5,a6a7,4,2
sprt_game_2,19,21,White,1r4k1/1rqnnpb1/2p1p1p1/p1Pp1bPp/P2P1P2/B1N1P2P/3QN1B1/R4RK1 w - - 4 19,a3c1,1,-97,0,f1e1,g1h1,2,38
sprt_game_2,19,21,White,1r4k1/1rqnnpb1/2p1p1p1/p1Pp1bPp/P2P1P2/B1N1P2P/3QN1B1/R4RK1 w - - 4 19,a1a2,2,-115,18,f1e1,g1h1,2,38
sprt_game_2,19,21,White,1r4k1/1rqnnpb1/2p1p1p1/p1Pp1bPp/P2P1P2/B1N1P2P/3QN1B1/R4RK1 w - - 4 19,d2d1,3,-116,19,f1e1,g1h1,2,38
sprt_game_2,19,21,White,1r4k1/1rqnnpb1/2p1p1p1/p1Pp1bPp/P2P1P2/B1N1P2P/3QN1B1/R4RK1 w - - 4 19,g1h2,4,-116,19,f1e1,g1h1,2,38
sprt_game_2,19,21,White,1r4k1/1rqnnpb1/2p1p1p1/p1Pp1bPp/P2P1P2/B1N1P2P/3QN1B1/R4RK1 w - - 4 19,g1h1,5,-116,19,f1e1,g1h1,2,38
sprt_game_2,19,21,White,1r4k1/1rqnnpb1/2p1p1p1/p1Pp1bPp/P2P1P2/B1N1P2P/3QN1B1/R4RK1 w - - 4 19,c3d1,6,-117,20,f1e1,g1h1,2,38
sprt_game_2,19,21,White,1r4k1/1rqnnpb1/2p1p1p1/p1Pp1bPp/P2P1P2/B1N1P2P/3QN1B1/R4RK1 w - - 4 19,c3a2,7,-118,21,f1e1,g1h1,2,38
sprt_game_2,19,21,White,1r4k1/1rqnnpb1/2p1p1p1/p1Pp1bPp/P2P1P2/B1N1P2P/3QN1B1/R4RK1 w - - 4 19,e2g3,8,-120,23,f1e1,g1h1,2,38
sprt_game_2,19,21,White,1r4k1/1rqnnpb1/2p1p1p1/p1Pp1bPp/P2P1P2/B1N1P2P/3QN1B1/R4RK1 w - - 4 19,a1d1,9,-126,29,f1e1,g1h1,2,38
sprt_game_2,19,21,White,1r4k1/1rqnnpb1/2p1p1p1/p1Pp1bPp/P2P1P2/B1N1P2P/3QN1B1/R4RK1 w - - 4 19,f1f2,10,-127,30,f1e1,g1h1,2,38
sprt_game_2,19,21,White,1r4k1/1rqnnpb1/2p1p1p1/p1Pp1bPp/P2P1P2/B1N1P2P/3QN1B1/R4RK1 w - - 4 19,f1d1,11,-127,30,f1e1,g1h1,2,38
sprt_game_2,19,21,White,1r4k1/1rqnnpb1/2p1p1p1/p1Pp1bPp/P2P1P2/B1N1P2P/3QN1B1/R4RK1 w - - 4 19,g1f2,12,-131,34,f1e1,g1h1,2,38
sprt_game_2,19,21,White,1r4k1/1rqnnpb1/2p1p1p1/p1Pp1bPp/P2P1P2/B1N1P2P/3QN1B1/R4RK1 w - - 4 19,e2c1,13,-133,36,f1e1,g1h1,2,38
sprt_game_2,19,21,White,1r4k1/1rqnnpb1/2p1p1p1/p1Pp1bPp/P2P1P2/B1N1P2P/3QN1B1/R4RK1 w - - 4 19,f1f3,14,-136,39,f1e1,g1h1,2,38
sprt_game_2,19,21,White,1r4k1/1rqnnpb1/2p1p1p1/p1Pp1bPp/P2P1P2/B1N1P2P/3QN1B1/R4RK1 w - - 4 19,f1e1,15,-138,41,f1e1,g1h1,2,38
sprt_game_2,19,21,White,1r4k1/1rqnnpb1/2p1p1p1/p1Pp1bPp/P2P1P2/B1N1P2P/3QN1B1/R4RK1 w - - 4 19,f1c1,16,-141,44,f1e1,g1h1,2,38
sprt_game_2,19,21,White,1r4k1/1rqnnpb1/2p1p1p1/p1Pp1bPp/P2P1P2/B1N1P2P/3QN1B1/R4RK1 w - - 4 19,a1e1,17,-142,45,f1e1,g1h1,2,38
sprt_game_2,19,21,White,1r4k1/1rqnnpb1/2p1p1p1/p1Pp1bPp/P2P1P2/B1N1P2P/3QN1B1/R4RK1 w - - 4 19,a1c1,18,-145,48,f1e1,g1h1,2,38
sprt_game_2,19,21,White,1r4k1/1rqnnpb1/2p1p1p1/p1Pp1bPp/P2P1P2/B1N1P2P/3QN1B1/R4RK1 w - - 4 19,d2e1,19,-188,91,f1e1,g1h1,2,38
sprt_game_2,19,21,White,1r4k1/1rqnnpb1/2p1p1p1/p1Pp1bPp/P2P1P2/B1N1P2P/3QN1B1/R4RK1 w - - 4 19,h3h4,20,-201,104,f1e1,g1h1,2,38
sprt_game_2,19,21,White,1r4k1/1rqnnpb1/2p1p1p1/p1Pp1bPp/P2P1P2/B1N1P2P/3QN1B1/R4RK1 w - - 4 19,e3e4,21,-205,108,f1e1,g1h1,2,38
sprt_game_2,19,21,White,1r4k1/1rqnnpb1/2p1p1p1/p1Pp1bPp/P2P1P2/B1N1P2P/3QN1B1/R4RK1 w - - 4 19,d2a2,22,-207,110,f1e1,g1h1,2,38
sprt_game_2,19,21,White,1r4k1/1rqnnpb1/2p1p1p1/p1Pp1bPp/P2P1P2/B1N1P2P/3QN1B1/R4RK1 w - - 4 19,d2c1,23,-214,117,f1e1,g1h1,2,38
sprt_game_2,19,21,White,1r4k1/1rqnnpb1/2p1p1p1/p1Pp1bPp/P2P1P2/B1N1P2P/3QN1B1/R4RK1 w - - 4 19,g2f3,24,-222,125,f1e1,g1h1,2,38
sprt_game_2,19,21,White,1r4k1/1rqnnpb1/2p1p1p1/p1Pp1bPp/P2P1P2/B1N1P2P/3QN1B1/R4RK1 w - - 4 19,g2h1,25,-248,151,f1e1,g1h1,2,38
sprt_game_2,19,21,White,1r4k1/1rqnnpb1/2p1p1p1/p1Pp1bPp/P2P1P2/B1N1P2P/3QN1B1/R4RK1 w - - 4 19,c3b5,26,-425,328,f1e1,g1h1,2,38
sprt_game_2,19,21,White,1r4k1/1rqnnpb1/2p1p1p1/p1Pp1bPp/P2P1P2/B1N1P2P/3QN1B1/R4RK1 w - - 4 19,g2e4,27,-445,348,f1e1,g1h1,2,38
sprt_game_2,19,21,White,1r4k1/1rqnnpb1/2p1p1p1/p1Pp1bPp/P2P1P2/B1N1P2P/3QN1B1/R4RK1 w - - 4 19,c3d5,28,-447,350,f1e1,g1h1,2,38
sprt_game_2,19,21,White,1r4k1/1rqnnpb1/2p1p1p1/p1Pp1bPp/P2P1P2/B1N1P2P/3QN1B1/R4RK1 w - - 4 19,c3e4,29,-449,352,f1e1,g1h1,2,38
sprt_game_2,19,21,White,1r4k1/1rqnnpb1/2p1p1p1/p1Pp1bPp/P2P1P2/B1N1P2P/3QN1B1/R4RK1 w - - 4 19,c3b1,30,-484,387,f1e1,g1h1,2,38
sprt_game_2,19,21,White,1r4k1/1rqnnpb1/2p1p1p1/p1Pp1bPp/P2P1P2/B1N1P2P/3QN1B1/R4RK1 w - - 4 19,a1b1,31,-487,390,f1e1,g1h1,2,38
sprt_game_2,19,21,White,1r4k1/1rqnnpb1/2p1p1p1/p1Pp1bPp/P2P1P2/B1N1P2P/3QN1B1/R4RK1 w - - 4 19,f1b1,32,-490,393,f1e1,g1h1,2,38
sprt_game_2,19,21,White,1r4k1/1rqnnpb1/2p1p1p1/p1Pp1bPp/P2P1P2/B1N1P2P/3QN1B1/R4RK1 w - - 4 19,g2d5,33,-494,397,f1e1,g1h1,2,38
sprt_game_2,19,21,White,1r4k1/1rqnnpb1/2p1p1p1/p1Pp1bPp/P2P1P2/B1N1P2P/3QN1B1/R4RK1 w - - 4 19,a3b4,34,-531,434,f1e1,g1h1,2,38
sprt_game_2,19,21,White,1r4k1/1rqnnpb1/2p1p1p1/p1Pp1bPp/P2P1P2/B1N1P2P/3QN1B1/R4RK1 w - - 4 19,a3b2,35,-534,437,f1e1,g1h1,2,38
sprt_game_2,19,21,White,1r4k1/1rqnnpb1/2p1p1p1/p1Pp1bPp/P2P1P2/B1N1P2P/3QN1B1/R4RK1 w - - 4 19,d2b2,36,-595,498,f1e1,g1h1,2,38
sprt_game_2,19,21,White,1r4k1/1rqnnpb1/2p1p1p1/p1Pp1bPp/P2P1P2/B1N1P2P/3QN1B1/R4RK1 w - - 4 19,d2c2,37,-670,573,f1e1,g1h1,2,38
sprt_game_2,19,21,White,1r4k1/1rqnnpb1/2p1p1p1/p1Pp1bPp/P2P1P2/B1N1P2P/3QN1B1/R4RK1 w - - 4 19,d2d3,38,-709,612,f1e1,g1h1,2,38
sprt_game_2,20,23,White,1r4k1/1rqnn1b1/2p1ppp1/p1Pp1bPp/P2P1P2/B1N1P2P/3QN1B1/R4R1K w - - 0 20,a3c1,1,-119,0,a1d1,a1a2,2,39
sprt_game_2,20,23,White,1r4k1/1rqnn1b1/2p1ppp1/p1Pp1bPp/P2P1P2/B1N1P2P/3QN1B1/R4R1K w - - 0 20,g5f6,2,-121,2,a1d1,a1a2,2,39
sprt_game_2,20,23,White,1r4k1/1rqnn1b1/2p1ppp1/p1Pp1bPp/P2P1P2/B1N1P2P/3QN1B1/R4R1K w - - 0 20,a1a2,3,-133,14,a1d1,a1a2,2,39
sprt_game_2,20,23,White,1r4k1/1rqnn1b1/2p1ppp1/p1Pp1bPp/P2P1P2/B1N1P2P/3QN1B1/R4R1K w - - 0 20,d2d1,4,-138,19,a1d1,a1a2,2,39
sprt_game_2,20,23,White,1r4k1/1rqnn1b1/2p1ppp1/p1Pp1bPp/P2P1P2/B1N1P2P/3QN1B1/R4R1K w - - 0 20,f1d1,5,-141,22,a1d1,a1a2,2,39
sprt_game_2,20,23,White,1r4k1/1rqnn1b1/2p1ppp1/p1Pp1bPp/P2P1P2/B1N1P2P/3QN1B1/R4R1K w - - 0 20,a1d1,6,-142,23,a1d1,a1a2,2,39
sprt_game_2,20,23,White,1r4k1/1rqnn1b1/2p1ppp1/p1Pp1bPp/P2P1P2/B1N1P2P/3QN1B1/R4R1K w - - 0 20,h1g1,7,-146,27,a1d1,a1a2,2,39
sprt_game_2,20,23,White,1r4k1/1rqnn1b1/2p1ppp1/p1Pp1bPp/P2P1P2/B1N1P2P/3QN1B1/R4R1K w - - 0 20,f1f2,8,-147,28,a1d1,a1a2,2,39
sprt_game_2,20,23,White,1r4k1/1rqnn1b1/2p1ppp1/p1Pp1bPp/P2P1P2/B1N1P2P/3QN1B1/R4R1K w - - 0 20,c3d1,9,-151,32,a1d1,a1a2,2,39
sprt_game_2,20,23,White,1r4k1/1rqnn1b1/2p1ppp1/p1Pp1bPp/P2P1P2/B1N1P2P/3QN1B1/R4R1K w - - 0 20,f1e1,10,-156,37,a1d1,a1a2,2,39
sprt_game_2,20,23,White,1r4k1/1rqnn1b1/2p1ppp1/p1Pp1bPp/P2P1P2/B1N1P2P/3QN1B1/R4R1K w - - 0 20,a1e1,11,-156,37,a1d1,a1a2,2,39
sprt_game_2,20,23,White,1r4k1/1rqnn1b1/2p1ppp1/p1Pp1bPp/P2P1P2/B1N1P2P/3QN1B1/R4R1K w - - 0 20,e3e4,12,-161,42,a1d1,a1a2,2,39
sprt_game_2,20,23,White,1r4k1/1rqnn1b1/2p1ppp1/p1Pp1bPp/P2P1P2/B1N1P2P/3QN1B1/R4R1K w - - 0 20,f1g1,13,-162,43,a1d1,a1a2,2,39
sprt_game_2,20,23,White,1r4k1/1rqnn1b1/2p1ppp1/p1Pp1bPp/P2P1P2/B1N1P2P/3QN1B1/R4R1K w - - 0 20,d2e1,14,-166,47,a1d1,a1a2,2,39
sprt_game_2,20,23,White,1r4k1/1rqnn1b1/2p1ppp1/p1Pp1bPp/P2P1P2/B1N1P2P/3QN1B1/R4R1K w - - 0 20,a1c1,15,-166,47,a1d1,a1a2,2,39
sprt_game_2,20,23,White,1r4k1/1rqnn1b1/2p1ppp1/p1Pp1bPp/P2P1P2/B1N1P2P/3QN1B1/R4R1K w - - 0 20,d2a2,16,-176,57,a1d1,a1a2,2,39
sprt_game_2,20,23,White,1r4k1/1rqnn1b1/2p1ppp1/p1Pp1bPp/P2P1P2/B1N1P2P/3QN1B1/R4R1K w - - 0 20,f1c1,17,-177,58,a1d1,a1a2,2,39
sprt_game_2,20,23,White,1r4k1/1rqnn1b1/2p1ppp1/p1Pp1bPp/P2P1P2/B1N1P2P/3QN1B1/R4R1K w - - 0 20,e2g1,18,-192,73,a1d1,a1a2,2,39
sprt_game_2,20,23,White,1r4k1/1rqnn1b1/2p1ppp1/p1Pp1bPp/P2P1P2/B1N1P2P/3QN1B1/R4R1K w - - 0 20,e2c1,19,-192,73,a1d1,a1a2,2,39
sprt_game_2,20,23,White,1r4k1/1rqnn1b1/2p1ppp1/p1Pp1bPp/P2P1P2/B1N1P2P/3QN1B1/R4R1K w - - 0 20,h3h4,20,-194,75,a1d1,a1a2,2,39
sprt_game_2,20,23,White,1r4k1/1rqnn1b1/2p1ppp1/p1Pp1bPp/P2P1P2/B1N1P2P/3QN1B1/R4R1K w - - 0 20,d2c1,21,-197,78,a1d1,a1a2,2,39
sprt_game_2,20,23,White,1r4k1/1rqnn1b1/2p1ppp1/p1Pp1bPp/P2P1P2/B1N1P2P/3QN1B1/R4R1K w - - 0 20,f1f3,22,-203,84,a1d1,a1a2,2,39
sprt_game_2,20,23,White,1r4k1/1rqnn1b1/2p1ppp1/p1Pp1bPp/P2P1P2/B1N1P2P/3QN1B1/R4R1K w - - 0 20,c3a2,23,-204,85,a1d1,a1a2,2,39
sprt_game_2,20,23,White,1r4k1/1rqnn1b1/2p1ppp1/p1Pp1bPp/P2P1P2/B1N1P2P/3QN1B1/R4R1K w - - 0 20,g2f3,24,-246,127,a1d1,a1a2,2,39
sprt_game_2,20,23,White,1r4k1/1rqnn1b1/2p1ppp1/p1Pp1bPp/P2P1P2/B1N1P2P/3QN1B1/R4R1K w - - 0 20,e2g3,25,-247,128,a1d1,a1a2,2,39
sprt_game_2,20,23,White,1r4k1/1rqnn1b1/2p1ppp1/p1Pp1bPp/P2P1P2/B1N1P2P/3QN1B1/R4R1K w - - 0 20,h1h2,26,-268,149,a1d1,a1a2,2,39
sprt_game_2,20,23,White,1r4k1/1rqnn1b1/2p1ppp1/p1Pp1bPp/P2P1P2/B1N1P2P/3QN1B1/R4R1K w - - 0 20,c3b5,27,-348,229,a1d1,a1a2,2,39
sprt_game_2,20,23,White,1r4k1/1rqnn1b1/2p1ppp1/p1Pp1bPp/P2P1P2/B1N1P2P/3QN1B1/R4R1K w - - 0 20,g2d5,28,-377,258,a1d1,a1a2,2,39
sprt_game_2,20,23,White,1r4k1/1rqnn1b1/2p1ppp1/p1Pp1bPp/P2P1P2/B1N1P2P/3QN1B1/R4R1K w - - 0 20,c3d5,29,-380,261,a1d1,a1a2,2,39
sprt_game_2,20,23,White,1r4k1/1rqnn1b1/2p1ppp1/p1Pp1bPp/P2P1P2/B1N1P2P/3QN1B1/R4R1K w - - 0 20,g2e4,30,-396,277,a1d1,a1a2,2,39
sprt_game_2,20,23,White,1r4k1/1rqnn1b1/2p1ppp1/p1Pp1bPp/P2P1P2/B1N1P2P/3QN1B1/R4R1K w - - 0 20,c3e4,31,-401,282,a1d1,a1a2,2,39
sprt_game_2,20,23,White,1r4k1/1rqnn1b1/2p1ppp1/p1Pp1bPp/P2P1P2/B1N1P2P/3QN1B1/R4R1K w - - 0 20,a1b1,32,-424,305,a1d1,a1a2,2,39
sprt_game_2,20,23,White,1r4k1/1rqnn1b1/2p1ppp1/p1Pp1bPp/P2P1P2/B1N1P2P/3QN1B1/R4R1K w - - 0 20,f1b1,33,-432,313,a1d1,a1a2,2,39
sprt_game_2,20,23,White,1r4k1/1rqnn1b1/2p1ppp1/p1Pp1bPp/P2P1P2/B1N1P2P/3QN1B1/R4R1K w - - 0 20,c3b1,34,-439,320,a1d1,a1a2,2,39
sprt_game_2,20,23,White,1r4k1/1rqnn1b1/2p1ppp1/p1Pp1bPp/P2P1P2/B1N1P2P/3QN1B1/R4R1K w - - 0 20,a3b4,35,-443,324,a1d1,a1a2,2,39
sprt_game_2,20,23,White,1r4k1/1rqnn1b1/2p1ppp1/p1Pp1bPp/P2P1P2/B1N1P2P/3QN1B1/R4R1K w - - 0 20,a3b2,36,-482,363,a1d1,a1a2,2,39
sprt_game_2,20,23,White,1r4k1/1rqnn1b1/2p1ppp1/p1Pp1bPp/P2P1P2/B1N1P2P/3QN1B1/R4R1K w - - 0 20,d2b2,37,-599,480,a1d1,a1a2,2,39
sprt_game_2,20,23,White,1r4k1/1rqnn1b1/2p1ppp1/p1Pp1bPp/P2P1P2/B1N1P2P/3QN1B1/R4R1K w - - 0 20,d2c2,38,-640,521,a1d1,a1a2,2,39
sprt_game_2,20,23,White,1r4k1/1rqnn1b1/2p1ppp1/p1Pp1bPp/P2P1P2/B1N1P2P/3QN1B1/R4R1K w - - 0 20,d2d3,39,-667,548,a1d1,a1a2,2,39
sprt_game_2,28,39,White,1r3nk1/3qn1b1/2p1p1p1/p1P3Pp/P2PB3/Br5P/3QN3/R4R1K w - - 1 28,f1f3,1,-229,0,d2f4,f1f3,2,51
sprt_game_2,28,39,White,1r3nk1/3qn1b1/2p1p1p1/p1P3Pp/P2PB3/Br5P/3QN3/R4R1K w - - 1 28,a3c1,2,-255,26,d2f4,f1f3,2,51
sprt_game_2,28,39,White,1r3nk1/3qn1b1/2p1p1p1/p1P3Pp/P2PB3/Br5P/3QN3/R4R1K w - - 1 28,d2f4,3,-257,28,d2f4,f1f3,2,51
sprt_game_2,28,39,White,1r3nk1/3qn1b1/2p1p1p1/p1P3Pp/P2PB3/Br5P/3QN3/R4R1K w - - 1 28,e4g2,4,-270,41,d2f4,f1f3,2,51
sprt_game_2,28,39,White,1r3nk1/3qn1b1/2p1p1p1/p1P3Pp/P2PB3/Br5P/3QN3/R4R1K w - - 1 28,h1h2,5,-285,56,d2f4,f1f3,2,51
sprt_game_2,28,39,White,1r3nk1/3qn1b1/2p1p1p1/p1P3Pp/P2PB3/Br5P/3QN3/R4R1K w - - 1 28,f1f2,6,-287,58,d2f4,f1f3,2,51
sprt_game_2,28,39,White,1r3nk1/3qn1b1/2p1p1p1/p1P3Pp/P2PB3/Br5P/3QN3/R4R1K w - - 1 28,e4f3,7,-308,79,d2f4,f1f3,2,51
sprt_game_2,28,39,White,1r3nk1/3qn1b1/2p1p1p1/p1P3Pp/P2PB3/Br5P/3QN3/R4R1K w - - 1 28,h1g1,8,-308,79,d2f4,f1f3,2,51
sprt_game_2,28,39,White,1r3nk1/3qn1b1/2p1p1p1/p1P3Pp/P2PB3/Br5P/3QN3/R4R1K w - - 1 28,h1g2,9,-323,94,d2f4,f1f3,2,51
sprt_game_2,28,39,White,1r3nk1/3qn1b1/2p1p1p1/p1P3Pp/P2PB3/Br5P/3QN3/R4R1K w - - 1 28,a1a2,10,-332,103,d2f4,f1f3,2,51
sprt_game_2,28,39,White,1r3nk1/3qn1b1/2p1p1p1/p1P3Pp/P2PB3/Br5P/3QN3/R4R1K w - - 1 28,e2g1,11,-342,113,d2f4,f1f3,2,51
sprt_game_2,28,39,White,1r3nk1/3qn1b1/2p1p1p1/p1P3Pp/P2PB3/Br5P/3QN3/R4R1K w - - 1 28,h3h4,12,-352,123,d2f4,f1f3,2,51
sprt_game_2,28,39,White,1r3nk1/3qn1b1/2p1p1p1/p1P3Pp/P2PB3/Br5P/3QN3/R4R1K w - - 1 28,f1f6,13,-358,129,d2f4,f1f3,2,51
sprt_game_2,28,39,White,1r3nk1/3qn1b1/2p1p1p1/p1P3Pp/P2PB3/Br5P/3QN3/R4R1K w - - 1 28,d2a2,14,-369,140,d2f4,f1f3,2,51
sprt_game_2,28,39,White,1r3nk1/3qn1b1/2p1p1p1/p1P3Pp/P2PB3/Br5P/3QN3/R4R1K w - - 1 28,d2c2,15,-379,150,d2f4,f1f3,2,51
sprt_game_2,28,39,White,1r3nk1/3qn1b1/2p1p1p1/p1P3Pp/P2PB3/Br5P/3QN3/R4R1K w - - 1 28,f1f4,16,-387,158,d2f4,f1f3,2,51
sprt_game_2,28,39,White,1r3nk1/3qn1b1/2p1p1p1/p1P3Pp/P2PB3/Br5P/3QN3/R4R1K w - - 1 28,a1d1,17,-395,166,d2f4,f1f3,2,51
sprt_game_2,28,39,White,1r3nk1/3qn1b1/2p1p1p1/p1P3Pp/P2PB3/Br5P/3QN3/R4R1K w - - 1 28,e2f4,18,-399,170,d2f4,f1f3,2,51
sprt_game_2,28,39,White,1r3nk1/3qn1b1/2p1p1p1/p1P3Pp/P2PB3/Br5P/3QN3/R4R1K w - - 1 28,a1c1,19,-401,172,d2f4,f1f3,2,51
sprt_game_2,28,39,White,1r3nk1/3qn1b1/2p1p1p1/p1P3Pp/P2PB3/Br5P/3QN3/R4R1K w - - 1 28,a1e1,20,-402,173,d2f4,f1f3,2,51
sprt_game_2,28,39,White,1r3nk1/3qn1b1/2p1p1p1/p1P3Pp/P2PB3/Br5P/3QN3/R4R1K w - - 1 28,e4c2,21,-406,177,d2f4,f1f3,2,51
sprt_game_2,28,39,White,1r3nk1/3qn1b1/2p1p1p1/p1P3Pp/P2PB3/Br5P/3QN3/R4R1K w - - 1 28,d2d1,22,-409,180,d2f4,f1f3,2,51
sprt_game_2,28,39,White,1r3nk1/3qn1b1/2p1p1p1/p1P3Pp/P2PB3/Br5P/3QN3/R4R1K w - - 1 28,f1d1,23,-412,183,d2f4,f1f3,2,51
sprt_game_2,28,39,White,1r3nk1/3qn1b1/2p1p1p1/p1P3Pp/P2PB3/Br5P/3QN3/R4R1K w - - 1 28,e4d3,24,-421,192,d2f4,f1f3,2,51
sprt_game_2,28,39,White,1r3nk1/3qn1b1/2p1p1p1/p1P3Pp/P2PB3/Br5P/3QN3/R4R1K w - - 1 28,f1c1,25,-424,195,d2f4,f1f3,2,51
sprt_game_2,28,39,White,1r3nk1/3qn1b1/2p1p1p1/p1P3Pp/P2PB3/Br5P/3QN3/R4R1K w - - 1 28,f1e1,26,-425,196,d2f4,f1f3,2,51
sprt_game_2,28,39,White,1r3nk1/3qn1b1/2p1p1p1/p1P3Pp/P2PB3/Br5P/3QN3/R4R1K w - - 1 28,e4b1,27,-429,200,d2f4,f1f3,2,51
sprt_game_2,28,39,White,1r3nk1/3qn1b1/2p1p1p1/p1P3Pp/P2PB3/Br5P/3QN3/R4R1K w - - 1 28,f1f8,28,-436,207,d2f4,f1f3,2,51
sprt_game_2,28,39,White,1r3nk1/3qn1b1/2p1p1p1/p1P3Pp/P2PB3/Br5P/3QN3/R4R1K w - - 1 28,a1b1,29,-436,207,d2f4,f1f3,2,51
sprt_game_2,28,39,White,1r3nk1/3qn1b1/2p1p1p1/p1P3Pp/P2PB3/Br5P/3QN3/R4R1K w - - 1 28,f1b1,30,-437,208,d2f4,f1f3,2,51
sprt_game_2,28,39,White,1r3nk1/3qn1b1/2p1p1p1/p1P3Pp/P2PB3/Br5P/3QN3/R4R1K w - - 1 28,a3b4,31,-441,212,d2f4,f1f3,2,51
sprt_game_2,28,39,White,1r3nk1/3qn1b1/2p1p1p1/p1P3Pp/P2PB3/Br5P/3QN3/R4R1K w - - 1 28,d2e1,32,-443,214,d2f4,f1f3,2,51
sprt_game_2,28,39,White,1r3nk1/3qn1b1/2p1p1p1/p1P3Pp/P2PB3/Br5P/3QN3/R4R1K w - - 1 28,d2a5,33,-452,223,d2f4,f1f3,2,51
sprt_game_2,28,39,White,1r3nk1/3qn1b1/2p1p1p1/p1P3Pp/P2PB3/Br5P/3QN3/R4R1K w - - 1 28,e2c3,34,-456,227,d2f4,f1f3,2,51
sprt_game_2,28,39,White,1r3nk1/3qn1b1/2p1p1p1/p1P3Pp/P2PB3/Br5P/3QN3/R4R1K w - - 1 28,d2c1,35,-456,227,d2f4,f1f3,2,51
sprt_game_2,28,39,White,1r3nk1/3qn1b1/2p1p1p1/p1P3Pp/P2PB3/Br5P/3QN3/R4R1K w - - 1 28,d4d5,36,-463,234,d2f4,f1f3,2,51
sprt_game_2,28,39,White,1r3nk1/3qn1b1/2p1p1p1/p1P3Pp/P2PB3/Br5P/3QN3/R4R1K w - - 1 28,e2c1,37,-472,243,d2f4,f1f3,2,51
sprt_game_2,28,39,White,1r3nk1/3qn1b1/2p1p1p1/p1P3Pp/P2PB3/Br5P/3QN3/R4R1K w - - 1 28,f1g1,38,-472,243,d2f4,f1f3,2,51
sprt_game_2,28,39,White,1r3nk1/3qn1b1/2p1p1p1/p1P3Pp/P2PB3/Br5P/3QN3/R4R1K w - - 1 28,a3b2,39,-476,247,d2f4,f1f3,2,51
sprt_game_2,28,39,White,1r3nk1/3qn1b1/2p1p1p1/p1P3Pp/P2PB3/Br5P/3QN3/R4R1K w - - 1 28,e2g3,40,-507,278,d2f4,f1f3,2,51
sprt_game_2,28,39,White,1r3nk1/3qn1b1/2p1p1p1/p1P3Pp/P2PB3/Br5P/3QN3/R4R1K w - - 1 28,f1f7,41,-508,279,d2f4,f1f3,2,51
sprt_game_2,28,39,White,1r3nk1/3qn1b1/2p1p1p1/p1P3Pp/P2PB3/Br5P/3QN3/R4R1K w - - 1 28,e4c6,42,-519,290,d2f4,f1f3,2,51
sprt_game_2,28,39,White,1r3nk1/3qn1b1/2p1p1p1/p1P3Pp/P2PB3/Br5P/3QN3/R4R1K w - - 1 28,d2c3,43,-548,319,d2f4,f1f3,2,51
sprt_game_2,28,39,White,1r3nk1/3qn1b1/2p1p1p1/p1P3Pp/P2PB3/Br5P/3QN3/R4R1K w - - 1 28,d2d3,44,-560,331,d2f4,f1f3,2,51
sprt_game_2,28,39,White,1r3nk1/3qn1b1/2p1p1p1/p1P3Pp/P2PB3/Br5P/3QN3/R4R1K w - - 1 28,e4d5,45,-568,339,d2f4,f1f3,2,51
sprt_game_2,28,39,White,1r3nk1/3qn1b1/2p1p1p1/p1P3Pp/P2PB3/Br5P/3QN3/R4R1K w - - 1 28,e4g6,46,-599,370,d2f4,f1f3,2,51
sprt_game_2,28,39,White,1r3nk1/3qn1b1/2p1p1p1/p1P3Pp/P2PB3/Br5P/3QN3/R4R1K w - - 1 28,d2b2,47,-609,380,d2f4,f1f3,2,51
sprt_game_2,28,39,White,1r3nk1/3qn1b1/2p1p1p1/p1P3Pp/P2PB3/Br5P/3QN3/R4R1K w - - 1 28,f1f5,48,-611,382,d2f4,f1f3,2,51
sprt_game_2,28,39,White,1r3nk1/3qn1b1/2p1p1p1/p1P3Pp/P2PB3/Br5P/3QN3/R4R1K w - - 1 28,e4f5,49,-623,394,d2f4,f1f3,2,51
sprt_game_2,28,39,White,1r3nk1/3qn1b1/2p1p1p1/p1P3Pp/P2PB3/Br5P/3QN3/R4R1K w - - 1 28,d2b4,50,-670,441,d2f4,f1f3,2,51
sprt_game_2,28,39,White,1r3nk1/3qn1b1/2p1p1p1/p1P3Pp/P2PB3/Br5P/3QN3/R4R1K w - - 1 28,d2e3,51,-690,461,d2f4,f1f3,2,51
sprt_game_2,32,47,White,1r3nk1/1r1q2b1/2p1p1p1/p1P2nPp/P3B3/B2N3P/7Q/R4R1K w - - 4 32,a1e1,1,-226,0,a1d1,a1e1,2,46
sprt_game_2,32,47,White,1r3nk1/1r1q2b1/2p1p1p1/p1P2nPp/P3B3/B2N3P/7Q/R4R1K w - - 4 32,a1d1,2,-299,73,a1d1,a1e1,2,46
sprt_game_2,32,47,White,1r3nk1/1r1q2b1/2p1p1p1/p1P2nPp/P3B3/B2N3P/7Q/R4R1K w - - 4 32,a1a2,3,-309,83,a1d1,a1e1,2,46
sprt_game_2,32,47,White,1r3nk1/1r1q2b1/2p1p1p1/p1P2nPp/P3B3/B2N3P/7Q/R4R1K w - - 4 32,e4f5,4,-373,147,a1d1,a1e1,2,46
sprt_game_2,32,47,White,1r3nk1/1r1q2b1/2p1p1p1/p1P2nPp/P3B3/B2N3P/7Q/R4R1K w - - 4 32,a1c1,5,-373,147,a1d1,a1e1,2,46
sprt_game_2,32,47,White,1r3nk1/1r1q2b1/2p1p1p1/p1P2nPp/P3B3/B2N3P/7Q/R4R1K w - - 4 32,d3f2,6,-392,166,a1d1,a1e1,2,46
sprt_game_2,32,47,White,1r3nk1/1r1q2b1/2p1p1p1/p1P2nPp/P3B3/B2N3P/7Q/R4R1K w - - 4 32,d3f4,7,-463,237,a1d1,a1e1,2,46
sprt_game_2,32,47,White,1r3nk1/1r1q2b1/2p1p1p1/p1P2nPp/P3B3/B2N3P/7Q/R4R1K w - - 4 32,a3b2,8,-469,243,a1d1,a1e1,2,46
sprt_game_2,32,47,White,1r3nk1/1r1q2b1/2p1p1p1/p1P2nPp/P3B3/B2N3P/7Q/R4R1K w - - 4 32,a3c1,9,-473,247,a1d1,a1e1,2,46
sprt_game_2,32,47,White,1r3nk1/1r1q2b1/2p1p1p1/p1P2nPp/P3B3/B2N3P/7Q/R4R1K w - - 4 32,d3b2,10,-475,249,a1d1,a1e1,2,46
sprt_game_2,32,47,White,1r3nk1/1r1q2b1/2p1p1p1/p1P2nPp/P3B3/B2N3P/7Q/R4R1K w - - 4 32,h2g2,11,-486,260,a1d1,a1e1,2,46
sprt_game_2,32,47,White,1r3nk1/1r1q2b1/2p1p1p1/p1P2nPp/P3B3/B2N3P/7Q/R4R1K w - - 4 32,d3e5,12,-488,262,a1d1,a1e1,2,46
sprt_game_2,32,47,White,1r3nk1/1r1q2b1/2p1p1p1/p1P2nPp/P3B3/B2N3P/7Q/R4R1K w - - 4 32,h2f4,13,-490,264,a1d1,a1e1,2,46
sprt_game_2,32,47,White,1r3nk1/1r1q2b1/2p1p1p1/p1P2nPp/P3B3/B2N3P/7Q/R4R1K w - - 4 32,h1g2,14,-490,264,a1d1,a1e1,2,46
sprt_game_2,32,47,White,1r3nk1/1r1q2b1/2p1p1p1/p1P2nPp/P3B3/B2N3P/7Q/R4R1K w - - 4 32,h2f2,15,-493,267,a1d1,a1e1,2,46
sprt_game_2,32,47,White,1r3nk1/1r1q2b1/2p1p1p1/p1P2nPp/P3B3/B2N3P/7Q/R4R1K w - - 4 32,f1d1,16,-503,277,a1d1,a1e1,2,46
sprt_game_2,32,47,White,1r3nk1/1r1q2b1/2p1p1p1/p1P2nPp/P3B3/B2N3P/7Q/R4R1K w - - 4 32,d3b4,17,-506,280,a1d1,a1e1,2,46
sprt_game_2,32,47,White,1r3nk1/1r1q2b1/2p1p1p1/p1P2nPp/P3B3/B2N3P/7Q/R4R1K w - - 4 32,f1e1,18,-510,284,a1d1,a1e1,2,46
sprt_game_2,32,47,White,1r3nk1/1r1q2b1/2p1p1p1/p1P2nPp/P3B3/B2N3P/7Q/R4R1K w - - 4 32,f1g1,19,-511,285,a1d1,a1e1,2,46
sprt_game_2,32,47,White,1r3nk1/1r1q2b1/2p1p1p1/p1P2nPp/P3B3/B2N3P/7Q/R4R1K w - - 4 32,h2g1,20,-516,290,a1d1,a1e1,2,46
sprt_game_2,32,47,White,1r3nk1/1r1q2b1/2p1p1p1/p1P2nPp/P3B3/B2N3P/7Q/R4R1K w - - 4 32,f1c1,21,-521,295,a1d1,a1e1,2,46
sprt_game_2,32,47,White,1r3nk1/1r1q2b1/2p1p1p1/p1P2nPp/P3B3/B2N3P/7Q/R4R1K w - - 4 32,a3b4,22,-525,299,a1d1,a1e1,2,46
sprt_game_2,32,47,White,1r3nk1/1r1q2b1/2p1p1p1/p1P2nPp/P3B3/B2N3P/7Q/R4R1K w - - 4 32,h1g1,23,-527,301,a1d1,a1e1,2,46
sprt_game_2,32,47,White,1r3nk1/1r1q2b1/2p1p1p1/p1P2nPp/P3B3/B2N3P/7Q/R4R1K w - - 4 32,d3c1,24,-528,302,a1d1,a1e1,2,46
sprt_game_2,32,47,White,1r3nk1/1r1q2b1/2p1p1p1/p1P2nPp/P3B3/B2N3P/7Q/R4R1K w - - 4 32,h3h4,25,-535,309,a1d1,a1e1,2,46
sprt_game_2,32,47,White,1r3nk1/1r1q2b1/2p1p1p1/p1P2nPp/P3B3/B2N3P/7Q/R4R1K w - - 4 32,h2c2,26,-540,314,a1d1,a1e1,2,46
sprt_game_2,32,47,White,1r3nk1/1r1q2b1/2p1p1p1/p1P2nPp/P3B3/B2N3P/7Q/R4R1K w - - 4 32,d3e1,27,-549,323,a1d1,a1e1,2,46
sprt_game_2,32,47,White,1r3nk1/1r1q2b1/2p1p1p1/p1P2nPp/P3B3/B2N3P/7Q/R4R1K w - - 4 32,h2a2,28,-555,329,a1d1,a1e1,2,46
sprt_game_2,32,47,White,1r3nk1/1r1q2b1/2p1p1p1/p1P2nPp/P3B3/B2N3P/7Q/R4R1K w - - 4 32,f1f5,29,-567,341,a1d1,a1e1,2,46
sprt_game_2,32,47,White,1r3nk1/1r1q2b1/2p1p1p1/p1P2nPp/P3B3/B2N3P/7Q/R4R1K w - - 4 32,h2d6,30,-578,352,a1d1,a1e1,2,46
sprt_game_2,32,47,White,1r3nk1/1r1q2b1/2p1p1p1/p1P2nPp/P3B3/B2N3P/7Q/R4R1K w - - 4 32,f1f2,31,-583,357,a1d1,a1e1,2,46
sprt_game_2,32,47,White,1r3nk1/1r1q2b1/2p1p1p1/p1P2nPp/P3B3/B2N3P/7Q/R4R1K w - - 4 32,f1f3,32,-584,358,a1d1,a1e1,2,46
sprt_game_2,32,47,White,1r3nk1/1r1q2b1/2p1p1p1/p1P2nPp/P3B3/B2N3P/7Q/R4R1K w - - 4 32,f1f4,33,-601,375,a1d1,a1e1,2,46
sprt_game_2,32,47,White,1r3nk1/1r1q2b1/2p1p1p1/p1P2nPp/P3B3/B2N3P/7Q/R4R1K w - - 4 32,h2b8,34,-607,381,a1d1,a1e1,2,46
sprt_game_2,32,47,White,1r3nk1/1r1q2b1/2p1p1p1/p1P2nPp/P3B3/B2N3P/7Q/R4R1K w - - 4 32,h2d2,35,-614,388,a1d1,a1e1,2,46
sprt_game_2,32,47,White,1r3nk1/1r1q2b1/2p1p1p1/p1P2nPp/P3B3/B2N3P/7Q/R4R1K w - - 4 32,e4g2,36,-620,394,a1d1,a1e1,2,46
sprt_game_2,32,47,White,1r3nk1/1r1q2b1/2p1p1p1/p1P2nPp/P3B3/B2N3P/7Q/R4R1K w - - 4 32,e4c6,37,-632,406,a1d1,a1e1,2,46
sprt_game_2,32,47,White,1r3nk1/1r1q2b1/2p1p1p1/p1P2nPp/P3B3/B2N3P/7Q/R4R1K w - - 4 32,a1b1,38,-638,412,a1d1,a1e1,2,46
sprt_game_2,32,47,White,1r3nk1/1r1q2b1/2p1p1p1/p1P2nPp/P3B3/B2N3P/7Q/R4R1K w - - 4 32,h2e5,39,-666,440,a1d1,a1e1,2,46
sprt_game_2,32,47,White,1r3nk1/1r1q2b1/2p1p1p1/p1P2nPp/P3B3/B2N3P/7Q/R4R1K w - - 4 32,e4f3,40,-686,460,a1d1,a1e1,2,46
sprt_game_2,32,47,White,1r3nk1/1r1q2b1/2p1p1p1/p1P2nPp/P3B3/B2N3P/7Q/R4R1K w - - 4 32,h2e2,41,-686,460,a1d1,a1e1,2,46
sprt_game_2,32,47,White,1r3nk1/1r1q2b1/2p1p1p1/p1P2nPp/P3B3/B2N3P/7Q/R4R1K w - - 4 32,h2b2,42,-761,535,a1d1,a1e1,2,46
sprt_game_2,32,47,White,1r3nk1/1r1q2b1/2p1p1p1/p1P2nPp/P3B3/B2N3P/7Q/R4R1K w - - 4 32,h2c7,43,-766,540,a1d1,a1e1,2,46
sprt_game_2,32,47,White,1r3nk1/1r1q2b1/2p1p1p1/p1P2nPp/P3B3/B2N3P/7Q/R4R1K w - - 4 32,f1b1,44,-786,560,a1d1,a1e1,2,46
sprt_game_2,32,47,White,1r3nk1/1r1q2b1/2p1p1p1/p1P2nPp/P3B3/B2N3P/7Q/R4R1K w - - 4 32,e4d5,45,-853,627,a1d1,a1e1,2,46
sprt_game_2,32,47,White,1r3nk1/1r1q2b1/2p1p1p1/p1P2nPp/P3B3/B2N3P/7Q/R4R1K w - - 4 32,h2g3,46,-942,716,a1d1,a1e1,2,46
sprt_game_2,49,81,White,5nk1/8/4p1p1/R5Pp/7r/8/6BK/8 w - - 0 49,h2g3,1,-188,0,g2h3,h2g3,2,3
sprt_game_2,49,81,White,5nk1/8/4p1p1/R5Pp/7r/8/6BK/8 w - - 0 49,g2h3,2,-201,13,g2h3,h2g3,2,3
sprt_game_2,49,81,White,5nk1/8/4p1p1/R5Pp/7r/8/6BK/8 w - - 0 49,h2g1,3,-204,16,g2h3,h2g3,2,3
sprt_game_2,50,83,White,5nk1/8/4p1p1/R5Pp/3r4/7B/7K/8 w - - 2 50,h2g3,1,-194,0,h2g3,h3g2,2,21
sprt_game_2,50,83,White,5nk1/8/4p1p1/R5Pp/3r4/7B/7K/8 w - - 2 50,h2g1,2,-227,33,h2g3,h3g2,2,21
sprt_game_2,50,83,White,5nk1/8/4p1p1/R5Pp/3r4/7B/7K/8 w - - 2 50,h3g2,3,-230,36,h2g3,h3g2,2,21
sprt_game_2,50,83,White,5nk1/8/4p1p1/R5Pp/3r4/7B/7K/8 w - - 2 50,a5a8,4,-241,47,h2g3,h3g2,2,21
sprt_game_2,50,83,White,5nk1/8/4p1p1/R5Pp/3r4/7B/7K/8 w - - 2 50,a5c5,5,-251,57,h2g3,h3g2,2,21
sprt_game_2,50,83,White,5nk1/8/4p1p1/R5Pp/3r4/7B/7K/8 w - - 2 50,a5b5,6,-251,57,h2g3,h3g2,2,21
sprt_game_2,50,83,White,5nk1/8/4p1p1/R5Pp/3r4/7B/7K/8 w - - 2 50,a5e5,7,-260,66,h2g3,h3g2,2,21
sprt_game_2,50,83,White,5nk1/8/4p1p1/R5Pp/3r4/7B/7K/8 w - - 2 50,h2h1,8,-262,68,h2g3,h3g2,2,21
sprt_game_2,50,83,White,5nk1/8/4p1p1/R5Pp/3r4/7B/7K/8 w - - 2 50,a5a2,9,-271,77,h2g3,h3g2,2,21
sprt_game_2,50,83,White,5nk1/8/4p1p1/R5Pp/3r4/7B/7K/8 w - - 2 50,a5a6,10,-274,80,h2g3,h3g2,2,21
sprt_game_2,50,83,White,5nk1/8/4p1p1/R5Pp/3r4/7B/7K/8 w - - 2 50,a5a3,11,-274,80,h2g3,h3g2,2,21
sprt_game_2,50,83,White,5nk1/8/4p1p1/R5Pp/3r4/7B/7K/8 w - - 2 50,a5a1,12,-277,83,h2g3,h3g2,2,21
sprt_game_2,50,83,White,5nk1/8/4p1p1/R5Pp/3r4/7B/7K/8 w - - 2 50,a5a7,13,-278,84,h2g3,h3g2,2,21
sprt_game_2,50,83,White,5nk1/8/4p1p1/R5Pp/3r4/7B/7K/8 w - - 2 50,h3f1,14,-284,90,h2g3,h3g2,2,21
sprt_game_2,50,83,White,5nk1/8/4p1p1/R5Pp/3r4/7B/7K/8 w - - 2 50,h2g2,15,-349,155,h2g3,h3g2,2,21
sprt_game_2,50,83,White,5nk1/8/4p1p1/R5Pp/3r4/7B/7K/8 w - - 2 50,h3e6,16,-491,297,h2g3,h3g2,2,21
sprt_game_2,50,83,White,5nk1/8/4p1p1/R5Pp/3r4/7B/7K/8 w - - 2 50,h3g4,17,-539,345,h2g3,h3g2,2,21
sprt_game_2,50,83,White,5nk1/8/4p1p1/R5Pp/3r4/7B/7K/8 w - - 2 50,h3f5,18,-547,353,h2g3,h3g2,2,21
sprt_game_2,50,83,White,5nk1/8/4p1p1/R5Pp/3r4/7B/7K/8 w - - 2 50,a5d5,19,-656,462,h2g3,h3g2,2,21
sprt_game_2,50,83,White,5nk1/8/4p1p1/R5Pp/3r4/7B/7K/8 w - - 2 50,a5a4,20,-660,466,h2g3,h3g2,2,21
sprt_game_2,50,83,White,5nk1/8/4p1p1/R5Pp/3r4/7B/7K/8 w - - 2 50,a5f5,21,-681,487,h2g3,h3g2,2,21
sprt_game_2,52,87,White,5n2/5k2/4p1p1/R5Pp/6r1/6K1/6B1/8 w - - 6 52,g3f2,1,-216,0,g3h2,g3f3,2,4
sprt_game_2,52,87,White,5n2/5k2/4p1p1/R5Pp/6r1/6K1/6B1/8 w - - 6 52,g3h2,2,-236,20,g3h2,g3f3,2,4
sprt_game_2,52,87,White,5n2/5k2/4p1p1/R5Pp/6r1/6K1/6B1/8 w - - 6 52,g3h3,3,-248,32,g3h2,g3f3,2,4
sprt_game_2,52,87,White,5n2/5k2/4p1p1/R5Pp/6r1/6K1/6B1/8 w - - 6 52,g3f3,4,-279,63,g3h2,g3f3,2,4
sprt_game_2,56,95,White,8/3nk3/4p1p1/R5Pp/2r5/4K2B/8/8 w - - 14 56,h3f1,1,-321,0,h3f1,h3g2,2,22
sprt_game_2,56,95,White,8/3nk3/4p1p1/R5Pp/2r5/4K2B/8/8 w - - 14 56,a5a3,2,-339,18,h3f1,h3g2,2,22
sprt_game_2,56,95,White,8/3nk3/4p1p1/R5Pp/2r5/4K2B/8/8 w - - 14 56,h3g2,3,-340,19,h3f1,h3g2,2,22
sprt_game_2,56,95,White,8/3nk3/4p1p1/R5Pp/2r5/4K2B/8/8 w - - 14 56,e3f2,4,-433,112,h3f1,h3g2,2,22
sprt_game_2,56,95,White,8/3nk3/4p1p1/R5Pp/2r5/4K2B/8/8 w - - 14 56,e3e2,5,-436,115,h3f1,h3g2,2,22
sprt_game_2,56,95,White,8/3nk3/4p1p1/R5Pp/2r5/4K2B/8/8 w - - 14 56,e3f3,6,-438,117,h3f1,h3g2,2,22
sprt_game_2,56,95,White,8/3nk3/4p1p1/R5Pp/2r5/4K2B/8/8 w - - 14 56,e3d3,7,-444,123,h3f1,h3g2,2,22
sprt_game_2,56,95,White,8/3nk3/4p1p1/R5Pp/2r5/4K2B/8/8 w - - 14 56,e3d2,8,-447,126,h3f1,h3g2,2,22
sprt_game_2,56,95,White,8/3nk3/4p1p1/R5Pp/2r5/4K2B/8/8 w - - 14 56,a5a8,9,-541,220,h3f1,h3g2,2,22
sprt_game_2,56,95,White,8/3nk3/4p1p1/R5Pp/2r5/4K2B/8/8 w - - 14 56,h3e6,10,-547,226,h3f1,h3g2,2,22
sprt_game_2,56,95,White,8/3nk3/4p1p1/R5Pp/2r5/4K2B/8/8 w - - 14 56,a5a7,11,-563,242,h3f1,h3g2,2,22
sprt_game_2,56,95,White,8/3nk3/4p1p1/R5Pp/2r5/4K2B/8/8 w - - 14 56,a5b5,12,-568,247,h3f1,h3g2,2,22
sprt_game_2,56,95,White,8/3nk3/4p1p1/R5Pp/2r5/4K2B/8/8 w - - 14 56,a5a2,13,-570,249,h3f1,h3g2,2,22
sprt_game_2,56,95,White,8/3nk3/4p1p1/R5Pp/2r5/4K2B/8/8 w - - 14 56,h3f5,14,-570,249,h3f1,h3g2,2,22
sprt_game_2,56,95,White,8/3nk3/4p1p1/R5Pp/2r5/4K2B/8/8 w - - 14 56,a5a6,15,-578,257,h3f1,h3g2,2,22
sprt_game_2,56,95,White,8/3nk3/4p1p1/R5Pp/2r5/4K2B/8/8 w - - 14 56,a5a1,16,-583,262,h3f1,h3g2,2,22
sprt_game_2,56,95,White,8/3nk3/4p1p1/R5Pp/2r5/4K2B/8/8 w - - 14 56,h3g4,17,-594,273,h3f1,h3g2,2,22
sprt_game_2,56,95,White,8/3nk3/4p1p1/R5Pp/2r5/4K2B/8/8 w - - 14 56,a5f5,18,-669,348,h3f1,h3g2,2,22
sprt_game_2,56,95,White,8/3nk3/4p1p1/R5Pp/2r5/4K2B/8/8 w - - 14 56,a5e5,19,-678,357,h3f1,h3g2,2,22
sprt_game_2,56,95,White,8/3nk3/4p1p1/R5Pp/2r5/4K2B/8/8 w - - 14 56,a5c5,20,-683,362,h3f1,h3g2,2,22
sprt_game_2,56,95,White,8/3nk3/4p1p1/R5Pp/2r5/4K2B/8/8 w - - 14 56,a5a4,21,-692,371,h3f1,h3g2,2,22
sprt_game_2,56,95,White,8/3nk3/4p1p1/R5Pp/2r5/4K2B/8/8 w - - 14 56,a5d5,22,-701,380,h3f1,h3g2,2,22
sprt_game_2,67,117,White,8/8/8/2n1p1pp/3k4/5K2/4R1B1/6r1 w - - 0 67,f3g3,1,-467,0,e2a2,f3g3,2,14
sprt_game_2,67,117,White,8/8/8/2n1p1pp/3k4/5K2/4R1B1/6r1 w - - 0 67,f3f2,2,-483,16,e2a2,f3g3,2,14
sprt_game_2,67,117,White,8/8/8/2n1p1pp/3k4/5K2/4R1B1/6r1 w - - 0 67,e2a2,3,-484,17,e2a2,f3g3,2,14
sprt_game_2,67,117,White,8/8/8/2n1p1pp/3k4/5K2/4R1B1/6r1 w - - 0 67,g2h3,4,-534,67,e2a2,f3g3,2,14
sprt_game_2,67,117,White,8/8/8/2n1p1pp/3k4/5K2/4R1B1/6r1 w - - 0 67,e2b2,5,-567,100,e2a2,f3g3,2,14
sprt_game_2,67,117,White,8/8/8/2n1p1pp/3k4/5K2/4R1B1/6r1 w - - 0 67,e2d2,6,-576,109,e2a2,f3g3,2,14
sprt_game_2,67,117,White,8/8/8/2n1p1pp/3k4/5K2/4R1B1/6r1 w - - 0 67,e2f2,7,-640,173,e2a2,f3g3,2,14
sprt_game_2,67,117,White,8/8/8/2n1p1pp/3k4/5K2/4R1B1/6r1 w - - 0 67,g2f1,8,-653,186,e2a2,f3g3,2,14
sprt_game_2,67,117,White,8/8/8/2n1p1pp/3k4/5K2/4R1B1/6r1 w - - 0 67,g2h1,9,-668,201,e2a2,f3g3,2,14
sprt_game_2,67,117,White,8/8/8/2n1p1pp/3k4/5K2/4R1B1/6r1 w - - 0 67,e2c2,10,-727,260,e2a2,f3g3,2,14
sprt_game_2,67,117,White,8/8/8/2n1p1pp/3k4/5K2/4R1B1/6r1 w - - 0 67,e2e5,11,-730,263,e2a2,f3g3,2,14
sprt_game_2,67,117,White,8/8/8/2n1p1pp/3k4/5K2/4R1B1/6r1 w - - 0 67,e2e3,12,-1167,700,e2a2,f3g3,2,14
sprt_game_2,67,117,White,8/8/8/2n1p1pp/3k4/5K2/4R1B1/6r1 w - - 0 67,e2e1,13,-1328,861,e2a2,f3g3,2,14
sprt_game_2,67,117,White,8/8/8/2n1p1pp/3k4/5K2/4R1B1/6r1 w - - 0 67,e2e4,14,-31993,31526,e2a2,f3g3,2,14
sprt_game_2,70,123,White,8/8/8/2n3pp/3k4/4p3/R5BK/2r5 w - - 2 70,h2h3,1,-493,0,g2f3,h2h3,2,23
sprt_game_2,70,123,White,8/8/8/2n3pp/3k4/4p3/R5BK/2r5 w - - 2 70,h2g3,2,-502,9,g2f3,h2h3,2,23
sprt_game_2,70,123,White,8/8/8/2n3pp/3k4/4p3/R5BK/2r5 w - - 2 70,g2f3,3,-520,27,g2f3,h2h3,2,23
sprt_game_2,70,123,White,8/8/8/2n3pp/3k4/4p3/R5BK/2r5 w - - 2 70,g2a8,4,-525,32,g2f3,h2h3,2,23
sprt_game_2,70,123,White,8/8/8/2n3pp/3k4/4p3/R5BK/2r5 w - - 2 70,a2b2,5,-541,48,g2f3,h2h3,2,23
sprt_game_2,70,123,White,8/8/8/2n3pp/3k4/4p3/R5BK/2r5 w - - 2 70,g2c6,6,-545,52,g2f3,h2h3,2,23
sprt_game_2,70,123,White,8/8/8/2n3pp/3k4/4p3/R5BK/2r5 w - - 2 70,g2h3,7,-623,130,g2f3,h2h3,2,23
sprt_game_2,70,123,White,8/8/8/2n3pp/3k4/4p3/R5BK/2r5 w - - 2 70,g2h1,8,-623,130,g2f3,h2h3,2,23
sprt_game_2,70,123,White,8/8/8/2n3pp/3k4/4p3/R5BK/2r5 w - - 2 70,g2b7,9,-713,220,g2f3,h2h3,2,23
sprt_game_2,70,123,White,8/8/8/2n3pp/3k4/4p3/R5BK/2r5 w - - 2 70,a2a8,10,-735,242,g2f3,h2h3,2,23
sprt_game_2,70,123,White,8/8/8/2n3pp/3k4/4p3/R5BK/2r5 w - - 2 70,a2e2,11,-754,261,g2f3,h2h3,2,23
sprt_game_2,70,123,White,8/8/8/2n3pp/3k4/4p3/R5BK/2r5 w - - 2 70,g2d5,12,-791,298,g2f3,h2h3,2,23
sprt_game_2,70,123,White,8/8/8/2n3pp/3k4/4p3/R5BK/2r5 w - - 2 70,a2a7,13,-882,389,g2f3,h2h3,2,23
sprt_game_2,70,123,White,8/8/8/2n3pp/3k4/4p3/R5BK/2r5 w - - 2 70,g2e4,14,-897,404,g2f3,h2h3,2,23
sprt_game_2,70,123,White,8/8/8/2n3pp/3k4/4p3/R5BK/2r5 w - - 2 70,g2f1,15,-917,424,g2f3,h2h3,2,23
sprt_game_2,70,123,White,8/8/8/2n3pp/3k4/4p3/R5BK/2r5 w - - 2 70,a2a3,16,-1109,616,g2f3,h2h3,2,23
sprt_game_2,70,123,White,8/8/8/2n3pp/3k4/4p3/R5BK/2r5 w - - 2 70,a2a5,17,-31989,31496,g2f3,h2h3,2,23
sprt_game_2,70,123,White,8/8/8/2n3pp/3k4/4p3/R5BK/2r5 w - - 2 70,a2a6,18,-31990,31497,g2f3,h2h3,2,23
sprt_game_2,70,123,White,8/8/8/2n3pp/3k4/4p3/R5BK/2r5 w - - 2 70,a2a4,19,-31990,31497,g2f3,h2h3,2,23
sprt_game_2,70,123,White,8/8/8/2n3pp/3k4/4p3/R5BK/2r5 w - - 2 70,a2a1,20,-31990,31497,g2f3,h2h3,2,23
sprt_game_2,70,123,White,8/8/8/2n3pp/3k4/4p3/R5BK/2r5 w - - 2 70,a2f2,21,-31991,31498,g2f3,h2h3,2,23
sprt_game_2,70,123,White,8/8/8/2n3pp/3k4/4p3/R5BK/2r5 w - - 2 70,a2d2,22,-31991,31498,g2f3,h2h3,2,23
sprt_game_2,70,123,White,8/8/8/2n3pp/3k4/4p3/R5BK/2r5 w - - 2 70,a2c2,23,-31994,31501,g2f3,h2h3,2,23
sprt_game_2,73,129,White,8/8/8/3n2pp/3k4/4p1K1/1R4B1/2r5 w - - 8 73,g2d5,1,-522,0,g2f3,g2d5,2,21
sprt_game_2,73,129,White,8/8/8/3n2pp/3k4/4p1K1/1R4B1/2r5 w - - 8 73,g2f3,2,-523,1,g2f3,g2d5,2,21
sprt_game_2,73,129,White,8/8/8/3n2pp/3k4/4p1K1/1R4B1/2r5 w - - 8 73,g3h2,3,-553,31,g2f3,g2d5,2,21
sprt_game_2,73,129,White,8/8/8/3n2pp/3k4/4p1K1/1R4B1/2r5 w - - 8 73,b2b5,4,-592,70,g2f3,g2d5,2,21
sprt_game_2,73,129,White,8/8/8/3n2pp/3k4/4p1K1/1R4B1/2r5 w - - 8 73,g2h3,5,-626,104,g2f3,g2d5,2,21
sprt_game_2,73,129,White,8/8/8/3n2pp/3k4/4p1K1/1R4B1/2r5 w - - 8 73,g3f3,6,-635,113,g2f3,g2d5,2,21
sprt_game_2,73,129,White,8/8/8/3n2pp/3k4/4p1K1/1R4B1/2r5 w - - 8 73,b2a2,7,-694,172,g2f3,g2d5,2,21
sprt_game_2,73,129,White,8/8/8/3n2pp/3k4/4p1K1/1R4B1/2r5 w - - 8 73,g3h3,8,-742,220,g2f3,g2d5,2,21
sprt_game_2,73,129,White,8/8/8/3n2pp/3k4/4p1K1/1R4B1/2r5 w - - 8 73,b2e2,9,-747,225,g2f3,g2d5,2,21
sprt_game_2,73,129,White,8/8/8/3n2pp/3k4/4p1K1/1R4B1/2r5 w - - 8 73,g2e4,10,-757,235,g2f3,g2d5,2,21
sprt_game_2,73,129,White,8/8/8/3n2pp/3k4/4p1K1/1R4B1/2r5 w - - 8 73,b2b8,11,-779,257,g2f3,g2d5,2,21
sprt_game_2,73,129,White,8/8/8/3n2pp/3k4/4p1K1/1R4B1/2r5 w - - 8 73,g2h1,12,-859,337,g2f3,g2d5,2,21
sprt_game_2,73,129,White,8/8/8/3n2pp/3k4/4p1K1/1R4B1/2r5 w - - 8 73,b2b6,13,-915,393,g2f3,g2d5,2,21
sprt_game_2,73,129,White,8/8/8/3n2pp/3k4/4p1K1/1R4B1/2r5 w - - 8 73,g2f1,14,-959,437,g2f3,g2d5,2,21
sprt_game_2,73,129,White,8/8/8/3n2pp/3k4/4p1K1/1R4B1/2r5 w - - 8 73,b2f2,15,-1017,495,g2f3,g2d5,2,21
sprt_game_2,73,129,White,8/8/8/3n2pp/3k4/4p1K1/1R4B1/2r5 w - - 8 73,b2b4,16,-1066,544,g2f3,g2d5,2,21
sprt_game_2,73,129,White,8/8/8/3n2pp/3k4/4p1K1/1R4B1/2r5 w - - 8 73,b2b1,17,-31990,31468,g2f3,g2d5,2,21
sprt_game_2,73,129,White,8/8/8/3n2pp/3k4/4p1K1/1R4B1/2r5 w - - 8 73,b2b7,18,-31992,31470,g2f3,g2d5,2,21
sprt_game_2,73,129,White,8/8/8/3n2pp/3k4/4p1K1/1R4B1/2r5 w - - 8 73,b2d2,19,-31992,31470,g2f3,g2d5,2,21
sprt_game_2,73,129,White,8/8/8/3n2pp/3k4/4p1K1/1R4B1/2r5 w - - 8 73,b2c2,20,-31993,31471,g2f3,g2d5,2,21
sprt_game_2,73,129,White,8/8/8/3n2pp/3k4/4p1K1/1R4B1/2r5 w - - 8 73,b2b3,21,-31994,31472,g2f3,g2d5,2,21
sprt_game_2,76,135,White,8/8/B7/7p/3k2p1/2n1p1K1/1R6/r7 w - - 4 76,b2b6,1,-591,0,b2b6,b2b4,2,25
sprt_game_2,76,135,White,8/8/B7/7p/3k2p1/2n1p1K1/1R6/r7 w - - 4 76,b2b4,2,-610,19,b2b6,b2b4,2,25
sprt_game_2,76,135,White,8/8/B7/7p/3k2p1/2n1p1K1/1R6/r7 w - - 4 76,g3h4,3,-653,62,b2b6,b2b4,2,25
sprt_game_2,76,135,White,8/8/B7/7p/3k2p1/2n1p1K1/1R6/r7 w - - 4 76,a6b7,4,-730,139,b2b6,b2b4,2,25
sprt_game_2,76,135,White,8/8/B7/7p/3k2p1/2n1p1K1/1R6/r7 w - - 4 76,a6b5,5,-767,176,b2b6,b2b4,2,25
sprt_game_2,76,135,White,8/8/B7/7p/3k2p1/2n1p1K1/1R6/r7 w - - 4 76,b2b8,6,-767,176,b2b6,b2b4,2,25
sprt_game_2,76,135,White,8/8/B7/7p/3k2p1/2n1p1K1/1R6/r7 w - - 4 76,a6c8,7,-770,179,b2b6,b2b4,2,25
sprt_game_2,76,135,White,8/8/B7/7p/3k2p1/2n1p1K1/1R6/r7 w - - 4 76,g3f4,8,-818,227,b2b6,b2b4,2,25
sprt_game_2,76,135,White,8/8/B7/7p/3k2p1/2n1p1K1/1R6/r7 w - - 4 76,a6e2,9,-828,237,b2b6,b2b4,2,25
sprt_game_2,76,135,White,8/8/B7/7p/3k2p1/2n1p1K1/1R6/r7 w - - 4 76,b2b7,10,-831,240,b2b6,b2b4,2,25
sprt_game_2,76,135,White,8/8/B7/7p/3k2p1/2n1p1K1/1R6/r7 w - - 4 76,a6c4,11,-835,244,b2b6,b2b4,2,25
sprt_game_2,76,135,White,8/8/B7/7p/3k2p1/2n1p1K1/1R6/r7 w - - 4 76,a6f1,12,-854,263,b2b6,b2b4,2,25
sprt_game_2,76,135,White,8/8/B7/7p/3k2p1/2n1p1K1/1R6/r7 w - - 4 76,b2c2,13,-873,282,b2b6,b2b4,2,25
sprt_game_2,76,135,White,8/8/B7/7p/3k2p1/2n1p1K1/1R6/r7 w - - 4 76,b2h2,14,-906,315,b2b6,b2b4,2,25
sprt_game_2,76,135,White,8/8/B7/7p/3k2p1/2n1p1K1/1R6/r7 w - - 4 76,b2e2,15,-933,342,b2b6,b2b4,2,25
sprt_game_2,76,135,White,8/8/B7/7p/3k2p1/2n1p1K1/1R6/r7 w - - 4 76,b2g2,16,-978,387,b2b6,b2b4,2,25
sprt_game_2,76,135,White,8/8/B7/7p/3k2p1/2n1p1K1/1R6/r7 w - - 4 76,b2b1,17,-988,397,b2b6,b2b4,2,25
sprt_game_2,76,135,White,8/8/B7/7p/3k2p1/2n1p1K1/1R6/r7 w - - 4 76,a6d3,18,-989,398,b2b6,b2b4,2,25
sprt_game_2,76,135,White,8/8/B7/7p/3k2p1/2n1p1K1/1R6/r7 w - - 4 76,b2b5,19,-994,403,b2b6,b2b4,2,25
sprt_game_2,76,135,White,8/8/B7/7p/3k2p1/2n1p1K1/1R6/r7 w - - 4 76,g3h2,20,-997,406,b2b6,b2b4,2,25
sprt_game_2,76,135,White,8/8/B7/7p/3k2p1/2n1p1K1/1R6/r7 w - - 4 76,g3g2,21,-1011,420,b2b6,b2b4,2,25
sprt_game_2,76,135,White,8/8/B7/7p/3k2p1/2n1p1K1/1R6/r7 w - - 4 76,b2b3,22,-1022,431,b2b6,b2b4,2,25
sprt_game_2,76,135,White,8/8/B7/7p/3k2p1/2n1p1K1/1R6/r7 w - - 4 76,b2a2,23,-31991,31400,b2b6,b2b4,2,25
sprt_game_2,76,135,White,8/8/B7/7p/3k2p1/2n1p1K1/1R6/r7 w - - 4 76,b2f2,24,-31992,31401,b2b6,b2b4,2,25
sprt_game_2,76,135,White,8/8/B7/7p/3k2p1/2n1p1K1/1R6/r7 w - - 4 76,b2d2,25,-31992,31401,b2b6,b2b4,2,25
sprt_game_2,84,151,White,8/8/7k/1n5p/6p1/3r2K1/8/8 w - - 0 84,g3f4,1,-1391,0,g3f4,g3f2,2,5
sprt_game_2,84,151,White,8/8/7k/1n5p/6p1/3r2K1/8/8 w - - 0 84,g3h2,2,-31994,30603,g3f4,g3f2,2,5
sprt_game_2,84,151,White,8/8/7k/1n5p/6p1/3r2K1/8/8 w - - 0 84,g3g2,3,-31994,30603,g3f4,g3f2,2,5
sprt_game_2,84,151,White,8/8/7k/1n5p/6p1/3r2K1/8/8 w - - 0 84,g3f2,4,-31994,30603,g3f4,g3f2,2,5
sprt_game_2,84,151,White,8/8/7k/1n5p/6p1/3r2K1/8/8 w - - 0 84,g3h4,5,-31999,30608,g3f4,g3f2,2,5
sprt_game_2,86,155,White,8/8/7k/1n2K2p/6p1/8/8/5r2 w - - 4 86,e5e6,1,-1515,0,e5e6,e5d5,2,3
sprt_game_2,86,155,White,8/8/7k/1n2K2p/6p1/8/8/5r2 w - - 4 86,e5d5,2,-31990,30475,e5e6,e5d5,2,3
sprt_game_2,86,155,White,8/8/7k/1n2K2p/6p1/8/8/5r2 w - - 4 86,e5e4,3,-31993,30478,e5e6,e5d5,2,3
sprt_game_2,89,161,White,8/8/7k/7p/8/2K5/6p1/5r2 w - - 0 89,c3d4,1,-31994,0,c3d3,c3c2,2,8
sprt_game_2,89,161,White,8/8/7k/7p/8/2K5/6p1/5r2 w - - 0 89,c3c4,2,-31994,0,c3d3,c3c2,2,8
sprt_game_2,89,161,White,8/8/7k/7p/8/2K5/6p1/5r2 w - - 0 89,c3d3,3,-31994,0,c3d3,c3c2,2,8
sprt_game_2,89,161,White,8/8/7k/7p/8/2K5/6p1/5r2 w - - 0 89,c3b4,4,-31995,1,c3d3,c3c2,2,8
sprt_game_2,89,161,White,8/8/7k/7p/8/2K5/6p1/5r2 w - - 0 89,c3b3,5,-31995,1,c3d3,c3c2,2,8
sprt_game_2,89,161,White,8/8/7k/7p/8/2K5/6p1/5r2 w - - 0 89,c3d2,6,-31995,1,c3d3,c3c2,2,8
sprt_game_2,89,161,White,8/8/7k/7p/8/2K5/6p1/5r2 w - - 0 89,c3c2,7,-31996,2,c3d3,c3c2,2,8
sprt_game_2,89,161,White,8/8/7k/7p/8/2K5/6p1/5r2 w - - 0 89,c3b2,8,-31996,2,c3d3,c3c2,2,8
sprt_game_3,10,10,Black,r1bq1rk1/pp1p1ppp/4pb1n/8/2P1P3/2N3P1/PP3PBP/R1BQK2R b KQ - 2 10,f6c3,1,-49,0,d7d6,d8c7,1,25
sprt_game_3,10,10,Black,r1bq1rk1/pp1p1ppp/4pb1n/8/2P1P3/2N3P1/PP3PBP/R1BQK2R b KQ - 2 10,d7d6,2,-85,36,d7d6,d8c7,1,25
sprt_game_3,10,10,Black,r1bq1rk1/pp1p1ppp/4pb1n/8/2P1P3/2N3P1/PP3PBP/R1BQK2R b KQ - 2 10,d8e7,3,-90,41,d7d6,d8c7,1,25
sprt_game_3,10,10,Black,r1bq1rk1/pp1p1ppp/4pb1n/8/2P1P3/2N3P1/PP3PBP/R1BQK2R b KQ - 2 10,d8c7,4,-94,45,d7d6,d8c7,1,25
sprt_game_3,10,10,Black,r1bq1rk1/pp1p1ppp/4pb1n/8/2P1P3/2N3P1/PP3PBP/R1BQK2R b KQ - 2 10,f8e8,5,-103,54,d7d6,d8c7,1,25
sprt_game_3,10,10,Black,r1bq1rk1/pp1p1ppp/4pb1n/8/2P1P3/2N3P1/PP3PBP/R1BQK2R b KQ - 2 10,f6e5,6,-103,54,d7d6,d8c7,1,25
sprt_game_3,10,10,Black,r1bq1rk1/pp1p1ppp/4pb1n/8/2P1P3/2N3P1/PP3PBP/R1BQK2R b KQ - 2 10,d8b6,7,-105,56,d7d6,d8c7,1,25
sprt_game_3,10,10,Black,r1bq1rk1/pp1p1ppp/4pb1n/8/2P1P3/2N3P1/PP3PBP/R1BQK2R b KQ - 2 10,a7a6,8,-107,58,d7d6,d8c7,1,25
sprt_game_3,10,10,Black,r1bq1rk1/pp1p1ppp/4pb1n/8/2P1P3/2N3P1/PP3PBP/R1BQK2R b KQ - 2 10,d7d5,9,-109,60,d7d6,d8c7,1,25
sprt_game_3,10,10,Black,r1bq1rk1/pp1p1ppp/4pb1n/8/2P1P3/2N3P1/PP3PBP/R1BQK2R b KQ - 2 10,f6g5,10,-113,64,d7d6,d8c7,1,25
sprt_game_3,10,10,Black,r1bq1rk1/pp1p1ppp/4pb1n/8/2P1P3/2N3P1/PP3PBP/R1BQK2R b KQ - 2 10,a7a5,11,-132,83,d7d6,d8c7,1,25
sprt_game_3,10,10,Black,r1bq1rk1/pp1p1ppp/4pb1n/8/2P1P3/2N3P1/PP3PBP/R1BQK2R b KQ - 2 10,d8a5,12,-141,92,d7d6,d8c7,1,25
sprt_game_3,10,10,Black,r1bq1rk1/pp1p1ppp/4pb1n/8/2P1P3/2N3P1/PP3PBP/R1BQK2R b KQ - 2 10,g8h8,13,-147,98,d7d6,d8c7,1,25
sprt_game_3,10,10,Black,r1bq1rk1/pp1p1ppp/4pb1n/8/2P1P3/2N3P1/PP3PBP/R1BQK2R b KQ - 2 10,f6e7,14,-154,105,d7d6,d8c7,1,25
sprt_game_3,10,10,Black,r1bq1rk1/pp1p1ppp/4pb1n/8/2P1P3/2N3P1/PP3PBP/R1BQK2R b KQ - 2 10,a8b8,15,-165,116,d7d6,d8c7,1,25
sprt_game_3,10,10,Black,r1bq1rk1/pp1p1ppp/4pb1n/8/2P1P3/2N3P1/PP3PBP/R1BQK2R b KQ - 2 10,d8e8,16,-180,131,d7d6,d8c7,1,25
sprt_game_3,10,10,Black,r1bq1rk1/pp1p1ppp/4pb1n/8/2P1P3/2N3P1/PP3PBP/R1BQK2R b KQ - 2 10,e6e5,17,-221,172,d7d6,d8c7,1,25
sprt_game_3,10,10,Black,r1bq1rk1/pp1p1ppp/4pb1n/8/2P1P3/2N3P1/PP3PBP/R1BQK2R b KQ - 2 10,b7b5,18,-313,264,d7d6,d8c7,1,25
sprt_game_3,10,10,Black,r1bq1rk1/pp1p1ppp/4pb1n/8/2P1P3/2N3P1/PP3PBP/R1BQK2R b KQ - 2 10,b7b6,19,-367,318,d7d6,d8c7,1,25
sprt_game_3,10,10,Black,r1bq1rk1/pp1p1ppp/4pb1n/8/2P1P3/2N3P1/PP3PBP/R1BQK2R b KQ - 2 10,g7g5,20,-394,345,d7d6,d8c7,1,25
sprt_game_3,10,10,Black,r1bq1rk1/pp1p1ppp/4pb1n/8/2P1P3/2N3P1/PP3PBP/R1BQK2R b KQ - 2 10,h6g4,21,-416,367,d7d6,d8c7,1,25
sprt_game_3,10,10,Black,r1bq1rk1/pp1p1ppp/4pb1n/8/2P1P3/2N3P1/PP3PBP/R1BQK2R b KQ - 2 10,h6f5,22,-466,417,d7d6,d8c7,1,25
sprt_game_3,10,10,Black,r1bq1rk1/pp1p1ppp/4pb1n/8/2P1P3/2N3P1/PP3PBP/R1BQK2R b KQ - 2 10,f6h4,23,-475,426,d7d6,d8c7,1,25
sprt_game_3,10,10,Black,r1bq1rk1/pp1p1ppp/4pb1n/8/2P1P3/2N3P1/PP3PBP/R1BQK2R b KQ - 2 10,g7g6,24,-481,432,d7d6,d8c7,1,25
sprt_game_3,10,10,Black,r1bq1rk1/pp1p1ppp/4pb1n/8/2P1P3/2N3P1/PP3PBP/R1BQK2R b KQ - 2 10,f6d4,25,-557,508,d7d6,d8c7,1,25
sprt_game_3,19,28,Black,3q1r1k/p1rp3p/1p2pp1p/4P3/2P1Q3/2P3P1/P4P1P/3R1RK1 b - - 5 19,f6f5,1,-58,0,f6f5,f6e5,1,23
sprt_game_3,19,28,Black,3q1r1k/p1rp3p/1p2pp1p/4P3/2P1Q3/2P3P1/P4P1P/3R1RK1 b - - 5 19,h8g8,2,-64,6,f6f5,f6e5,1,23
sprt_game_3,19,28,Black,3q1r1k/p1rp3p/1p2pp1p/4P3/2P1Q3/2P3P1/P4P1P/3R1RK1 b - - 5 19,f8f7,3,-65,7,f6f5,f6e5,1,23
sprt_game_3,19,28,Black,3q1r1k/p1rp3p/1p2pp1p/4P3/2P1Q3/2P3P1/P4P1P/3R1RK1 b - - 5 19,h6h5,4,-70,12,f6f5,f6e5,1,23
sprt_game_3,19,28,Black,3q1r1k/p1rp3p/1p2pp1p/4P3/2P1Q3/2P3P1/P4P1P/3R1RK1 b - - 5 19,d8c8,5,-75,17,f6f5,f6e5,1,23
sprt_game_3,19,28,Black,3q1r1k/p1rp3p/1p2pp1p/4P3/2P1Q3/2P3P1/P4P1P/3R1RK1 b - - 5 19,h8g7,6,-86,28,f6f5,f6e5,1,23
sprt_game_3,19,28,Black,3q1r1k/p1rp3p/1p2pp1p/4P3/2P1Q3/2P3P1/P4P1P/3R1RK1 b - - 5 19,c7c5,7,-88,30,f6f5,f6e5,1,23
sprt_game_3,19,28,Black,3q1r1k/p1rp3p/1p2pp1p/4P3/2P1Q3/2P3P1/P4P1P/3R1RK1 b - - 5 19,d8e7,8,-90,32,f6f5,f6e5,1,23
sprt_game_3,19,28,Black,3q1r1k/p1rp3p/1p2pp1p/4P3/2P1Q3/2P3P1/P4P1P/3R1RK1 b - - 5 19,f8e8,9,-102,44,f6f5,f6e5,1,23
sprt_game_3,19,28,Black,3q1r1k/p1rp3p/1p2pp1p/4P3/2P1Q3/2P3P1/P4P1P/3R1RK1 b - - 5 19,f8g8,10,-106,48,f6f5,f6e5,1,23
sprt_game_3,19,28,Black,3q1r1k/p1rp3p/1p2pp1p/4P3/2P1Q3/2P3P1/P4P1P/3R1RK1 b - - 5 19,f6e5,11,-107,49,f6f5,f6e5,1,23
sprt_game_3,19,28,Black,3q1r1k/p1rp3p/1p2pp1p/4P3/2P1Q3/2P3P1/P4P1P/3R1RK1 b - - 5 19,c7c6,12,-112,54,f6f5,f6e5,1,23
sprt_game_3,19,28,Black,3q1r1k/p1rp3p/1p2pp1p/4P3/2P1Q3/2P3P1/P4P1P/3R1RK1 b - - 5 19,d8a8,13,-116,58,f6f5,f6e5,1,23
sprt_game_3,19,28,Black,3q1r1k/p1rp3p/1p2pp1p/4P3/2P1Q3/2P3P1/P4P1P/3R1RK1 b - - 5 19,d8e8,14,-123,65,f6f5,f6e5,1,23
sprt_game_3,19,28,Black,3q1r1k/p1rp3p/1p2pp1p/4P3/2P1Q3/2P3P1/P4P1P/3R1RK1 b - - 5 19,d8b8,15,-124,66,f6f5,f6e5,1,23
sprt_game_3,19,28,Black,3q1r1k/p1rp3p/1p2pp1p/4P3/2P1Q3/2P3P1/P4P1P/3R1RK1 b - - 5 19,a7a5,16,-129,71,f6f5,f6e5,1,23
sprt_game_3,19,28,Black,3q1r1k/p1rp3p/1p2pp1p/4P3/2P1Q3/2P3P1/P4P1P/3R1RK1 b - - 5 19,a7a6,17,-144,86,f6f5,f6e5,1,23
sprt_game_3,19,28,Black,3q1r1k/p1rp3p/1p2pp1p/4P3/2P1Q3/2P3P1/P4P1P/3R1RK1 b - - 5 19,c7c8,18,-154,96,f6f5,f6e5,1,23
sprt_game_3,19,28,Black,3q1r1k/p1rp3p/1p2pp1p/4P3/2P1Q3/2P3P1/P4P1P/3R1RK1 b - - 5 19,b6b5,19,-279,221,f6f5,f6e5,1,23
sprt_game_3,19,28,Black,3q1r1k/p1rp3p/1p2pp1p/4P3/2P1Q3/2P3P1/P4P1P/3R1RK1 b - - 5 19,d7d5,20,-323,265,f6f5,f6e5,1,23
sprt_game_3,19,28,Black,3q1r1k/p1rp3p/1p2pp1p/4P3/2P1Q3/2P3P1/P4P1P/3R1RK1 b - - 5 19,d7d6,21,-342,284,f6f5,f6e5,1,23
sprt_game_3,19,28,Black,3q1r1k/p1rp3p/1p2pp1p/4P3/2P1Q3/2P3P1/P4P1P/3R1RK1 b - - 5 19,c7c4,22,-492,434,f6f5,f6e5,1,23
sprt_game_3,19,28,Black,3q1r1k/p1rp3p/1p2pp1p/4P3/2P1Q3/2P3P1/P4P1P/3R1RK1 b - - 5 19,c7b7,23,-630,572,f6f5,f6e5,1,23
sprt_game_3,24,38,Black,5r1k/p1rp3p/1p2pq2/8/2PR4/2P3P1/P4P2/3RQ1K1 b - - 0 24,f6e7,1,-110,0,f6e7,f6g7,1,36
sprt_game_3,24,38,Black,5r1k/p1rp3p/1p2pq2/8/2PR4/2P3P1/P4P2/3RQ1K1 b - - 0 24,f6g7,2,-112,2,f6e7,f6g7,1,36
sprt_game_3,24,38,Black,5r1k/p1rp3p/1p2pq2/8/2PR4/2P3P1/P4P2/3RQ1K1 b - - 0 24,f6d8,3,-114,4,f6e7,f6g7,1,36
sprt_game_3,24,38,Black,5r1k/p1rp3p/1p2pq2/8/2PR4/2P3P1/P4P2/3RQ1K1 b - - 0 24,c7c5,4,-167,57,f6e7,f6g7,1,36
sprt_game_3,24,38,Black,5r1k/p1rp3p/1p2pq2/8/2PR4/2P3P1/P4P2/3RQ1K1 b - - 0 24,f8d8,5,-204,94,f6e7,f6g7,1,36
sprt_game_3,24,38,Black,5r1k/p1rp3p/1p2pq2/8/2PR4/2P3P1/P4P2/3RQ1K1 b - - 0 24,f6f3,6,-205,95,f6e7,f6g7,1,36
sprt_game_3,24,38,Black,5r1k/p1rp3p/1p2pq2/8/2PR4/2P3P1/P4P2/3RQ1K1 b - - 0 24,c7c8,7,-213,103,f6e7,f6g7,1,36
sprt_game_3,24,38,Black,5r1k/p1rp3p/1p2pq2/8/2PR4/2P3P1/P4P2/3RQ1K1 b - - 0 24,f8e8,8,-223,113,f6e7,f6g7,1,36
sprt_game_3,24,38,Black,5r1k/p1rp3p/1p2pq2/8/2PR4/2P3P1/P4P2/3RQ1K1 b - - 0 24,f8g8,9,-227,117,f6e7,f6g7,1,36
sprt_game_3,24,38,Black,5r1k/p1rp3p/1p2pq2/8/2PR4/2P3P1/P4P2/3RQ1K1 b - - 0 24,f8c8,10,-244,134,f6e7,f6g7,1,36
sprt_game_3,24,38,Black,5r1k/p1rp3p/1p2pq2/8/2PR4/2P3P1/P4P2/3RQ1K1 b - - 0 24,f6g6,11,-259,149,f6e7,f6g7,1,36
sprt_game_3,24,38,Black,5r1k/p1rp3p/1p2pq2/8/2PR4/2P3P1/P4P2/3RQ1K1 b - - 0 24,c7b7,12,-265,155,f6e7,f6g7,1,36
sprt_game_3,24,38,Black,5r1k/p1rp3p/1p2pq2/8/2PR4/2P3P1/P4P2/3RQ1K1 b - - 0 24,d7d6,13,-267,157,f6e7,f6g7,1,36
sprt_game_3,24,38,Black,5r1k/p1rp3p/1p2pq2/8/2PR4/2P3P1/P4P2/3RQ1K1 b - - 0 24,f8b8,14,-281,171,f6e7,f6g7,1,36
sprt_game_3,24,38,Black,5r1k/p1rp3p/1p2pq2/8/2PR4/2P3P1/P4P2/3RQ1K1 b - - 0 24,f6h6,15,-287,177,f6e7,f6g7,1,36
sprt_game_3,24,38,Black,5r1k/p1rp3p/1p2pq2/8/2PR4/2P3P1/P4P2/3RQ1K1 b - - 0 24,f6g5,16,-296,186,f6e7,f6g7,1,36
sprt_game_3,24,38,Black,5r1k/p1rp3p/1p2pq2/8/2PR4/2P3P1/P4P2/3RQ1K1 b - - 0 24,e6e5,17,-298,188,f6e7,f6g7,1,36
sprt_game_3,24,38,Black,5r1k/p1rp3p/1p2pq2/8/2PR4/2P3P1/P4P2/3RQ1K1 b - - 0 24,f8a8,18,-308,198,f6e7,f6g7,1,36
sprt_game_3,24,38,Black,5r1k/p1rp3p/1p2pq2/8/2PR4/2P3P1/P4P2/3RQ1K1 b - - 0 24,d7d5,19,-381,271,f6e7,f6g7,1,36
sprt_game_3,24,38,Black,5r1k/p1rp3p/1p2pq2/8/2PR4/2P3P1/P4P2/3RQ1K1 b - - 0 24,c7c6,20,-383,273,f6e7,f6g7,1,36
sprt_game_3,24,38,Black,5r1k/p1rp3p/1p2pq2/8/2PR4/2P3P1/P4P2/3RQ1K1 b - - 0 24,f6f7,21,-495,385,f6e7,f6g7,1,36
sprt_game_3,24,38,Black,5r1k/p1rp3p/1p2pq2/8/2PR4/2P3P1/P4P2/3RQ1K1 b - - 0 24,f8f7,22,-500,390,f6e7,f6g7,1,36
sprt_game_3,24,38,Black,5r1k/p1rp3p/1p2pq2/8/2PR4/2P3P1/P4P2/3RQ1K1 b - - 0 24,h8g8,23,-511,401,f6e7,f6g7,1,36
sprt_game_3,24,38,Black,5r1k/p1rp3p/1p2pq2/8/2PR4/2P3P1/P4P2/3RQ1K1 b - - 0 24,f6f5,24,-536,426,f6e7,f6g7,1,36
sprt_game_3,24,38,Black,5r1k/p1rp3p/1p2pq2/8/2PR4/2P3P1/P4P2/3RQ1K1 b - - 0 24,a7a6,25,-540,430,f6e7,f6g7,1,36
sprt_game_3,24,38,Black,5r1k/p1rp3p/1p2pq2/8/2PR4/2P3P1/P4P2/3RQ1K1 b - - 0 24,h8g7,26,-544,434,f6e7,f6g7,1,36
sprt_game_3,24,38,Black,5r1k/p1rp3p/1p2pq2/8/2PR4/2P3P1/P4P2/3RQ1K1 b - - 0 24,c7c4,27,-547,437,f6e7,f6g7,1,36
sprt_game_3,24,38,Black,5r1k/p1rp3p/1p2pq2/8/2PR4/2P3P1/P4P2/3RQ1K1 b - - 0 24,b6b5,28,-549,439,f6e7,f6g7,1,36
sprt_game_3,24,38,Black,5r1k/p1rp3p/1p2pq2/8/2PR4/2P3P1/P4P2/3RQ1K1 b - - 0 24,h7h6,29,-552,442,f6e7,f6g7,1,36
sprt_game_3,24,38,Black,5r1k/p1rp3p/1p2pq2/8/2PR4/2P3P1/P4P2/3RQ1K1 b - - 0 24,a7a5,30,-555,445,f6e7,f6g7,1,36
sprt_game_3,24,38,Black,5r1k/p1rp3p/1p2pq2/8/2PR4/2P3P1/P4P2/3RQ1K1 b - - 0 24,f6f2,31,-559,449,f6e7,f6g7,1,36
sprt_game_3,24,38,Black,5r1k/p1rp3p/1p2pq2/8/2PR4/2P3P1/P4P2/3RQ1K1 b - - 0 24,h7h5,32,-575,465,f6e7,f6g7,1,36
sprt_game_3,24,38,Black,5r1k/p1rp3p/1p2pq2/8/2PR4/2P3P1/P4P2/3RQ1K1 b - - 0 24,f6d4,33,-596,486,f6e7,f6g7,1,36
sprt_game_3,24,38,Black,5r1k/p1rp3p/1p2pq2/8/2PR4/2P3P1/P4P2/3RQ1K1 b - - 0 24,f6h4,34,-736,626,f6e7,f6g7,1,36
sprt_game_3,24,38,Black,5r1k/p1rp3p/1p2pq2/8/2PR4/2P3P1/P4P2/3RQ1K1 b - - 0 24,f6f4,35,-897,787,f6e7,f6g7,1,36
sprt_game_3,24,38,Black,5r1k/p1rp3p/1p2pq2/8/2PR4/2P3P1/P4P2/3RQ1K1 b - - 0 24,f6e5,36,-31994,31884,f6e7,f6g7,1,36
sprt_game_3,31,52,Black,6k1/p1rp3p/1p2pq2/5r2/2PR4/2P3P1/P2R1P2/3Q2K1 b - - 14 31,g8f8,1,-78,0,g8h8,h7h6,1,39
sprt_game_3,31,52,Black,6k1/p1rp3p/1p2pq2/5r2/2PR4/2P3P1/P2R1P2/3Q2K1 b - - 14 31,h7h5,2,-114,36,g8h8,h7h6,1,39
sprt_game_3,31,52,Black,6k1/p1rp3p/1p2pq2/5r2/2PR4/2P3P1/P2R1P2/3Q2K1 b - - 14 31,c7b7,3,-115,37,g8h8,h7h6,1,39
sprt_game_3,31,52,Black,6k1/p1rp3p/1p2pq2/5r2/2PR4/2P3P1/P2R1P2/3Q2K1 b - - 14 31,h7h6,4,-117,39,g8h8,h7h6,1,39
sprt_game_3,31,52,Black,6k1/p1rp3p/1p2pq2/5r2/2PR4/2P3P1/P2R1P2/3Q2K1 b - - 14 31,g8h8,5,-127,49,g8h8,h7h6,1,39
sprt_game_3,31,52,Black,6k1/p1rp3p/1p2pq2/5r2/2PR4/2P3P1/P2R1P2/3Q2K1 b - - 14 31,a7a6,6,-154,76,g8h8,h7h6,1,39
sprt_game_3,31,52,Black,6k1/p1rp3p/1p2pq2/5r2/2PR4/2P3P1/P2R1P2/3Q2K1 b - - 14 31,d7d6,7,-177,99,g8h8,h7h6,1,39
sprt_game_3,31,52,Black,6k1/p1rp3p/1p2pq2/5r2/2PR4/2P3P1/P2R1P2/3Q2K1 b - - 14 31,a7a5,8,-179,101,g8h8,h7h6,1,39
sprt_game_3,31,52,Black,6k1/p1rp3p/1p2pq2/5r2/2PR4/2P3P1/P2R1P2/3Q2K1 b - - 14 31,f6e5,9,-204,126,g8h8,h7h6,1,39
sprt_game_3,31,52,Black,6k1/p1rp3p/1p2pq2/5r2/2PR4/2P3P1/P2R1P2/3Q2K1 b - - 14 31,c7c8,10,-207,129,g8h8,h7h6,1,39
sprt_game_3,31,52,Black,6k1/p1rp3p/1p2pq2/5r2/2PR4/2P3P1/P2R1P2/3Q2K1 b - - 14 31,f5a5,11,-231,153,g8h8,h7h6,1,39
sprt_game_3,31,52,Black,6k1/p1rp3p/1p2pq2/5r2/2PR4/2P3P1/P2R1P2/3Q2K1 b - - 14 31,f5f3,12,-232,154,g8h8,h7h6,1,39
sprt_game_3,31,52,Black,6k1/p1rp3p/1p2pq2/5r2/2PR4/2P3P1/P2R1P2/3Q2K1 b - - 14 31,f6g6,13,-235,157,g8h8,h7h6,1,39
sprt_game_3,31,52,Black,6k1/p1rp3p/1p2pq2/5r2/2PR4/2P3P1/P2R1P2/3Q2K1 b - - 14 31,f6g7,14,-261,183,g8h8,h7h6,1,39
sprt_game_3,31,52,Black,6k1/p1rp3p/1p2pq2/5r2/2PR4/2P3P1/P2R1P2/3Q2K1 b - - 14 31,f5g5,15,-291,213,g8h8,h7h6,1,39
sprt_game_3,31,52,Black,6k1/p1rp3p/1p2pq2/5r2/2PR4/2P3P1/P2R1P2/3Q2K1 b - - 14 31,d7d5,16,-302,224,g8h8,h7h6,1,39
sprt_game_3,31,52,Black,6k1/p1rp3p/1p2pq2/5r2/2PR4/2P3P1/P2R1P2/3Q2K1 b - - 14 31,g8g7,17,-308,230,g8h8,h7h6,1,39
sprt_game_3,31,52,Black,6k1/p1rp3p/1p2pq2/5r2/2PR4/2P3P1/P2R1P2/3Q2K1 b - - 14 31,b6b5,18,-312,234,g8h8,h7h6,1,39
sprt_game_3,31,52,Black,6k1/p1rp3p/1p2pq2/5r2/2PR4/2P3P1/P2R1P2/3Q2K1 b - - 14 31,g8f7,19,-315,237,g8h8,h7h6,1,39
sprt_game_3,31,52,Black,6k1/p1rp3p/1p2pq2/5r2/2PR4/2P3P1/P2R1P2/3Q2K1 b - - 14 31,f6h6,20,-320,242,g8h8,h7h6,1,39
sprt_game_3,31,52,Black,6k1/p1rp3p/1p2pq2/5r2/2PR4/2P3P1/P2R1P2/3Q2K1 b - - 14 31,f6f8,21,-327,249,g8h8,h7h6,1,39
sprt_game_3,31,52,Black,6k1/p1rp3p/1p2pq2/5r2/2PR4/2P3P1/P2R1P2/3Q2K1 b - - 14 31,f6e7,22,-333,255,g8h8,h7h6,1,39
sprt_game_3,31,52,Black,6k1/p1rp3p/1p2pq2/5r2/2PR4/2P3P1/P2R1P2/3Q2K1 b - - 14 31,f6d8,23,-336,258,g8h8,h7h6,1,39
sprt_game_3,31,52,Black,6k1/p1rp3p/1p2pq2/5r2/2PR4/2P3P1/P2R1P2/3Q2K1 b - - 14 31,f6f7,24,-344,266,g8h8,h7h6,1,39
sprt_game_3,31,52,Black,6k1/p1rp3p/1p2pq2/5r2/2PR4/2P3P1/P2R1P2/3Q2K1 b - - 14 31,f5e5,25,-345,267,g8h8,h7h6,1,39
sprt_game_3,31,52,Black,6k1/p1rp3p/1p2pq2/5r2/2PR4/2P3P1/P2R1P2/3Q2K1 b - - 14 31,f5c5,26,-361,283,g8h8,h7h6,1,39
sprt_game_3,31,52,Black,6k1/p1rp3p/1p2pq2/5r2/2PR4/2P3P1/P2R1P2/3Q2K1 b - - 14 31,c7c5,27,-369,291,g8h8,h7h6,1,39
sprt_game_3,31,52,Black,6k1/p1rp3p/1p2pq2/5r2/2PR4/2P3P1/P2R1P2/3Q2K1 b - - 14 31,e6e5,28,-377,299,g8h8,h7h6,1,39
sprt_game_3,31,52,Black,6k1/p1rp3p/1p2pq2/5r2/2PR4/2P3P1/P2R1P2/3Q2K1 b - - 14 31,c7c6,29,-403,325,g8h8,h7h6,1,39
sprt_game_3,31,52,Black,6k1/p1rp3p/1p2pq2/5r2/2PR4/2P3P1/P2R1P2/3Q2K1 b - - 14 31,c7c4,30,-542,464,g8h8,h7h6,1,39
sprt_game_3,31,52,Black,6k1/p1rp3p/1p2pq2/5r2/2PR4/2P3P1/P2R1P2/3Q2K1 b - - 14 31,f6g5,31,-548,470,g8h8,h7h6,1,39
sprt_game_3,31,52,Black,6k1/p1rp3p/1p2pq2/5r2/2PR4/2P3P1/P2R1P2/3Q2K1 b - - 14 31,f6h8,32,-550,472,g8h8,h7h6,1,39
sprt_game_3,31,52,Black,6k1/p1rp3p/1p2pq2/5r2/2PR4/2P3P1/P2R1P2/3Q2K1 b - - 14 31,f5d5,33,-550,472,g8h8,h7h6,1,39
sprt_game_3,31,52,Black,6k1/p1rp3p/1p2pq2/5r2/2PR4/2P3P1/P2R1P2/3Q2K1 b - - 14 31,f6d4,34,-604,526,g8h8,h7h6,1,39
sprt_game_3,31,52,Black,6k1/p1rp3p/1p2pq2/5r2/2PR4/2P3P1/P2R1P2/3Q2K1 b - - 14 31,f5b5,35,-625,547,g8h8,h7h6,1,39
sprt_game_3,31,52,Black,6k1/p1rp3p/1p2pq2/5r2/2PR4/2P3P1/P2R1P2/3Q2K1 b - - 14 31,f5f4,36,-686,608,g8h8,h7h6,1,39
sprt_game_3,31,52,Black,6k1/p1rp3p/1p2pq2/5r2/2PR4/2P3P1/P2R1P2/3Q2K1 b - - 14 31,f6h4,37,-705,627,g8h8,h7h6,1,39
sprt_game_3,31,52,Black,6k1/p1rp3p/1p2pq2/5r2/2PR4/2P3P1/P2R1P2/3Q2K1 b - - 14 31,f5h5,38,-731,653,g8h8,h7h6,1,39
sprt_game_3,31,52,Black,6k1/p1rp3p/1p2pq2/5r2/2PR4/2P3P1/P2R1P2/3Q2K1 b - - 14 31,f5f2,39,-769,691,g8h8,h7h6,1,39
sprt_game_3,34,58,Black,4k3/p1rR4/1p2pq1p/5r2/2P5/2P3P1/P2R1P2/3Q2K1 b - - 0 34,c7c8,1,-421,0,f5c5,c7d7,1,34
sprt_game_3,34,58,Black,4k3/p1rR4/1p2pq1p/5r2/2P5/2P3P1/P2R1P2/3Q2K1 b - - 0 34,c7d7,2,-439,18,f5c5,c7d7,1,34
sprt_game_3,34,58,Black,4k3/p1rR4/1p2pq1p/5r2/2P5/2P3P1/P2R1P2/3Q2K1 b - - 0 34,f5c5,3,-549,128,f5c5,c7d7,1,34
sprt_game_3,34,58,Black,4k3/p1rR4/1p2pq1p/5r2/2P5/2P3P1/P2R1P2/3Q2K1 b - - 0 34,f6f7,4,-608,187,f5c5,c7d7,1,34
sprt_game_3,34,58,Black,4k3/p1rR4/1p2pq1p/5r2/2P5/2P3P1/P2R1P2/3Q2K1 b - - 0 34,f6e7,5,-643,222,f5c5,c7d7,1,34
sprt_game_3,34,58,Black,4k3/p1rR4/1p2pq1p/5r2/2P5/2P3P1/P2R1P2/3Q2K1 b - - 0 34,f6e5,6,-666,245,f5c5,c7d7,1,34
sprt_game_3,34,58,Black,4k3/p1rR4/1p2pq1p/5r2/2P5/2P3P1/P2R1P2/3Q2K1 b - - 0 34,f5d5,7,-805,384,f5c5,c7d7,1,34
sprt_game_3,34,58,Black,4k3/p1rR4/1p2pq1p/5r2/2P5/2P3P1/P2R1P2/3Q2K1 b - - 0 34,f6g5,8,-814,393,f5c5,c7d7,1,34
sprt_game_3,34,58,Black,4k3/p1rR4/1p2pq1p/5r2/2P5/2P3P1/P2R1P2/3Q2K1 b - - 0 34,f5e5,9,-837,416,f5c5,c7d7,1,34
sprt_game_3,34,58,Black,4k3/p1rR4/1p2pq1p/5r2/2P5/2P3P1/P2R1P2/3Q2K1 b - - 0 34,f5g5,10,-838,417,f5c5,c7d7,1,34
sprt_game_3,34,58,Black,4k3/p1rR4/1p2pq1p/5r2/2P5/2P3P1/P2R1P2/3Q2K1 b - - 0 34,f5b5,11,-852,431,f5c5,c7d7,1,34
sprt_game_3,34,58,Black,4k3/p1rR4/1p2pq1p/5r2/2P5/2P3P1/P2R1P2/3Q2K1 b - - 0 34,a7a6,12,-870,449,f5c5,c7d7,1,34
sprt_game_3,34,58,Black,4k3/p1rR4/1p2pq1p/5r2/2P5/2P3P1/P2R1P2/3Q2K1 b - - 0 34,f5a5,13,-887,466,f5c5,c7d7,1,34
sprt_game_3,34,58,Black,4k3/p1rR4/1p2pq1p/5r2/2P5/2P3P1/P2R1P2/3Q2K1 b - - 0 34,h6h5,14,-904,483,f5c5,c7d7,1,34
sprt_game_3,34,58,Black,4k3/p1rR4/1p2pq1p/5r2/2P5/2P3P1/P2R1P2/3Q2K1 b - - 0 34,c7c4,15,-907,486,f5c5,c7d7,1,34
sprt_game_3,34,58,Black,4k3/p1rR4/1p2pq1p/5r2/2P5/2P3P1/P2R1P2/3Q2K1 b - - 0 34,f5f2,16,-933,512,f5c5,c7d7,1,34
sprt_game_3,34,58,Black,4k3/p1rR4/1p2pq1p/5r2/2P5/2P3P1/P2R1P2/3Q2K1 b - - 0 34,e8f8,17,-1015,594,f5c5,c7d7,1,34
sprt_game_3,34,58,Black,4k3/p1rR4/1p2pq1p/5r2/2P5/2P3P1/P2R1P2/3Q2K1 b - - 0 34,c7b7,18,-1089,668,f5c5,c7d7,1,34
sprt_game_3,34,58,Black,4k3/p1rR4/1p2pq1p/5r2/2P5/2P3P1/P2R1P2/3Q2K1 b - - 0 34,b6b5,19,-1120,699,f5c5,c7d7,1,34
sprt_game_3,34,58,Black,4k3/p1rR4/1p2pq1p/5r2/2P5/2P3P1/P2R1P2/3Q2K1 b - - 0 34,a7a5,20,-31986,31565,f5c5,c7d7,1,34
sprt_game_3,34,58,Black,4k3/p1rR4/1p2pq1p/5r2/2P5/2P3P1/P2R1P2/3Q2K1 b - - 0 34,f6d4,21,-31987,31566,f5c5,c7d7,1,34
sprt_game_3,34,58,Black,4k3/p1rR4/1p2pq1p/5r2/2P5/2P3P1/P2R1P2/3Q2K1 b - - 0 34,f6g7,22,-31989,31568,f5c5,c7d7,1,34
sprt_game_3,34,58,Black,4k3/p1rR4/1p2pq1p/5r2/2P5/2P3P1/P2R1P2/3Q2K1 b - - 0 34,f6h4,23,-31990,31569,f5c5,c7d7,1,34
sprt_game_3,34,58,Black,4k3/p1rR4/1p2pq1p/5r2/2P5/2P3P1/P2R1P2/3Q2K1 b - - 0 34,f6g6,24,-31991,31570,f5c5,c7d7,1,34
sprt_game_3,34,58,Black,4k3/p1rR4/1p2pq1p/5r2/2P5/2P3P1/P2R1P2/3Q2K1 b - - 0 34,c7c6,25,-31992,31571,f5c5,c7d7,1,34
sprt_game_3,34,58,Black,4k3/p1rR4/1p2pq1p/5r2/2P5/2P3P1/P2R1P2/3Q2K1 b - - 0 34,c7c5,26,-31992,31571,f5c5,c7d7,1,34
sprt_game_3,34,58,Black,4k3/p1rR4/1p2pq1p/5r2/2P5/2P3P1/P2R1P2/3Q2K1 b - - 0 34,f6c3,27,-31992,31571,f5c5,c7d7,1,34
sprt_game_3,34,58,Black,4k3/p1rR4/1p2pq1p/5r2/2P5/2P3P1/P2R1P2/3Q2K1 b - - 0 34,f6h8,28,-31993,31572,f5c5,c7d7,1,34
sprt_game_3,34,58,Black,4k3/p1rR4/1p2pq1p/5r2/2P5/2P3P1/P2R1P2/3Q2K1 b - - 0 34,f6f8,29,-31993,31572,f5c5,c7d7,1,34
sprt_game_3,34,58,Black,4k3/p1rR4/1p2pq1p/5r2/2P5/2P3P1/P2R1P2/3Q2K1 b - - 0 34,f6d8,30,-31993,31572,f5c5,c7d7,1,34
sprt_game_3,34,58,Black,4k3/p1rR4/1p2pq1p/5r2/2P5/2P3P1/P2R1P2/3Q2K1 b - - 0 34,f5f4,31,-31993,31572,f5c5,c7d7,1,34
sprt_game_3,34,58,Black,4k3/p1rR4/1p2pq1p/5r2/2P5/2P3P1/P2R1P2/3Q2K1 b - - 0 34,f5f3,32,-31993,31572,f5c5,c7d7,1,34
sprt_game_3,34,58,Black,4k3/p1rR4/1p2pq1p/5r2/2P5/2P3P1/P2R1P2/3Q2K1 b - - 0 34,e6e5,33,-31994,31573,f5c5,c7d7,1,34
sprt_game_3,34,58,Black,4k3/p1rR4/1p2pq1p/5r2/2P5/2P3P1/P2R1P2/3Q2K1 b - - 0 34,f5h5,34,-31995,31574,f5c5,c7d7,1,34
sprt_game_3,40,70,Black,R7/4k3/1p2p2p/8/2P5/2P3P1/P4K2/8 b - - 0 40,e7d7,1,-724,0,e7f6,e7f7,1,7
sprt_game_3,40,70,Black,R7/4k3/1p2p2p/8/2P5/2P3P1/P4K2/8 b - - 0 40,e7f7,2,-753,29,e7f6,e7f7,1,7
sprt_game_3,40,70,Black,R7/4k3/1p2p2p/8/2P5/2P3P1/P4K2/8 b - - 0 40,e6e5,3,-760,36,e7f6,e7f7,1,7
sprt_game_3,40,70,Black,R7/4k3/1p2p2p/8/2P5/2P3P1/P4K2/8 b - - 0 40,e7f6,4,-763,39,e7f6,e7f7,1,7
sprt_game_3,40,70,Black,R7/4k3/1p2p2p/8/2P5/2P3P1/P4K2/8 b - - 0 40,e7d6,5,-763,39,e7f6,e7f7,1,7
sprt_game_3,40,70,Black,R7/4k3/1p2p2p/8/2P5/2P3P1/P4K2/8 b - - 0 40,h6h5,6,-769,45,e7f6,e7f7,1,7
sprt_game_3,40,70,Black,R7/4k3/1p2p2p/8/2P5/2P3P1/P4K2/8 b - - 0 40,b6b5,7,-812,88,e7f6,e7f7,1,7
sprt_game_3,41,72,Black,7R/4k3/1p2p3/7p/2P5/2P3P1/P4K2/8 b - - 1 41,e7f7,1,-809,0,e7f6,e7f7,1,7
sprt_game_3,41,72,Black,7R/4k3/1p2p3/7p/2P5/2P3P1/P4K2/8 b - - 1 41,e7d7,2,-824,15,e7f6,e7f7,1,7
sprt_game_3,41,72,Black,7R/4k3/1p2p3/7p/2P5/2P3P1/P4K2/8 b - - 1 41,e7f6,3,-849,40,e7f6,e7f7,1,7
sprt_game_3,41,72,Black,7R/4k3/1p2p3/7p/2P5/2P3P1/P4K2/8 b - - 1 41,e7d6,4,-860,51,e7f6,e7f7,1,7
sprt_game_3,41,72,Black,7R/4k3/1p2p3/7p/2P5/2P3P1/P4K2/8 b - - 1 41,h5h4,5,-884,75,e7f6,e7f7,1,7
sprt_game_3,41,72,Black,7R/4k3/1p2p3/7p/2P5/2P3P1/P4K2/8 b - - 1 41,e6e5,6,-1529,720,e7f6,e7f7,1,7
sprt_game_3,41,72,Black,7R/4k3/1p2p3/7p/2P5/2P3P1/P4K2/8 b - - 1 41,b6b5,7,-1534,725,e7f6,e7f7,1,7
sprt_game_3,43,76,Black,8/8/1p2p1k1/8/2P5/2P3P1/P4K2/7R b - - 2 43,g6g7,1,-1088,0,g6g7,g6f7,1,7
sprt_game_3,43,76,Black,8/8/1p2p1k1/8/2P5/2P3P1/P4K2/7R b - - 2 43,g6f6,2,-2197,1109,g6g7,g6f7,1,7
sprt_game_3,43,76,Black,8/8/1p2p1k1/8/2P5/2P3P1/P4K2/7R b - - 2 43,g6f5,3,-2512,1424,g6g7,g6f7,1,7
sprt_game_3,43,76,Black,8/8/1p2p1k1/8/2P5/2P3P1/P4K2/7R b - - 2 43,g6f7,4,-2555,1467,g6g7,g6f7,1,7
sprt_game_3,43,76,Black,8/8/1p2p1k1/8/2P5/2P3P1/P4K2/7R b - - 2 43,e6e5,5,-3996,2908,g6g7,g6f7,1,7
sprt_game_3,43,76,Black,8/8/1p2p1k1/8/2P5/2P3P1/P4K2/7R b - - 2 43,g6g5,6,-5338,4250,g6g7,g6f7,1,7
sprt_game_3,43,76,Black,8/8/1p2p1k1/8/2P5/2P3P1/P4K2/7R b - - 2 43,b6b5,7,-31982,30894,g6g7,g6f7,1,7
sprt_game_3,44,78,Black,8/5k2/1p2p3/8/2P5/2P3P1/P3K3/7R b - - 4 44,f7f6,1,-1139,0,f7f6,f7e7,1,9
sprt_game_3,44,78,Black,8/5k2/1p2p3/8/2P5/2P3P1/P3K3/7R b - - 4 44,f7g6,2,-1332,193,f7f6,f7e7,1,9
sprt_game_3,44,78,Black,8/5k2/1p2p3/8/2P5/2P3P1/P3K3/7R b - - 4 44,f7f8,3,-3193,2054,f7f6,f7e7,1,9
sprt_game_3,44,78,Black,8/5k2/1p2p3/8/2P5/2P3P1/P3K3/7R b - - 4 44,f7e8,4,-31977,30838,f7f6,f7e7,1,9
sprt_game_3,44,78,Black,8/5k2/1p2p3/8/2P5/2P3P1/P3K3/7R b - - 4 44,f7g8,5,-31978,30839,f7f6,f7e7,1,9
sprt_game_3,44,78,Black,8/5k2/1p2p3/8/2P5/2P3P1/P3K3/7R b - - 4 44,f7g7,6,-31978,30839,f7f6,f7e7,1,9
sprt_game_3,44,78,Black,8/5k2/1p2p3/8/2P5/2P3P1/P3K3/7R b - - 4 44,f7e7,7,-31978,30839,f7f6,f7e7,1,9
sprt_game_3,44,78,Black,8/5k2/1p2p3/8/2P5/2P3P1/P3K3/7R b - - 4 44,e6e5,8,-31979,30840,f7f6,f7e7,1,9
sprt_game_3,44,78,Black,8/5k2/1p2p3/8/2P5/2P3P1/P3K3/7R b - - 4 44,b6b5,9,-31982,30843,f7f6,f7e7,1,9
sprt_game_3,46,82,Black,8/6k1/1p1Rp3/8/2P5/2P3P1/P3K3/8 b - - 8 46,g7f8,1,-31984,0,g7f7,g7f6,1,10
sprt_game_3,46,82,Black,8/6k1/1p1Rp3/8/2P5/2P3P1/P3K3/8 b - - 8 46,g7g8,2,-31985,1,g7f7,g7f6,1,10
sprt_game_3,46,82,Black,8/6k1/1p1Rp3/8/2P5/2P3P1/P3K3/8 b - - 8 46,g7h8,3,-31987,3,g7f7,g7f6,1,10
sprt_game_3,46,82,Black,8/6k1/1p1Rp3/8/2P5/2P3P1/P3K3/8 b - - 8 46,g7f7,4,-31987,3,g7f7,g7f6,1,10
sprt_game_3,46,82,Black,8/6k1/1p1Rp3/8/2P5/2P3P1/P3K3/8 b - - 8 46,g7f6,5,-31987,3,g7f7,g7f6,1,10
sprt_game_3,46,82,Black,8/6k1/1p1Rp3/8/2P5/2P3P1/P3K3/8 b - - 8 46,g7h7,6,-31988,4,g7f7,g7f6,1,10
sprt_game_3,46,82,Black,8/6k1/1p1Rp3/8/2P5/2P3P1/P3K3/8 b - - 8 46,g7h6,7,-31988,4,g7f7,g7f6,1,10
sprt_game_3,46,82,Black,8/6k1/1p1Rp3/8/2P5/2P3P1/P3K3/8 b - - 8 46,g7g6,8,-31988,4,g7f7,g7f6,1,10
sprt_game_3,46,82,Black,8/6k1/1p1Rp3/8/2P5/2P3P1/P3K3/8 b - - 8 46,e6e5,9,-31988,4,g7f7,g7f6,1,10
sprt_game_3,46,82,Black,8/6k1/1p1Rp3/8/2P5/2P3P1/P3K3/8 b - - 8 46,b6b5,10,-31990,6,g7f7,g7f6,1,10
sprt_game_3,47,84,Black,8/5k2/1p1Rp3/8/P1P5/2P3P1/4K3/8 b - - 0 47,f7g8,1,-31990,0,f7f8,f7g8,1,9
sprt_game_3,47,84,Black,8/5k2/1p1Rp3/8/P1P5/2P3P1/4K3/8 b - - 0 47,f7f8,2,-31990,0,f7f8,f7g8,1,9
sprt_game_3,47,84,Black,8/5k2/1p1Rp3/8/P1P5/2P3P1/4K3/8 b - - 0 47,f7e8,3,-31990,0,f7f8,f7g8,1,9
sprt_game_3,47,84,Black,8/5k2/1p1Rp3/8/P1P5/2P3P1/4K3/8 b - - 0 47,f7g7,4,-31990,0,f7f8,f7g8,1,9
sprt_game_3,47,84,Black,8/5k2/1p1Rp3/8/P1P5/2P3P1/4K3/8 b - - 0 47,f7e7,5,-31990,0,f7f8,f7g8,1,9
sprt_game_3,47,84,Black,8/5k2/1p1Rp3/8/P1P5/2P3P1/4K3/8 b - - 0 47,f7g6,6,-31990,0,f7f8,f7g8,1,9
sprt_game_3,47,84,Black,8/5k2/1p1Rp3/8/P1P5/2P3P1/4K3/8 b - - 0 47,f7f6,7,-31990,0,f7f8,f7g8,1,9
sprt_game_3,47,84,Black,8/5k2/1p1Rp3/8/P1P5/2P3P1/4K3/8 b - - 0 47,b6b5,8,-31990,0,f7f8,f7g8,1,9
sprt_game_3,47,84,Black,8/5k2/1p1Rp3/8/P1P5/2P3P1/4K3/8 b - - 0 47,e6e5,9,-31992,2,f7f8,f7g8,1,9
sprt_game_3,49,88,Black,5k2/8/4R3/1P6/P7/2P3P1/4K3/8 b - - 0 49,f8f7,1,-31991,0,f8g7,f8f7,1,3
sprt_game_3,49,88,Black,5k2/8/4R3/1P6/P7/2P3P1/4K3/8 b - - 0 49,f8g8,2,-31994,3,f8g7,f8f7,1,3
sprt_game_3,49,88,Black,5k2/8/4R3/1P6/P7/2P3P1/4K3/8 b - - 0 49,f8g7,3,-31994,3,f8g7,f8f7,1,3
sprt_game_3,50,90,Black,8/5k2/1R6/1P6/P7/2P3P1/4K3/8 b - - 2 50,f7e7,1,-31989,0,f7g7,f7e7,1,5
sprt_game_3,50,90,Black,8/5k2/1R6/1P6/P7/2P3P1/4K3/8 b - - 2 50,f7g7,2,-31994,5,f7g7,f7e7,1,5
sprt_game_3,50,90,Black,8/5k2/1R6/1P6/P7/2P3P1/4K3/8 b - - 2 50,f7g8,3,-31995,6,f7g7,f7e7,1,5
sprt_game_3,50,90,Black,8/5k2/1R6/1P6/P7/2P3P1/4K3/8 b - - 2 50,f7f8,4,-31995,6,f7g7,f7e7,1,5
sprt_game_3,50,90,Black,8/5k2/1R6/1P6/P7/2P3P1/4K3/8 b - - 2 50,f7e8,5,-31995,6,f7g7,f7e7,1,5
sprt_game_3,52,94,Black,8/1R6/7k/1P6/P7/2PK2P1/8/8 b - - 6 52,h6g6,1,-31992,0,h6g5,h6g6,1,3
sprt_game_3,52,94,Black,8/1R6/7k/1P6/P7/2PK2P1/8/8 b - - 6 52,h6h5,2,-31992,0,h6g5,h6g6,1,3
sprt_game_3,52,94,Black,8/1R6/7k/1P6/P7/2PK2P1/8/8 b - - 6 52,h6g5,3,-31992,0,h6g5,h6g6,1,3
sprt_game_3,55,100,Black,8/3R4/6k1/1P6/P1K5/2P3P1/8/8 b - - 12 55,g6h6,1,-31993,0,g6h6,g6f6,1,5
sprt_game_3,55,100,Black,8/3R4/6k1/1P6/P1K5/2P3P1/8/8 b - - 12 55,g6f6,2,-31993,0,g6h6,g6f6,1,5
sprt_game_3,55,100,Black,8/3R4/6k1/1P6/P1K5/2P3P1/8/8 b - - 12 55,g6h5,3,-31993,0,g6h6,g6f6,1,5
sprt_game_3,55,100,Black,8/3R4/6k1/1P6/P1K5/2P3P1/8/8 b - - 12 55,g6g5,4,-31993,0,g6h6,g6f6,1,5
sprt_game_3,55,100,Black,8/3R4/6k1/1P6/P1K5/2P3P1/8/8 b - - 12 55,g6f5,5,-31993,0,g6h6,g6f6,1,5
sprt_game_3,62,114,Black,8/1P6/K6k/8/P7/2P3P1/8/8 b - - 0 62,h6h7,1,-1194,0,h6g5,h6g7,1,5
sprt_game_3,62,114,Black,8/1P6/K6k/8/P7/2P3P1/8/8 b - - 0 62,h6g7,2,-1804,610,h6g5,h6g7,1,5
sprt_game_3,62,114,Black,8/1P6/K6k/8/P7/2P3P1/8/8 b - - 0 62,h6g6,3,-31991,30797,h6g5,h6g7,1,5
sprt_game_3,62,114,Black,8/1P6/K6k/8/P7/2P3P1/8/8 b - - 0 62,h6h5,4,-31991,30797,h6g5,h6g7,1,5
sprt_game_3,62,114,Black,8/1P6/K6k/8/P7/2P3P1/8/8 b - - 0 62,h6g5,5,-31991,30797,h6g5,h6g7,1,5
sprt_game_3,63,116,Black,8/1P6/6k1/K7/P7/2P3P1/8/8 b - - 2 63,g6h7,1,-31991,0,g6h5,g6h7,1,8
sprt_game_3,63,116,Black,8/1P6/6k1/K7/P7/2P3P1/8/8 b - - 2 63,g6g7,2,-31991,0,g6h5,g6h7,1,8
sprt_game_3,63,116,Black,8/1P6/6k1/K7/P7/2P3P1/8/8 b - - 2 63,g6f7,3,-31991,0,g6h5,g6h7,1,8
sprt_game_3,63,116,Black,8/1P6/6k1/K7/P7/2P3P1/8/8 b - - 2 63,g6h6,4,-31991,0,g6h5,g6h7,1,8
sprt_game_3,63,116,Black,8/1P6/6k1/K7/P7/2P3P1/8/8 b - - 2 63,g6f6,5,-31991,0,g6h5,g6h7,1,8
sprt_game_3,63,116,Black,8/1P6/6k1/K7/P7/2P3P1/8/8 b - - 2 63,g6h5,6,-31991,0,g6h5,g6h7,1,8
sprt_game_3,63,116,Black,8/1P6/6k1/K7/P7/2P3P1/8/8 b - - 2 63,g6g5,7,-31991,0,g6h5,g6h7,1,8
sprt_game_3,63,116,Black,8/1P6/6k1/K7/P7/2P3P1/8/8 b - - 2 63,g6f5,8,-31991,0,g6h5,g6h7,1,8
sprt_game_3,64,118,Black,1Q6/8/7k/K7/P7/2P3P1/8/8 b - - 0 64,h6h7,1,-31992,0,h6g5,h6g7,1,5
sprt_game_3,64,118,Black,1Q6/8/7k/K7/P7/2P3P1/8/8 b - - 0 64,h6g7,2,-31992,0,h6g5,h6g7,1,5
sprt_game_3,64,118,Black,1Q6/8/7k/K7/P7/2P3P1/8/8 b - - 0 64,h6g6,3,-31992,0,h6g5,h6g7,1,5
sprt_game_3,64,118,Black,1Q6/8/7k/K7/P7/2P3P1/8/8 b - - 0 64,h6g5,4,-31992,0,h6g5,h6g7,1,5
sprt_game_3,64,118,Black,1Q6/8/7k/K7/P7/2P3P1/8/8 b - - 0 64,h6h5,5,-31993,1,h6g5,h6g7,1,5
sprt_game_3,65,120,Black,8/1Q4k1/8/K7/P7/2P3P1/8/8 b - - 2 65,g7h6,1,-31992,0,g7h6,g7f6,1,6
sprt_game_3,65,120,Black,8/1Q4k1/8/K7/P7/2P3P1/8/8 b - - 2 65,g7g6,2,-31992,0,g7h6,g7f6,1,6
sprt_game_3,65,120,Black,8/1Q4k1/8/K7/P7/2P3P1/8/8 b - - 2 65,g7f6,3,-31992,0,g7h6,g7f6,1,6
sprt_game_3,65,120,Black,8/1Q4k1/8/K7/P7/2P3P1/8/8 b - - 2 65,g7h8,4,-31995,3,g7h6,g7f6,1,6
sprt_game_3,65,120,Black,8/1Q4k1/8/K7/P7/2P3P1/8/8 b - - 2 65,g7g8,5,-31995,3,g7h6,g7f6,1,6
sprt_game_3,65,120,Black,8/1Q4k1/8/K7/P7/2P3P1/8/8 b - - 2 65,g7f8,6,-31995,3,g7h6,g7f6,1,6
sprt_game_3,66,122,Black,Q7/8/7k/K7/P7/2P3P1/8/8 b - - 4 66,h6h7,1,-31992,0,h6g6,h6g7,1,5
sprt_game_3,66,122,Black,Q7/8/7k/K7/P7/2P3P1/8/8 b - - 4 66,h6g7,2,-31992,0,h6g6,h6g7,1,5
sprt_game_3,66,122,Black,Q7/8/7k/K7/P7/2P3P1/8/8 b - - 4 66,h6g6,3,-31992,0,h6g6,h6g7,1,5
sprt_game_3,66,122,Black,Q7/8/7k/K7/P7/2P3P1/8/8 b - - 4 66,h6g5,4,-31992,0,h6g6,h6g7,1,5
sprt_game_3,66,122,Black,Q7/8/7k/K7/P7/2P3P1/8/8 b - - 4 66,h6h5,5,-31993,1,h6g6,h6g7,1,5
sprt_game_3,67,124,Black,Q7/8/K5k1/8/P7/2P3P1/8/8 b - - 6 67,g6h7,1,-31992,0,g6g5,g6f6,1,8
sprt_game_3,67,124,Black,Q7/8/K5k1/8/P7/2P3P1/8/8 b - - 6 67,g6g7,2,-31992,0,g6g5,g6f6,1,8
sprt_game_3,67,124,Black,Q7/8/K5k1/8/P7/2P3P1/8/8 b - - 6 67,g6f7,3,-31992,0,g6g5,g6f6,1,8
sprt_game_3,67,124,Black,Q7/8/K5k1/8/P7/2P3P1/8/8 b - - 6 67,g6f6,4,-31992,0,g6g5,g6f6,1,8
sprt_game_3,67,124,Black,Q7/8/K5k1/8/P7/2P3P1/8/8 b - - 6 67,g6g5,5,-31992,0,g6g5,g6f6,1,8
sprt_game_3,67,124,Black,Q7/8/K5k1/8/P7/2P3P1/8/8 b - - 6 67,g6f5,6,-31992,0,g6g5,g6f6,1,8
sprt_game_3,67,124,Black,Q7/8/K5k1/8/P7/2P3P1/8/8 b - - 6 67,g6h6,7,-31993,1,g6g5,g6f6,1,8
sprt_game_3,67,124,Black,Q7/8/K5k1/8/P7/2P3P1/8/8 b - - 6 67,g6h5,8,-31993,1,g6g5,g6f6,1,8
sprt_game_3,68,126,Black,Q7/8/8/1K5k/P7/2P3P1/8/8 b - - 8 68,h5g4,1,-31992,0,h5g5,h5g4,1,4
sprt_game_3,68,126,Black,Q7/8/8/1K5k/P7/2P3P1/8/8 b - - 8 68,h5g6,2,-31993,1,h5g5,h5g4,1,4
sprt_game_3,68,126,Black,Q7/8/8/1K5k/P7/2P3P1/8/8 b - - 8 68,h5g5,3,-31993,1,h5g5,h5g4,1,4
sprt_game_3,68,126,Black,Q7/8/8/1K5k/P7/2P3P1/8/8 b - - 8 68,h5h6,4,-31994,2,h5g5,h5g4,1,4
sprt_game_3,69,128,Black,Q7/8/8/1K6/P1P3k1/6P1/8/8 b - - 0 69,g4g5,1,-31993,0,g4g3,g4g5,1,5
sprt_game_3,69,128,Black,Q7/8/8/1K6/P1P3k1/6P1/8/8 b - - 0 69,g4f5,2,-31993,0,g4g3,g4g5,1,5
sprt_game_3,69,128,Black,Q7/8/8/1K6/P1P3k1/6P1/8/8 b - - 0 69,g4h3,3,-31993,0,g4g3,g4g5,1,5
sprt_game_3,69,128,Black,Q7/8/8/1K6/P1P3k1/6P1/8/8 b - - 0 69,g4g3,4,-31993,0,g4g3,g4g5,1,5
sprt_game_3,69,128,Black,Q7/8/8/1K6/P1P3k1/6P1/8/8 b - - 0 69,g4h5,5,-31994,1,g4g3,g4g5,1,5
sprt_game_3,71,132,Black,7Q/8/8/K7/P1P3k1/8/8/8 b - - 3 71,g4f5,1,-31990,0,g4g5,g4f5,1,5
sprt_game_3,71,132,Black,7Q/8/8/K7/P1P3k1/8/8/8 b - - 3 71,g4f4,2,-31990,0,g4g5,g4f5,1,5
sprt_game_3,71,132,Black,7Q/8/8/K7/P1P3k1/8/8/8 b - - 3 71,g4g3,3,-31991,1,g4g5,g4f5,1,5
sprt_game_3,71,132,Black,7Q/8/8/K7/P1P3k1/8/8/8 b - - 3 71,g4f3,4,-31991,1,g4g5,g4f5,1,5
sprt_game_3,71,132,Black,7Q/8/8/K7/P1P3k1/8/8/8 b - - 3 71,g4g5,5,-31992,2,g4g5,g4f5,1,5
sprt_game_3,72,134,Black,Q7/8/8/K7/P1P5/5k2/8/8 b - - 5 72,f3f4,1,-31987,0,f3g4,f3f2,1,6
sprt_game_3,72,134,Black,Q7/8/8/K7/P1P5/5k2/8/8 b - - 5 72,f3f2,2,-31989,2,f3g4,f3f2,1,6
sprt_game_3,72,134,Black,Q7/8/8/K7/P1P5/5k2/8/8 b - - 5 72,f3g4,3,-31990,3,f3g4,f3f2,1,6
sprt_game_3,72,134,Black,Q7/8/8/K7/P1P5/5k2/8/8 b - - 5 72,f3e3,4,-31990,3,f3g4,f3f2,1,6
sprt_game_3,72,134,Black,Q7/8/8/K7/P1P5/5k2/8/8 b - - 5 72,f3e2,5,-31990,3,f3g4,f3f2,1,6
sprt_game_3,72,134,Black,Q7/8/8/K7/P1P5/5k2/8/8 b - - 5 72,f3g3,6,-31992,5,f3g4,f3f2,1,6
sprt_game_3,73,136,Black,8/8/2Q5/K7/P1P5/8/5k2/8 b - - 7 73,f2e3,1,-31989,0,f2g1,f2e1,1,6
sprt_game_3,73,136,Black,8/8/2Q5/K7/P1P5/8/5k2/8 b - - 7 73,f2e2,2,-31989,0,f2g1,f2e1,1,6
sprt_game_3,73,136,Black,8/8/2Q5/K7/P1P5/8/5k2/8 b - - 7 73,f2g1,3,-31990,1,f2g1,f2e1,1,6
sprt_game_3,73,136,Black,8/8/2Q5/K7/P1P5/8/5k2/8 b - - 7 73,f2g3,4,-31992,3,f2g1,f2e1,1,6
sprt_game_3,73,136,Black,8/8/2Q5/K7/P1P5/8/5k2/8 b - - 7 73,f2f1,5,-31992,3,f2g1,f2e1,1,6
sprt_game_3,73,136,Black,8/8/2Q5/K7/P1P5/8/5k2/8 b - - 7 73,f2e1,6,-31996,7,f2g1,f2e1,1,6
sprt_game_3,75,140,Black,1Q6/8/8/K7/P1P5/8/8/6k1 b - - 11 75,g1g2,1,-31990,0,g1f1,g1g2,1,4
sprt_game_3,75,140,Black,1Q6/8/8/K7/P1P5/8/8/6k1 b - - 11 75,g1f2,2,-31992,2,g1f1,g1g2,1,4
sprt_game_3,75,140,Black,1Q6/8/8/K7/P1P5/8/8/6k1 b - - 11 75,g1f1,3,-31992,2,g1f1,g1g2,1,4
sprt_game_3,75,140,Black,1Q6/8/8/K7/P1P5/8/8/6k1 b - - 11 75,g1h1,4,-31993,3,g1f1,g1g2,1,4
sprt_game_3,76,142,Black,1Q6/8/1K6/8/P1P5/8/5k2/8 b - - 13 76,f2f3,1,-31993,0,f2g2,f2g1,1,7
sprt_game_3,76,142,Black,1Q6/8/1K6/8/P1P5/8/5k2/8 b - - 13 76,f2e3,2,-31993,0,f2g2,f2g1,1,7
sprt_game_3,76,142,Black,1Q6/8/1K6/8/P1P5/8/5k2/8 b - - 13 76,f2g2,3,-31993,0,f2g2,f2g1,1,7
sprt_game_3,76,142,Black,1Q6/8/1K6/8/P1P5/8/5k2/8 b - - 13 76,f2e2,4,-31993,0,f2g2,f2g1,1,7
sprt_game_3,76,142,Black,1Q6/8/1K6/8/P1P5/8/5k2/8 b - - 13 76,f2g1,5,-31993,0,f2g2,f2g1,1,7
sprt_game_3,76,142,Black,1Q6/8/1K6/8/P1P5/8/5k2/8 b - - 13 76,f2f1,6,-31994,1,f2g2,f2g1,1,7
sprt_game_3,76,142,Black,1Q6/8/1K6/8/P1P5/8/5k2/8 b - - 13 76,f2e1,7,-31994,1,f2g2,f2g1,1,7
sprt_game_3,77,144,Black,4Q3/8/1K6/8/P1P5/8/8/6k1 b - - 15 77,g1g2,1,-31993,0,g1f1,g1h1,1,5
sprt_game_3,77,144,Black,4Q3/8/1K6/8/P1P5/8/8/6k1 b - - 15 77,g1f2,2,-31993,0,g1f1,g1h1,1,5
sprt_game_3,77,144,Black,4Q3/8/1K6/8/P1P5/8/8/6k1 b - - 15 77,g1f1,3,-31993,0,g1f1,g1h1,1,5
sprt_game_3,77,144,Black,4Q3/8/1K6/8/P1P5/8/8/6k1 b - - 15 77,g1h2,4,-31994,1,g1f1,g1h1,1,5
sprt_game_3,77,144,Black,4Q3/8/1K6/8/P1P5/8/8/6k1 b - - 15 77,g1h1,5,-31994,1,g1f1,g1h1,1,5
sprt_game_3,79,148,Black,8/8/1K2Q3/8/P1P5/8/8/5k2 b - - 19 79,f1f2,1,-31992,0,f1g2,f1f2,1,3
sprt_game_3,79,148,Black,8/8/1K2Q3/8/P1P5/8/8/5k2 b - - 19 79,f1g2,2,-31993,1,f1g2,f1f2,1,3
sprt_game_3,79,148,Black,8/8/1K2Q3/8/P1P5/8/8/5k2 b - - 19 79,f1g1,3,-31993,1,f1g2,f1f2,1,3
sprt_game_3,80,150,Black,8/8/1K2Q3/2P5/P7/8/5k2/8 b - - 0 80,f2g3,1,-31993,0,f2f1,f2g2,1,5
sprt_game_3,80,150,Black,8/8/1K2Q3/2P5/P7/8/5k2/8 b - - 0 80,f2f3,2,-31993,0,f2f1,f2g2,1,5
sprt_game_3,80,150,Black,8/8/1K2Q3/2P5/P7/8/5k2/8 b - - 0 80,f2g2,3,-31993,0,f2f1,f2g2,1,5
sprt_game_3,80,150,Black,8/8/1K2Q3/2P5/P7/8/5k2/8 b - - 0 80,f2g1,4,-31993,0,f2f1,f2g2,1,5
sprt_game_3,80,150,Black,8/8/1K2Q3/2P5/P7/8/5k2/8 b - - 0 80,f2f1,5,-31993,0,f2f1,f2g2,1,5
sprt_game_3,81,152,Black,8/1K6/4Q3/2P5/P7/8/8/6k1 b - - 2 81,g1g2,1,-31992,0,g1f2,g1h2,1,5
sprt_game_3,81,152,Black,8/1K6/4Q3/2P5/P7/8/8/6k1 b - - 2 81,g1f2,2,-31992,0,g1f2,g1h2,1,5
sprt_game_3,81,152,Black,8/1K6/4Q3/2P5/P7/8/8/6k1 b - - 2 81,g1h2,3,-31993,1,g1f2,g1h2,1,5
sprt_game_3,81,152,Black,8/1K6/4Q3/2P5/P7/8/8/6k1 b - - 2 81,g1h1,4,-31995,3,g1f2,g1h2,1,5
sprt_game_3,81,152,Black,8/1K6/4Q3/2P5/P7/8/8/6k1 b - - 2 81,g1f1,5,-31995,3,g1f2,g1h2,1,5
sprt_game_3,82,154,Black,8/1K6/1Q6/2P5/P7/8/7k/8 b - - 4 82,h2g3,1,-2343,0,h2h1,h2g1,1,5
sprt_game_3,82,154,Black,8/1K6/1Q6/2P5/P7/8/7k/8 b - - 4 82,h2h3,2,-31994,29651,h2h1,h2g1,1,5
sprt_game_3,82,154,Black,8/1K6/1Q6/2P5/P7/8/7k/8 b - - 4 82,h2g2,3,-31994,29651,h2h1,h2g1,1,5
sprt_game_3,82,154,Black,8/1K6/1Q6/2P5/P7/8/7k/8 b - - 4 82,h2h1,4,-31995,29652,h2h1,h2g1,1,5
sprt_game_3,82,154,Black,8/1K6/1Q6/2P5/P7/8/7k/8 b - - 4 82,h2g1,5,-31995,29652,h2h1,h2g1,1,5
sprt_game_3,84,158,Black,8/1K6/1QP5/P7/8/8/8/6k1 b - - 0 84,g1h2,1,-31996,0,g1h1,g1h2,1,4
sprt_game_3,84,158,Black,8/1K6/1QP5/P7/8/8/8/6k1 b - - 0 84,g1g2,2,-31996,0,g1h1,g1h2,1,4
sprt_game_3,84,158,Black,8/1K6/1QP5/P7/8/8/8/6k1 b - - 0 84,g1h1,3,-31996,0,g1h1,g1h2,1,4
sprt_game_3,84,158,Black,8/1K6/1QP5/P7/8/8/8/6k1 b - - 0 84,g1f1,4,-31996,0,g1h1,g1h2,1,4
sprt_game_3,86,162,Black,2Q5/1K6/1Q6/P7/8/6k1/8/8 b - - 0 86,g3f4,1,-31997,0,g3f3,g3f4,1,5
sprt_game_3,86,162,Black,2Q5/1K6/1Q6/P7/8/6k1/8/8 b - - 0 86,g3f3,2,-31997,0,g3f3,g3f4,1,5
sprt_game_3,86,162,Black,2Q5/1K6/1Q6/P7/8/6k1/8/8 b - - 0 86,g3h4,3,-31998,1,g3f3,g3f4,1,5
sprt_game_3,86,162,Black,2Q5/1K6/1Q6/P7/8/6k1/8/8 b - - 0 86,g3h2,4,-31998,1,g3f3,g3f4,1,5
sprt_game_3,86,162,Black,2Q5/1K6/1Q6/P7/8/6k1/8/8 b - - 0 86,g3g2,5,-31998,1,g3f3,g3f4,1,5
sprt_game_4,15,14,Black,r3r1k1/pp1nnpb1/6p1/q1pp1bPp/3P1P2/1PN1P2P/P2QN1BK/R1B2R2 b - - 3 15,c5d4,1,97,0,a5b6,a5a6,2,47
sprt_game_4,15,14,Black,r3r1k1/pp1nnpb1/6p1/q1pp1bPp/3P1P2/1PN1P2P/P2QN1BK/R1B2R2 b - - 3 15,a8c8,2,90,7,a5b6,a5a6,2,47
sprt_game_4,15,14,Black,r3r1k1/pp1nnpb1/6p1/q1pp1bPp/3P1P2/1PN1P2P/P2QN1BK/R1B2R2 b - - 3 15,a5b4,3,83,14,a5b6,a5a6,2,47
sprt_game_4,15,14,Black,r3r1k1/pp1nnpb1/6p1/q1pp1bPp/3P1P2/1PN1P2P/P2QN1BK/R1B2R2 b - - 3 15,a5a6,4,82,15,a5b6,a5a6,2,47
sprt_game_4,15,14,Black,r3r1k1/pp1nnpb1/6p1/q1pp1bPp/3P1P2/1PN1P2P/P2QN1BK/R1B2R2 b - - 3 15,g8h7,5,69,28,a5b6,a5a6,2,47
sprt_game_4,15,14,Black,r3r1k1/pp1nnpb1/6p1/q1pp1bPp/3P1P2/1PN1P2P/P2QN1BK/R1B2R2 b - - 3 15,a5b6,6,69,28,a5b6,a5a6,2,47
sprt_game_4,15,14,Black,r3r1k1/pp1nnpb1/6p1/q1pp1bPp/3P1P2/1PN1P2P/P2QN1BK/R1B2R2 b - - 3 15,a5c7,7,43,54,a5b6,a5a6,2,47
sprt_game_4,15,14,Black,r3r1k1/pp1nnpb1/6p1/q1pp1bPp/3P1P2/1PN1P2P/P2QN1BK/R1B2R2 b - - 3 15,b7b6,8,36,61,a5b6,a5a6,2,47
sprt_game_4,15,14,Black,r3r1k1/pp1nnpb1/6p1/q1pp1bPp/3P1P2/1PN1P2P/P2QN1BK/R1B2R2 b - - 3 15,a5d8,9,32,65,a5b6,a5a6,2,47
sprt_game_4,15,14,Black,r3r1k1/pp1nnpb1/6p1/q1pp1bPp/3P1P2/1PN1P2P/P2QN1BK/R1B2R2 b - - 3 15,g8h8,10,22,75,a5b6,a5a6,2,47
sprt_game_4,15,14,Black,r3r1k1/pp1nnpb1/6p1/q1pp1bPp/3P1P2/1PN1P2P/P2QN1BK/R1B2R2 b - - 3 15,d7f8,11,12,85,a5b6,a5a6,2,47
sprt_game_4,15,14,Black,r3r1k1/pp1nnpb1/6p1/q1pp1bPp/3P1P2/1PN1P2P/P2QN1BK/R1B2R2 b - - 3 15,d7b6,12,5,92,a5b6,a5a6,2,47
sprt_game_4,15,14,Black,r3r1k1/pp1nnpb1/6p1/q1pp1bPp/3P1P2/1PN1P2P/P2QN1BK/R1B2R2 b - - 3 15,g8f8,13,-3,100,a5b6,a5a6,2,47
sprt_game_4,15,14,Black,r3r1k1/pp1nnpb1/6p1/q1pp1bPp/3P1P2/1PN1P2P/P2QN1BK/R1B2R2 b - - 3 15,h5h4,14,-7,104,a5b6,a5a6,2,47
sprt_game_4,15,14,Black,r3r1k1/pp1nnpb1/6p1/q1pp1bPp/3P1P2/1PN1P2P/P2QN1BK/R1B2R2 b - - 3 15,d7b8,15,-9,106,a5b6,a5a6,2,47
sprt_game_4,15,14,Black,r3r1k1/pp1nnpb1/6p1/q1pp1bPp/3P1P2/1PN1P2P/P2QN1BK/R1B2R2 b - - 3 15,a8d8,16,-23,120,a5b6,a5a6,2,47
sprt_game_4,15,14,Black,r3r1k1/pp1nnpb1/6p1/q1pp1bPp/3P1P2/1PN1P2P/P2QN1BK/R1B2R2 b - - 3 15,e7c6,17,-24,121,a5b6,a5a6,2,47
sprt_game_4,15,14,Black,r3r1k1/pp1nnpb1/6p1/q1pp1bPp/3P1P2/1PN1P2P/P2QN1BK/R1B2R2 b - - 3 15,g7h8,18,-28,125,a5b6,a5a6,2,47
sprt_game_4,15,14,Black,r3r1k1/pp1nnpb1/6p1/q1pp1bPp/3P1P2/1PN1P2P/P2QN1BK/R1B2R2 b - - 3 15,a8b8,19,-32,129,a5b6,a5a6,2,47
sprt_game_4,15,14,Black,r3r1k1/pp1nnpb1/6p1/q1pp1bPp/3P1P2/1PN1P2P/P2QN1BK/R1B2R2 b - - 3 15,a7a6,20,-35,132,a5b6,a5a6,2,47
sprt_game_4,15,14,Black,r3r1k1/pp1nnpb1/6p1/q1pp1bPp/3P1P2/1PN1P2P/P2QN1BK/R1B2R2 b - - 3 15,f5e6,21,-44,141,a5b6,a5a6,2,47
sprt_game_4,15,14,Black,r3r1k1/pp1nnpb1/6p1/q1pp1bPp/3P1P2/1PN1P2P/P2QN1BK/R1B2R2 b - - 3 15,g7f8,22,-78,175,a5b6,a5a6,2,47
sprt_game_4,15,14,Black,r3r1k1/pp1nnpb1/6p1/q1pp1bPp/3P1P2/1PN1P2P/P2QN1BK/R1B2R2 b - - 3 15,b7b5,23,-92,189,a5b6,a5a6,2,47
sprt_game_4,15,14,Black,r3r1k1/pp1nnpb1/6p1/q1pp1bPp/3P1P2/1PN1P2P/P2QN1BK/R1B2R2 b - - 3 15,f7f6,24,-100,197,a5b6,a5a6,2,47
sprt_game_4,15,14,Black,r3r1k1/pp1nnpb1/6p1/q1pp1bPp/3P1P2/1PN1P2P/P2QN1BK/R1B2R2 b - - 3 15,c5c4,25,-120,217,a5b6,a5a6,2,47
sprt_game_4,15,14,Black,r3r1k1/pp1nnpb1/6p1/q1pp1bPp/3P1P2/1PN1P2P/P2QN1BK/R1B2R2 b - - 3 15,e7c8,26,-172,269,a5b6,a5a6,2,47
sprt_game_4,15,14,Black,r3r1k1/pp1nnpb1/6p1/q1pp1bPp/3P1P2/1PN1P2P/P2QN1BK/R1B2R2 b - - 3 15,e8c8,27,-248,345,a5b6,a5a6,2,47
sprt_game_4,15,14,Black,r3r1k1/pp1nnpb1/6p1/q1pp1bPp/3P1P2/1PN1P2P/P2QN1BK/R1B2R2 b - - 3 15,e8b8,28,-264,361,a5b6,a5a6,2,47
sprt_game_4,15,14,Black,r3r1k1/pp1nnpb1/6p1/q1pp1bPp/3P1P2/1PN1P2P/P2QN1BK/R1B2R2 b - - 3 15,f5e4,29,-266,363,a5b6,a5a6,2,47
sprt_game_4,15,14,Black,r3r1k1/pp1nnpb1/6p1/q1pp1bPp/3P1P2/1PN1P2P/P2QN1BK/R1B2R2 b - - 3 15,e8f8,30,-268,365,a5b6,a5a6,2,47
sprt_game_4,15,14,Black,r3r1k1/pp1nnpb1/6p1/q1pp1bPp/3P1P2/1PN1P2P/P2QN1BK/R1B2R2 b - - 3 15,g7d4,31,-321,418,a5b6,a5a6,2,47
sprt_game_4,15,14,Black,r3r1k1/pp1nnpb1/6p1/q1pp1bPp/3P1P2/1PN1P2P/P2QN1BK/R1B2R2 b - - 3 15,f5g4,32,-324,421,a5b6,a5a6,2,47
sprt_game_4,15,14,Black,r3r1k1/pp1nnpb1/6p1/q1pp1bPp/3P1P2/1PN1P2P/P2QN1BK/R1B2R2 b - - 3 15,e8d8,33,-325,422,a5b6,a5a6,2,47
sprt_game_4,15,14,Black,r3r1k1/pp1nnpb1/6p1/q1pp1bPp/3P1P2/1PN1P2P/P2QN1BK/R1B2R2 b - - 3 15,f5c2,34,-326,423,a5b6,a5a6,2,47
sprt_game_4,15,14,Black,r3r1k1/pp1nnpb1/6p1/q1pp1bPp/3P1P2/1PN1P2P/P2QN1BK/R1B2R2 b - - 3 15,f5h3,35,-328,425,a5b6,a5a6,2,47
sprt_game_4,15,14,Black,r3r1k1/pp1nnpb1/6p1/q1pp1bPp/3P1P2/1PN1P2P/P2QN1BK/R1B2R2 b - - 3 15,d7e5,36,-372,469,a5b6,a5a6,2,47
sprt_game_4,15,14,Black,r3r1k1/pp1nnpb1/6p1/q1pp1bPp/3P1P2/1PN1P2P/P2QN1BK/R1B2R2 b - - 3 15,f5b1,37,-372,469,a5b6,a5a6,2,47
sprt_game_4,15,14,Black,r3r1k1/pp1nnpb1/6p1/q1pp1bPp/3P1P2/1PN1P2P/P2QN1BK/R1B2R2 b - - 3 15,f5d3,38,-381,478,a5b6,a5a6,2,47
sprt_game_4,15,14,Black,r3r1k1/pp1nnpb1/6p1/q1pp1bPp/3P1P2/1PN1P2P/P2QN1BK/R1B2R2 b - - 3 15,g7h6,39,-415,512,a5b6,a5a6,2,47
sprt_game_4,15,14,Black,r3r1k1/pp1nnpb1/6p1/q1pp1bPp/3P1P2/1PN1P2P/P2QN1BK/R1B2R2 b - - 3 15,a5c3,40,-418,515,a5b6,a5a6,2,47
sprt_game_4,15,14,Black,r3r1k1/pp1nnpb1/6p1/q1pp1bPp/3P1P2/1PN1P2P/P2QN1BK/R1B2R2 b - - 3 15,d7f6,41,-435,532,a5b6,a5a6,2,47
sprt_game_4,15,14,Black,r3r1k1/pp1nnpb1/6p1/q1pp1bPp/3P1P2/1PN1P2P/P2QN1BK/R1B2R2 b - - 3 15,g7f6,42,-456,553,a5b6,a5a6,2,47
sprt_game_4,15,14,Black,r3r1k1/pp1nnpb1/6p1/q1pp1bPp/3P1P2/1PN1P2P/P2QN1BK/R1B2R2 b - - 3 15,g7e5,43,-460,557,a5b6,a5a6,2,47
sprt_game_4,15,14,Black,r3r1k1/pp1nnpb1/6p1/q1pp1bPp/3P1P2/1PN1P2P/P2QN1BK/R1B2R2 b - - 3 15,a5a4,44,-573,670,a5b6,a5a6,2,47
sprt_game_4,15,14,Black,r3r1k1/pp1nnpb1/6p1/q1pp1bPp/3P1P2/1PN1P2P/P2QN1BK/R1B2R2 b - - 3 15,a5b5,45,-612,709,a5b6,a5a6,2,47
sprt_game_4,15,14,Black,r3r1k1/pp1nnpb1/6p1/q1pp1bPp/3P1P2/1PN1P2P/P2QN1BK/R1B2R2 b - - 3 15,a5a2,46,-624,721,a5b6,a5a6,2,47
sprt_game_4,15,14,Black,r3r1k1/pp1nnpb1/6p1/q1pp1bPp/3P1P2/1PN1P2P/P2QN1BK/R1B2R2 b - - 3 15,a5a3,47,-656,753,a5b6,a5a6,2,47
sprt_game_4,16,16,Black,r3r1k1/pp1nnpb1/q5p1/2pp1bPp/3P1P2/1PN1P2P/PB1QN1BK/R4R2 b - - 5 16,a8d8,1,84,0,f5d3,a8d8,2,49
sprt_game_4,16,16,Black,r3r1k1/pp1nnpb1/q5p1/2pp1bPp/3P1P2/1PN1P2P/PB1QN1BK/R4R2 b - - 5 16,f5e6,2,59,25,f5d3,a8d8,2,49
sprt_game_4,16,16,Black,r3r1k1/pp1nnpb1/q5p1/2pp1bPp/3P1P2/1PN1P2P/PB1QN1BK/R4R2 b - - 5 16,a8c8,3,58,26,f5d3,a8d8,2,49
sprt_game_4,16,16,Black,r3r1k1/pp1nnpb1/q5p1/2pp1bPp/3P1P2/1PN1P2P/PB1QN1BK/R4R2 b - - 5 16,h5h4,4,54,30,f5d3,a8d8,2,49
sprt_game_4,16,16,Black,r3r1k1/pp1nnpb1/q5p1/2pp1bPp/3P1P2/1PN1P2P/PB1QN1BK/R4R2 b - - 5 16,f5d3,5,49,35,f5d3,a8d8,2,49
sprt_game_4,16,16,Black,r3r1k1/pp1nnpb1/q5p1/2pp1bPp/3P1P2/1PN1P2P/PB1QN1BK/R4R2 b - - 5 16,a8b8,6,44,40,f5d3,a8d8,2,49
sprt_game_4,16,16,Black,r3r1k1/pp1nnpb1/q5p1/2pp1bPp/3P1P2/1PN1P2P/PB1QN1BK/R4R2 b - - 5 16,c5d4,7,25,59,f5d3,a8d8,2,49
sprt_game_4,16,16,Black,r3r1k1/pp1nnpb1/q5p1/2pp1bPp/3P1P2/1PN1P2P/PB1QN1BK/R4R2 b - - 5 16,c5c4,8,24,60,f5d3,a8d8,2,49
sprt_game_4,16,16,Black,r3r1k1/pp1nnpb1/q5p1/2pp1bPp/3P1P2/1PN1P2P/PB1QN1BK/R4R2 b - - 5 16,b7b5,9,23,61,f5d3,a8d8,2,49
sprt_game_4,16,16,Black,r3r1k1/pp1nnpb1/q5p1/2pp1bPp/3P1P2/1PN1P2P/PB1QN1BK/R4R2 b - - 5 16,a6a5,10,15,69,f5d3,a8d8,2,49
sprt_game_4,16,16,Black,r3r1k1/pp1nnpb1/q5p1/2pp1bPp/3P1P2/1PN1P2P/PB1QN1BK/R4R2 b - - 5 16,g7h8,11,-2,86,f5d3,a8d8,2,49
sprt_game_4,16,16,Black,r3r1k1/pp1nnpb1/q5p1/2pp1bPp/3P1P2/1PN1P2P/PB1QN1BK/R4R2 b - - 5 16,a6d6,12,-15,99,f5d3,a8d8,2,49
sprt_game_4,16,16,Black,r3r1k1/pp1nnpb1/q5p1/2pp1bPp/3P1P2/1PN1P2P/PB1QN1BK/R4R2 b - - 5 16,a6e6,13,-18,102,f5d3,a8d8,2,49
sprt_game_4,16,16,Black,r3r1k1/pp1nnpb1/q5p1/2pp1bPp/3P1P2/1PN1P2P/PB1QN1BK/R4R2 b - - 5 16,g8f8,14,-19,103,f5d3,a8d8,2,49
sprt_game_4,16,16,Black,r3r1k1/pp1nnpb1/q5p1/2pp1bPp/3P1P2/1PN1P2P/PB1QN1BK/R4R2 b - - 5 16,a6b6,15,-19,103,f5d3,a8d8,2,49
sprt_game_4,16,16,Black,r3r1k1/pp1nnpb1/q5p1/2pp1bPp/3P1P2/1PN1P2P/PB1QN1BK/R4R2 b - - 5 16,b7b6,16,-19,103,f5d3,a8d8,2,49
sprt_game_4,16,16,Black,r3r1k1/pp1nnpb1/q5p1/2pp1bPp/3P1P2/1PN1P2P/PB1QN1BK/R4R2 b - - 5 16,a6c6,17,-20,104,f5d3,a8d8,2,49
sprt_game_4,16,16,Black,r3r1k1/pp1nnpb1/q5p1/2pp1bPp/3P1P2/1PN1P2P/PB1QN1BK/R4R2 b - - 5 16,g8h7,18,-23,107,f5d3,a8d8,2,49
sprt_game_4,16,16,Black,r3r1k1/pp1nnpb1/q5p1/2pp1bPp/3P1P2/1PN1P2P/PB1QN1BK/R4R2 b - - 5 16,d7f8,19,-31,115,f5d3,a8d8,2,49
sprt_game_4,16,16,Black,r3r1k1/pp1nnpb1/q5p1/2pp1bPp/3P1P2/1PN1P2P/PB1QN1BK/R4R2 b - - 5 16,a6d3,20,-41,125,f5d3,a8d8,2,49
sprt_game_4,16,16,Black,r3r1k1/pp1nnpb1/q5p1/2pp1bPp/3P1P2/1PN1P2P/PB1QN1BK/R4R2 b - - 5 16,f5e4,21,-41,125,f5d3,a8d8,2,49
sprt_game_4,16,16,Black,r3r1k1/pp1nnpb1/q5p1/2pp1bPp/3P1P2/1PN1P2P/PB1QN1BK/R4R2 b - - 5 16,e8d8,22,-44,128,f5d3,a8d8,2,49
sprt_game_4,16,16,Black,r3r1k1/pp1nnpb1/q5p1/2pp1bPp/3P1P2/1PN1P2P/PB1QN1BK/R4R2 b - - 5 16,e8f8,23,-52,136,f5d3,a8d8,2,49
sprt_game_4,16,16,Black,r3r1k1/pp1nnpb1/q5p1/2pp1bPp/3P1P2/1PN1P2P/PB1QN1BK/R4R2 b - - 5 16,e8c8,24,-59,143,f5d3,a8d8,2,49
sprt_game_4,16,16,Black,r3r1k1/pp1nnpb1/q5p1/2pp1bPp/3P1P2/1PN1P2P/PB1QN1BK/R4R2 b - - 5 16,d7b8,25,-64,148,f5d3,a8d8,2,49
sprt_game_4,16,16,Black,r3r1k1/pp1nnpb1/q5p1/2pp1bPp/3P1P2/1PN1P2P/PB1QN1BK/R4R2 b - - 5 16,g7f8,26,-68,152,f5d3,a8d8,2,49
sprt_game_4,16,16,Black,r3r1k1/pp1nnpb1/q5p1/2pp1bPp/3P1P2/1PN1P2P/PB1QN1BK/R4R2 b - - 5 16,e8b8,27,-78,162,f5d3,a8d8,2,49
sprt_game_4,16,16,Black,r3r1k1/pp1nnpb1/q5p1/2pp1bPp/3P1P2/1PN1P2P/PB1QN1BK/R4R2 b - - 5 16,g8h8,28,-79,163,f5d3,a8d8,2,49
sprt_game_4,16,16,Black,r3r1k1/pp1nnpb1/q5p1/2pp1bPp/3P1P2/1PN1P2P/PB1QN1BK/R4R2 b - - 5 16,d7b6,29,-113,197,f5d3,a8d8,2,49
sprt_game_4,16,16,Black,r3r1k1/pp1nnpb1/q5p1/2pp1bPp/3P1P2/1PN1P2P/PB1QN1BK/R4R2 b - - 5 16,e7c6,30,-130,214,f5d3,a8d8,2,49
sprt_game_4,16,16,Black,r3r1k1/pp1nnpb1/q5p1/2pp1bPp/3P1P2/1PN1P2P/PB1QN1BK/R4R2 b - - 5 16,f7f6,31,-148,232,f5d3,a8d8,2,49
sprt_game_4,16,16,Black,r3r1k1/pp1nnpb1/q5p1/2pp1bPp/3P1P2/1PN1P2P/PB1QN1BK/R4R2 b - - 5 16,e7c8,32,-278,362,f5d3,a8d8,2,49
sprt_game_4,16,16,Black,r3r1k1/pp1nnpb1/q5p1/2pp1bPp/3P1P2/1PN1P2P/PB1QN1BK/R4R2 b - - 5 16,f5g4,33,-294,378,f5d3,a8d8,2,49
sprt_game_4,16,16,Black,r3r1k1/pp1nnpb1/q5p1/2pp1bPp/3P1P2/1PN1P2P/PB1QN1BK/R4R2 b - - 5 16,f5c2,34,-300,384,f5d3,a8d8,2,49
sprt_game_4,16,16,Black,r3r1k1/pp1nnpb1/q5p1/2pp1bPp/3P1P2/1PN1P2P/PB1QN1BK/R4R2 b - - 5 16,f5h3,35,-316,400,f5d3,a8d8,2,49
sprt_game_4,16,16,Black,r3r1k1/pp1nnpb1/q5p1/2pp1bPp/3P1P2/1PN1P2P/PB1QN1BK/R4R2 b - - 5 16,g7d4,36,-319,403,f5d3,a8d8,2,49
sprt_game_4,16,16,Black,r3r1k1/pp1nnpb1/q5p1/2pp1bPp/3P1P2/1PN1P2P/PB1QN1BK/R4R2 b - - 5 16,d7f6,37,-354,438,f5d3,a8d8,2,49
sprt_game_4,16,16,Black,r3r1k1/pp1nnpb1/q5p1/2pp1bPp/3P1P2/1PN1P2P/PB1QN1BK/R4R2 b - - 5 16,f5b1,38,-371,455,f5d3,a8d8,2,49
sprt_game_4,16,16,Black,r3r1k1/pp1nnpb1/q5p1/2pp1bPp/3P1P2/1PN1P2P/PB1QN1BK/R4R2 b - - 5 16,d7e5,39,-378,462,f5d3,a8d8,2,49
sprt_game_4,16,16,Black,r3r1k1/pp1nnpb1/q5p1/2pp1bPp/3P1P2/1PN1P2P/PB1QN1BK/R4R2 b - - 5 16,g7h6,40,-397,481,f5d3,a8d8,2,49
sprt_game_4,16,16,Black,r3r1k1/pp1nnpb1/q5p1/2pp1bPp/3P1P2/1PN1P2P/PB1QN1BK/R4R2 b - - 5 16,g7f6,41,-440,524,f5d3,a8d8,2,49
sprt_game_4,16,16,Black,r3r1k1/pp1nnpb1/q5p1/2pp1bPp/3P1P2/1PN1P2P/PB1QN1BK/R4R2 b - - 5 16,g7e5,42,-456,540,f5d3,a8d8,2,49
sprt_game_4,16,16,Black,r3r1k1/pp1nnpb1/q5p1/2pp1bPp/3P1P2/1PN1P2P/PB1QN1BK/R4R2 b - - 5 16,a6e2,43,-463,547,f5d3,a8d8,2,49
sprt_game_4,16,16,Black,r3r1k1/pp1nnpb1/q5p1/2pp1bPp/3P1P2/1PN1P2P/PB1QN1BK/R4R2 b - - 5 16,a6f6,44,-587,671,f5d3,a8d8,2,49
sprt_game_4,16,16,Black,r3r1k1/pp1nnpb1/q5p1/2pp1bPp/3P1P2/1PN1P2P/PB1QN1BK/R4R2 b - - 5 16,a6a2,45,-604,688,f5d3,a8d8,2,49
sprt_game_4,16,16,Black,r3r1k1/pp1nnpb1/q5p1/2pp1bPp/3P1P2/1PN1P2P/PB1QN1BK/R4R2 b - - 5 16,a6c4,46,-617,701,f5d3,a8d8,2,49
sprt_game_4,16,16,Black,r3r1k1/pp1nnpb1/q5p1/2pp1bPp/3P1P2/1PN1P2P/PB1QN1BK/R4R2 b - - 5 16,a6a4,47,-638,722,f5d3,a8d8,2,49
sprt_game_4,16,16,Black,r3r1k1/pp1nnpb1/q5p1/2pp1bPp/3P1P2/1PN1P2P/PB1QN1BK/R4R2 b - - 5 16,a6a3,48,-665,749,f5d3,a8d8,2,49
sprt_game_4,16,16,Black,r3r1k1/pp1nnpb1/q5p1/2pp1bPp/3P1P2/1PN1P2P/PB1QN1BK/R4R2 b - - 5 16,a6b5,49,-677,761,f5d3,a8d8,2,49
sprt_game_4,23,30,Black,3rr1k1/pp3pb1/q5p1/6Pp/3NbP2/1P2P2P/PB1Q1R1K/2R5 b - - 1 23,b7b5,1,119,0,d8d7,a6b6,2,48
sprt_game_4,23,30,Black,3rr1k1/pp3pb1/q5p1/6Pp/3NbP2/1P2P2P/PB1Q1R1K/2R5 b - - 1 23,d8d7,2,110,9,d8d7,a6b6,2,48
sprt_game_4,23,30,Black,3rr1k1/pp3pb1/q5p1/6Pp/3NbP2/1P2P2P/PB1Q1R1K/2R5 b - - 1 23,e4c6,3,105,14,d8d7,a6b6,2,48
sprt_game_4,23,30,Black,3rr1k1/pp3pb1/q5p1/6Pp/3NbP2/1P2P2P/PB1Q1R1K/2R5 b - - 1 23,a6b6,4,104,15,d8d7,a6b6,2,48
sprt_game_4,23,30,Black,3rr1k1/pp3pb1/q5p1/6Pp/3NbP2/1P2P2P/PB1Q1R1K/2R5 b - - 1 23,e4d5,5,103,16,d8d7,a6b6,2,48
sprt_game_4,23,30,Black,3rr1k1/pp3pb1/q5p1/6Pp/3NbP2/1P2P2P/PB1Q1R1K/2R5 b - - 1 23,a6d6,6,102,17,d8d7,a6b6,2,48
sprt_game_4,23,30,Black,3rr1k1/pp3pb1/q5p1/6Pp/3NbP2/1P2P2P/PB1Q1R1K/2R5 b - - 1 23,g8h7,7,101,18,d8d7,a6b6,2,48
sprt_game_4,23,30,Black,3rr1k1/pp3pb1/q5p1/6Pp/3NbP2/1P2P2P/PB1Q1R1K/2R5 b - - 1 23,e4f5,8,95,24,d8d7,a6b6,2,48
sprt_game_4,23,30,Black,3rr1k1/pp3pb1/q5p1/6Pp/3NbP2/1P2P2P/PB1Q1R1K/2R5 b - - 1 23,b7b6,9,95,24,d8d7,a6b6,2,48
sprt_game_4,23,30,Black,3rr1k1/pp3pb1/q5p1/6Pp/3NbP2/1P2P2P/PB1Q1R1K/2R5 b - - 1 23,e8e7,10,87,32,d8d7,a6b6,2,48
sprt_game_4,23,30,Black,3rr1k1/pp3pb1/q5p1/6Pp/3NbP2/1P2P2P/PB1Q1R1K/2R5 b - - 1 23,g8h8,11,81,38,d8d7,a6b6,2,48
sprt_game_4,23,30,Black,3rr1k1/pp3pb1/q5p1/6Pp/3NbP2/1P2P2P/PB1Q1R1K/2R5 b - - 1 23,e8f8,12,75,44,d8d7,a6b6,2,48
sprt_game_4,23,30,Black,3rr1k1/pp3pb1/q5p1/6Pp/3NbP2/1P2P2P/PB1Q1R1K/2R5 b - - 1 23,e4d3,13,75,44,d8d7,a6b6,2,48
sprt_game_4,23,30,Black,3rr1k1/pp3pb1/q5p1/6Pp/3NbP2/1P2P2P/PB1Q1R1K/2R5 b - - 1 23,g8f8,14,74,45,d8d7,a6b6,2,48
sprt_game_4,23,30,Black,3rr1k1/pp3pb1/q5p1/6Pp/3NbP2/1P2P2P/PB1Q1R1K/2R5 b - - 1 23,e8e6,15,74,45,d8d7,a6b6,2,48
sprt_game_4,23,30,Black,3rr1k1/pp3pb1/q5p1/6Pp/3NbP2/1P2P2P/PB1Q1R1K/2R5 b - - 1 23,g7f8,16,74,45,d8d7,a6b6,2,48
sprt_game_4,23,30,Black,3rr1k1/pp3pb1/q5p1/6Pp/3NbP2/1P2P2P/PB1Q1R1K/2R5 b - - 1 23,d8d6,17,69,50,d8d7,a6b6,2,48
sprt_game_4,23,30,Black,3rr1k1/pp3pb1/q5p1/6Pp/3NbP2/1P2P2P/PB1Q1R1K/2R5 b - - 1 23,g7h8,18,66,53,d8d7,a6b6,2,48
sprt_game_4,23,30,Black,3rr1k1/pp3pb1/q5p1/6Pp/3NbP2/1P2P2P/PB1Q1R1K/2R5 b - - 1 23,d8d5,19,63,56,d8d7,a6b6,2,48
sprt_game_4,23,30,Black,3rr1k1/pp3pb1/q5p1/6Pp/3NbP2/1P2P2P/PB1Q1R1K/2R5 b - - 1 23,d8b8,20,60,59,d8d7,a6b6,2,48
sprt_game_4,23,30,Black,3rr1k1/pp3pb1/q5p1/6Pp/3NbP2/1P2P2P/PB1Q1R1K/2R5 b - - 1 23,d8a8,21,59,60,d8d7,a6b6,2,48
sprt_game_4,23,30,Black,3rr1k1/pp3pb1/q5p1/6Pp/3NbP2/1P2P2P/PB1Q1R1K/2R5 b - - 1 23,d8c8,22,52,67,d8d7,a6b6,2,48
sprt_game_4,23,30,Black,3rr1k1/pp3pb1/q5p1/6Pp/3NbP2/1P2P2P/PB1Q1R1K/2R5 b - - 1 23,h5h4,23,43,76,d8d7,a6b6,2,48
sprt_game_4,23,30,Black,3rr1k1/pp3pb1/q5p1/6Pp/3NbP2/1P2P2P/PB1Q1R1K/2R5 b - - 1 23,a6d3,24,25,94,d8d7,a6b6,2,48
sprt_game_4,23,30,Black,3rr1k1/pp3pb1/q5p1/6Pp/3NbP2/1P2P2P/PB1Q1R1K/2R5 b - - 1 23,e4f3,25,0,119,d8d7,a6b6,2,48
sprt_game_4,23,30,Black,3rr1k1/pp3pb1/q5p1/6Pp/3NbP2/1P2P2P/PB1Q1R1K/2R5 b - - 1 23,g7d4,26,-33,152,d8d7,a6b6,2,48
sprt_game_4,23,30,Black,3rr1k1/pp3pb1/q5p1/6Pp/3NbP2/1P2P2P/PB1Q1R1K/2R5 b - - 1 23,f7f5,27,-46,165,d8d7,a6b6,2,48
sprt_game_4,23,30,Black,3rr1k1/pp3pb1/q5p1/6Pp/3NbP2/1P2P2P/PB1Q1R1K/2R5 b - - 1 23,f7f6,28,-68,187,d8d7,a6b6,2,48
sprt_game_4,23,30,Black,3rr1k1/pp3pb1/q5p1/6Pp/3NbP2/1P2P2P/PB1Q1R1K/2R5 b - - 1 23,a6a2,29,-185,304,d8d7,a6b6,2,48
sprt_game_4,23,30,Black,3rr1k1/pp3pb1/q5p1/6Pp/3NbP2/1P2P2P/PB1Q1R1K/2R5 b - - 1 23,d8d4,30,-258,377,d8d7,a6b6,2,48
sprt_game_4,23,30,Black,3rr1k1/pp3pb1/q5p1/6Pp/3NbP2/1P2P2P/PB1Q1R1K/2R5 b - - 1 23,e8e5,31,-273,392,d8d7,a6b6,2,48
sprt_game_4,23,30,Black,3rr1k1/pp3pb1/q5p1/6Pp/3NbP2/1P2P2P/PB1Q1R1K/2R5 b - - 1 23,a6c6,32,-356,475,d8d7,a6b6,2,48
sprt_game_4,23,30,Black,3rr1k1/pp3pb1/q5p1/6Pp/3NbP2/1P2P2P/PB1Q1R1K/2R5 b - - 1 23,e4g2,33,-357,476,d8d7,a6b6,2,48
sprt_game_4,23,30,Black,3rr1k1/pp3pb1/q5p1/6Pp/3NbP2/1P2P2P/PB1Q1R1K/2R5 b - - 1 23,e4b1,34,-367,486,d8d7,a6b6,2,48
sprt_game_4,23,30,Black,3rr1k1/pp3pb1/q5p1/6Pp/3NbP2/1P2P2P/PB1Q1R1K/2R5 b - - 1 23,g7f6,35,-368,487,d8d7,a6b6,2,48
sprt_game_4,23,30,Black,3rr1k1/pp3pb1/q5p1/6Pp/3NbP2/1P2P2P/PB1Q1R1K/2R5 b - - 1 23,e4h1,36,-377,496,d8d7,a6b6,2,48
sprt_game_4,23,30,Black,3rr1k1/pp3pb1/q5p1/6Pp/3NbP2/1P2P2P/PB1Q1R1K/2R5 b - - 1 23,e4c2,37,-386,505,d8d7,a6b6,2,48
sprt_game_4,23,30,Black,3rr1k1/pp3pb1/q5p1/6Pp/3NbP2/1P2P2P/PB1Q1R1K/2R5 b - - 1 23,g7e5,38,-400,519,d8d7,a6b6,2,48
sprt_game_4,23,30,Black,3rr1k1/pp3pb1/q5p1/6Pp/3NbP2/1P2P2P/PB1Q1R1K/2R5 b - - 1 23,g7h6,39,-419,538,d8d7,a6b6,2,48
sprt_game_4,23,30,Black,3rr1k1/pp3pb1/q5p1/6Pp/3NbP2/1P2P2P/PB1Q1R1K/2R5 b - - 1 23,a6e6,40,-442,561,d8d7,a6b6,2,48
sprt_game_4,23,30,Black,3rr1k1/pp3pb1/q5p1/6Pp/3NbP2/1P2P2P/PB1Q1R1K/2R5 b - - 1 23,a6f6,41,-536,655,d8d7,a6b6,2,48
sprt_game_4,23,30,Black,3rr1k1/pp3pb1/q5p1/6Pp/3NbP2/1P2P2P/PB1Q1R1K/2R5 b - - 1 23,a6b5,42,-543,662,d8d7,a6b6,2,48
sprt_game_4,23,30,Black,3rr1k1/pp3pb1/q5p1/6Pp/3NbP2/1P2P2P/PB1Q1R1K/2R5 b - - 1 23,a6a4,43,-572,691,d8d7,a6b6,2,48
sprt_game_4,23,30,Black,3rr1k1/pp3pb1/q5p1/6Pp/3NbP2/1P2P2P/PB1Q1R1K/2R5 b - - 1 23,a6a5,44,-581,700,d8d7,a6b6,2,48
sprt_game_4,23,30,Black,3rr1k1/pp3pb1/q5p1/6Pp/3NbP2/1P2P2P/PB1Q1R1K/2R5 b - - 1 23,a6c4,45,-582,701,d8d7,a6b6,2,48
sprt_game_4,23,30,Black,3rr1k1/pp3pb1/q5p1/6Pp/3NbP2/1P2P2P/PB1Q1R1K/2R5 b - - 1 23,a6a3,46,-585,704,d8d7,a6b6,2,48
sprt_game_4,23,30,Black,3rr1k1/pp3pb1/q5p1/6Pp/3NbP2/1P2P2P/PB1Q1R1K/2R5 b - - 1 23,a6f1,47,-591,710,d8d7,a6b6,2,48
sprt_game_4,23,30,Black,3rr1k1/pp3pb1/q5p1/6Pp/3NbP2/1P2P2P/PB1Q1R1K/2R5 b - - 1 23,a6e2,48,-593,712,d8d7,a6b6,2,48
sprt_game_4,25,34,Black,4r1k1/pp1r1pb1/q5p1/3b2Pp/PP1N1P2/4P2P/1B1Q1R1K/2R5 b - - 0 25,a6b6,1,109,0,b7b6,d5e4,2,49
sprt_game_4,25,34,Black,4r1k1/pp1r1pb1/q5p1/3b2Pp/PP1N1P2/4P2P/1B1Q1R1K/2R5 b - - 0 25,h5h4,2,98,11,b7b6,d5e4,2,49
sprt_game_4,25,34,Black,4r1k1/pp1r1pb1/q5p1/3b2Pp/PP1N1P2/4P2P/1B1Q1R1K/2R5 b - - 0 25,d5e4,3,87,22,b7b6,d5e4,2,49
sprt_game_4,25,34,Black,4r1k1/pp1r1pb1/q5p1/3b2Pp/PP1N1P2/4P2P/1B1Q1R1K/2R5 b - - 0 25,g8h7,4,74,35,b7b6,d5e4,2,49
sprt_game_4,25,34,Black,4r1k1/pp1r1pb1/q5p1/3b2Pp/PP1N1P2/4P2P/1B1Q1R1K/2R5 b - - 0 25,g7h8,5,65,44,b7b6,d5e4,2,49
sprt_game_4,25,34,Black,4r1k1/pp1r1pb1/q5p1/3b2Pp/PP1N1P2/4P2P/1B1Q1R1K/2R5 b - - 0 25,d7d8,6,65,44,b7b6,d5e4,2,49
sprt_game_4,25,34,Black,4r1k1/pp1r1pb1/q5p1/3b2Pp/PP1N1P2/4P2P/1B1Q1R1K/2R5 b - - 0 25,d5b3,7,61,48,b7b6,d5e4,2,49
sprt_game_4,25,34,Black,4r1k1/pp1r1pb1/q5p1/3b2Pp/PP1N1P2/4P2P/1B1Q1R1K/2R5 b - - 0 25,b7b6,8,58,51,b7b6,d5e4,2,49
sprt_game_4,25,34,Black,4r1k1/pp1r1pb1/q5p1/3b2Pp/PP1N1P2/4P2P/1B1Q1R1K/2R5 b - - 0 25,d5a2,9,56,53,b7b6,d5e4,2,49
sprt_game_4,25,34,Black,4r1k1/pp1r1pb1/q5p1/3b2Pp/PP1N1P2/4P2P/1B1Q1R1K/2R5 b - - 0 25,e8d8,10,50,59,b7b6,d5e4,2,49
sprt_game_4,25,34,Black,4r1k1/pp1r1pb1/q5p1/3b2Pp/PP1N1P2/4P2P/1B1Q1R1K/2R5 b - - 0 25,e8b8,11,30,79,b7b6,d5e4,2,49
sprt_game_4,25,34,Black,4r1k1/pp1r1pb1/q5p1/3b2Pp/PP1N1P2/4P2P/1B1Q1R1K/2R5 b - - 0 25,e8a8,12,25,84,b7b6,d5e4,2,49
sprt_game_4,25,34,Black,4r1k1/pp1r1pb1/q5p1/3b2Pp/PP1N1P2/4P2P/1B1Q1R1K/2R5 b - - 0 25,b7b5,13,25,84,b7b6,d5e4,2,49
sprt_game_4,25,34,Black,4r1k1/pp1r1pb1/q5p1/3b2Pp/PP1N1P2/4P2P/1B1Q1R1K/2R5 b - - 0 25,e8f8,14,19,90,b7b6,d5e4,2,49
sprt_game_4,25,34,Black,4r1k1/pp1r1pb1/q5p1/3b2Pp/PP1N1P2/4P2P/1B1Q1R1K/2R5 b - - 0 25,d5e6,15,19,90,b7b6,d5e4,2,49
sprt_game_4,25,34,Black,4r1k1/pp1r1pb1/q5p1/3b2Pp/PP1N1P2/4P2P/1B1Q1R1K/2R5 b - - 0 25,a6d6,16,0,109,b7b6,d5e4,2,49
sprt_game_4,25,34,Black,4r1k1/pp1r1pb1/q5p1/3b2Pp/PP1N1P2/4P2P/1B1Q1R1K/2R5 b - - 0 25,d7e7,17,-7,116,b7b6,d5e4,2,49
sprt_game_4,25,34,Black,4r1k1/pp1r1pb1/q5p1/3b2Pp/PP1N1P2/4P2P/1B1Q1R1K/2R5 b - - 0 25,g8f8,18,-15,124,b7b6,d5e4,2,49
sprt_game_4,25,34,Black,4r1k1/pp1r1pb1/q5p1/3b2Pp/PP1N1P2/4P2P/1B1Q1R1K/2R5 b - - 0 25,f7f5,19,-31,140,b7b6,d5e4,2,49
sprt_game_4,25,34,Black,4r1k1/pp1r1pb1/q5p1/3b2Pp/PP1N1P2/4P2P/1B1Q1R1K/2R5 b - - 0 25,g8h8,20,-57,166,b7b6,d5e4,2,49
sprt_game_4,25,34,Black,4r1k1/pp1r1pb1/q5p1/3b2Pp/PP1N1P2/4P2P/1B1Q1R1K/2R5 b - - 0 25,e8e7,21,-83,192,b7b6,d5e4,2,49
sprt_game_4,25,34,Black,4r1k1/pp1r1pb1/q5p1/3b2Pp/PP1N1P2/4P2P/1B1Q1R1K/2R5 b - - 0 25,f7f6,22,-93,202,b7b6,d5e4,2,49
sprt_game_4,25,34,Black,4r1k1/pp1r1pb1/q5p1/3b2Pp/PP1N1P2/4P2P/1B1Q1R1K/2R5 b - - 0 25,e8e4,23,-165,274,b7b6,d5e4,2,49
sprt_game_4,25,34,Black,4r1k1/pp1r1pb1/q5p1/3b2Pp/PP1N1P2/4P2P/1B1Q1R1K/2R5 b - - 0 25,g7f8,24,-170,279,b7b6,d5e4,2,49
sprt_game_4,25,34,Black,4r1k1/pp1r1pb1/q5p1/3b2Pp/PP1N1P2/4P2P/1B1Q1R1K/2R5 b - - 0 25,d5c4,25,-200,309,b7b6,d5e4,2,49
sprt_game_4,25,34,Black,4r1k1/pp1r1pb1/q5p1/3b2Pp/PP1N1P2/4P2P/1B1Q1R1K/2R5 b - - 0 25,d7d6,26,-214,323,b7b6,d5e4,2,49
sprt_game_4,25,34,Black,4r1k1/pp1r1pb1/q5p1/3b2Pp/PP1N1P2/4P2P/1B1Q1R1K/2R5 b - - 0 25,g7d4,27,-222,331,b7b6,d5e4,2,49
sprt_game_4,25,34,Black,4r1k1/pp1r1pb1/q5p1/3b2Pp/PP1N1P2/4P2P/1B1Q1R1K/2R5 b - - 0 25,a6a4,28,-291,400,b7b6,d5e4,2,49
sprt_game_4,25,34,Black,4r1k1/pp1r1pb1/q5p1/3b2Pp/PP1N1P2/4P2P/1B1Q1R1K/2R5 b - - 0 25,d5c6,29,-299,408,b7b6,d5e4,2,49
sprt_game_4,25,34,Black,4r1k1/pp1r1pb1/q5p1/3b2Pp/PP1N1P2/4P2P/1B1Q1R1K/2R5 b - - 0 25,e8e6,30,-304,413,b7b6,d5e4,2,49
sprt_game_4,25,34,Black,4r1k1/pp1r1pb1/q5p1/3b2Pp/PP1N1P2/4P2P/1B1Q1R1K/2R5 b - - 0 25,e8e5,31,-335,444,b7b6,d5e4,2,49
sprt_game_4,25,34,Black,4r1k1/pp1r1pb1/q5p1/3b2Pp/PP1N1P2/4P2P/1B1Q1R1K/2R5 b - - 0 25,d5h1,32,-336,445,b7b6,d5e4,2,49
sprt_game_4,25,34,Black,4r1k1/pp1r1pb1/q5p1/3b2Pp/PP1N1P2/4P2P/1B1Q1R1K/2R5 b - - 0 25,d5g2,33,-363,472,b7b6,d5e4,2,49
sprt_game_4,25,34,Black,4r1k1/pp1r1pb1/q5p1/3b2Pp/PP1N1P2/4P2P/1B1Q1R1K/2R5 b - - 0 25,d5f3,34,-380,489,b7b6,d5e4,2,49
sprt_game_4,25,34,Black,4r1k1/pp1r1pb1/q5p1/3b2Pp/PP1N1P2/4P2P/1B1Q1R1K/2R5 b - - 0 25,a6c4,35,-395,504,b7b6,d5e4,2,49
sprt_game_4,25,34,Black,4r1k1/pp1r1pb1/q5p1/3b2Pp/PP1N1P2/4P2P/1B1Q1R1K/2R5 b - - 0 25,g7f6,36,-403,512,b7b6,d5e4,2,49
sprt_game_4,25,34,Black,4r1k1/pp1r1pb1/q5p1/3b2Pp/PP1N1P2/4P2P/1B1Q1R1K/2R5 b - - 0 25,e8e3,37,-406,515,b7b6,d5e4,2,49
sprt_game_4,25,34,Black,4r1k1/pp1r1pb1/q5p1/3b2Pp/PP1N1P2/4P2P/1B1Q1R1K/2R5 b - - 0 25,a6e6,38,-414,523,b7b6,d5e4,2,49
sprt_game_4,25,34,Black,4r1k1/pp1r1pb1/q5p1/3b2Pp/PP1N1P2/4P2P/1B1Q1R1K/2R5 b - - 0 25,g7h6,39,-417,526,b7b6,d5e4,2,49
sprt_game_4,25,34,Black,4r1k1/pp1r1pb1/q5p1/3b2Pp/PP1N1P2/4P2P/1B1Q1R1K/2R5 b - - 0 25,g7e5,40,-442,551,b7b6,d5e4,2,49
sprt_game_4,25,34,Black,4r1k1/pp1r1pb1/q5p1/3b2Pp/PP1N1P2/4P2P/1B1Q1R1K/2R5 b - - 0 25,d7c7,41,-444,553,b7b6,d5e4,2,49
sprt_game_4,25,34,Black,4r1k1/pp1r1pb1/q5p1/3b2Pp/PP1N1P2/4P2P/1B1Q1R1K/2R5 b - - 0 25,e8c8,42,-459,568,b7b6,d5e4,2,49
sprt_game_4,25,34,Black,4r1k1/pp1r1pb1/q5p1/3b2Pp/PP1N1P2/4P2P/1B1Q1R1K/2R5 b - - 0 25,a6c6,43,-464,573,b7b6,d5e4,2,49
sprt_game_4,25,34,Black,4r1k1/pp1r1pb1/q5p1/3b2Pp/PP1N1P2/4P2P/1B1Q1R1K/2R5 b - - 0 25,a6d3,44,-588,697,b7b6,d5e4,2,49
sprt_game_4,25,34,Black,4r1k1/pp1r1pb1/q5p1/3b2Pp/PP1N1P2/4P2P/1B1Q1R1K/2R5 b - - 0 25,a6f1,45,-595,704,b7b6,d5e4,2,49
sprt_game_4,25,34,Black,4r1k1/pp1r1pb1/q5p1/3b2Pp/PP1N1P2/4P2P/1B1Q1R1K/2R5 b - - 0 25,a6e2,46,-605,714,b7b6,d5e4,2,49
sprt_game_4,25,34,Black,4r1k1/pp1r1pb1/q5p1/3b2Pp/PP1N1P2/4P2P/1B1Q1R1K/2R5 b - - 0 25,a6f6,47,-618,727,b7b6,d5e4,2,49
sprt_game_4,25,34,Black,4r1k1/pp1r1pb1/q5p1/3b2Pp/PP1N1P2/4P2P/1B1Q1R1K/2R5 b - - 0 25,a6b5,48,-629,738,b7b6,d5e4,2,49
sprt_game_4,25,34,Black,4r1k1/pp1r1pb1/q5p1/3b2Pp/PP1N1P2/4P2P/1B1Q1R1K/2R5 b - - 0 25,a6a5,49,-635,744,b7b6,d5e4,2,49
sprt_game_4,28,40,Black,4r1k1/pp3pb1/q5p1/P1P3Pp/3NbP2/4P2P/1B1Q1R1K/8 b - - 0 28,e8c8,1,103,0,a6c4,h5h4,2,42
sprt_game_4,28,40,Black,4r1k1/pp3pb1/q5p1/P1P3Pp/3NbP2/4P2P/1B1Q1R1K/8 b - - 0 28,h5h4,2,96,7,a6c4,h5h4,2,42
sprt_game_4,28,40,Black,4r1k1/pp3pb1/q5p1/P1P3Pp/3NbP2/4P2P/1B1Q1R1K/8 b - - 0 28,a6c4,3,94,9,a6c4,h5h4,2,42
sprt_game_4,28,40,Black,4r1k1/pp3pb1/q5p1/P1P3Pp/3NbP2/4P2P/1B1Q1R1K/8 b - - 0 28,e8d8,4,80,23,a6c4,h5h4,2,42
sprt_game_4,28,40,Black,4r1k1/pp3pb1/q5p1/P1P3Pp/3NbP2/4P2P/1B1Q1R1K/8 b - - 0 28,e8b8,5,33,70,a6c4,h5h4,2,42
sprt_game_4,28,40,Black,4r1k1/pp3pb1/q5p1/P1P3Pp/3NbP2/4P2P/1B1Q1R1K/8 b - - 0 28,e8f8,6,30,73,a6c4,h5h4,2,42
sprt_game_4,28,40,Black,4r1k1/pp3pb1/q5p1/P1P3Pp/3NbP2/4P2P/1B1Q1R1K/8 b - - 0 28,g8h7,7,22,81,a6c4,h5h4,2,42
sprt_game_4,28,40,Black,4r1k1/pp3pb1/q5p1/P1P3Pp/3NbP2/4P2P/1B1Q1R1K/8 b - - 0 28,e4d3,8,21,82,a6c4,h5h4,2,42
sprt_game_4,28,40,Black,4r1k1/pp3pb1/q5p1/P1P3Pp/3NbP2/4P2P/1B1Q1R1K/8 b - - 0 28,b7b6,9,17,86,a6c4,h5h4,2,42
sprt_game_4,28,40,Black,4r1k1/pp3pb1/q5p1/P1P3Pp/3NbP2/4P2P/1B1Q1R1K/8 b - - 0 28,e8a8,10,11,92,a6c4,h5h4,2,42
sprt_game_4,28,40,Black,4r1k1/pp3pb1/q5p1/P1P3Pp/3NbP2/4P2P/1B1Q1R1K/8 b - - 0 28,g8f8,11,3,100,a6c4,h5h4,2,42
sprt_game_4,28,40,Black,4r1k1/pp3pb1/q5p1/P1P3Pp/3NbP2/4P2P/1B1Q1R1K/8 b - - 0 28,g8h8,12,0,103,a6c4,h5h4,2,42
sprt_game_4,28,40,Black,4r1k1/pp3pb1/q5p1/P1P3Pp/3NbP2/4P2P/1B1Q1R1K/8 b - - 0 28,g7h8,13,0,103,a6c4,h5h4,2,42
sprt_game_4,28,40,Black,4r1k1/pp3pb1/q5p1/P1P3Pp/3NbP2/4P2P/1B1Q1R1K/8 b - - 0 28,a6d3,14,-11,114,a6c4,h5h4,2,42
sprt_game_4,28,40,Black,4r1k1/pp3pb1/q5p1/P1P3Pp/3NbP2/4P2P/1B1Q1R1K/8 b - - 0 28,e4b1,15,-31,134,a6c4,h5h4,2,42
sprt_game_4,28,40,Black,4r1k1/pp3pb1/q5p1/P1P3Pp/3NbP2/4P2P/1B1Q1R1K/8 b - - 0 28,e8e7,16,-32,135,a6c4,h5h4,2,42
sprt_game_4,28,40,Black,4r1k1/pp3pb1/q5p1/P1P3Pp/3NbP2/4P2P/1B1Q1R1K/8 b - - 0 28,e4c6,17,-37,140,a6c4,h5h4,2,42
sprt_game_4,28,40,Black,4r1k1/pp3pb1/q5p1/P1P3Pp/3NbP2/4P2P/1B1Q1R1K/8 b - - 0 28,g7f8,18,-44,147,a6c4,h5h4,2,42
sprt_game_4,28,40,Black,4r1k1/pp3pb1/q5p1/P1P3Pp/3NbP2/4P2P/1B1Q1R1K/8 b - - 0 28,b7b5,19,-48,151,a6c4,h5h4,2,42
sprt_game_4,28,40,Black,4r1k1/pp3pb1/q5p1/P1P3Pp/3NbP2/4P2P/1B1Q1R1K/8 b - - 0 28,f7f5,20,-59,162,a6c4,h5h4,2,42
sprt_game_4,28,40,Black,4r1k1/pp3pb1/q5p1/P1P3Pp/3NbP2/4P2P/1B1Q1R1K/8 b - - 0 28,e4d5,21,-105,208,a6c4,h5h4,2,42
sprt_game_4,28,40,Black,4r1k1/pp3pb1/q5p1/P1P3Pp/3NbP2/4P2P/1B1Q1R1K/8 b - - 0 28,f7f6,22,-124,227,a6c4,h5h4,2,42
sprt_game_4,28,40,Black,4r1k1/pp3pb1/q5p1/P1P3Pp/3NbP2/4P2P/1B1Q1R1K/8 b - - 0 28,e4f5,23,-323,426,a6c4,h5h4,2,42
sprt_game_4,28,40,Black,4r1k1/pp3pb1/q5p1/P1P3Pp/3NbP2/4P2P/1B1Q1R1K/8 b - - 0 28,e4c2,24,-351,454,a6c4,h5h4,2,42
sprt_game_4,28,40,Black,4r1k1/pp3pb1/q5p1/P1P3Pp/3NbP2/4P2P/1B1Q1R1K/8 b - - 0 28,g7f6,25,-359,462,a6c4,h5h4,2,42
sprt_game_4,28,40,Black,4r1k1/pp3pb1/q5p1/P1P3Pp/3NbP2/4P2P/1B1Q1R1K/8 b - - 0 28,e4h1,26,-376,479,a6c4,h5h4,2,42
sprt_game_4,28,40,Black,4r1k1/pp3pb1/q5p1/P1P3Pp/3NbP2/4P2P/1B1Q1R1K/8 b - - 0 28,e8e6,27,-396,499,a6c4,h5h4,2,42
sprt_game_4,28,40,Black,4r1k1/pp3pb1/q5p1/P1P3Pp/3NbP2/4P2P/1B1Q1R1K/8 b - - 0 28,e8e5,28,-406,509,a6c4,h5h4,2,42
sprt_game_4,28,40,Black,4r1k1/pp3pb1/q5p1/P1P3Pp/3NbP2/4P2P/1B1Q1R1K/8 b - - 0 28,e4f3,29,-413,516,a6c4,h5h4,2,42
sprt_game_4,28,40,Black,4r1k1/pp3pb1/q5p1/P1P3Pp/3NbP2/4P2P/1B1Q1R1K/8 b - - 0 28,e4g2,30,-421,524,a6c4,h5h4,2,42
sprt_game_4,28,40,Black,4r1k1/pp3pb1/q5p1/P1P3Pp/3NbP2/4P2P/1B1Q1R1K/8 b - - 0 28,g7h6,31,-444,547,a6c4,h5h4,2,42
sprt_game_4,28,40,Black,4r1k1/pp3pb1/q5p1/P1P3Pp/3NbP2/4P2P/1B1Q1R1K/8 b - - 0 28,g7e5,32,-486,589,a6c4,h5h4,2,42
sprt_game_4,28,40,Black,4r1k1/pp3pb1/q5p1/P1P3Pp/3NbP2/4P2P/1B1Q1R1K/8 b - - 0 28,g7d4,33,-508,611,a6c4,h5h4,2,42
sprt_game_4,28,40,Black,4r1k1/pp3pb1/q5p1/P1P3Pp/3NbP2/4P2P/1B1Q1R1K/8 b - - 0 28,a6a5,34,-573,676,a6c4,h5h4,2,42
sprt_game_4,28,40,Black,4r1k1/pp3pb1/q5p1/P1P3Pp/3NbP2/4P2P/1B1Q1R1K/8 b - - 0 28,a6f6,35,-591,694,a6c4,h5h4,2,42
sprt_game_4,28,40,Black,4r1k1/pp3pb1/q5p1/P1P3Pp/3NbP2/4P2P/1B1Q1R1K/8 b - - 0 28,a6f1,36,-601,704,a6c4,h5h4,2,42
sprt_game_4,28,40,Black,4r1k1/pp3pb1/q5p1/P1P3Pp/3NbP2/4P2P/1B1Q1R1K/8 b - - 0 28,a6e6,37,-621,724,a6c4,h5h4,2,42
sprt_game_4,28,40,Black,4r1k1/pp3pb1/q5p1/P1P3Pp/3NbP2/4P2P/1B1Q1R1K/8 b - - 0 28,a6e2,38,-634,737,a6c4,h5h4,2,42
sprt_game_4,28,40,Black,4r1k1/pp3pb1/q5p1/P1P3Pp/3NbP2/4P2P/1B1Q1R1K/8 b - - 0 28,a6b6,39,-647,750,a6c4,h5h4,2,42
sprt_game_4,28,40,Black,4r1k1/pp3pb1/q5p1/P1P3Pp/3NbP2/4P2P/1B1Q1R1K/8 b - - 0 28,a6d6,40,-662,765,a6c4,h5h4,2,42
sprt_game_4,28,40,Black,4r1k1/pp3pb1/q5p1/P1P3Pp/3NbP2/4P2P/1B1Q1R1K/8 b - - 0 28,a6c6,41,-676,779,a6c4,h5h4,2,42
sprt_game_4,28,40,Black,4r1k1/pp3pb1/q5p1/P1P3Pp/3NbP2/4P2P/1B1Q1R1K/8 b - - 0 28,a6b5,42,-738,841,a6c4,h5h4,2,42
sprt_game_4,32,48,Black,5bk1/ppr2p2/q5p1/P1P3Pp/4bP2/QN2P1KP/1B3R2/8 b - - 8 32,c7d7,1,115,0,e4d5,a6d3,2,36
sprt_game_4,32,48,Black,5bk1/ppr2p2/q5p1/P1P3Pp/4bP2/QN2P1KP/1B3R2/8 b - - 8 32,e4d5,2,86,29,e4d5,a6d3,2,36
sprt_game_4,32,48,Black,5bk1/ppr2p2/q5p1/P1P3Pp/4bP2/QN2P1KP/1B3R2/8 b - - 8 32,a6d3,3,70,45,e4d5,a6d3,2,36
sprt_game_4,32,48,Black,5bk1/ppr2p2/q5p1/P1P3Pp/4bP2/QN2P1KP/1B3R2/8 b - - 8 32,h5h4,4,-14,129,e4d5,a6d3,2,36
sprt_game_4,32,48,Black,5bk1/ppr2p2/q5p1/P1P3Pp/4bP2/QN2P1KP/1B3R2/8 b - - 8 32,a6e6,5,-19,134,e4d5,a6d3,2,36
sprt_game_4,32,48,Black,5bk1/ppr2p2/q5p1/P1P3Pp/4bP2/QN2P1KP/1B3R2/8 b - - 8 32,e4f5,6,-58,173,e4d5,a6d3,2,36
sprt_game_4,32,48,Black,5bk1/ppr2p2/q5p1/P1P3Pp/4bP2/QN2P1KP/1B3R2/8 b - - 8 32,f7f5,7,-69,184,e4d5,a6d3,2,36
sprt_game_4,32,48,Black,5bk1/ppr2p2/q5p1/P1P3Pp/4bP2/QN2P1KP/1B3R2/8 b - - 8 32,f7f6,8,-78,193,e4d5,a6d3,2,36
sprt_game_4,32,48,Black,5bk1/ppr2p2/q5p1/P1P3Pp/4bP2/QN2P1KP/1B3R2/8 b - - 8 32,e4h1,9,-82,197,e4d5,a6d3,2,36
sprt_game_4,32,48,Black,5bk1/ppr2p2/q5p1/P1P3Pp/4bP2/QN2P1KP/1B3R2/8 b - - 8 32,c7e7,10,-98,213,e4d5,a6d3,2,36
sprt_game_4,32,48,Black,5bk1/ppr2p2/q5p1/P1P3Pp/4bP2/QN2P1KP/1B3R2/8 b - - 8 32,e4d3,11,-103,218,e4d5,a6d3,2,36
sprt_game_4,32,48,Black,5bk1/ppr2p2/q5p1/P1P3Pp/4bP2/QN2P1KP/1B3R2/8 b - - 8 32,b7b5,12,-103,218,e4d5,a6d3,2,36
sprt_game_4,32,48,Black,5bk1/ppr2p2/q5p1/P1P3Pp/4bP2/QN2P1KP/1B3R2/8 b - - 8 32,a6b5,13,-105,220,e4d5,a6d3,2,36
sprt_game_4,32,48,Black,5bk1/ppr2p2/q5p1/P1P3Pp/4bP2/QN2P1KP/1B3R2/8 b - - 8 32,f8g7,14,-110,225,e4d5,a6d3,2,36
sprt_game_4,32,48,Black,5bk1/ppr2p2/q5p1/P1P3Pp/4bP2/QN2P1KP/1B3R2/8 b - - 8 32,e4c6,15,-118,233,e4d5,a6d3,2,36
sprt_game_4,32,48,Black,5bk1/ppr2p2/q5p1/P1P3Pp/4bP2/QN2P1KP/1B3R2/8 b - - 8 32,a6c6,16,-120,235,e4d5,a6d3,2,36
sprt_game_4,32,48,Black,5bk1/ppr2p2/q5p1/P1P3Pp/4bP2/QN2P1KP/1B3R2/8 b - - 8 32,e4b1,17,-150,265,e4d5,a6d3,2,36
sprt_game_4,32,48,Black,5bk1/ppr2p2/q5p1/P1P3Pp/4bP2/QN2P1KP/1B3R2/8 b - - 8 32,c7c8,18,-151,266,e4d5,a6d3,2,36
sprt_game_4,32,48,Black,5bk1/ppr2p2/q5p1/P1P3Pp/4bP2/QN2P1KP/1B3R2/8 b - - 8 32,c7c6,19,-179,294,e4d5,a6d3,2,36
sprt_game_4,32,48,Black,5bk1/ppr2p2/q5p1/P1P3Pp/4bP2/QN2P1KP/1B3R2/8 b - - 8 32,g8h7,20,-189,304,e4d5,a6d3,2,36
sprt_game_4,32,48,Black,5bk1/ppr2p2/q5p1/P1P3Pp/4bP2/QN2P1KP/1B3R2/8 b - - 8 32,a6c4,21,-223,338,e4d5,a6d3,2,36
sprt_game_4,32,48,Black,5bk1/ppr2p2/q5p1/P1P3Pp/4bP2/QN2P1KP/1B3R2/8 b - - 8 32,f8e7,22,-226,341,e4d5,a6d3,2,36
sprt_game_4,32,48,Black,5bk1/ppr2p2/q5p1/P1P3Pp/4bP2/QN2P1KP/1B3R2/8 b - - 8 32,b7b6,23,-240,355,e4d5,a6d3,2,36
sprt_game_4,32,48,Black,5bk1/ppr2p2/q5p1/P1P3Pp/4bP2/QN2P1KP/1B3R2/8 b - - 8 32,e4f3,24,-303,418,e4d5,a6d3,2,36
sprt_game_4,32,48,Black,5bk1/ppr2p2/q5p1/P1P3Pp/4bP2/QN2P1KP/1B3R2/8 b - - 8 32,e4c2,25,-331,446,e4d5,a6d3,2,36
sprt_game_4,32,48,Black,5bk1/ppr2p2/q5p1/P1P3Pp/4bP2/QN2P1KP/1B3R2/8 b - - 8 32,e4g2,26,-412,527,e4d5,a6d3,2,36
sprt_game_4,32,48,Black,5bk1/ppr2p2/q5p1/P1P3Pp/4bP2/QN2P1KP/1B3R2/8 b - - 8 32,c7c5,27,-467,582,e4d5,a6d3,2,36
sprt_game_4,32,48,Black,5bk1/ppr2p2/q5p1/P1P3Pp/4bP2/QN2P1KP/1B3R2/8 b - - 8 32,f8h6,28,-468,583,e4d5,a6d3,2,36
sprt_game_4,32,48,Black,5bk1/ppr2p2/q5p1/P1P3Pp/4bP2/QN2P1KP/1B3R2/8 b - - 8 32,f8c5,29,-508,623,e4d5,a6d3,2,36
sprt_game_4,32,48,Black,5bk1/ppr2p2/q5p1/P1P3Pp/4bP2/QN2P1KP/1B3R2/8 b - - 8 32,f8d6,30,-535,650,e4d5,a6d3,2,36
sprt_game_4,32,48,Black,5bk1/ppr2p2/q5p1/P1P3Pp/4bP2/QN2P1KP/1B3R2/8 b - - 8 32,a6f1,31,-605,720,e4d5,a6d3,2,36
sprt_game_4,32,48,Black,5bk1/ppr2p2/q5p1/P1P3Pp/4bP2/QN2P1KP/1B3R2/8 b - - 8 32,a6e2,32,-616,731,e4d5,a6d3,2,36
sprt_game_4,32,48,Black,5bk1/ppr2p2/q5p1/P1P3Pp/4bP2/QN2P1KP/1B3R2/8 b - - 8 32,a6f6,33,-629,744,e4d5,a6d3,2,36
sprt_game_4,32,48,Black,5bk1/ppr2p2/q5p1/P1P3Pp/4bP2/QN2P1KP/1B3R2/8 b - - 8 32,a6a5,34,-645,760,e4d5,a6d3,2,36
sprt_game_4,32,48,Black,5bk1/ppr2p2/q5p1/P1P3Pp/4bP2/QN2P1KP/1B3R2/8 b - - 8 32,a6b6,35,-655,770,e4d5,a6d3,2,36
sprt_game_4,32,48,Black,5bk1/ppr2p2/q5p1/P1P3Pp/4bP2/QN2P1KP/1B3R2/8 b - - 8 32,a6d6,36,-702,817,e4d5,a6d3,2,36
