log,fullmove,ply,side,fen,move,rank,score_cp,gap_cp,candidate_move,reference_move,round,legal_moves,target_oracle_moves,target_reference_moves,target_candidate_moves,target_worst_diff,target_hits
sprt_game_1,9,1,White,r2qk2r/p1pp2pp/bpn1p3/3n1p2/1b1P4/2N2NB1/PPPQPPPP/R3KB1R w KQkq - 0 9,e2e3,1,-89,0,g3c7,e2e3,5,35,,,,,
sprt_game_1,9,1,White,r2qk2r/p1pp2pp/bpn1p3/3n1p2/1b1P4/2N2NB1/PPPQPPPP/R3KB1R w KQkq - 0 9,a2a4,2,-98,9,g3c7,e2e3,5,35,,,,,
sprt_game_1,9,1,White,r2qk2r/p1pp2pp/bpn1p3/3n1p2/1b1P4/2N2NB1/PPPQPPPP/R3KB1R w KQkq - 0 9,a2a3,3,-108,19,g3c7,e2e3,5,35,,,,,
sprt_game_1,9,1,White,r2qk2r/p1pp2pp/bpn1p3/3n1p2/1b1P4/2N2NB1/PPPQPPPP/R3KB1R w KQkq - 0 9,h2h4,4,-121,32,g3c7,e2e3,5,35,,,,,
sprt_game_1,9,1,White,r2qk2r/p1pp2pp/bpn1p3/3n1p2/1b1P4/2N2NB1/PPPQPPPP/R3KB1R w KQkq - 0 9,g3f4,5,-136,47,g3c7,e2e3,5,35,,,,,
sprt_game_1,9,1,White,r2qk2r/p1pp2pp/bpn1p3/3n1p2/1b1P4/2N2NB1/PPPQPPPP/R3KB1R w KQkq - 0 9,h2h3,6,-141,52,g3c7,e2e3,5,35,,,,,
sprt_game_1,9,1,White,r2qk2r/p1pp2pp/bpn1p3/3n1p2/1b1P4/2N2NB1/PPPQPPPP/R3KB1R w KQkq - 0 9,e2e4,7,-141,52,g3c7,e2e3,5,35,,,,,
sprt_game_1,9,1,White,r2qk2r/p1pp2pp/bpn1p3/3n1p2/1b1P4/2N2NB1/PPPQPPPP/R3KB1R w KQkq - 0 9,f3e5,8,-142,53,g3c7,e2e3,5,35,,,,,
sprt_game_1,9,1,White,r2qk2r/p1pp2pp/bpn1p3/3n1p2/1b1P4/2N2NB1/PPPQPPPP/R3KB1R w KQkq - 0 9,h1g1,9,-155,66,g3c7,e2e3,5,35,,,,,
sprt_game_1,9,1,White,r2qk2r/p1pp2pp/bpn1p3/3n1p2/1b1P4/2N2NB1/PPPQPPPP/R3KB1R w KQkq - 0 9,g3h4,10,-163,74,g3c7,e2e3,5,35,,,,,
sprt_game_1,9,1,White,r2qk2r/p1pp2pp/bpn1p3/3n1p2/1b1P4/2N2NB1/PPPQPPPP/R3KB1R w KQkq - 0 9,a1b1,11,-172,83,g3c7,e2e3,5,35,,,,,
sprt_game_1,9,1,White,r2qk2r/p1pp2pp/bpn1p3/3n1p2/1b1P4/2N2NB1/PPPQPPPP/R3KB1R w KQkq - 0 9,g3e5,12,-174,85,g3c7,e2e3,5,35,,,,,
sprt_game_1,9,1,White,r2qk2r/p1pp2pp/bpn1p3/3n1p2/1b1P4/2N2NB1/PPPQPPPP/R3KB1R w KQkq - 0 9,f3g1,13,-182,93,g3c7,e2e3,5,35,,,,,
sprt_game_1,9,1,White,r2qk2r/p1pp2pp/bpn1p3/3n1p2/1b1P4/2N2NB1/PPPQPPPP/R3KB1R w KQkq - 0 9,e1d1,14,-195,106,g3c7,e2e3,5,35,,,,,
sprt_game_1,9,1,White,r2qk2r/p1pp2pp/bpn1p3/3n1p2/1b1P4/2N2NB1/PPPQPPPP/R3KB1R w KQkq - 0 9,f3g5,15,-200,111,g3c7,e2e3,5,35,,,,,
sprt_game_1,9,1,White,r2qk2r/p1pp2pp/bpn1p3/3n1p2/1b1P4/2N2NB1/PPPQPPPP/R3KB1R w KQkq - 0 9,a1d1,16,-201,112,g3c7,e2e3,5,35,,,,,
sprt_game_1,9,1,White,r2qk2r/p1pp2pp/bpn1p3/3n1p2/1b1P4/2N2NB1/PPPQPPPP/R3KB1R w KQkq - 0 9,a1c1,17,-202,113,g3c7,e2e3,5,35,,,,,
sprt_game_1,9,1,White,r2qk2r/p1pp2pp/bpn1p3/3n1p2/1b1P4/2N2NB1/PPPQPPPP/R3KB1R w KQkq - 0 9,f3h4,18,-293,204,g3c7,e2e3,5,35,,,,,
sprt_game_1,9,1,White,r2qk2r/p1pp2pp/bpn1p3/3n1p2/1b1P4/2N2NB1/PPPQPPPP/R3KB1R w KQkq - 0 9,e1c1,19,-309,220,g3c7,e2e3,5,35,,,,,
sprt_game_1,9,1,White,r2qk2r/p1pp2pp/bpn1p3/3n1p2/1b1P4/2N2NB1/PPPQPPPP/R3KB1R w KQkq - 0 9,d2c1,20,-379,290,g3c7,e2e3,5,35,,,,,
sprt_game_1,9,1,White,r2qk2r/p1pp2pp/bpn1p3/3n1p2/1b1P4/2N2NB1/PPPQPPPP/R3KB1R w KQkq - 0 9,d2d1,21,-400,311,g3c7,e2e3,5,35,,,,,
sprt_game_1,9,1,White,r2qk2r/p1pp2pp/bpn1p3/3n1p2/1b1P4/2N2NB1/PPPQPPPP/R3KB1R w KQkq - 0 9,d2g5,22,-464,375,g3c7,e2e3,5,35,,,,,
sprt_game_1,9,1,White,r2qk2r/p1pp2pp/bpn1p3/3n1p2/1b1P4/2N2NB1/PPPQPPPP/R3KB1R w KQkq - 0 9,c3d5,23,-491,402,g3c7,e2e3,5,35,,,,,
sprt_game_1,9,1,White,r2qk2r/p1pp2pp/bpn1p3/3n1p2/1b1P4/2N2NB1/PPPQPPPP/R3KB1R w KQkq - 0 9,g3d6,24,-522,433,g3c7,e2e3,5,35,,,,,
sprt_game_1,9,1,White,r2qk2r/p1pp2pp/bpn1p3/3n1p2/1b1P4/2N2NB1/PPPQPPPP/R3KB1R w KQkq - 0 9,g3c7,25,-534,445,g3c7,e2e3,5,35,,,,,
sprt_game_1,9,1,White,r2qk2r/p1pp2pp/bpn1p3/3n1p2/1b1P4/2N2NB1/PPPQPPPP/R3KB1R w KQkq - 0 9,c3b1,26,-559,470,g3c7,e2e3,5,35,,,,,
sprt_game_1,9,1,White,r2qk2r/p1pp2pp/bpn1p3/3n1p2/1b1P4/2N2NB1/PPPQPPPP/R3KB1R w KQkq - 0 9,c3e4,27,-563,474,g3c7,e2e3,5,35,,,,,
sprt_game_1,9,1,White,r2qk2r/p1pp2pp/bpn1p3/3n1p2/1b1P4/2N2NB1/PPPQPPPP/R3KB1R w KQkq - 0 9,d2f4,28,-563,474,g3c7,e2e3,5,35,,,,,
sprt_game_1,9,1,White,r2qk2r/p1pp2pp/bpn1p3/3n1p2/1b1P4/2N2NB1/PPPQPPPP/R3KB1R w KQkq - 0 9,d2e3,29,-596,507,g3c7,e2e3,5,35,,,,,
sprt_game_1,9,1,White,r2qk2r/p1pp2pp/bpn1p3/3n1p2/1b1P4/2N2NB1/PPPQPPPP/R3KB1R w KQkq - 0 9,c3a4,30,-612,523,g3c7,e2e3,5,35,,,,,
sprt_game_1,9,1,White,r2qk2r/p1pp2pp/bpn1p3/3n1p2/1b1P4/2N2NB1/PPPQPPPP/R3KB1R w KQkq - 0 9,c3d1,31,-622,533,g3c7,e2e3,5,35,,,,,
sprt_game_1,9,1,White,r2qk2r/p1pp2pp/bpn1p3/3n1p2/1b1P4/2N2NB1/PPPQPPPP/R3KB1R w KQkq - 0 9,b2b3,32,-651,562,g3c7,e2e3,5,35,,,,,
sprt_game_1,9,1,White,r2qk2r/p1pp2pp/bpn1p3/3n1p2/1b1P4/2N2NB1/PPPQPPPP/R3KB1R w KQkq - 0 9,c3b5,33,-673,584,g3c7,e2e3,5,35,,,,,
sprt_game_1,9,1,White,r2qk2r/p1pp2pp/bpn1p3/3n1p2/1b1P4/2N2NB1/PPPQPPPP/R3KB1R w KQkq - 0 9,d2d3,34,-677,588,g3c7,e2e3,5,35,,,,,
sprt_game_1,9,1,White,r2qk2r/p1pp2pp/bpn1p3/3n1p2/1b1P4/2N2NB1/PPPQPPPP/R3KB1R w KQkq - 0 9,d2h6,35,-679,590,g3c7,e2e3,5,35,,,,,
sprt_game_1,11,5,White,r2qk2r/p1pp2pp/1pn1p3/3n1p2/3P4/2P1PNB1/P1PQ1PPP/R3Kb1R w KQkq - 0 11,e1f1,1,-83,0,h1f1,e1f1,5,27,,,,,
sprt_game_1,11,5,White,r2qk2r/p1pp2pp/1pn1p3/3n1p2/3P4/2P1PNB1/P1PQ1PPP/R3Kb1R w KQkq - 0 11,h1f1,2,-84,1,h1f1,e1f1,5,27,,,,,
sprt_game_1,11,5,White,r2qk2r/p1pp2pp/1pn1p3/3n1p2/3P4/2P1PNB1/P1PQ1PPP/R3Kb1R w KQkq - 0 11,g3h4,3,-178,95,h1f1,e1f1,5,27,,,,,
sprt_game_1,11,5,White,r2qk2r/p1pp2pp/1pn1p3/3n1p2/3P4/2P1PNB1/P1PQ1PPP/R3Kb1R w KQkq - 0 11,e3e4,4,-437,354,h1f1,e1f1,5,27,,,,,
sprt_game_1,11,5,White,r2qk2r/p1pp2pp/1pn1p3/3n1p2/3P4/2P1PNB1/P1PQ1PPP/R3Kb1R w KQkq - 0 11,f3e5,5,-441,358,h1f1,e1f1,5,27,,,,,
sprt_game_1,11,5,White,r2qk2r/p1pp2pp/1pn1p3/3n1p2/3P4/2P1PNB1/P1PQ1PPP/R3Kb1R w KQkq - 0 11,h1g1,6,-460,377,h1f1,e1f1,5,27,,,,,
sprt_game_1,11,5,White,r2qk2r/p1pp2pp/1pn1p3/3n1p2/3P4/2P1PNB1/P1PQ1PPP/R3Kb1R w KQkq - 0 11,c3c4,7,-478,395,h1f1,e1f1,5,27,,,,,
sprt_game_1,11,5,White,r2qk2r/p1pp2pp/1pn1p3/3n1p2/3P4/2P1PNB1/P1PQ1PPP/R3Kb1R w KQkq - 0 11,a1d1,8,-499,416,h1f1,e1f1,5,27,,,,,
sprt_game_1,11,5,White,r2qk2r/p1pp2pp/1pn1p3/3n1p2/3P4/2P1PNB1/P1PQ1PPP/R3Kb1R w KQkq - 0 11,f3h4,9,-506,423,h1f1,e1f1,5,27,,,,,
sprt_game_1,11,5,White,r2qk2r/p1pp2pp/1pn1p3/3n1p2/3P4/2P1PNB1/P1PQ1PPP/R3Kb1R w KQkq - 0 11,d2d1,10,-524,441,h1f1,e1f1,5,27,,,,,
sprt_game_1,11,5,White,r2qk2r/p1pp2pp/1pn1p3/3n1p2/3P4/2P1PNB1/P1PQ1PPP/R3Kb1R w KQkq - 0 11,d2c1,11,-526,443,h1f1,e1f1,5,27,,,,,
sprt_game_1,11,5,White,r2qk2r/p1pp2pp/1pn1p3/3n1p2/3P4/2P1PNB1/P1PQ1PPP/R3Kb1R w KQkq - 0 11,e1c1,12,-539,456,h1f1,e1f1,5,27,,,,,
sprt_game_1,11,5,White,r2qk2r/p1pp2pp/1pn1p3/3n1p2/3P4/2P1PNB1/P1PQ1PPP/R3Kb1R w KQkq - 0 11,a2a3,13,-540,457,h1f1,e1f1,5,27,,,,,
sprt_game_1,11,5,White,r2qk2r/p1pp2pp/1pn1p3/3n1p2/3P4/2P1PNB1/P1PQ1PPP/R3Kb1R w KQkq - 0 11,g3e5,14,-553,470,h1f1,e1f1,5,27,,,,,
sprt_game_1,11,5,White,r2qk2r/p1pp2pp/1pn1p3/3n1p2/3P4/2P1PNB1/P1PQ1PPP/R3Kb1R w KQkq - 0 11,f3g5,15,-553,470,h1f1,e1f1,5,27,,,,,
sprt_game_1,11,5,White,r2qk2r/p1pp2pp/1pn1p3/3n1p2/3P4/2P1PNB1/P1PQ1PPP/R3Kb1R w KQkq - 0 11,a2a4,16,-553,470,h1f1,e1f1,5,27,,,,,
sprt_game_1,11,5,White,r2qk2r/p1pp2pp/1pn1p3/3n1p2/3P4/2P1PNB1/P1PQ1PPP/R3Kb1R w KQkq - 0 11,g3c7,17,-555,472,h1f1,e1f1,5,27,,,,,
sprt_game_1,11,5,White,r2qk2r/p1pp2pp/1pn1p3/3n1p2/3P4/2P1PNB1/P1PQ1PPP/R3Kb1R w KQkq - 0 11,a1c1,18,-563,480,h1f1,e1f1,5,27,,,,,
sprt_game_1,11,5,White,r2qk2r/p1pp2pp/1pn1p3/3n1p2/3P4/2P1PNB1/P1PQ1PPP/R3Kb1R w KQkq - 0 11,h2h3,19,-568,485,h1f1,e1f1,5,27,,,,,
sprt_game_1,11,5,White,r2qk2r/p1pp2pp/1pn1p3/3n1p2/3P4/2P1PNB1/P1PQ1PPP/R3Kb1R w KQkq - 0 11,a1b1,20,-577,494,h1f1,e1f1,5,27,,,,,
sprt_game_1,11,5,White,r2qk2r/p1pp2pp/1pn1p3/3n1p2/3P4/2P1PNB1/P1PQ1PPP/R3Kb1R w KQkq - 0 11,g3f4,21,-583,500,h1f1,e1f1,5,27,,,,,
sprt_game_1,11,5,White,r2qk2r/p1pp2pp/1pn1p3/3n1p2/3P4/2P1PNB1/P1PQ1PPP/R3Kb1R w KQkq - 0 11,e1d1,22,-594,511,h1f1,e1f1,5,27,,,,,
sprt_game_1,11,5,White,r2qk2r/p1pp2pp/1pn1p3/3n1p2/3P4/2P1PNB1/P1PQ1PPP/R3Kb1R w KQkq - 0 11,h2h4,23,-608,525,h1f1,e1f1,5,27,,,,,
sprt_game_1,11,5,White,r2qk2r/p1pp2pp/1pn1p3/3n1p2/3P4/2P1PNB1/P1PQ1PPP/R3Kb1R w KQkq - 0 11,f3g1,24,-627,544,h1f1,e1f1,5,27,,,,,
sprt_game_1,11,5,White,r2qk2r/p1pp2pp/1pn1p3/3n1p2/3P4/2P1PNB1/P1PQ1PPP/R3Kb1R w KQkq - 0 11,g3d6,25,-657,574,h1f1,e1f1,5,27,,,,,
sprt_game_1,11,5,White,r2qk2r/p1pp2pp/1pn1p3/3n1p2/3P4/2P1PNB1/P1PQ1PPP/R3Kb1R w KQkq - 0 11,d2d3,26,-705,622,h1f1,e1f1,5,27,,,,,
sprt_game_1,11,5,White,r2qk2r/p1pp2pp/1pn1p3/3n1p2/3P4/2P1PNB1/P1PQ1PPP/R3Kb1R w KQkq - 0 11,d2e2,27,-791,708,h1f1,e1f1,5,27,,,,,
sprt_game_1,12,7,White,r2qk2r/p1pp2pp/1pn1pn2/5p2/3P4/2P1PNB1/P1PQ1PPP/R4K1R w kq - 1 12,g3h4,1,-67,0,f3g5,g3h4,5,30,,,,,
sprt_game_1,12,7,White,r2qk2r/p1pp2pp/1pn1pn2/5p2/3P4/2P1PNB1/P1PQ1PPP/R4K1R w kq - 1 12,f3e5,2,-96,29,f3g5,g3h4,5,30,,,,,
sprt_game_1,12,7,White,r2qk2r/p1pp2pp/1pn1pn2/5p2/3P4/2P1PNB1/P1PQ1PPP/R4K1R w kq - 1 12,f1g1,3,-104,37,f3g5,g3h4,5,30,,,,,
sprt_game_1,12,7,White,r2qk2r/p1pp2pp/1pn1pn2/5p2/3P4/2P1PNB1/P1PQ1PPP/R4K1R w kq - 1 12,d2d3,4,-105,38,f3g5,g3h4,5,30,,,,,
sprt_game_1,12,7,White,r2qk2r/p1pp2pp/1pn1pn2/5p2/3P4/2P1PNB1/P1PQ1PPP/R4K1R w kq - 1 12,a1d1,5,-109,42,f3g5,g3h4,5,30,,,,,
sprt_game_1,12,7,White,r2qk2r/p1pp2pp/1pn1pn2/5p2/3P4/2P1PNB1/P1PQ1PPP/R4K1R w kq - 1 12,h2h3,6,-110,43,f3g5,g3h4,5,30,,,,,
sprt_game_1,12,7,White,r2qk2r/p1pp2pp/1pn1pn2/5p2/3P4/2P1PNB1/P1PQ1PPP/R4K1R w kq - 1 12,h2h4,7,-111,44,f3g5,g3h4,5,30,,,,,
sprt_game_1,12,7,White,r2qk2r/p1pp2pp/1pn1pn2/5p2/3P4/2P1PNB1/P1PQ1PPP/R4K1R w kq - 1 12,a2a4,8,-114,47,f3g5,g3h4,5,30,,,,,
sprt_game_1,12,7,White,r2qk2r/p1pp2pp/1pn1pn2/5p2/3P4/2P1PNB1/P1PQ1PPP/R4K1R w kq - 1 12,c3c4,9,-118,51,f3g5,g3h4,5,30,,,,,
sprt_game_1,12,7,White,r2qk2r/p1pp2pp/1pn1pn2/5p2/3P4/2P1PNB1/P1PQ1PPP/R4K1R w kq - 1 12,a1b1,10,-120,53,f3g5,g3h4,5,30,,,,,
sprt_game_1,12,7,White,r2qk2r/p1pp2pp/1pn1pn2/5p2/3P4/2P1PNB1/P1PQ1PPP/R4K1R w kq - 1 12,d2e1,11,-124,57,f3g5,g3h4,5,30,,,,,
sprt_game_1,12,7,White,r2qk2r/p1pp2pp/1pn1pn2/5p2/3P4/2P1PNB1/P1PQ1PPP/R4K1R w kq - 1 12,a2a3,12,-126,59,f3g5,g3h4,5,30,,,,,
sprt_game_1,12,7,White,r2qk2r/p1pp2pp/1pn1pn2/5p2/3P4/2P1PNB1/P1PQ1PPP/R4K1R w kq - 1 12,d2e2,13,-127,60,f3g5,g3h4,5,30,,,,,
sprt_game_1,12,7,White,r2qk2r/p1pp2pp/1pn1pn2/5p2/3P4/2P1PNB1/P1PQ1PPP/R4K1R w kq - 1 12,a1e1,14,-127,60,f3g5,g3h4,5,30,,,,,
sprt_game_1,12,7,White,r2qk2r/p1pp2pp/1pn1pn2/5p2/3P4/2P1PNB1/P1PQ1PPP/R4K1R w kq - 1 12,a1c1,15,-129,62,f3g5,g3h4,5,30,,,,,
sprt_game_1,12,7,White,r2qk2r/p1pp2pp/1pn1pn2/5p2/3P4/2P1PNB1/P1PQ1PPP/R4K1R w kq - 1 12,f1e1,16,-130,63,f3g5,g3h4,5,30,,,,,
sprt_game_1,12,7,White,r2qk2r/p1pp2pp/1pn1pn2/5p2/3P4/2P1PNB1/P1PQ1PPP/R4K1R w kq - 1 12,f3g1,17,-134,67,f3g5,g3h4,5,30,,,,,
sprt_game_1,12,7,White,r2qk2r/p1pp2pp/1pn1pn2/5p2/3P4/2P1PNB1/P1PQ1PPP/R4K1R w kq - 1 12,d2d1,18,-135,68,f3g5,g3h4,5,30,,,,,
sprt_game_1,12,7,White,r2qk2r/p1pp2pp/1pn1pn2/5p2/3P4/2P1PNB1/P1PQ1PPP/R4K1R w kq - 1 12,f3e1,19,-139,72,f3g5,g3h4,5,30,,,,,
sprt_game_1,12,7,White,r2qk2r/p1pp2pp/1pn1pn2/5p2/3P4/2P1PNB1/P1PQ1PPP/R4K1R w kq - 1 12,g3f4,20,-140,73,f3g5,g3h4,5,30,,,,,
sprt_game_1,12,7,White,r2qk2r/p1pp2pp/1pn1pn2/5p2/3P4/2P1PNB1/P1PQ1PPP/R4K1R w kq - 1 12,f1e2,21,-141,74,f3g5,g3h4,5,30,,,,,
sprt_game_1,12,7,White,r2qk2r/p1pp2pp/1pn1pn2/5p2/3P4/2P1PNB1/P1PQ1PPP/R4K1R w kq - 1 12,h1g1,22,-142,75,f3g5,g3h4,5,30,,,,,
sprt_game_1,12,7,White,r2qk2r/p1pp2pp/1pn1pn2/5p2/3P4/2P1PNB1/P1PQ1PPP/R4K1R w kq - 1 12,g3e5,23,-149,82,f3g5,g3h4,5,30,,,,,
sprt_game_1,12,7,White,r2qk2r/p1pp2pp/1pn1pn2/5p2/3P4/2P1PNB1/P1PQ1PPP/R4K1R w kq - 1 12,d2c1,24,-150,83,f3g5,g3h4,5,30,,,,,
sprt_game_1,12,7,White,r2qk2r/p1pp2pp/1pn1pn2/5p2/3P4/2P1PNB1/P1PQ1PPP/R4K1R w kq - 1 12,f3g5,25,-154,87,f3g5,g3h4,5,30,,,,,
sprt_game_1,12,7,White,r2qk2r/p1pp2pp/1pn1pn2/5p2/3P4/2P1PNB1/P1PQ1PPP/R4K1R w kq - 1 12,f3h4,26,-160,93,f3g5,g3h4,5,30,,,,,
sprt_game_1,12,7,White,r2qk2r/p1pp2pp/1pn1pn2/5p2/3P4/2P1PNB1/P1PQ1PPP/R4K1R w kq - 1 12,d4d5,27,-201,134,f3g5,g3h4,5,30,,,,,
sprt_game_1,12,7,White,r2qk2r/p1pp2pp/1pn1pn2/5p2/3P4/2P1PNB1/P1PQ1PPP/R4K1R w kq - 1 12,e3e4,28,-218,151,f3g5,g3h4,5,30,,,,,
sprt_game_1,12,7,White,r2qk2r/p1pp2pp/1pn1pn2/5p2/3P4/2P1PNB1/P1PQ1PPP/R4K1R w kq - 1 12,g3c7,29,-552,485,f3g5,g3h4,5,30,,,,,
sprt_game_1,12,7,White,r2qk2r/p1pp2pp/1pn1pn2/5p2/3P4/2P1PNB1/P1PQ1PPP/R4K1R w kq - 1 12,g3d6,30,-591,524,f3g5,g3h4,5,30,,,,,
sprt_game_1,13,9,White,r2q1rk1/p1pp2pp/1pn1pn2/5p2/3P3B/2P1PN2/P1PQ1PPP/R4K1R w - - 3 13,d2d3,1,-56,0,f1e1,d2d3,5,28,,,,,
sprt_game_1,13,9,White,r2q1rk1/p1pp2pp/1pn1pn2/5p2/3P3B/2P1PN2/P1PQ1PPP/R4K1R w - - 3 13,d2e2,2,-57,1,f1e1,d2d3,5,28,,,,,
sprt_game_1,13,9,White,r2q1rk1/p1pp2pp/1pn1pn2/5p2/3P3B/2P1PN2/P1PQ1PPP/R4K1R w - - 3 13,f1g1,3,-58,2,f1e1,d2d3,5,28,,,,,
sprt_game_1,13,9,White,r2q1rk1/p1pp2pp/1pn1pn2/5p2/3P3B/2P1PN2/P1PQ1PPP/R4K1R w - - 3 13,a1d1,4,-64,8,f1e1,d2d3,5,28,,,,,
sprt_game_1,13,9,White,r2q1rk1/p1pp2pp/1pn1pn2/5p2/3P3B/2P1PN2/P1PQ1PPP/R4K1R w - - 3 13,a2a4,5,-65,9,f1e1,d2d3,5,28,,,,,
sprt_game_1,13,9,White,r2q1rk1/p1pp2pp/1pn1pn2/5p2/3P3B/2P1PN2/P1PQ1PPP/R4K1R w - - 3 13,h1g1,6,-66,10,f1e1,d2d3,5,28,,,,,
sprt_game_1,13,9,White,r2q1rk1/p1pp2pp/1pn1pn2/5p2/3P3B/2P1PN2/P1PQ1PPP/R4K1R w - - 3 13,h4f6,7,-67,11,f1e1,d2d3,5,28,,,,,
sprt_game_1,13,9,White,r2q1rk1/p1pp2pp/1pn1pn2/5p2/3P3B/2P1PN2/P1PQ1PPP/R4K1R w - - 3 13,a1e1,8,-68,12,f1e1,d2d3,5,28,,,,,
sprt_game_1,13,9,White,r2q1rk1/p1pp2pp/1pn1pn2/5p2/3P3B/2P1PN2/P1PQ1PPP/R4K1R w - - 3 13,g2g3,9,-68,12,f1e1,d2d3,5,28,,,,,
sprt_game_1,13,9,White,r2q1rk1/p1pp2pp/1pn1pn2/5p2/3P3B/2P1PN2/P1PQ1PPP/R4K1R w - - 3 13,h2h3,10,-74,18,f1e1,d2d3,5,28,,,,,
sprt_game_1,13,9,White,r2q1rk1/p1pp2pp/1pn1pn2/5p2/3P3B/2P1PN2/P1PQ1PPP/R4K1R w - - 3 13,a1b1,11,-75,19,f1e1,d2d3,5,28,,,,,
sprt_game_1,13,9,White,r2q1rk1/p1pp2pp/1pn1pn2/5p2/3P3B/2P1PN2/P1PQ1PPP/R4K1R w - - 3 13,a2a3,12,-76,20,f1e1,d2d3,5,28,,,,,
sprt_game_1,13,9,White,r2q1rk1/p1pp2pp/1pn1pn2/5p2/3P3B/2P1PN2/P1PQ1PPP/R4K1R w - - 3 13,f1e2,13,-77,21,f1e1,d2d3,5,28,,,,,
sprt_game_1,13,9,White,r2q1rk1/p1pp2pp/1pn1pn2/5p2/3P3B/2P1PN2/P1PQ1PPP/R4K1R w - - 3 13,h4g5,14,-78,22,f1e1,d2d3,5,28,,,,,
sprt_game_1,13,9,White,r2q1rk1/p1pp2pp/1pn1pn2/5p2/3P3B/2P1PN2/P1PQ1PPP/R4K1R w - - 3 13,a1c1,15,-82,26,f1e1,d2d3,5,28,,,,,
sprt_game_1,13,9,White,r2q1rk1/p1pp2pp/1pn1pn2/5p2/3P3B/2P1PN2/P1PQ1PPP/R4K1R w - - 3 13,d4d5,16,-82,26,f1e1,d2d3,5,28,,,,,
sprt_game_1,13,9,White,r2q1rk1/p1pp2pp/1pn1pn2/5p2/3P3B/2P1PN2/P1PQ1PPP/R4K1R w - - 3 13,d2d1,17,-83,27,f1e1,d2d3,5,28,,,,,
sprt_game_1,13,9,White,r2q1rk1/p1pp2pp/1pn1pn2/5p2/3P3B/2P1PN2/P1PQ1PPP/R4K1R w - - 3 13,c3c4,18,-84,28,f1e1,d2d3,5,28,,,,,
sprt_game_1,13,9,White,r2q1rk1/p1pp2pp/1pn1pn2/5p2/3P3B/2P1PN2/P1PQ1PPP/R4K1R w - - 3 13,d2e1,19,-92,36,f1e1,d2d3,5,28,,,,,
sprt_game_1,13,9,White,r2q1rk1/p1pp2pp/1pn1pn2/5p2/3P3B/2P1PN2/P1PQ1PPP/R4K1R w - - 3 13,f1e1,20,-96,40,f1e1,d2d3,5,28,,,,,
sprt_game_1,13,9,White,r2q1rk1/p1pp2pp/1pn1pn2/5p2/3P3B/2P1PN2/P1PQ1PPP/R4K1R w - - 3 13,d2c1,21,-105,49,f1e1,d2d3,5,28,,,,,
sprt_game_1,13,9,White,r2q1rk1/p1pp2pp/1pn1pn2/5p2/3P3B/2P1PN2/P1PQ1PPP/R4K1R w - - 3 13,h4g3,22,-140,84,f1e1,d2d3,5,28,,,,,
sprt_game_1,13,9,White,r2q1rk1/p1pp2pp/1pn1pn2/5p2/3P3B/2P1PN2/P1PQ1PPP/R4K1R w - - 3 13,f3g5,23,-157,101,f1e1,d2d3,5,28,,,,,
sprt_game_1,13,9,White,r2q1rk1/p1pp2pp/1pn1pn2/5p2/3P3B/2P1PN2/P1PQ1PPP/R4K1R w - - 3 13,f3g1,24,-207,151,f1e1,d2d3,5,28,,,,,
sprt_game_1,13,9,White,r2q1rk1/p1pp2pp/1pn1pn2/5p2/3P3B/2P1PN2/P1PQ1PPP/R4K1R w - - 3 13,f3e5,25,-227,171,f1e1,d2d3,5,28,,,,,
sprt_game_1,13,9,White,r2q1rk1/p1pp2pp/1pn1pn2/5p2/3P3B/2P1PN2/P1PQ1PPP/R4K1R w - - 3 13,f3e1,26,-227,171,f1e1,d2d3,5,28,,,,,
sprt_game_1,13,9,White,r2q1rk1/p1pp2pp/1pn1pn2/5p2/3P3B/2P1PN2/P1PQ1PPP/R4K1R w - - 3 13,e3e4,27,-239,183,f1e1,d2d3,5,28,,,,,
sprt_game_1,13,9,White,r2q1rk1/p1pp2pp/1pn1pn2/5p2/3P3B/2P1PN2/P1PQ1PPP/R4K1R w - - 3 13,g2g4,28,-363,307,f1e1,d2d3,5,28,,,,,
sprt_game_1,15,13,White,r4rk1/p1pp2pp/1p2pq2/n4p2/3P4/2P1PN2/P1PQ1PPP/3R1K1R w - - 2 15,d2d3,1,-65,0,f3e5,d2d3,5,26,,,,,
sprt_game_1,15,13,White,r4rk1/p1pp2pp/1p2pq2/n4p2/3P4/2P1PN2/P1PQ1PPP/3R1K1R w - - 2 15,h2h4,2,-74,9,f3e5,d2d3,5,26,,,,,
sprt_game_1,15,13,White,r4rk1/p1pp2pp/1p2pq2/n4p2/3P4/2P1PN2/P1PQ1PPP/3R1K1R w - - 2 15,f1g1,3,-80,15,f3e5,d2d3,5,26,,,,,
sprt_game_1,15,13,White,r4rk1/p1pp2pp/1p2pq2/n4p2/3P4/2P1PN2/P1PQ1PPP/3R1K1R w - - 2 15,h2h3,4,-84,19,f3e5,d2d3,5,26,,,,,
sprt_game_1,15,13,White,r4rk1/p1pp2pp/1p2pq2/n4p2/3P4/2P1PN2/P1PQ1PPP/3R1K1R w - - 2 15,f3e5,5,-86,21,f3e5,d2d3,5,26,,,,,
sprt_game_1,15,13,White,r4rk1/p1pp2pp/1p2pq2/n4p2/3P4/2P1PN2/P1PQ1PPP/3R1K1R w - - 2 15,d2e2,6,-90,25,f3e5,d2d3,5,26,,,,,
sprt_game_1,15,13,White,r4rk1/p1pp2pp/1p2pq2/n4p2/3P4/2P1PN2/P1PQ1PPP/3R1K1R w - - 2 15,d1e1,7,-90,25,f3e5,d2d3,5,26,,,,,
sprt_game_1,15,13,White,r4rk1/p1pp2pp/1p2pq2/n4p2/3P4/2P1PN2/P1PQ1PPP/3R1K1R w - - 2 15,g2g3,8,-94,29,f3e5,d2d3,5,26,,,,,
sprt_game_1,15,13,White,r4rk1/p1pp2pp/1p2pq2/n4p2/3P4/2P1PN2/P1PQ1PPP/3R1K1R w - - 2 15,a2a4,9,-94,29,f3e5,d2d3,5,26,,,,,
sprt_game_1,15,13,White,r4rk1/p1pp2pp/1p2pq2/n4p2/3P4/2P1PN2/P1PQ1PPP/3R1K1R w - - 2 15,h1g1,10,-98,33,f3e5,d2d3,5,26,,,,,
sprt_game_1,15,13,White,r4rk1/p1pp2pp/1p2pq2/n4p2/3P4/2P1PN2/P1PQ1PPP/3R1K1R w - - 2 15,d1a1,11,-99,34,f3e5,d2d3,5,26,,,,,
sprt_game_1,15,13,White,r4rk1/p1pp2pp/1p2pq2/n4p2/3P4/2P1PN2/P1PQ1PPP/3R1K1R w - - 2 15,d1c1,12,-100,35,f3e5,d2d3,5,26,,,,,
sprt_game_1,15,13,White,r4rk1/p1pp2pp/1p2pq2/n4p2/3P4/2P1PN2/P1PQ1PPP/3R1K1R w - - 2 15,d1b1,13,-107,42,f3e5,d2d3,5,26,,,,,
sprt_game_1,15,13,White,r4rk1/p1pp2pp/1p2pq2/n4p2/3P4/2P1PN2/P1PQ1PPP/3R1K1R w - - 2 15,f3g1,14,-114,49,f3e5,d2d3,5,26,,,,,
sprt_game_1,15,13,White,r4rk1/p1pp2pp/1p2pq2/n4p2/3P4/2P1PN2/P1PQ1PPP/3R1K1R w - - 2 15,f1e1,15,-115,50,f3e5,d2d3,5,26,,,,,
sprt_game_1,15,13,White,r4rk1/p1pp2pp/1p2pq2/n4p2/3P4/2P1PN2/P1PQ1PPP/3R1K1R w - - 2 15,d2e1,16,-116,51,f3e5,d2d3,5,26,,,,,
sprt_game_1,15,13,White,r4rk1/p1pp2pp/1p2pq2/n4p2/3P4/2P1PN2/P1PQ1PPP/3R1K1R w - - 2 15,f1e2,17,-118,53,f3e5,d2d3,5,26,,,,,
sprt_game_1,15,13,White,r4rk1/p1pp2pp/1p2pq2/n4p2/3P4/2P1PN2/P1PQ1PPP/3R1K1R w - - 2 15,f3e1,18,-120,55,f3e5,d2d3,5,26,,,,,
sprt_game_1,15,13,White,r4rk1/p1pp2pp/1p2pq2/n4p2/3P4/2P1PN2/P1PQ1PPP/3R1K1R w - - 2 15,d2c1,19,-127,62,f3e5,d2d3,5,26,,,,,
sprt_game_1,15,13,White,r4rk1/p1pp2pp/1p2pq2/n4p2/3P4/2P1PN2/P1PQ1PPP/3R1K1R w - - 2 15,a2a3,20,-144,79,f3e5,d2d3,5,26,,,,,
sprt_game_1,15,13,White,r4rk1/p1pp2pp/1p2pq2/n4p2/3P4/2P1PN2/P1PQ1PPP/3R1K1R w - - 2 15,c3c4,21,-152,87,f3e5,d2d3,5,26,,,,,
sprt_game_1,15,13,White,r4rk1/p1pp2pp/1p2pq2/n4p2/3P4/2P1PN2/P1PQ1PPP/3R1K1R w - - 2 15,d4d5,22,-155,90,f3e5,d2d3,5,26,,,,,
sprt_game_1,15,13,White,r4rk1/p1pp2pp/1p2pq2/n4p2/3P4/2P1PN2/P1PQ1PPP/3R1K1R w - - 2 15,e3e4,23,-270,205,f3e5,d2d3,5,26,,,,,
sprt_game_1,15,13,White,r4rk1/p1pp2pp/1p2pq2/n4p2/3P4/2P1PN2/P1PQ1PPP/3R1K1R w - - 2 15,g2g4,24,-345,280,f3e5,d2d3,5,26,,,,,
sprt_game_1,15,13,White,r4rk1/p1pp2pp/1p2pq2/n4p2/3P4/2P1PN2/P1PQ1PPP/3R1K1R w - - 2 15,f3g5,25,-523,458,f3e5,d2d3,5,26,,,,,
sprt_game_1,15,13,White,r4rk1/p1pp2pp/1p2pq2/n4p2/3P4/2P1PN2/P1PQ1PPP/3R1K1R w - - 2 15,f3h4,26,-553,488,f3e5,d2d3,5,26,,,,,
sprt_game_1,16,15,White,r4rk1/p1ppq1pp/1p2p3/n4p2/3P3P/2P1PN2/P1PQ1PP1/3R1K1R w - - 1 16,h4h5,1,-52,0,f3e5,h4h5,5,27,,,,,
sprt_game_1,16,15,White,r4rk1/p1ppq1pp/1p2p3/n4p2/3P3P/2P1PN2/P1PQ1PP1/3R1K1R w - - 1 16,d2d3,2,-69,17,f3e5,h4h5,5,27,,,,,
sprt_game_1,16,15,White,r4rk1/p1ppq1pp/1p2p3/n4p2/3P3P/2P1PN2/P1PQ1PP1/3R1K1R w - - 1 16,d4d5,3,-69,17,f3e5,h4h5,5,27,,,,,
sprt_game_1,16,15,White,r4rk1/p1ppq1pp/1p2p3/n4p2/3P3P/2P1PN2/P1PQ1PP1/3R1K1R w - - 1 16,d2c1,4,-76,24,f3e5,h4h5,5,27,,,,,
sprt_game_1,16,15,White,r4rk1/p1ppq1pp/1p2p3/n4p2/3P3P/2P1PN2/P1PQ1PP1/3R1K1R w - - 1 16,f1g1,5,-90,38,f3e5,h4h5,5,27,,,,,
sprt_game_1,16,15,White,r4rk1/p1ppq1pp/1p2p3/n4p2/3P3P/2P1PN2/P1PQ1PP1/3R1K1R w - - 1 16,d1b1,6,-90,38,f3e5,h4h5,5,27,,,,,
sprt_game_1,16,15,White,r4rk1/p1ppq1pp/1p2p3/n4p2/3P3P/2P1PN2/P1PQ1PP1/3R1K1R w - - 1 16,d1a1,7,-93,41,f3e5,h4h5,5,27,,,,,
sprt_game_1,16,15,White,r4rk1/p1ppq1pp/1p2p3/n4p2/3P3P/2P1PN2/P1PQ1PP1/3R1K1R w - - 1 16,g2g3,8,-94,42,f3e5,h4h5,5,27,,,,,
sprt_game_1,16,15,White,r4rk1/p1ppq1pp/1p2p3/n4p2/3P3P/2P1PN2/P1PQ1PP1/3R1K1R w - - 1 16,d1c1,9,-98,46,f3e5,h4h5,5,27,,,,,
sprt_game_1,16,15,White,r4rk1/p1ppq1pp/1p2p3/n4p2/3P3P/2P1PN2/P1PQ1PP1/3R1K1R w - - 1 16,f3e5,10,-105,53,f3e5,h4h5,5,27,,,,,
sprt_game_1,16,15,White,r4rk1/p1ppq1pp/1p2p3/n4p2/3P3P/2P1PN2/P1PQ1PP1/3R1K1R w - - 1 16,d1e1,11,-107,55,f3e5,h4h5,5,27,,,,,
sprt_game_1,16,15,White,r4rk1/p1ppq1pp/1p2p3/n4p2/3P3P/2P1PN2/P1PQ1PP1/3R1K1R w - - 1 16,h1g1,12,-112,60,f3e5,h4h5,5,27,,,,,
sprt_game_1,16,15,White,r4rk1/p1ppq1pp/1p2p3/n4p2/3P3P/2P1PN2/P1PQ1PP1/3R1K1R w - - 1 16,d2e2,13,-115,63,f3e5,h4h5,5,27,,,,,
sprt_game_1,16,15,White,r4rk1/p1ppq1pp/1p2p3/n4p2/3P3P/2P1PN2/P1PQ1PP1/3R1K1R w - - 1 16,f1e2,14,-116,64,f3e5,h4h5,5,27,,,,,
sprt_game_1,16,15,White,r4rk1/p1ppq1pp/1p2p3/n4p2/3P3P/2P1PN2/P1PQ1PP1/3R1K1R w - - 1 16,f3g5,15,-117,65,f3e5,h4h5,5,27,,,,,
sprt_game_1,16,15,White,r4rk1/p1ppq1pp/1p2p3/n4p2/3P3P/2P1PN2/P1PQ1PP1/3R1K1R w - - 1 16,d2e1,16,-121,69,f3e5,h4h5,5,27,,,,,
sprt_game_1,16,15,White,r4rk1/p1ppq1pp/1p2p3/n4p2/3P3P/2P1PN2/P1PQ1PP1/3R1K1R w - - 1 16,h1h3,17,-132,80,f3e5,h4h5,5,27,,,,,
sprt_game_1,16,15,White,r4rk1/p1ppq1pp/1p2p3/n4p2/3P3P/2P1PN2/P1PQ1PP1/3R1K1R w - - 1 16,c3c4,18,-143,91,f3e5,h4h5,5,27,,,,,
sprt_game_1,16,15,White,r4rk1/p1ppq1pp/1p2p3/n4p2/3P3P/2P1PN2/P1PQ1PP1/3R1K1R w - - 1 16,h1h2,19,-160,108,f3e5,h4h5,5,27,,,,,
sprt_game_1,16,15,White,r4rk1/p1ppq1pp/1p2p3/n4p2/3P3P/2P1PN2/P1PQ1PP1/3R1K1R w - - 1 16,f1e1,20,-160,108,f3e5,h4h5,5,27,,,,,
sprt_game_1,16,15,White,r4rk1/p1ppq1pp/1p2p3/n4p2/3P3P/2P1PN2/P1PQ1PP1/3R1K1R w - - 1 16,a2a4,21,-168,116,f3e5,h4h5,5,27,,,,,
sprt_game_1,16,15,White,r4rk1/p1ppq1pp/1p2p3/n4p2/3P3P/2P1PN2/P1PQ1PP1/3R1K1R w - - 1 16,f3h2,22,-174,122,f3e5,h4h5,5,27,,,,,
sprt_game_1,16,15,White,r4rk1/p1ppq1pp/1p2p3/n4p2/3P3P/2P1PN2/P1PQ1PP1/3R1K1R w - - 1 16,f3g1,23,-186,134,f3e5,h4h5,5,27,,,,,
sprt_game_1,16,15,White,r4rk1/p1ppq1pp/1p2p3/n4p2/3P3P/2P1PN2/P1PQ1PP1/3R1K1R w - - 1 16,a2a3,24,-193,141,f3e5,h4h5,5,27,,,,,
sprt_game_1,16,15,White,r4rk1/p1ppq1pp/1p2p3/n4p2/3P3P/2P1PN2/P1PQ1PP1/3R1K1R w - - 1 16,f3e1,25,-196,144,f3e5,h4h5,5,27,,,,,
sprt_game_1,16,15,White,r4rk1/p1ppq1pp/1p2p3/n4p2/3P3P/2P1PN2/P1PQ1PP1/3R1K1R w - - 1 16,e3e4,26,-288,236,f3e5,h4h5,5,27,,,,,
sprt_game_1,16,15,White,r4rk1/p1ppq1pp/1p2p3/n4p2/3P3P/2P1PN2/P1PQ1PP1/3R1K1R w - - 1 16,g2g4,27,-317,265,f3e5,h4h5,5,27,,,,,
sprt_game_1,18,19,White,r4rk1/p1p1q1pp/1p2p3/3p1p1P/2nP4/2P1PN2/P1P1QPP1/3R1K1R w - - 0 18,f3e5,1,-58,0,h5h6,f3d2,5,29,,,,,
sprt_game_1,18,19,White,r4rk1/p1p1q1pp/1p2p3/3p1p1P/2nP4/2P1PN2/P1P1QPP1/3R1K1R w - - 0 18,h5h6,2,-63,5,h5h6,f3d2,5,29,,,,,
sprt_game_1,18,19,White,r4rk1/p1p1q1pp/1p2p3/3p1p1P/2nP4/2P1PN2/P1P1QPP1/3R1K1R w - - 0 18,g2g3,3,-84,26,h5h6,f3d2,5,29,,,,,
sprt_game_1,18,19,White,r4rk1/p1p1q1pp/1p2p3/3p1p1P/2nP4/2P1PN2/P1P1QPP1/3R1K1R w - - 0 18,f3d2,4,-93,35,h5h6,f3d2,5,29,,,,,
sprt_game_1,18,19,White,r4rk1/p1p1q1pp/1p2p3/3p1p1P/2nP4/2P1PN2/P1P1QPP1/3R1K1R w - - 0 18,d1a1,5,-113,55,h5h6,f3d2,5,29,,,,,
sprt_game_1,18,19,White,r4rk1/p1p1q1pp/1p2p3/3p1p1P/2nP4/2P1PN2/P1P1QPP1/3R1K1R w - - 0 18,f1g1,6,-116,58,h5h6,f3d2,5,29,,,,,
sprt_game_1,18,19,White,r4rk1/p1p1q1pp/1p2p3/3p1p1P/2nP4/2P1PN2/P1P1QPP1/3R1K1R w - - 0 18,e2e1,7,-124,66,h5h6,f3d2,5,29,,,,,
sprt_game_1,18,19,White,r4rk1/p1p1q1pp/1p2p3/3p1p1P/2nP4/2P1PN2/P1P1QPP1/3R1K1R w - - 0 18,h1g1,8,-133,75,h5h6,f3d2,5,29,,,,,
sprt_game_1,18,19,White,r4rk1/p1p1q1pp/1p2p3/3p1p1P/2nP4/2P1PN2/P1P1QPP1/3R1K1R w - - 0 18,d1e1,9,-133,75,h5h6,f3d2,5,29,,,,,
sprt_game_1,18,19,White,r4rk1/p1p1q1pp/1p2p3/3p1p1P/2nP4/2P1PN2/P1P1QPP1/3R1K1R w - - 0 18,h1h4,10,-137,79,h5h6,f3d2,5,29,,,,,
sprt_game_1,18,19,White,r4rk1/p1p1q1pp/1p2p3/3p1p1P/2nP4/2P1PN2/P1P1QPP1/3R1K1R w - - 0 18,h1h3,11,-146,88,h5h6,f3d2,5,29,,,,,
sprt_game_1,18,19,White,r4rk1/p1p1q1pp/1p2p3/3p1p1P/2nP4/2P1PN2/P1P1QPP1/3R1K1R w - - 0 18,d1b1,12,-147,89,h5h6,f3d2,5,29,,,,,
sprt_game_1,18,19,White,r4rk1/p1p1q1pp/1p2p3/3p1p1P/2nP4/2P1PN2/P1P1QPP1/3R1K1R w - - 0 18,d1c1,13,-150,92,h5h6,f3d2,5,29,,,,,
sprt_game_1,18,19,White,r4rk1/p1p1q1pp/1p2p3/3p1p1P/2nP4/2P1PN2/P1P1QPP1/3R1K1R w - - 0 18,f3h4,14,-155,97,h5h6,f3d2,5,29,,,,,
sprt_game_1,18,19,White,r4rk1/p1p1q1pp/1p2p3/3p1p1P/2nP4/2P1PN2/P1P1QPP1/3R1K1R w - - 0 18,h1h2,15,-164,106,h5h6,f3d2,5,29,,,,,
sprt_game_1,18,19,White,r4rk1/p1p1q1pp/1p2p3/3p1p1P/2nP4/2P1PN2/P1P1QPP1/3R1K1R w - - 0 18,a2a4,16,-170,112,h5h6,f3d2,5,29,,,,,
sprt_game_1,18,19,White,r4rk1/p1p1q1pp/1p2p3/3p1p1P/2nP4/2P1PN2/P1P1QPP1/3R1K1R w - - 0 18,f1e1,17,-179,121,h5h6,f3d2,5,29,,,,,
sprt_game_1,18,19,White,r4rk1/p1p1q1pp/1p2p3/3p1p1P/2nP4/2P1PN2/P1P1QPP1/3R1K1R w - - 0 18,f3g1,18,-184,126,h5h6,f3d2,5,29,,,,,
sprt_game_1,18,19,White,r4rk1/p1p1q1pp/1p2p3/3p1p1P/2nP4/2P1PN2/P1P1QPP1/3R1K1R w - - 0 18,d1d3,19,-185,127,h5h6,f3d2,5,29,,,,,
sprt_game_1,18,19,White,r4rk1/p1p1q1pp/1p2p3/3p1p1P/2nP4/2P1PN2/P1P1QPP1/3R1K1R w - - 0 18,f3h2,20,-191,133,h5h6,f3d2,5,29,,,,,
sprt_game_1,18,19,White,r4rk1/p1p1q1pp/1p2p3/3p1p1P/2nP4/2P1PN2/P1P1QPP1/3R1K1R w - - 0 18,f3e1,21,-196,138,h5h6,f3d2,5,29,,,,,
sprt_game_1,18,19,White,r4rk1/p1p1q1pp/1p2p3/3p1p1P/2nP4/2P1PN2/P1P1QPP1/3R1K1R w - - 0 18,e2d3,22,-201,143,h5h6,f3d2,5,29,,,,,
sprt_game_1,18,19,White,r4rk1/p1p1q1pp/1p2p3/3p1p1P/2nP4/2P1PN2/P1P1QPP1/3R1K1R w - - 0 18,d1d2,23,-233,175,h5h6,f3d2,5,29,,,,,
sprt_game_1,18,19,White,r4rk1/p1p1q1pp/1p2p3/3p1p1P/2nP4/2P1PN2/P1P1QPP1/3R1K1R w - - 0 18,a2a3,24,-239,181,h5h6,f3d2,5,29,,,,,
sprt_game_1,18,19,White,r4rk1/p1p1q1pp/1p2p3/3p1p1P/2nP4/2P1PN2/P1P1QPP1/3R1K1R w - - 0 18,g2g4,25,-257,199,h5h6,f3d2,5,29,,,,,
sprt_game_1,18,19,White,r4rk1/p1p1q1pp/1p2p3/3p1p1P/2nP4/2P1PN2/P1P1QPP1/3R1K1R w - - 0 18,e3e4,26,-283,225,h5h6,f3d2,5,29,,,,,
sprt_game_1,18,19,White,r4rk1/p1p1q1pp/1p2p3/3p1p1P/2nP4/2P1PN2/P1P1QPP1/3R1K1R w - - 0 18,e2c4,27,-437,379,h5h6,f3d2,5,29,,,,,
sprt_game_1,18,19,White,r4rk1/p1p1q1pp/1p2p3/3p1p1P/2nP4/2P1PN2/P1P1QPP1/3R1K1R w - - 0 18,e2d2,28,-511,453,h5h6,f3d2,5,29,,,,,
sprt_game_1,18,19,White,r4rk1/p1p1q1pp/1p2p3/3p1p1P/2nP4/2P1PN2/P1P1QPP1/3R1K1R w - - 0 18,f3g5,29,-529,471,h5h6,f3d2,5,29,,,,,
sprt_game_1,19,21,White,r4rk1/p1p1q2p/1p2p1pP/3p1p2/2nP4/2P1PN2/P1P1QPP1/3R1K1R w - - 0 19,f3e5,1,-58,0,h1h4,f3d2,5,29,,,,,
sprt_game_1,19,21,White,r4rk1/p1p1q2p/1p2p1pP/3p1p2/2nP4/2P1PN2/P1P1QPP1/3R1K1R w - - 0 19,g2g3,2,-82,24,h1h4,f3d2,5,29,,,,,
sprt_game_1,19,21,White,r4rk1/p1p1q2p/1p2p1pP/3p1p2/2nP4/2P1PN2/P1P1QPP1/3R1K1R w - - 0 19,d1a1,3,-92,34,h1h4,f3d2,5,29,,,,,
sprt_game_1,19,21,White,r4rk1/p1p1q2p/1p2p1pP/3p1p2/2nP4/2P1PN2/P1P1QPP1/3R1K1R w - - 0 19,f3d2,4,-96,38,h1h4,f3d2,5,29,,,,,
sprt_game_1,19,21,White,r4rk1/p1p1q2p/1p2p1pP/3p1p2/2nP4/2P1PN2/P1P1QPP1/3R1K1R w - - 0 19,f1g1,5,-109,51,h1h4,f3d2,5,29,,,,,
sprt_game_1,19,21,White,r4rk1/p1p1q2p/1p2p1pP/3p1p2/2nP4/2P1PN2/P1P1QPP1/3R1K1R w - - 0 19,e2e1,6,-112,54,h1h4,f3d2,5,29,,,,,
sprt_game_1,19,21,White,r4rk1/p1p1q2p/1p2p1pP/3p1p2/2nP4/2P1PN2/P1P1QPP1/3R1K1R w - - 0 19,d1e1,7,-129,71,h1h4,f3d2,5,29,,,,,
sprt_game_1,19,21,White,r4rk1/p1p1q2p/1p2p1pP/3p1p2/2nP4/2P1PN2/P1P1QPP1/3R1K1R w - - 0 19,d1b1,8,-134,76,h1h4,f3d2,5,29,,,,,
sprt_game_1,19,21,White,r4rk1/p1p1q2p/1p2p1pP/3p1p2/2nP4/2P1PN2/P1P1QPP1/3R1K1R w - - 0 19,d1c1,9,-138,80,h1h4,f3d2,5,29,,,,,
sprt_game_1,19,21,White,r4rk1/p1p1q2p/1p2p1pP/3p1p2/2nP4/2P1PN2/P1P1QPP1/3R1K1R w - - 0 19,h1h3,10,-139,81,h1h4,f3d2,5,29,,,,,
sprt_game_1,19,21,White,r4rk1/p1p1q2p/1p2p1pP/3p1p2/2nP4/2P1PN2/P1P1QPP1/3R1K1R w - - 0 19,h1g1,11,-145,87,h1h4,f3d2,5,29,,,,,
sprt_game_1,19,21,White,r4rk1/p1p1q2p/1p2p1pP/3p1p2/2nP4/2P1PN2/P1P1QPP1/3R1K1R w - - 0 19,h1h4,12,-156,98,h1h4,f3d2,5,29,,,,,
sprt_game_1,19,21,White,r4rk1/p1p1q2p/1p2p1pP/3p1p2/2nP4/2P1PN2/P1P1QPP1/3R1K1R w - - 0 19,h1h2,13,-163,105,h1h4,f3d2,5,29,,,,,
sprt_game_1,19,21,White,r4rk1/p1p1q2p/1p2p1pP/3p1p2/2nP4/2P1PN2/P1P1QPP1/3R1K1R w - - 0 19,f1e1,14,-174,116,h1h4,f3d2,5,29,,,,,
sprt_game_1,19,21,White,r4rk1/p1p1q2p/1p2p1pP/3p1p2/2nP4/2P1PN2/P1P1QPP1/3R1K1R w - - 0 19,a2a4,15,-188,130,h1h4,f3d2,5,29,,,,,
sprt_game_1,19,21,White,r4rk1/p1p1q2p/1p2p1pP/3p1p2/2nP4/2P1PN2/P1P1QPP1/3R1K1R w - - 0 19,f3h2,16,-194,136,h1h4,f3d2,5,29,,,,,
sprt_game_1,19,21,White,r4rk1/p1p1q2p/1p2p1pP/3p1p2/2nP4/2P1PN2/P1P1QPP1/3R1K1R w - - 0 19,f3h4,17,-197,139,h1h4,f3d2,5,29,,,,,
sprt_game_1,19,21,White,r4rk1/p1p1q2p/1p2p1pP/3p1p2/2nP4/2P1PN2/P1P1QPP1/3R1K1R w - - 0 19,d1d3,18,-197,139,h1h4,f3d2,5,29,,,,,
sprt_game_1,19,21,White,r4rk1/p1p1q2p/1p2p1pP/3p1p2/2nP4/2P1PN2/P1P1QPP1/3R1K1R w - - 0 19,f3e1,19,-205,147,h1h4,f3d2,5,29,,,,,
sprt_game_1,19,21,White,r4rk1/p1p1q2p/1p2p1pP/3p1p2/2nP4/2P1PN2/P1P1QPP1/3R1K1R w - - 0 19,f3g1,20,-213,155,h1h4,f3d2,5,29,,,,,
sprt_game_1,19,21,White,r4rk1/p1p1q2p/1p2p1pP/3p1p2/2nP4/2P1PN2/P1P1QPP1/3R1K1R w - - 0 19,e2d3,21,-213,155,h1h4,f3d2,5,29,,,,,
sprt_game_1,19,21,White,r4rk1/p1p1q2p/1p2p1pP/3p1p2/2nP4/2P1PN2/P1P1QPP1/3R1K1R w - - 0 19,d1d2,22,-229,171,h1h4,f3d2,5,29,,,,,
sprt_game_1,19,21,White,r4rk1/p1p1q2p/1p2p1pP/3p1p2/2nP4/2P1PN2/P1P1QPP1/3R1K1R w - - 0 19,a2a3,23,-238,180,h1h4,f3d2,5,29,,,,,
sprt_game_1,19,21,White,r4rk1/p1p1q2p/1p2p1pP/3p1p2/2nP4/2P1PN2/P1P1QPP1/3R1K1R w - - 0 19,e3e4,24,-246,188,h1h4,f3d2,5,29,,,,,
sprt_game_1,19,21,White,r4rk1/p1p1q2p/1p2p1pP/3p1p2/2nP4/2P1PN2/P1P1QPP1/3R1K1R w - - 0 19,g2g4,25,-310,252,h1h4,f3d2,5,29,,,,,
sprt_game_1,19,21,White,r4rk1/p1p1q2p/1p2p1pP/3p1p2/2nP4/2P1PN2/P1P1QPP1/3R1K1R w - - 0 19,e2c4,26,-445,387,h1h4,f3d2,5,29,,,,,
sprt_game_1,19,21,White,r4rk1/p1p1q2p/1p2p1pP/3p1p2/2nP4/2P1PN2/P1P1QPP1/3R1K1R w - - 0 19,e2d2,27,-468,410,h1h4,f3d2,5,29,,,,,
sprt_game_1,19,21,White,r4rk1/p1p1q2p/1p2p1pP/3p1p2/2nP4/2P1PN2/P1P1QPP1/3R1K1R w - - 0 19,h1h5,28,-472,414,h1h4,f3d2,5,29,,,,,
sprt_game_1,19,21,White,r4rk1/p1p1q2p/1p2p1pP/3p1p2/2nP4/2P1PN2/P1P1QPP1/3R1K1R w - - 0 19,f3g5,29,-538,480,h1h4,f3d2,5,29,,,,,
sprt_game_1,21,25,White,r4rk1/p1p4p/1p2p1pP/3p1p2/3P4/q1P1P3/P1PRQPP1/5K1R w - - 1 21,c3c4,1,-167,0,g2g3,c3c4,5,24,,,,,
sprt_game_1,21,25,White,r4rk1/p1p4p/1p2p1pP/3p1p2/3P4/q1P1P3/P1PRQPP1/5K1R w - - 1 21,f1e1,2,-183,16,g2g3,c3c4,5,24,,,,,
sprt_game_1,21,25,White,r4rk1/p1p4p/1p2p1pP/3p1p2/3P4/q1P1P3/P1PRQPP1/5K1R w - - 1 21,d2d1,3,-191,24,g2g3,c3c4,5,24,,,,,
sprt_game_1,21,25,White,r4rk1/p1p4p/1p2p1pP/3p1p2/3P4/q1P1P3/P1PRQPP1/5K1R w - - 1 21,g2g4,4,-194,27,g2g3,c3c4,5,24,,,,,
sprt_game_1,21,25,White,r4rk1/p1p4p/1p2p1pP/3p1p2/3P4/q1P1P3/P1PRQPP1/5K1R w - - 1 21,e2d3,5,-195,28,g2g3,c3c4,5,24,,,,,
sprt_game_1,21,25,White,r4rk1/p1p4p/1p2p1pP/3p1p2/3P4/q1P1P3/P1PRQPP1/5K1R w - - 1 21,f2f4,6,-200,33,g2g3,c3c4,5,24,,,,,
sprt_game_1,21,25,White,r4rk1/p1p4p/1p2p1pP/3p1p2/3P4/q1P1P3/P1PRQPP1/5K1R w - - 1 21,h1g1,7,-201,34,g2g3,c3c4,5,24,,,,,
sprt_game_1,21,25,White,r4rk1/p1p4p/1p2p1pP/3p1p2/3P4/q1P1P3/P1PRQPP1/5K1R w - - 1 21,f2f3,8,-204,37,g2g3,c3c4,5,24,,,,,
sprt_game_1,21,25,White,r4rk1/p1p4p/1p2p1pP/3p1p2/3P4/q1P1P3/P1PRQPP1/5K1R w - - 1 21,h1h3,9,-220,53,g2g3,c3c4,5,24,,,,,
sprt_game_1,21,25,White,r4rk1/p1p4p/1p2p1pP/3p1p2/3P4/q1P1P3/P1PRQPP1/5K1R w - - 1 21,d2d3,10,-221,54,g2g3,c3c4,5,24,,,,,
sprt_game_1,21,25,White,r4rk1/p1p4p/1p2p1pP/3p1p2/3P4/q1P1P3/P1PRQPP1/5K1R w - - 1 21,h1h4,11,-228,61,g2g3,c3c4,5,24,,,,,
sprt_game_1,21,25,White,r4rk1/p1p4p/1p2p1pP/3p1p2/3P4/q1P1P3/P1PRQPP1/5K1R w - - 1 21,h1h2,12,-229,62,g2g3,c3c4,5,24,,,,,
sprt_game_1,21,25,White,r4rk1/p1p4p/1p2p1pP/3p1p2/3P4/q1P1P3/P1PRQPP1/5K1R w - - 1 21,g2g3,13,-229,62,g2g3,c3c4,5,24,,,,,
sprt_game_1,21,25,White,r4rk1/p1p4p/1p2p1pP/3p1p2/3P4/q1P1P3/P1PRQPP1/5K1R w - - 1 21,f1g1,14,-239,72,g2g3,c3c4,5,24,,,,,
sprt_game_1,21,25,White,r4rk1/p1p4p/1p2p1pP/3p1p2/3P4/q1P1P3/P1PRQPP1/5K1R w - - 1 21,e3e4,15,-246,79,g2g3,c3c4,5,24,,,,,
sprt_game_1,21,25,White,r4rk1/p1p4p/1p2p1pP/3p1p2/3P4/q1P1P3/P1PRQPP1/5K1R w - - 1 21,e2e1,16,-254,87,g2g3,c3c4,5,24,,,,,
sprt_game_1,21,25,White,r4rk1/p1p4p/1p2p1pP/3p1p2/3P4/q1P1P3/P1PRQPP1/5K1R w - - 1 21,e2f3,17,-260,93,g2g3,c3c4,5,24,,,,,
sprt_game_1,21,25,White,r4rk1/p1p4p/1p2p1pP/3p1p2/3P4/q1P1P3/P1PRQPP1/5K1R w - - 1 21,e2d1,18,-270,103,g2g3,c3c4,5,24,,,,,
sprt_game_1,21,25,White,r4rk1/p1p4p/1p2p1pP/3p1p2/3P4/q1P1P3/P1PRQPP1/5K1R w - - 1 21,h1h5,19,-421,254,g2g3,c3c4,5,24,,,,,
sprt_game_1,21,25,White,r4rk1/p1p4p/1p2p1pP/3p1p2/3P4/q1P1P3/P1PRQPP1/5K1R w - - 1 21,e2b5,20,-507,340,g2g3,c3c4,5,24,,,,,
sprt_game_1,21,25,White,r4rk1/p1p4p/1p2p1pP/3p1p2/3P4/q1P1P3/P1PRQPP1/5K1R w - - 1 21,e2h5,21,-662,495,g2g3,c3c4,5,24,,,,,
sprt_game_1,21,25,White,r4rk1/p1p4p/1p2p1pP/3p1p2/3P4/q1P1P3/P1PRQPP1/5K1R w - - 1 21,e2c4,22,-692,525,g2g3,c3c4,5,24,,,,,
sprt_game_1,21,25,White,r4rk1/p1p4p/1p2p1pP/3p1p2/3P4/q1P1P3/P1PRQPP1/5K1R w - - 1 21,e2a6,23,-732,565,g2g3,c3c4,5,24,,,,,
sprt_game_1,21,25,White,r4rk1/p1p4p/1p2p1pP/3p1p2/3P4/q1P1P3/P1PRQPP1/5K1R w - - 1 21,e2g4,24,-737,570,g2g3,c3c4,5,24,,,,,
sprt_game_1,23,29,White,r4rk1/p1p4p/1p4pP/3p1p2/3P4/4P3/q1PRQPP1/5K1R w - - 0 23,e2b5,1,-175,0,f1g1,c2c4,5,25,,,,,
sprt_game_1,23,29,White,r4rk1/p1p4p/1p4pP/3p1p2/3P4/4P3/q1PRQPP1/5K1R w - - 0 23,f2f3,2,-175,0,f1g1,c2c4,5,25,,,,,
sprt_game_1,23,29,White,r4rk1/p1p4p/1p4pP/3p1p2/3P4/4P3/q1PRQPP1/5K1R w - - 0 23,g2g4,3,-179,4,f1g1,c2c4,5,25,,,,,
sprt_game_1,23,29,White,r4rk1/p1p4p/1p4pP/3p1p2/3P4/4P3/q1PRQPP1/5K1R w - - 0 23,f2f4,4,-182,7,f1g1,c2c4,5,25,,,,,
sprt_game_1,23,29,White,r4rk1/p1p4p/1p4pP/3p1p2/3P4/4P3/q1PRQPP1/5K1R w - - 0 23,h1h4,5,-192,17,f1g1,c2c4,5,25,,,,,
sprt_game_1,23,29,White,r4rk1/p1p4p/1p4pP/3p1p2/3P4/4P3/q1PRQPP1/5K1R w - - 0 23,f1g1,6,-192,17,f1g1,c2c4,5,25,,,,,
sprt_game_1,23,29,White,r4rk1/p1p4p/1p4pP/3p1p2/3P4/4P3/q1PRQPP1/5K1R w - - 0 23,g2g3,7,-192,17,f1g1,c2c4,5,25,,,,,
sprt_game_1,23,29,White,r4rk1/p1p4p/1p4pP/3p1p2/3P4/4P3/q1PRQPP1/5K1R w - - 0 23,d2d1,8,-197,22,f1g1,c2c4,5,25,,,,,
sprt_game_1,23,29,White,r4rk1/p1p4p/1p4pP/3p1p2/3P4/4P3/q1PRQPP1/5K1R w - - 0 23,e2d3,9,-199,24,f1g1,c2c4,5,25,,,,,
sprt_game_1,23,29,White,r4rk1/p1p4p/1p4pP/3p1p2/3P4/4P3/q1PRQPP1/5K1R w - - 0 23,d2d3,10,-207,32,f1g1,c2c4,5,25,,,,,
sprt_game_1,23,29,White,r4rk1/p1p4p/1p4pP/3p1p2/3P4/4P3/q1PRQPP1/5K1R w - - 0 23,f1e1,11,-207,32,f1g1,c2c4,5,25,,,,,
sprt_game_1,23,29,White,r4rk1/p1p4p/1p4pP/3p1p2/3P4/4P3/q1PRQPP1/5K1R w - - 0 23,h1g1,12,-210,35,f1g1,c2c4,5,25,,,,,
sprt_game_1,23,29,White,r4rk1/p1p4p/1p4pP/3p1p2/3P4/4P3/q1PRQPP1/5K1R w - - 0 23,e2f3,13,-216,41,f1g1,c2c4,5,25,,,,,
sprt_game_1,23,29,White,r4rk1/p1p4p/1p4pP/3p1p2/3P4/4P3/q1PRQPP1/5K1R w - - 0 23,c2c3,14,-217,42,f1g1,c2c4,5,25,,,,,
sprt_game_1,23,29,White,r4rk1/p1p4p/1p4pP/3p1p2/3P4/4P3/q1PRQPP1/5K1R w - - 0 23,e2e1,15,-220,45,f1g1,c2c4,5,25,,,,,
sprt_game_1,23,29,White,r4rk1/p1p4p/1p4pP/3p1p2/3P4/4P3/q1PRQPP1/5K1R w - - 0 23,e2d1,16,-223,48,f1g1,c2c4,5,25,,,,,
sprt_game_1,23,29,White,r4rk1/p1p4p/1p4pP/3p1p2/3P4/4P3/q1PRQPP1/5K1R w - - 0 23,h1h3,17,-231,56,f1g1,c2c4,5,25,,,,,
sprt_game_1,23,29,White,r4rk1/p1p4p/1p4pP/3p1p2/3P4/4P3/q1PRQPP1/5K1R w - - 0 23,h1h2,18,-234,59,f1g1,c2c4,5,25,,,,,
sprt_game_1,23,29,White,r4rk1/p1p4p/1p4pP/3p1p2/3P4/4P3/q1PRQPP1/5K1R w - - 0 23,c2c4,19,-243,68,f1g1,c2c4,5,25,,,,,
sprt_game_1,23,29,White,r4rk1/p1p4p/1p4pP/3p1p2/3P4/4P3/q1PRQPP1/5K1R w - - 0 23,e3e4,20,-265,90,f1g1,c2c4,5,25,,,,,
sprt_game_1,23,29,White,r4rk1/p1p4p/1p4pP/3p1p2/3P4/4P3/q1PRQPP1/5K1R w - - 0 23,h1h5,21,-378,203,f1g1,c2c4,5,25,,,,,
sprt_game_1,23,29,White,r4rk1/p1p4p/1p4pP/3p1p2/3P4/4P3/q1PRQPP1/5K1R w - - 0 23,e2h5,22,-673,498,f1g1,c2c4,5,25,,,,,
sprt_game_1,23,29,White,r4rk1/p1p4p/1p4pP/3p1p2/3P4/4P3/q1PRQPP1/5K1R w - - 0 23,e2a6,23,-726,551,f1g1,c2c4,5,25,,,,,
sprt_game_1,23,29,White,r4rk1/p1p4p/1p4pP/3p1p2/3P4/4P3/q1PRQPP1/5K1R w - - 0 23,e2g4,24,-731,556,f1g1,c2c4,5,25,,,,,
sprt_game_1,23,29,White,r4rk1/p1p4p/1p4pP/3p1p2/3P4/4P3/q1PRQPP1/5K1R w - - 0 23,e2c4,25,-738,563,f1g1,c2c4,5,25,,,,,
sprt_game_1,25,33,White,r4rk1/p1p4p/1p4pP/3p1p2/3P1P2/2q1P3/2P1Q1P1/3R1K1R w - - 3 25,f1f2,1,-172,0,h1h3,e2b5,5,26,,,,,
sprt_game_1,25,33,White,r4rk1/p1p4p/1p4pP/3p1p2/3P1P2/2q1P3/2P1Q1P1/3R1K1R w - - 3 25,d1d3,2,-173,1,h1h3,e2b5,5,26,,,,,
sprt_game_1,25,33,White,r4rk1/p1p4p/1p4pP/3p1p2/3P1P2/2q1P3/2P1Q1P1/3R1K1R w - - 3 25,e2b5,3,-176,4,h1h3,e2b5,5,26,,,,,
sprt_game_1,25,33,White,r4rk1/p1p4p/1p4pP/3p1p2/3P1P2/2q1P3/2P1Q1P1/3R1K1R w - - 3 25,h1h3,4,-187,15,h1h3,e2b5,5,26,,,,,
sprt_game_1,25,33,White,r4rk1/p1p4p/1p4pP/3p1p2/3P1P2/2q1P3/2P1Q1P1/3R1K1R w - - 3 25,d1b1,5,-198,26,h1h3,e2b5,5,26,,,,,
sprt_game_1,25,33,White,r4rk1/p1p4p/1p4pP/3p1p2/3P1P2/2q1P3/2P1Q1P1/3R1K1R w - - 3 25,h1g1,6,-206,34,h1h3,e2b5,5,26,,,,,
sprt_game_1,25,33,White,r4rk1/p1p4p/1p4pP/3p1p2/3P1P2/2q1P3/2P1Q1P1/3R1K1R w - - 3 25,d1c1,7,-219,47,h1h3,e2b5,5,26,,,,,
sprt_game_1,25,33,White,r4rk1/p1p4p/1p4pP/3p1p2/3P1P2/2q1P3/2P1Q1P1/3R1K1R w - - 3 25,e2d3,8,-222,50,h1h3,e2b5,5,26,,,,,
sprt_game_1,25,33,White,r4rk1/p1p4p/1p4pP/3p1p2/3P1P2/2q1P3/2P1Q1P1/3R1K1R w - - 3 25,f1g1,9,-228,56,h1h3,e2b5,5,26,,,,,
sprt_game_1,25,33,White,r4rk1/p1p4p/1p4pP/3p1p2/3P1P2/2q1P3/2P1Q1P1/3R1K1R w - - 3 25,g2g3,10,-228,56,h1h3,e2b5,5,26,,,,,
sprt_game_1,25,33,White,r4rk1/p1p4p/1p4pP/3p1p2/3P1P2/2q1P3/2P1Q1P1/3R1K1R w - - 3 25,d1d2,11,-229,57,h1h3,e2b5,5,26,,,,,
sprt_game_1,25,33,White,r4rk1/p1p4p/1p4pP/3p1p2/3P1P2/2q1P3/2P1Q1P1/3R1K1R w - - 3 25,g2g4,12,-231,59,h1h3,e2b5,5,26,,,,,
sprt_game_1,25,33,White,r4rk1/p1p4p/1p4pP/3p1p2/3P1P2/2q1P3/2P1Q1P1/3R1K1R w - - 3 25,e2f3,13,-233,61,h1h3,e2b5,5,26,,,,,
sprt_game_1,25,33,White,r4rk1/p1p4p/1p4pP/3p1p2/3P1P2/2q1P3/2P1Q1P1/3R1K1R w - - 3 25,d1e1,14,-239,67,h1h3,e2b5,5,26,,,,,
sprt_game_1,25,33,White,r4rk1/p1p4p/1p4pP/3p1p2/3P1P2/2q1P3/2P1Q1P1/3R1K1R w - - 3 25,e2e1,15,-242,70,h1h3,e2b5,5,26,,,,,
sprt_game_1,25,33,White,r4rk1/p1p4p/1p4pP/3p1p2/3P1P2/2q1P3/2P1Q1P1/3R1K1R w - - 3 25,h1h4,16,-244,72,h1h3,e2b5,5,26,,,,,
sprt_game_1,25,33,White,r4rk1/p1p4p/1p4pP/3p1p2/3P1P2/2q1P3/2P1Q1P1/3R1K1R w - - 3 25,e2f2,17,-255,83,h1h3,e2b5,5,26,,,,,
sprt_game_1,25,33,White,r4rk1/p1p4p/1p4pP/3p1p2/3P1P2/2q1P3/2P1Q1P1/3R1K1R w - - 3 25,h1h2,18,-256,84,h1h3,e2b5,5,26,,,,,
sprt_game_1,25,33,White,r4rk1/p1p4p/1p4pP/3p1p2/3P1P2/2q1P3/2P1Q1P1/3R1K1R w - - 3 25,e2d2,19,-268,96,h1h3,e2b5,5,26,,,,,
sprt_game_1,25,33,White,r4rk1/p1p4p/1p4pP/3p1p2/3P1P2/2q1P3/2P1Q1P1/3R1K1R w - - 3 25,e2a6,20,-337,165,h1h3,e2b5,5,26,,,,,
sprt_game_1,25,33,White,r4rk1/p1p4p/1p4pP/3p1p2/3P1P2/2q1P3/2P1Q1P1/3R1K1R w - - 3 25,e3e4,21,-373,201,h1h3,e2b5,5,26,,,,,
sprt_game_1,25,33,White,r4rk1/p1p4p/1p4pP/3p1p2/3P1P2/2q1P3/2P1Q1P1/3R1K1R w - - 3 25,h1h5,22,-426,254,h1h3,e2b5,5,26,,,,,
sprt_game_1,25,33,White,r4rk1/p1p4p/1p4pP/3p1p2/3P1P2/2q1P3/2P1Q1P1/3R1K1R w - - 3 25,e2h5,23,-636,464,h1h3,e2b5,5,26,,,,,
sprt_game_1,25,33,White,r4rk1/p1p4p/1p4pP/3p1p2/3P1P2/2q1P3/2P1Q1P1/3R1K1R w - - 3 25,d1a1,24,-636,464,h1h3,e2b5,5,26,,,,,
sprt_game_1,25,33,White,r4rk1/p1p4p/1p4pP/3p1p2/3P1P2/2q1P3/2P1Q1P1/3R1K1R w - - 3 25,e2c4,25,-721,549,h1h3,e2b5,5,26,,,,,
sprt_game_1,25,33,White,r4rk1/p1p4p/1p4pP/3p1p2/3P1P2/2q1P3/2P1Q1P1/3R1K1R w - - 3 25,e2g4,26,-837,665,h1h3,e2b5,5,26,,,,,
sprt_game_1,26,35,White,r4rk1/2p4p/1p4pP/p2p1p2/3P1P2/2q1P3/2P1Q1P1/2R2K1R w - - 0 26,e2d3,1,-225,0,h1h3,f1f2,5,25,,,,,
sprt_game_1,26,35,White,r4rk1/2p4p/1p4pP/p2p1p2/3P1P2/2q1P3/2P1Q1P1/2R2K1R w - - 0 26,f1f2,2,-228,3,h1h3,f1f2,5,25,,,,,
sprt_game_1,26,35,White,r4rk1/2p4p/1p4pP/p2p1p2/3P1P2/2q1P3/2P1Q1P1/2R2K1R w - - 0 26,e2b5,3,-233,8,h1h3,f1f2,5,25,,,,,
sprt_game_1,26,35,White,r4rk1/2p4p/1p4pP/p2p1p2/3P1P2/2q1P3/2P1Q1P1/2R2K1R w - - 0 26,c1b1,4,-240,15,h1h3,f1f2,5,25,,,,,
sprt_game_1,26,35,White,r4rk1/2p4p/1p4pP/p2p1p2/3P1P2/2q1P3/2P1Q1P1/2R2K1R w - - 0 26,c1d1,5,-245,20,h1h3,f1f2,5,25,,,,,
sprt_game_1,26,35,White,r4rk1/2p4p/1p4pP/p2p1p2/3P1P2/2q1P3/2P1Q1P1/2R2K1R w - - 0 26,e2e1,6,-250,25,h1h3,f1f2,5,25,,,,,
sprt_game_1,26,35,White,r4rk1/2p4p/1p4pP/p2p1p2/3P1P2/2q1P3/2P1Q1P1/2R2K1R w - - 0 26,h1g1,7,-265,40,h1h3,f1f2,5,25,,,,,
sprt_game_1,26,35,White,r4rk1/2p4p/1p4pP/p2p1p2/3P1P2/2q1P3/2P1Q1P1/2R2K1R w - - 0 26,c1e1,8,-272,47,h1h3,f1f2,5,25,,,,,
sprt_game_1,26,35,White,r4rk1/2p4p/1p4pP/p2p1p2/3P1P2/2q1P3/2P1Q1P1/2R2K1R w - - 0 26,g2g4,9,-272,47,h1h3,f1f2,5,25,,,,,
sprt_game_1,26,35,White,r4rk1/2p4p/1p4pP/p2p1p2/3P1P2/2q1P3/2P1Q1P1/2R2K1R w - - 0 26,g2g3,10,-273,48,h1h3,f1f2,5,25,,,,,
sprt_game_1,26,35,White,r4rk1/2p4p/1p4pP/p2p1p2/3P1P2/2q1P3/2P1Q1P1/2R2K1R w - - 0 26,f1g1,11,-276,51,h1h3,f1f2,5,25,,,,,
sprt_game_1,26,35,White,r4rk1/2p4p/1p4pP/p2p1p2/3P1P2/2q1P3/2P1Q1P1/2R2K1R w - - 0 26,e2f3,12,-282,57,h1h3,f1f2,5,25,,,,,
sprt_game_1,26,35,White,r4rk1/2p4p/1p4pP/p2p1p2/3P1P2/2q1P3/2P1Q1P1/2R2K1R w - - 0 26,h1h3,13,-285,60,h1h3,f1f2,5,25,,,,,
sprt_game_1,26,35,White,r4rk1/2p4p/1p4pP/p2p1p2/3P1P2/2q1P3/2P1Q1P1/2R2K1R w - - 0 26,h1h2,14,-288,63,h1h3,f1f2,5,25,,,,,
sprt_game_1,26,35,White,r4rk1/2p4p/1p4pP/p2p1p2/3P1P2/2q1P3/2P1Q1P1/2R2K1R w - - 0 26,h1h4,15,-294,69,h1h3,f1f2,5,25,,,,,
sprt_game_1,26,35,White,r4rk1/2p4p/1p4pP/p2p1p2/3P1P2/2q1P3/2P1Q1P1/2R2K1R w - - 0 26,e2f2,16,-303,78,h1h3,f1f2,5,25,,,,,
sprt_game_1,26,35,White,r4rk1/2p4p/1p4pP/p2p1p2/3P1P2/2q1P3/2P1Q1P1/2R2K1R w - - 0 26,e2d1,17,-427,202,h1h3,f1f2,5,25,,,,,
sprt_game_1,26,35,White,r4rk1/2p4p/1p4pP/p2p1p2/3P1P2/2q1P3/2P1Q1P1/2R2K1R w - - 0 26,e3e4,18,-437,212,h1h3,f1f2,5,25,,,,,
sprt_game_1,26,35,White,r4rk1/2p4p/1p4pP/p2p1p2/3P1P2/2q1P3/2P1Q1P1/2R2K1R w - - 0 26,h1h5,19,-462,237,h1h3,f1f2,5,25,,,,,
sprt_game_1,26,35,White,r4rk1/2p4p/1p4pP/p2p1p2/3P1P2/2q1P3/2P1Q1P1/2R2K1R w - - 0 26,c1a1,20,-645,420,h1h3,f1f2,5,25,,,,,
sprt_game_1,26,35,White,r4rk1/2p4p/1p4pP/p2p1p2/3P1P2/2q1P3/2P1Q1P1/2R2K1R w - - 0 26,e2h5,21,-663,438,h1h3,f1f2,5,25,,,,,
sprt_game_1,26,35,White,r4rk1/2p4p/1p4pP/p2p1p2/3P1P2/2q1P3/2P1Q1P1/2R2K1R w - - 0 26,e2d2,22,-774,549,h1h3,f1f2,5,25,,,,,
sprt_game_1,26,35,White,r4rk1/2p4p/1p4pP/p2p1p2/3P1P2/2q1P3/2P1Q1P1/2R2K1R w - - 0 26,e2a6,23,-776,551,h1h3,f1f2,5,25,,,,,
sprt_game_1,26,35,White,r4rk1/2p4p/1p4pP/p2p1p2/3P1P2/2q1P3/2P1Q1P1/2R2K1R w - - 0 26,e2c4,24,-783,558,h1h3,f1f2,5,25,,,,,
sprt_game_1,26,35,White,r4rk1/2p4p/1p4pP/p2p1p2/3P1P2/2q1P3/2P1Q1P1/2R2K1R w - - 0 26,e2g4,25,-879,654,h1h3,f1f2,5,25,,,,,
sprt_game_1,27,37,White,r4rk1/2p4p/1p4pP/3p1p2/p2P1P2/2q1P3/2P1QKP1/2R4R w - - 0 27,c1b1,1,-210,0,h1d1,e2b5,5,32,,,,,
sprt_game_1,27,37,White,r4rk1/2p4p/1p4pP/3p1p2/p2P1P2/2q1P3/2P1QKP1/2R4R w - - 0 27,e2b5,2,-212,2,h1d1,e2b5,5,32,,,,,
sprt_game_1,27,37,White,r4rk1/2p4p/1p4pP/3p1p2/p2P1P2/2q1P3/2P1QKP1/2R4R w - - 0 27,h1d1,3,-229,19,h1d1,e2b5,5,32,,,,,
sprt_game_1,27,37,White,r4rk1/2p4p/1p4pP/3p1p2/p2P1P2/2q1P3/2P1QKP1/2R4R w - - 0 27,c1d1,4,-235,25,h1d1,e2b5,5,32,,,,,
sprt_game_1,27,37,White,r4rk1/2p4p/1p4pP/3p1p2/p2P1P2/2q1P3/2P1QKP1/2R4R w - - 0 27,h1g1,5,-259,49,h1d1,e2b5,5,32,,,,,
sprt_game_1,27,37,White,r4rk1/2p4p/1p4pP/3p1p2/p2P1P2/2q1P3/2P1QKP1/2R4R w - - 0 27,h1e1,6,-266,56,h1d1,e2b5,5,32,,,,,
sprt_game_1,27,37,White,r4rk1/2p4p/1p4pP/3p1p2/p2P1P2/2q1P3/2P1QKP1/2R4R w - - 0 27,e2f1,7,-267,57,h1d1,e2b5,5,32,,,,,
sprt_game_1,27,37,White,r4rk1/2p4p/1p4pP/3p1p2/p2P1P2/2q1P3/2P1QKP1/2R4R w - - 0 27,e2f3,8,-270,60,h1d1,e2b5,5,32,,,,,
sprt_game_1,27,37,White,r4rk1/2p4p/1p4pP/3p1p2/p2P1P2/2q1P3/2P1QKP1/2R4R w - - 0 27,e2d3,9,-270,60,h1d1,e2b5,5,32,,,,,
sprt_game_1,27,37,White,r4rk1/2p4p/1p4pP/3p1p2/p2P1P2/2q1P3/2P1QKP1/2R4R w - - 0 27,c1e1,10,-270,60,h1d1,e2b5,5,32,,,,,
sprt_game_1,27,37,White,r4rk1/2p4p/1p4pP/3p1p2/p2P1P2/2q1P3/2P1QKP1/2R4R w - - 0 27,c1g1,11,-271,61,h1d1,e2b5,5,32,,,,,
sprt_game_1,27,37,White,r4rk1/2p4p/1p4pP/3p1p2/p2P1P2/2q1P3/2P1QKP1/2R4R w - - 0 27,c1f1,12,-272,62,h1d1,e2b5,5,32,,,,,
sprt_game_1,27,37,White,r4rk1/2p4p/1p4pP/3p1p2/p2P1P2/2q1P3/2P1QKP1/2R4R w - - 0 27,e2e1,13,-273,63,h1d1,e2b5,5,32,,,,,
sprt_game_1,27,37,White,r4rk1/2p4p/1p4pP/3p1p2/p2P1P2/2q1P3/2P1QKP1/2R4R w - - 0 27,h1f1,14,-275,65,h1d1,e2b5,5,32,,,,,
sprt_game_1,27,37,White,r4rk1/2p4p/1p4pP/3p1p2/p2P1P2/2q1P3/2P1QKP1/2R4R w - - 0 27,g2g3,15,-275,65,h1d1,e2b5,5,32,,,,,
sprt_game_1,27,37,White,r4rk1/2p4p/1p4pP/3p1p2/p2P1P2/2q1P3/2P1QKP1/2R4R w - - 0 27,f2f3,16,-278,68,h1d1,e2b5,5,32,,,,,
sprt_game_1,27,37,White,r4rk1/2p4p/1p4pP/3p1p2/p2P1P2/2q1P3/2P1QKP1/2R4R w - - 0 27,g2g4,17,-278,68,h1d1,e2b5,5,32,,,,,
sprt_game_1,27,37,White,r4rk1/2p4p/1p4pP/3p1p2/p2P1P2/2q1P3/2P1QKP1/2R4R w - - 0 27,c1a1,18,-279,69,h1d1,e2b5,5,32,,,,,
sprt_game_1,27,37,White,r4rk1/2p4p/1p4pP/3p1p2/p2P1P2/2q1P3/2P1QKP1/2R4R w - - 0 27,e2d1,19,-281,71,h1d1,e2b5,5,32,,,,,
sprt_game_1,27,37,White,r4rk1/2p4p/1p4pP/3p1p2/p2P1P2/2q1P3/2P1QKP1/2R4R w - - 0 27,f2g1,20,-283,73,h1d1,e2b5,5,32,,,,,
sprt_game_1,27,37,White,r4rk1/2p4p/1p4pP/3p1p2/p2P1P2/2q1P3/2P1QKP1/2R4R w - - 0 27,f2g3,21,-290,80,h1d1,e2b5,5,32,,,,,
sprt_game_1,27,37,White,r4rk1/2p4p/1p4pP/3p1p2/p2P1P2/2q1P3/2P1QKP1/2R4R w - - 0 27,h1h3,22,-297,87,h1d1,e2b5,5,32,,,,,
sprt_game_1,27,37,White,r4rk1/2p4p/1p4pP/3p1p2/p2P1P2/2q1P3/2P1QKP1/2R4R w - - 0 27,h1h2,23,-300,90,h1d1,e2b5,5,32,,,,,
sprt_game_1,27,37,White,r4rk1/2p4p/1p4pP/3p1p2/p2P1P2/2q1P3/2P1QKP1/2R4R w - - 0 27,h1h4,24,-306,96,h1d1,e2b5,5,32,,,,,
sprt_game_1,27,37,White,r4rk1/2p4p/1p4pP/3p1p2/p2P1P2/2q1P3/2P1QKP1/2R4R w - - 0 27,f2f1,25,-307,97,h1d1,e2b5,5,32,,,,,
sprt_game_1,27,37,White,r4rk1/2p4p/1p4pP/3p1p2/p2P1P2/2q1P3/2P1QKP1/2R4R w - - 0 27,e3e4,26,-401,191,h1d1,e2b5,5,32,,,,,
sprt_game_1,27,37,White,r4rk1/2p4p/1p4pP/3p1p2/p2P1P2/2q1P3/2P1QKP1/2R4R w - - 0 27,h1h5,27,-455,245,h1d1,e2b5,5,32,,,,,
sprt_game_1,27,37,White,r4rk1/2p4p/1p4pP/3p1p2/p2P1P2/2q1P3/2P1QKP1/2R4R w - - 0 27,e2h5,28,-704,494,h1d1,e2b5,5,32,,,,,
sprt_game_1,27,37,White,r4rk1/2p4p/1p4pP/3p1p2/p2P1P2/2q1P3/2P1QKP1/2R4R w - - 0 27,e2c4,29,-768,558,h1d1,e2b5,5,32,,,,,
sprt_game_1,27,37,White,r4rk1/2p4p/1p4pP/3p1p2/p2P1P2/2q1P3/2P1QKP1/2R4R w - - 0 27,e2a6,30,-804,594,h1d1,e2b5,5,32,,,,,
sprt_game_1,27,37,White,r4rk1/2p4p/1p4pP/3p1p2/p2P1P2/2q1P3/2P1QKP1/2R4R w - - 0 27,e2g4,31,-813,603,h1d1,e2b5,5,32,,,,,
sprt_game_1,27,37,White,r4rk1/2p4p/1p4pP/3p1p2/p2P1P2/2q1P3/2P1QKP1/2R4R w - - 0 27,e2d2,32,-814,604,h1d1,e2b5,5,32,,,,,
sprt_game_1,30,43,White,r4k2/2p2r1p/1p2Q1pP/3p1p2/p1qP1P2/4P3/2P2KP1/2R4R w - - 6 30,e3e4,1,-478,0,h1e1,e6g6,5,36,,,,,
sprt_game_1,30,43,White,r4k2/2p2r1p/1p2Q1pP/3p1p2/p1qP1P2/4P3/2P2KP1/2R4R w - - 6 30,e6e5,2,-490,12,h1e1,e6g6,5,36,,,,,
sprt_game_1,30,43,White,r4k2/2p2r1p/1p2Q1pP/3p1p2/p1qP1P2/4P3/2P2KP1/2R4R w - - 6 30,h1d1,3,-494,16,h1e1,e6g6,5,36,,,,,
sprt_game_1,30,43,White,r4k2/2p2r1p/1p2Q1pP/3p1p2/p1qP1P2/4P3/2P2KP1/2R4R w - - 6 30,f2g3,4,-508,30,h1e1,e6g6,5,36,,,,,
sprt_game_1,30,43,White,r4k2/2p2r1p/1p2Q1pP/3p1p2/p1qP1P2/4P3/2P2KP1/2R4R w - - 6 30,h1f1,5,-521,43,h1e1,e6g6,5,36,,,,,
sprt_game_1,30,43,White,r4k2/2p2r1p/1p2Q1pP/3p1p2/p1qP1P2/4P3/2P2KP1/2R4R w - - 6 30,h1e1,6,-544,66,h1e1,e6g6,5,36,,,,,
sprt_game_1,30,43,White,r4k2/2p2r1p/1p2Q1pP/3p1p2/p1qP1P2/4P3/2P2KP1/2R4R w - - 6 30,c1b1,7,-547,69,h1e1,e6g6,5,36,,,,,
sprt_game_1,30,43,White,r4k2/2p2r1p/1p2Q1pP/3p1p2/p1qP1P2/4P3/2P2KP1/2R4R w - - 6 30,c2c3,8,-552,74,h1e1,e6g6,5,36,,,,,
sprt_game_1,30,43,White,r4k2/2p2r1p/1p2Q1pP/3p1p2/p1qP1P2/4P3/2P2KP1/2R4R w - - 6 30,c1d1,9,-556,78,h1e1,e6g6,5,36,,,,,
sprt_game_1,30,43,White,r4k2/2p2r1p/1p2Q1pP/3p1p2/p1qP1P2/4P3/2P2KP1/2R4R w - - 6 30,f2g1,10,-571,93,h1e1,e6g6,5,36,,,,,
sprt_game_1,30,43,White,r4k2/2p2r1p/1p2Q1pP/3p1p2/p1qP1P2/4P3/2P2KP1/2R4R w - - 6 30,g2g4,11,-583,105,h1e1,e6g6,5,36,,,,,
sprt_game_1,30,43,White,r4k2/2p2r1p/1p2Q1pP/3p1p2/p1qP1P2/4P3/2P2KP1/2R4R w - - 6 30,c1e1,12,-587,109,h1e1,e6g6,5,36,,,,,
sprt_game_1,30,43,White,r4k2/2p2r1p/1p2Q1pP/3p1p2/p1qP1P2/4P3/2P2KP1/2R4R w - - 6 30,f2f3,13,-588,110,h1e1,e6g6,5,36,,,,,
sprt_game_1,30,43,White,r4k2/2p2r1p/1p2Q1pP/3p1p2/p1qP1P2/4P3/2P2KP1/2R4R w - - 6 30,h1h3,14,-599,121,h1e1,e6g6,5,36,,,,,
sprt_game_1,30,43,White,r4k2/2p2r1p/1p2Q1pP/3p1p2/p1qP1P2/4P3/2P2KP1/2R4R w - - 6 30,h1h4,15,-600,122,h1e1,e6g6,5,36,,,,,
sprt_game_1,30,43,White,r4k2/2p2r1p/1p2Q1pP/3p1p2/p1qP1P2/4P3/2P2KP1/2R4R w - - 6 30,h1g1,16,-603,125,h1e1,e6g6,5,36,,,,,
sprt_game_1,30,43,White,r4k2/2p2r1p/1p2Q1pP/3p1p2/p1qP1P2/4P3/2P2KP1/2R4R w - - 6 30,f2e1,17,-617,139,h1e1,e6g6,5,36,,,,,
sprt_game_1,30,43,White,r4k2/2p2r1p/1p2Q1pP/3p1p2/p1qP1P2/4P3/2P2KP1/2R4R w - - 6 30,c1a1,18,-621,143,h1e1,e6g6,5,36,,,,,
sprt_game_1,30,43,White,r4k2/2p2r1p/1p2Q1pP/3p1p2/p1qP1P2/4P3/2P2KP1/2R4R w - - 6 30,h1h5,19,-624,146,h1e1,e6g6,5,36,,,,,
sprt_game_1,30,43,White,r4k2/2p2r1p/1p2Q1pP/3p1p2/p1qP1P2/4P3/2P2KP1/2R4R w - - 6 30,c1g1,20,-624,146,h1e1,e6g6,5,36,,,,,
sprt_game_1,30,43,White,r4k2/2p2r1p/1p2Q1pP/3p1p2/p1qP1P2/4P3/2P2KP1/2R4R w - - 6 30,c1f1,21,-625,147,h1e1,e6g6,5,36,,,,,
sprt_game_1,30,43,White,r4k2/2p2r1p/1p2Q1pP/3p1p2/p1qP1P2/4P3/2P2KP1/2R4R w - - 6 30,e6f7,22,-627,149,h1e1,e6g6,5,36,,,,,
sprt_game_1,30,43,White,r4k2/2p2r1p/1p2Q1pP/3p1p2/p1qP1P2/4P3/2P2KP1/2R4R w - - 6 30,e6g6,23,-627,149,h1e1,e6g6,5,36,,,,,
sprt_game_1,30,43,White,r4k2/2p2r1p/1p2Q1pP/3p1p2/p1qP1P2/4P3/2P2KP1/2R4R w - - 6 30,g2g3,24,-629,151,h1e1,e6g6,5,36,,,,,
sprt_game_1,30,43,White,r4k2/2p2r1p/1p2Q1pP/3p1p2/p1qP1P2/4P3/2P2KP1/2R4R w - - 6 30,h1h2,25,-641,163,h1e1,e6g6,5,36,,,,,
sprt_game_1,30,43,White,r4k2/2p2r1p/1p2Q1pP/3p1p2/p1qP1P2/4P3/2P2KP1/2R4R w - - 6 30,e6d5,26,-708,230,h1e1,e6g6,5,36,,,,,
sprt_game_1,30,43,White,r4k2/2p2r1p/1p2Q1pP/3p1p2/p1qP1P2/4P3/2P2KP1/2R4R w - - 6 30,e6f5,27,-722,244,h1e1,e6g6,5,36,,,,,
sprt_game_1,30,43,White,r4k2/2p2r1p/1p2Q1pP/3p1p2/p1qP1P2/4P3/2P2KP1/2R4R w - - 6 30,e6d6,28,-761,283,h1e1,e6g6,5,36,,,,,
sprt_game_1,30,43,White,r4k2/2p2r1p/1p2Q1pP/3p1p2/p1qP1P2/4P3/2P2KP1/2R4R w - - 6 30,e6b6,29,-762,284,h1e1,e6g6,5,36,,,,,
sprt_game_1,30,43,White,r4k2/2p2r1p/1p2Q1pP/3p1p2/p1qP1P2/4P3/2P2KP1/2R4R w - - 6 30,e6c8,30,-792,314,h1e1,e6g6,5,36,,,,,
sprt_game_1,30,43,White,r4k2/2p2r1p/1p2Q1pP/3p1p2/p1qP1P2/4P3/2P2KP1/2R4R w - - 6 30,e6c6,31,-802,324,h1e1,e6g6,5,36,,,,,
sprt_game_1,30,43,White,r4k2/2p2r1p/1p2Q1pP/3p1p2/p1qP1P2/4P3/2P2KP1/2R4R w - - 6 30,e6e8,32,-806,328,h1e1,e6g6,5,36,,,,,
sprt_game_1,30,43,White,r4k2/2p2r1p/1p2Q1pP/3p1p2/p1qP1P2/4P3/2P2KP1/2R4R w - - 6 30,e6d7,33,-813,335,h1e1,e6g6,5,36,,,,,
sprt_game_1,30,43,White,r4k2/2p2r1p/1p2Q1pP/3p1p2/p1qP1P2/4P3/2P2KP1/2R4R w - - 6 30,e6f6,34,-821,343,h1e1,e6g6,5,36,,,,,
sprt_game_1,30,43,White,r4k2/2p2r1p/1p2Q1pP/3p1p2/p1qP1P2/4P3/2P2KP1/2R4R w - - 6 30,e6e4,35,-824,346,h1e1,e6g6,5,36,,,,,
sprt_game_1,30,43,White,r4k2/2p2r1p/1p2Q1pP/3p1p2/p1qP1P2/4P3/2P2KP1/2R4R w - - 6 30,e6e7,36,-843,365,h1e1,e6g6,5,36,,,,,
sprt_game_1,32,47,White,r4k2/2p2r1p/1p2Q1pP/3p4/p2qpP2/8/2P3P1/2R2K1R w - - 0 32,g2g3,1,-513,0,f1e2,g2g3,5,32,,,,,
sprt_game_1,32,47,White,r4k2/2p2r1p/1p2Q1pP/3p4/p2qpP2/8/2P3P1/2R2K1R w - - 0 32,f1e2,2,-570,57,f1e2,g2g3,5,32,,,,,
sprt_game_1,32,47,White,r4k2/2p2r1p/1p2Q1pP/3p4/p2qpP2/8/2P3P1/2R2K1R w - - 0 32,h1h4,3,-592,79,f1e2,g2g3,5,32,,,,,
sprt_game_1,32,47,White,r4k2/2p2r1p/1p2Q1pP/3p4/p2qpP2/8/2P3P1/2R2K1R w - - 0 32,h1h3,4,-660,147,f1e2,g2g3,5,32,,,,,
sprt_game_1,32,47,White,r4k2/2p2r1p/1p2Q1pP/3p4/p2qpP2/8/2P3P1/2R2K1R w - - 0 32,c2c3,5,-738,225,f1e2,g2g3,5,32,,,,,
sprt_game_1,32,47,White,r4k2/2p2r1p/1p2Q1pP/3p4/p2qpP2/8/2P3P1/2R2K1R w - - 0 32,e6g4,6,-747,234,f1e2,g2g3,5,32,,,,,
sprt_game_1,32,47,White,r4k2/2p2r1p/1p2Q1pP/3p4/p2qpP2/8/2P3P1/2R2K1R w - - 0 32,f4f5,7,-764,251,f1e2,g2g3,5,32,,,,,
sprt_game_1,32,47,White,r4k2/2p2r1p/1p2Q1pP/3p4/p2qpP2/8/2P3P1/2R2K1R w - - 0 32,e6c6,8,-785,272,f1e2,g2g3,5,32,,,,,
sprt_game_1,32,47,White,r4k2/2p2r1p/1p2Q1pP/3p4/p2qpP2/8/2P3P1/2R2K1R w - - 0 32,e6f7,9,-789,276,f1e2,g2g3,5,32,,,,,
sprt_game_1,32,47,White,r4k2/2p2r1p/1p2Q1pP/3p4/p2qpP2/8/2P3P1/2R2K1R w - - 0 32,f1e1,10,-810,297,f1e2,g2g3,5,32,,,,,
sprt_game_1,32,47,White,r4k2/2p2r1p/1p2Q1pP/3p4/p2qpP2/8/2P3P1/2R2K1R w - - 0 32,e6d5,11,-893,380,f1e2,g2g3,5,32,,,,,
sprt_game_1,32,47,White,r4k2/2p2r1p/1p2Q1pP/3p4/p2qpP2/8/2P3P1/2R2K1R w - - 0 32,e6g6,12,-906,393,f1e2,g2g3,5,32,,,,,
sprt_game_1,32,47,White,r4k2/2p2r1p/1p2Q1pP/3p4/p2qpP2/8/2P3P1/2R2K1R w - - 0 32,e6d7,13,-939,426,f1e2,g2g3,5,32,,,,,
sprt_game_1,32,47,White,r4k2/2p2r1p/1p2Q1pP/3p4/p2qpP2/8/2P3P1/2R2K1R w - - 0 32,e6f6,14,-956,443,f1e2,g2g3,5,32,,,,,
sprt_game_1,32,47,White,r4k2/2p2r1p/1p2Q1pP/3p4/p2qpP2/8/2P3P1/2R2K1R w - - 0 32,e6d6,15,-957,444,f1e2,g2g3,5,32,,,,,
sprt_game_1,32,47,White,r4k2/2p2r1p/1p2Q1pP/3p4/p2qpP2/8/2P3P1/2R2K1R w - - 0 32,e6c8,16,-959,446,f1e2,g2g3,5,32,,,,,
sprt_game_1,32,47,White,r4k2/2p2r1p/1p2Q1pP/3p4/p2qpP2/8/2P3P1/2R2K1R w - - 0 32,e6e5,17,-959,446,f1e2,g2g3,5,32,,,,,
sprt_game_1,32,47,White,r4k2/2p2r1p/1p2Q1pP/3p4/p2qpP2/8/2P3P1/2R2K1R w - - 0 32,e6f5,18,-980,467,f1e2,g2g3,5,32,,,,,
sprt_game_1,32,47,White,r4k2/2p2r1p/1p2Q1pP/3p4/p2qpP2/8/2P3P1/2R2K1R w - - 0 32,e6e7,19,-987,474,f1e2,g2g3,5,32,,,,,
sprt_game_1,32,47,White,r4k2/2p2r1p/1p2Q1pP/3p4/p2qpP2/8/2P3P1/2R2K1R w - - 0 32,e6e8,20,-1055,542,f1e2,g2g3,5,32,,,,,
sprt_game_1,32,47,White,r4k2/2p2r1p/1p2Q1pP/3p4/p2qpP2/8/2P3P1/2R2K1R w - - 0 32,c1a1,21,-1239,726,f1e2,g2g3,5,32,,,,,
sprt_game_1,32,47,White,r4k2/2p2r1p/1p2Q1pP/3p4/p2qpP2/8/2P3P1/2R2K1R w - - 0 32,c2c4,22,-31989,31476,f1e2,g2g3,5,32,,,,,
sprt_game_1,32,47,White,r4k2/2p2r1p/1p2Q1pP/3p4/p2qpP2/8/2P3P1/2R2K1R w - - 0 32,e6e4,23,-31990,31477,f1e2,g2g3,5,32,,,,,
sprt_game_1,32,47,White,r4k2/2p2r1p/1p2Q1pP/3p4/p2qpP2/8/2P3P1/2R2K1R w - - 0 32,c1b1,24,-31992,31479,f1e2,g2g3,5,32,,,,,
sprt_game_1,32,47,White,r4k2/2p2r1p/1p2Q1pP/3p4/p2qpP2/8/2P3P1/2R2K1R w - - 0 32,e6b6,25,-31993,31480,f1e2,g2g3,5,32,,,,,
sprt_game_1,32,47,White,r4k2/2p2r1p/1p2Q1pP/3p4/p2qpP2/8/2P3P1/2R2K1R w - - 0 32,e6h3,26,-31993,31480,f1e2,g2g3,5,32,,,,,
sprt_game_1,32,47,White,r4k2/2p2r1p/1p2Q1pP/3p4/p2qpP2/8/2P3P1/2R2K1R w - - 0 32,g2g4,27,-31993,31480,f1e2,g2g3,5,32,,,,,
sprt_game_1,32,47,White,r4k2/2p2r1p/1p2Q1pP/3p4/p2qpP2/8/2P3P1/2R2K1R w - - 0 32,h1g1,28,-31995,31482,f1e2,g2g3,5,32,,,,,
sprt_game_1,32,47,White,r4k2/2p2r1p/1p2Q1pP/3p4/p2qpP2/8/2P3P1/2R2K1R w - - 0 32,h1h5,29,-31997,31484,f1e2,g2g3,5,32,,,,,
sprt_game_1,32,47,White,r4k2/2p2r1p/1p2Q1pP/3p4/p2qpP2/8/2P3P1/2R2K1R w - - 0 32,h1h2,30,-31997,31484,f1e2,g2g3,5,32,,,,,
sprt_game_1,32,47,White,r4k2/2p2r1p/1p2Q1pP/3p4/p2qpP2/8/2P3P1/2R2K1R w - - 0 32,c1e1,31,-31998,31485,f1e2,g2g3,5,32,,,,,
sprt_game_1,32,47,White,r4k2/2p2r1p/1p2Q1pP/3p4/p2qpP2/8/2P3P1/2R2K1R w - - 0 32,c1d1,32,-31998,31485,f1e2,g2g3,5,32,,,,,
sprt_game_1,35,53,White,4rk2/2p2r1p/1pQ3pP/3p4/p4q2/4p3/2P1K1P1/3R3R w - - 0 35,d1d5,1,-597,0,h1g1,d1d5,5,39,,,,,
sprt_game_1,35,53,White,4rk2/2p2r1p/1pQ3pP/3p4/p4q2/4p3/2P1K1P1/3R3R w - - 0 35,c6d5,2,-714,117,h1g1,d1d5,5,39,,,,,
sprt_game_1,35,53,White,4rk2/2p2r1p/1pQ3pP/3p4/p4q2/4p3/2P1K1P1/3R3R w - - 0 35,d1d3,3,-735,138,h1g1,d1d5,5,39,,,,,
sprt_game_1,35,53,White,4rk2/2p2r1p/1pQ3pP/3p4/p4q2/4p3/2P1K1P1/3R3R w - - 0 35,c6b5,4,-849,252,h1g1,d1d5,5,39,,,,,
sprt_game_1,35,53,White,4rk2/2p2r1p/1pQ3pP/3p4/p4q2/4p3/2P1K1P1/3R3R w - - 0 35,h1h3,5,-851,254,h1g1,d1d5,5,39,,,,,
sprt_game_1,35,53,White,4rk2/2p2r1p/1pQ3pP/3p4/p4q2/4p3/2P1K1P1/3R3R w - - 0 35,c6g6,6,-869,272,h1g1,d1d5,5,39,,,,,
sprt_game_1,35,53,White,4rk2/2p2r1p/1pQ3pP/3p4/p4q2/4p3/2P1K1P1/3R3R w - - 0 35,c2c4,7,-900,303,h1g1,d1d5,5,39,,,,,
sprt_game_1,35,53,White,4rk2/2p2r1p/1pQ3pP/3p4/p4q2/4p3/2P1K1P1/3R3R w - - 0 35,c6e8,8,-916,319,h1g1,d1d5,5,39,,,,,
sprt_game_1,35,53,White,4rk2/2p2r1p/1pQ3pP/3p4/p4q2/4p3/2P1K1P1/3R3R w - - 0 35,e2d3,9,-927,330,h1g1,d1d5,5,39,,,,,
sprt_game_1,35,53,White,4rk2/2p2r1p/1pQ3pP/3p4/p4q2/4p3/2P1K1P1/3R3R w - - 0 35,h1f1,10,-934,337,h1g1,d1d5,5,39,,,,,
sprt_game_1,35,53,White,4rk2/2p2r1p/1pQ3pP/3p4/p4q2/4p3/2P1K1P1/3R3R w - - 0 35,h1g1,11,-944,347,h1g1,d1d5,5,39,,,,,
sprt_game_1,35,53,White,4rk2/2p2r1p/1pQ3pP/3p4/p4q2/4p3/2P1K1P1/3R3R w - - 0 35,h1h4,12,-977,380,h1g1,d1d5,5,39,,,,,
sprt_game_1,35,53,White,4rk2/2p2r1p/1pQ3pP/3p4/p4q2/4p3/2P1K1P1/3R3R w - - 0 35,h1e1,13,-985,388,h1g1,d1d5,5,39,,,,,
sprt_game_1,35,53,White,4rk2/2p2r1p/1pQ3pP/3p4/p4q2/4p3/2P1K1P1/3R3R w - - 0 35,h1h5,14,-1115,518,h1g1,d1d5,5,39,,,,,
sprt_game_1,35,53,White,4rk2/2p2r1p/1pQ3pP/3p4/p4q2/4p3/2P1K1P1/3R3R w - - 0 35,d1f1,15,-1152,555,h1g1,d1d5,5,39,,,,,
sprt_game_1,35,53,White,4rk2/2p2r1p/1pQ3pP/3p4/p4q2/4p3/2P1K1P1/3R3R w - - 0 35,h1h2,16,-31988,31391,h1g1,d1d5,5,39,,,,,
sprt_game_1,35,53,White,4rk2/2p2r1p/1pQ3pP/3p4/p4q2/4p3/2P1K1P1/3R3R w - - 0 35,c6f6,17,-31994,31397,h1g1,d1d5,5,39,,,,,
sprt_game_1,35,53,White,4rk2/2p2r1p/1pQ3pP/3p4/p4q2/4p3/2P1K1P1/3R3R w - - 0 35,c6d6,18,-31994,31397,h1g1,d1d5,5,39,,,,,
sprt_game_1,35,53,White,4rk2/2p2r1p/1pQ3pP/3p4/p4q2/4p3/2P1K1P1/3R3R w - - 0 35,c6c5,19,-31994,31397,h1g1,d1d5,5,39,,,,,
sprt_game_1,35,53,White,4rk2/2p2r1p/1pQ3pP/3p4/p4q2/4p3/2P1K1P1/3R3R w - - 0 35,c6c3,20,-31994,31397,h1g1,d1d5,5,39,,,,,
sprt_game_1,35,53,White,4rk2/2p2r1p/1pQ3pP/3p4/p4q2/4p3/2P1K1P1/3R3R w - - 0 35,c6d7,21,-31995,31398,h1g1,d1d5,5,39,,,,,
sprt_game_1,35,53,White,4rk2/2p2r1p/1pQ3pP/3p4/p4q2/4p3/2P1K1P1/3R3R w - - 0 35,c6c7,22,-31995,31398,h1g1,d1d5,5,39,,,,,
sprt_game_1,35,53,White,4rk2/2p2r1p/1pQ3pP/3p4/p4q2/4p3/2P1K1P1/3R3R w - - 0 35,c6e6,23,-31995,31398,h1g1,d1d5,5,39,,,,,
sprt_game_1,35,53,White,4rk2/2p2r1p/1pQ3pP/3p4/p4q2/4p3/2P1K1P1/3R3R w - - 0 35,c6b6,24,-31995,31398,h1g1,d1d5,5,39,,,,,
sprt_game_1,35,53,White,4rk2/2p2r1p/1pQ3pP/3p4/p4q2/4p3/2P1K1P1/3R3R w - - 0 35,c6a4,25,-31995,31398,h1g1,d1d5,5,39,,,,,
sprt_game_1,35,53,White,4rk2/2p2r1p/1pQ3pP/3p4/p4q2/4p3/2P1K1P1/3R3R w - - 0 35,d1d4,26,-31995,31398,h1g1,d1d5,5,39,,,,,
sprt_game_1,35,53,White,4rk2/2p2r1p/1pQ3pP/3p4/p4q2/4p3/2P1K1P1/3R3R w - - 0 35,c6a8,27,-31996,31399,h1g1,d1d5,5,39,,,,,
sprt_game_1,35,53,White,4rk2/2p2r1p/1pQ3pP/3p4/p4q2/4p3/2P1K1P1/3R3R w - - 0 35,c6b7,28,-31996,31399,h1g1,d1d5,5,39,,,,,
sprt_game_1,35,53,White,4rk2/2p2r1p/1pQ3pP/3p4/p4q2/4p3/2P1K1P1/3R3R w - - 0 35,c6c4,29,-31996,31399,h1g1,d1d5,5,39,,,,,
sprt_game_1,35,53,White,4rk2/2p2r1p/1pQ3pP/3p4/p4q2/4p3/2P1K1P1/3R3R w - - 0 35,g2g3,30,-31996,31399,h1g1,d1d5,5,39,,,,,
sprt_game_1,35,53,White,4rk2/2p2r1p/1pQ3pP/3p4/p4q2/4p3/2P1K1P1/3R3R w - - 0 35,c2c3,31,-31996,31399,h1g1,d1d5,5,39,,,,,
sprt_game_1,35,53,White,4rk2/2p2r1p/1pQ3pP/3p4/p4q2/4p3/2P1K1P1/3R3R w - - 0 35,g2g4,32,-31996,31399,h1g1,d1d5,5,39,,,,,
sprt_game_1,35,53,White,4rk2/2p2r1p/1pQ3pP/3p4/p4q2/4p3/2P1K1P1/3R3R w - - 0 35,d1d2,33,-31998,31401,h1g1,d1d5,5,39,,,,,
sprt_game_1,35,53,White,4rk2/2p2r1p/1pQ3pP/3p4/p4q2/4p3/2P1K1P1/3R3R w - - 0 35,d1g1,34,-31998,31401,h1g1,d1d5,5,39,,,,,
sprt_game_1,35,53,White,4rk2/2p2r1p/1pQ3pP/3p4/p4q2/4p3/2P1K1P1/3R3R w - - 0 35,d1e1,35,-31998,31401,h1g1,d1d5,5,39,,,,,
sprt_game_1,35,53,White,4rk2/2p2r1p/1pQ3pP/3p4/p4q2/4p3/2P1K1P1/3R3R w - - 0 35,d1c1,36,-31998,31401,h1g1,d1d5,5,39,,,,,
sprt_game_1,35,53,White,4rk2/2p2r1p/1pQ3pP/3p4/p4q2/4p3/2P1K1P1/3R3R w - - 0 35,d1b1,37,-31998,31401,h1g1,d1d5,5,39,,,,,
sprt_game_1,35,53,White,4rk2/2p2r1p/1pQ3pP/3p4/p4q2/4p3/2P1K1P1/3R3R w - - 0 35,d1a1,38,-31998,31401,h1g1,d1d5,5,39,,,,,
sprt_game_1,35,53,White,4rk2/2p2r1p/1pQ3pP/3p4/p4q2/4p3/2P1K1P1/3R3R w - - 0 35,e2e1,39,-31999,31402,h1g1,d1d5,5,39,,,,,
sprt_game_1,37,57,White,4rk2/2p2r1p/1pQ3pP/3p4/p3q3/3Kp3/2P3P1/3R1R2 w - - 4 37,d3c3,1,-1044,0,d3e2,d3c3,5,2,,,,,
sprt_game_1,37,57,White,4rk2/2p2r1p/1pQ3pP/3p4/p3q3/3Kp3/2P3P1/3R1R2 w - - 4 37,d3e2,2,-1103,59,d3e2,d3c3,5,2,,,,,
sprt_game_1,39,61,White,4rk2/2p4p/1pQ3pP/3p4/p7/3Kp3/2P3q1/3R1r2 w - - 0 39,d3c3,1,-31992,0,d3c3,d1f1,5,26,,,,,
sprt_game_1,39,61,White,4rk2/2p4p/1pQ3pP/3p4/p7/3Kp3/2P3q1/3R1r2 w - - 0 39,c6a4,2,-31993,1,d3c3,d1f1,5,26,,,,,
sprt_game_1,39,61,White,4rk2/2p4p/1pQ3pP/3p4/p7/3Kp3/2P3q1/3R1r2 w - - 0 39,c6f6,3,-31994,2,d3c3,d1f1,5,26,,,,,
sprt_game_1,39,61,White,4rk2/2p4p/1pQ3pP/3p4/p7/3Kp3/2P3q1/3R1r2 w - - 0 39,c6b5,4,-31994,2,d3c3,d1f1,5,26,,,,,
sprt_game_1,39,61,White,4rk2/2p4p/1pQ3pP/3p4/p7/3Kp3/2P3q1/3R1r2 w - - 0 39,d1f1,5,-31994,2,d3c3,d1f1,5,26,,,,,
sprt_game_1,39,61,White,4rk2/2p4p/1pQ3pP/3p4/p7/3Kp3/2P3q1/3R1r2 w - - 0 39,c6e8,6,-31995,3,d3c3,d1f1,5,26,,,,,
sprt_game_1,39,61,White,4rk2/2p4p/1pQ3pP/3p4/p7/3Kp3/2P3q1/3R1r2 w - - 0 39,c6d6,7,-31995,3,d3c3,d1f1,5,26,,,,,
sprt_game_1,39,61,White,4rk2/2p4p/1pQ3pP/3p4/p7/3Kp3/2P3q1/3R1r2 w - - 0 39,c6b6,8,-31995,3,d3c3,d1f1,5,26,,,,,
sprt_game_1,39,61,White,4rk2/2p4p/1pQ3pP/3p4/p7/3Kp3/2P3q1/3R1r2 w - - 0 39,c6d5,9,-31995,3,d3c3,d1f1,5,26,,,,,
sprt_game_1,39,61,White,4rk2/2p4p/1pQ3pP/3p4/p7/3Kp3/2P3q1/3R1r2 w - - 0 39,c6c5,10,-31995,3,d3c3,d1f1,5,26,,,,,
sprt_game_1,39,61,White,4rk2/2p4p/1pQ3pP/3p4/p7/3Kp3/2P3q1/3R1r2 w - - 0 39,c6c4,11,-31995,3,d3c3,d1f1,5,26,,,,,
sprt_game_1,39,61,White,4rk2/2p4p/1pQ3pP/3p4/p7/3Kp3/2P3q1/3R1r2 w - - 0 39,c6a8,12,-31996,4,d3c3,d1f1,5,26,,,,,
sprt_game_1,39,61,White,4rk2/2p4p/1pQ3pP/3p4/p7/3Kp3/2P3q1/3R1r2 w - - 0 39,c6d7,13,-31996,4,d3c3,d1f1,5,26,,,,,
sprt_game_1,39,61,White,4rk2/2p4p/1pQ3pP/3p4/p7/3Kp3/2P3q1/3R1r2 w - - 0 39,c6c7,14,-31996,4,d3c3,d1f1,5,26,,,,,
sprt_game_1,39,61,White,4rk2/2p4p/1pQ3pP/3p4/p7/3Kp3/2P3q1/3R1r2 w - - 0 39,c6b7,15,-31996,4,d3c3,d1f1,5,26,,,,,
sprt_game_1,39,61,White,4rk2/2p4p/1pQ3pP/3p4/p7/3Kp3/2P3q1/3R1r2 w - - 0 39,c6g6,16,-31996,4,d3c3,d1f1,5,26,,,,,
sprt_game_1,39,61,White,4rk2/2p4p/1pQ3pP/3p4/p7/3Kp3/2P3q1/3R1r2 w - - 0 39,c6e6,17,-31996,4,d3c3,d1f1,5,26,,,,,
sprt_game_1,39,61,White,4rk2/2p4p/1pQ3pP/3p4/p7/3Kp3/2P3q1/3R1r2 w - - 0 39,d3d4,18,-31996,4,d3c3,d1f1,5,26,,,,,
sprt_game_1,39,61,White,4rk2/2p4p/1pQ3pP/3p4/p7/3Kp3/2P3q1/3R1r2 w - - 0 39,c6c3,19,-31998,6,d3c3,d1f1,5,26,,,,,
sprt_game_1,39,61,White,4rk2/2p4p/1pQ3pP/3p4/p7/3Kp3/2P3q1/3R1r2 w - - 0 39,c2c4,20,-31998,6,d3c3,d1f1,5,26,,,,,
sprt_game_1,39,61,White,4rk2/2p4p/1pQ3pP/3p4/p7/3Kp3/2P3q1/3R1r2 w - - 0 39,d1d2,21,-31999,7,d3c3,d1f1,5,26,,,,,
sprt_game_1,39,61,White,4rk2/2p4p/1pQ3pP/3p4/p7/3Kp3/2P3q1/3R1r2 w - - 0 39,d1e1,22,-31999,7,d3c3,d1f1,5,26,,,,,
sprt_game_1,39,61,White,4rk2/2p4p/1pQ3pP/3p4/p7/3Kp3/2P3q1/3R1r2 w - - 0 39,d1c1,23,-31999,7,d3c3,d1f1,5,26,,,,,
sprt_game_1,39,61,White,4rk2/2p4p/1pQ3pP/3p4/p7/3Kp3/2P3q1/3R1r2 w - - 0 39,d1b1,24,-31999,7,d3c3,d1f1,5,26,,,,,
sprt_game_1,39,61,White,4rk2/2p4p/1pQ3pP/3p4/p7/3Kp3/2P3q1/3R1r2 w - - 0 39,d1a1,25,-31999,7,d3c3,d1f1,5,26,,,,,
sprt_game_1,39,61,White,4rk2/2p4p/1pQ3pP/3p4/p7/3Kp3/2P3q1/3R1r2 w - - 0 39,c2c3,26,-31999,7,d3c3,d1f1,5,26,,,,,
sprt_game_2,8,1,White,r1bqk1nr/ppp2ppp/3bp3/4n3/2B2Q2/P2P4/1PP2PPP/RNB1K1NR w KQkq - 3 8,f4e3,1,-105,0,f4e5,f4d2,1,42,,,,,
sprt_game_2,8,1,White,r1bqk1nr/ppp2ppp/3bp3/4n3/2B2Q2/P2P4/1PP2PPP/RNB1K1NR w KQkq - 3 8,f4e4,2,-110,5,f4e5,f4d2,1,42,,,,,
sprt_game_2,8,1,White,r1bqk1nr/ppp2ppp/3bp3/4n3/2B2Q2/P2P4/1PP2PPP/RNB1K1NR w KQkq - 3 8,f4g5,3,-122,17,f4e5,f4d2,1,42,,,,,
sprt_game_2,8,1,White,r1bqk1nr/ppp2ppp/3bp3/4n3/2B2Q2/P2P4/1PP2PPP/RNB1K1NR w KQkq - 3 8,f4d2,4,-132,27,f4e5,f4d2,1,42,,,,,
sprt_game_2,8,1,White,r1bqk1nr/ppp2ppp/3bp3/4n3/2B2Q2/P2P4/1PP2PPP/RNB1K1NR w KQkq - 3 8,e1f1,5,-252,147,f4e5,f4d2,1,42,,,,,
sprt_game_2,8,1,White,r1bqk1nr/ppp2ppp/3bp3/4n3/2B2Q2/P2P4/1PP2PPP/RNB1K1NR w KQkq - 3 8,g1f3,6,-264,159,f4e5,f4d2,1,42,,,,,
sprt_game_2,8,1,White,r1bqk1nr/ppp2ppp/3bp3/4n3/2B2Q2/P2P4/1PP2PPP/RNB1K1NR w KQkq - 3 8,b1c3,7,-267,162,f4e5,f4d2,1,42,,,,,
sprt_game_2,8,1,White,r1bqk1nr/ppp2ppp/3bp3/4n3/2B2Q2/P2P4/1PP2PPP/RNB1K1NR w KQkq - 3 8,e1d1,8,-268,163,f4e5,f4d2,1,42,,,,,
sprt_game_2,8,1,White,r1bqk1nr/ppp2ppp/3bp3/4n3/2B2Q2/P2P4/1PP2PPP/RNB1K1NR w KQkq - 3 8,e1e2,9,-269,164,f4e5,f4d2,1,42,,,,,
sprt_game_2,8,1,White,r1bqk1nr/ppp2ppp/3bp3/4n3/2B2Q2/P2P4/1PP2PPP/RNB1K1NR w KQkq - 3 8,g1e2,10,-282,177,f4e5,f4d2,1,42,,,,,
sprt_game_2,8,1,White,r1bqk1nr/ppp2ppp/3bp3/4n3/2B2Q2/P2P4/1PP2PPP/RNB1K1NR w KQkq - 3 8,h2h4,11,-320,215,f4e5,f4d2,1,42,,,,,
sprt_game_2,8,1,White,r1bqk1nr/ppp2ppp/3bp3/4n3/2B2Q2/P2P4/1PP2PPP/RNB1K1NR w KQkq - 3 8,g1h3,12,-336,231,f4e5,f4d2,1,42,,,,,
sprt_game_2,8,1,White,r1bqk1nr/ppp2ppp/3bp3/4n3/2B2Q2/P2P4/1PP2PPP/RNB1K1NR w KQkq - 3 8,a3a4,13,-353,248,f4e5,f4d2,1,42,,,,,
sprt_game_2,8,1,White,r1bqk1nr/ppp2ppp/3bp3/4n3/2B2Q2/P2P4/1PP2PPP/RNB1K1NR w KQkq - 3 8,f2f3,14,-356,251,f4e5,f4d2,1,42,,,,,
sprt_game_2,8,1,White,r1bqk1nr/ppp2ppp/3bp3/4n3/2B2Q2/P2P4/1PP2PPP/RNB1K1NR w KQkq - 3 8,h2h3,15,-366,261,f4e5,f4d2,1,42,,,,,
sprt_game_2,8,1,White,r1bqk1nr/ppp2ppp/3bp3/4n3/2B2Q2/P2P4/1PP2PPP/RNB1K1NR w KQkq - 3 8,g2g3,16,-366,261,f4e5,f4d2,1,42,,,,,
sprt_game_2,8,1,White,r1bqk1nr/ppp2ppp/3bp3/4n3/2B2Q2/P2P4/1PP2PPP/RNB1K1NR w KQkq - 3 8,c4b5,17,-372,267,f4e5,f4d2,1,42,,,,,
sprt_game_2,8,1,White,r1bqk1nr/ppp2ppp/3bp3/4n3/2B2Q2/P2P4/1PP2PPP/RNB1K1NR w KQkq - 3 8,c1e3,18,-373,268,f4e5,f4d2,1,42,,,,,
sprt_game_2,8,1,White,r1bqk1nr/ppp2ppp/3bp3/4n3/2B2Q2/P2P4/1PP2PPP/RNB1K1NR w KQkq - 3 8,f4g3,19,-385,280,f4e5,f4d2,1,42,,,,,
sprt_game_2,8,1,White,r1bqk1nr/ppp2ppp/3bp3/4n3/2B2Q2/P2P4/1PP2PPP/RNB1K1NR w KQkq - 3 8,c4b3,20,-387,282,f4e5,f4d2,1,42,,,,,
sprt_game_2,8,1,White,r1bqk1nr/ppp2ppp/3bp3/4n3/2B2Q2/P2P4/1PP2PPP/RNB1K1NR w KQkq - 3 8,c1d2,21,-388,283,f4e5,f4d2,1,42,,,,,
sprt_game_2,8,1,White,r1bqk1nr/ppp2ppp/3bp3/4n3/2B2Q2/P2P4/1PP2PPP/RNB1K1NR w KQkq - 3 8,c4a2,22,-405,300,f4e5,f4d2,1,42,,,,,
sprt_game_2,8,1,White,r1bqk1nr/ppp2ppp/3bp3/4n3/2B2Q2/P2P4/1PP2PPP/RNB1K1NR w KQkq - 3 8,g2g4,23,-405,300,f4e5,f4d2,1,42,,,,,
sprt_game_2,8,1,White,r1bqk1nr/ppp2ppp/3bp3/4n3/2B2Q2/P2P4/1PP2PPP/RNB1K1NR w KQkq - 3 8,a1a2,24,-413,308,f4e5,f4d2,1,42,,,,,
sprt_game_2,8,1,White,r1bqk1nr/ppp2ppp/3bp3/4n3/2B2Q2/P2P4/1PP2PPP/RNB1K1NR w KQkq - 3 8,e1d2,25,-446,341,f4e5,f4d2,1,42,,,,,
sprt_game_2,8,1,White,r1bqk1nr/ppp2ppp/3bp3/4n3/2B2Q2/P2P4/1PP2PPP/RNB1K1NR w KQkq - 3 8,d3d4,26,-462,357,f4e5,f4d2,1,42,,,,,
sprt_game_2,8,1,White,r1bqk1nr/ppp2ppp/3bp3/4n3/2B2Q2/P2P4/1PP2PPP/RNB1K1NR w KQkq - 3 8,b2b3,27,-482,377,f4e5,f4d2,1,42,,,,,
sprt_game_2,8,1,White,r1bqk1nr/ppp2ppp/3bp3/4n3/2B2Q2/P2P4/1PP2PPP/RNB1K1NR w KQkq - 3 8,b2b4,28,-490,385,f4e5,f4d2,1,42,,,,,
sprt_game_2,8,1,White,r1bqk1nr/ppp2ppp/3bp3/4n3/2B2Q2/P2P4/1PP2PPP/RNB1K1NR w KQkq - 3 8,f4d4,29,-514,409,f4e5,f4d2,1,42,,,,,
sprt_game_2,8,1,White,r1bqk1nr/ppp2ppp/3bp3/4n3/2B2Q2/P2P4/1PP2PPP/RNB1K1NR w KQkq - 3 8,c4a6,30,-515,410,f4e5,f4d2,1,42,,,,,
sprt_game_2,8,1,White,r1bqk1nr/ppp2ppp/3bp3/4n3/2B2Q2/P2P4/1PP2PPP/RNB1K1NR w KQkq - 3 8,b1d2,31,-535,430,f4e5,f4d2,1,42,,,,,
sprt_game_2,8,1,White,r1bqk1nr/ppp2ppp/3bp3/4n3/2B2Q2/P2P4/1PP2PPP/RNB1K1NR w KQkq - 3 8,f4f3,32,-557,452,f4e5,f4d2,1,42,,,,,
sprt_game_2,8,1,White,r1bqk1nr/ppp2ppp/3bp3/4n3/2B2Q2/P2P4/1PP2PPP/RNB1K1NR w KQkq - 3 8,f4e5,33,-560,455,f4e5,f4d2,1,42,,,,,
sprt_game_2,8,1,White,r1bqk1nr/ppp2ppp/3bp3/4n3/2B2Q2/P2P4/1PP2PPP/RNB1K1NR w KQkq - 3 8,c2c3,34,-564,459,f4e5,f4d2,1,42,,,,,
sprt_game_2,8,1,White,r1bqk1nr/ppp2ppp/3bp3/4n3/2B2Q2/P2P4/1PP2PPP/RNB1K1NR w KQkq - 3 8,c4e6,35,-573,468,f4e5,f4d2,1,42,,,,,
sprt_game_2,8,1,White,r1bqk1nr/ppp2ppp/3bp3/4n3/2B2Q2/P2P4/1PP2PPP/RNB1K1NR w KQkq - 3 8,c4d5,36,-596,491,f4e5,f4d2,1,42,,,,,
sprt_game_2,8,1,White,r1bqk1nr/ppp2ppp/3bp3/4n3/2B2Q2/P2P4/1PP2PPP/RNB1K1NR w KQkq - 3 8,f4f7,37,-690,585,f4e5,f4d2,1,42,,,,,
sprt_game_2,8,1,White,r1bqk1nr/ppp2ppp/3bp3/4n3/2B2Q2/P2P4/1PP2PPP/RNB1K1NR w KQkq - 3 8,f4h4,38,-718,613,f4e5,f4d2,1,42,,,,,
sprt_game_2,8,1,White,r1bqk1nr/ppp2ppp/3bp3/4n3/2B2Q2/P2P4/1PP2PPP/RNB1K1NR w KQkq - 3 8,f4g4,39,-723,618,f4e5,f4d2,1,42,,,,,
sprt_game_2,8,1,White,r1bqk1nr/ppp2ppp/3bp3/4n3/2B2Q2/P2P4/1PP2PPP/RNB1K1NR w KQkq - 3 8,f4f5,40,-752,647,f4e5,f4d2,1,42,,,,,
sprt_game_2,8,1,White,r1bqk1nr/ppp2ppp/3bp3/4n3/2B2Q2/P2P4/1PP2PPP/RNB1K1NR w KQkq - 3 8,f4f6,41,-755,650,f4e5,f4d2,1,42,,,,,
sprt_game_2,8,1,White,r1bqk1nr/ppp2ppp/3bp3/4n3/2B2Q2/P2P4/1PP2PPP/RNB1K1NR w KQkq - 3 8,f4h6,42,-758,653,f4e5,f4d2,1,42,,,,,
sprt_game_2,9,3,White,r1bqk1nr/p1p2ppp/1p1bp3/4n3/2B5/P2P4/1PPQ1PPP/RNB1K1NR w KQkq - 0 9,c4b5,1,-125,0,c4b5,d2e2,1,34,,,,,
sprt_game_2,9,3,White,r1bqk1nr/p1p2ppp/1p1bp3/4n3/2B5/P2P4/1PPQ1PPP/RNB1K1NR w KQkq - 0 9,c4a2,2,-132,7,c4b5,d2e2,1,34,,,,,
sprt_game_2,9,3,White,r1bqk1nr/p1p2ppp/1p1bp3/4n3/2B5/P2P4/1PPQ1PPP/RNB1K1NR w KQkq - 0 9,b1c3,3,-136,11,c4b5,d2e2,1,34,,,,,
sprt_game_2,9,3,White,r1bqk1nr/p1p2ppp/1p1bp3/4n3/2B5/P2P4/1PPQ1PPP/RNB1K1NR w KQkq - 0 9,d2e2,4,-137,12,c4b5,d2e2,1,34,,,,,
sprt_game_2,9,3,White,r1bqk1nr/p1p2ppp/1p1bp3/4n3/2B5/P2P4/1PPQ1PPP/RNB1K1NR w KQkq - 0 9,c4b3,5,-153,28,c4b5,d2e2,1,34,,,,,
sprt_game_2,9,3,White,r1bqk1nr/p1p2ppp/1p1bp3/4n3/2B5/P2P4/1PPQ1PPP/RNB1K1NR w KQkq - 0 9,g1f3,6,-158,33,c4b5,d2e2,1,34,,,,,
sprt_game_2,9,3,White,r1bqk1nr/p1p2ppp/1p1bp3/4n3/2B5/P2P4/1PPQ1PPP/RNB1K1NR w KQkq - 0 9,d2g5,7,-175,50,c4b5,d2e2,1,34,,,,,
sprt_game_2,9,3,White,r1bqk1nr/p1p2ppp/1p1bp3/4n3/2B5/P2P4/1PPQ1PPP/RNB1K1NR w KQkq - 0 9,g1e2,8,-180,55,c4b5,d2e2,1,34,,,,,
sprt_game_2,9,3,White,r1bqk1nr/p1p2ppp/1p1bp3/4n3/2B5/P2P4/1PPQ1PPP/RNB1K1NR w KQkq - 0 9,f2f4,9,-189,64,c4b5,d2e2,1,34,,,,,
sprt_game_2,9,3,White,r1bqk1nr/p1p2ppp/1p1bp3/4n3/2B5/P2P4/1PPQ1PPP/RNB1K1NR w KQkq - 0 9,g1h3,10,-190,65,c4b5,d2e2,1,34,,,,,
sprt_game_2,9,3,White,r1bqk1nr/p1p2ppp/1p1bp3/4n3/2B5/P2P4/1PPQ1PPP/RNB1K1NR w KQkq - 0 9,h2h4,11,-194,69,c4b5,d2e2,1,34,,,,,
sprt_game_2,9,3,White,r1bqk1nr/p1p2ppp/1p1bp3/4n3/2B5/P2P4/1PPQ1PPP/RNB1K1NR w KQkq - 0 9,d2c3,12,-202,77,c4b5,d2e2,1,34,,,,,
sprt_game_2,9,3,White,r1bqk1nr/p1p2ppp/1p1bp3/4n3/2B5/P2P4/1PPQ1PPP/RNB1K1NR w KQkq - 0 9,a3a4,13,-203,78,c4b5,d2e2,1,34,,,,,
sprt_game_2,9,3,White,r1bqk1nr/p1p2ppp/1p1bp3/4n3/2B5/P2P4/1PPQ1PPP/RNB1K1NR w KQkq - 0 9,b2b3,14,-203,78,c4b5,d2e2,1,34,,,,,
sprt_game_2,9,3,White,r1bqk1nr/p1p2ppp/1p1bp3/4n3/2B5/P2P4/1PPQ1PPP/RNB1K1NR w KQkq - 0 9,h2h3,15,-209,84,c4b5,d2e2,1,34,,,,,
sprt_game_2,9,3,White,r1bqk1nr/p1p2ppp/1p1bp3/4n3/2B5/P2P4/1PPQ1PPP/RNB1K1NR w KQkq - 0 9,d2e3,16,-220,95,c4b5,d2e2,1,34,,,,,
sprt_game_2,9,3,White,r1bqk1nr/p1p2ppp/1p1bp3/4n3/2B5/P2P4/1PPQ1PPP/RNB1K1NR w KQkq - 0 9,c2c3,17,-221,96,c4b5,d2e2,1,34,,,,,
sprt_game_2,9,3,White,r1bqk1nr/p1p2ppp/1p1bp3/4n3/2B5/P2P4/1PPQ1PPP/RNB1K1NR w KQkq - 0 9,e1f1,18,-222,97,c4b5,d2e2,1,34,,,,,
sprt_game_2,9,3,White,r1bqk1nr/p1p2ppp/1p1bp3/4n3/2B5/P2P4/1PPQ1PPP/RNB1K1NR w KQkq - 0 9,f2f3,19,-224,99,c4b5,d2e2,1,34,,,,,
sprt_game_2,9,3,White,r1bqk1nr/p1p2ppp/1p1bp3/4n3/2B5/P2P4/1PPQ1PPP/RNB1K1NR w KQkq - 0 9,d2d1,20,-228,103,c4b5,d2e2,1,34,,,,,
sprt_game_2,9,3,White,r1bqk1nr/p1p2ppp/1p1bp3/4n3/2B5/P2P4/1PPQ1PPP/RNB1K1NR w KQkq - 0 9,b2b4,21,-235,110,c4b5,d2e2,1,34,,,,,
sprt_game_2,9,3,White,r1bqk1nr/p1p2ppp/1p1bp3/4n3/2B5/P2P4/1PPQ1PPP/RNB1K1NR w KQkq - 0 9,a1a2,22,-256,131,c4b5,d2e2,1,34,,,,,
sprt_game_2,9,3,White,r1bqk1nr/p1p2ppp/1p1bp3/4n3/2B5/P2P4/1PPQ1PPP/RNB1K1NR w KQkq - 0 9,e1e2,23,-269,144,c4b5,d2e2,1,34,,,,,
sprt_game_2,9,3,White,r1bqk1nr/p1p2ppp/1p1bp3/4n3/2B5/P2P4/1PPQ1PPP/RNB1K1NR w KQkq - 0 9,e1d1,24,-275,150,c4b5,d2e2,1,34,,,,,
sprt_game_2,9,3,White,r1bqk1nr/p1p2ppp/1p1bp3/4n3/2B5/P2P4/1PPQ1PPP/RNB1K1NR w KQkq - 0 9,g2g3,25,-314,189,c4b5,d2e2,1,34,,,,,
sprt_game_2,9,3,White,r1bqk1nr/p1p2ppp/1p1bp3/4n3/2B5/P2P4/1PPQ1PPP/RNB1K1NR w KQkq - 0 9,d2f4,26,-399,274,c4b5,d2e2,1,34,,,,,
sprt_game_2,9,3,White,r1bqk1nr/p1p2ppp/1p1bp3/4n3/2B5/P2P4/1PPQ1PPP/RNB1K1NR w KQkq - 0 9,g2g4,27,-411,286,c4b5,d2e2,1,34,,,,,
sprt_game_2,9,3,White,r1bqk1nr/p1p2ppp/1p1bp3/4n3/2B5/P2P4/1PPQ1PPP/RNB1K1NR w KQkq - 0 9,d3d4,28,-424,299,c4b5,d2e2,1,34,,,,,
sprt_game_2,9,3,White,r1bqk1nr/p1p2ppp/1p1bp3/4n3/2B5/P2P4/1PPQ1PPP/RNB1K1NR w KQkq - 0 9,c4e6,29,-464,339,c4b5,d2e2,1,34,,,,,
sprt_game_2,9,3,White,r1bqk1nr/p1p2ppp/1p1bp3/4n3/2B5/P2P4/1PPQ1PPP/RNB1K1NR w KQkq - 0 9,c4d5,30,-547,422,c4b5,d2e2,1,34,,,,,
sprt_game_2,9,3,White,r1bqk1nr/p1p2ppp/1p1bp3/4n3/2B5/P2P4/1PPQ1PPP/RNB1K1NR w KQkq - 0 9,c4a6,31,-559,434,c4b5,d2e2,1,34,,,,,
sprt_game_2,9,3,White,r1bqk1nr/p1p2ppp/1p1bp3/4n3/2B5/P2P4/1PPQ1PPP/RNB1K1NR w KQkq - 0 9,d2b4,32,-600,475,c4b5,d2e2,1,34,,,,,
sprt_game_2,9,3,White,r1bqk1nr/p1p2ppp/1p1bp3/4n3/2B5/P2P4/1PPQ1PPP/RNB1K1NR w KQkq - 0 9,d2a5,33,-739,614,c4b5,d2e2,1,34,,,,,
sprt_game_2,9,3,White,r1bqk1nr/p1p2ppp/1p1bp3/4n3/2B5/P2P4/1PPQ1PPP/RNB1K1NR w KQkq - 0 9,d2h6,34,-755,630,c4b5,d2e2,1,34,,,,,
sprt_game_2,10,5,White,r1bqk1nr/p4ppp/1ppbp3/1B2n3/8/P2P4/1PPQ1PPP/RNB1K1NR w KQkq - 0 10,b5c4,1,-124,0,b5c6,b5a4,1,33,,,,,
sprt_game_2,10,5,White,r1bqk1nr/p4ppp/1ppbp3/1B2n3/8/P2P4/1PPQ1PPP/RNB1K1NR w KQkq - 0 10,b5a4,2,-130,6,b5c6,b5a4,1,33,,,,,
sprt_game_2,10,5,White,r1bqk1nr/p4ppp/1ppbp3/1B2n3/8/P2P4/1PPQ1PPP/RNB1K1NR w KQkq - 0 10,d3d4,3,-149,25,b5c6,b5a4,1,33,,,,,
sprt_game_2,10,5,White,r1bqk1nr/p4ppp/1ppbp3/1B2n3/8/P2P4/1PPQ1PPP/RNB1K1NR w KQkq - 0 10,f2f4,4,-172,48,b5c6,b5a4,1,33,,,,,
sprt_game_2,10,5,White,r1bqk1nr/p4ppp/1ppbp3/1B2n3/8/P2P4/1PPQ1PPP/RNB1K1NR w KQkq - 0 10,d2c3,5,-306,182,b5c6,b5a4,1,33,,,,,
sprt_game_2,10,5,White,r1bqk1nr/p4ppp/1ppbp3/1B2n3/8/P2P4/1PPQ1PPP/RNB1K1NR w KQkq - 0 10,b1c3,6,-438,314,b5c6,b5a4,1,33,,,,,
sprt_game_2,10,5,White,r1bqk1nr/p4ppp/1ppbp3/1B2n3/8/P2P4/1PPQ1PPP/RNB1K1NR w KQkq - 0 10,d2e2,7,-447,323,b5c6,b5a4,1,33,,,,,
sprt_game_2,10,5,White,r1bqk1nr/p4ppp/1ppbp3/1B2n3/8/P2P4/1PPQ1PPP/RNB1K1NR w KQkq - 0 10,h2h4,8,-456,332,b5c6,b5a4,1,33,,,,,
sprt_game_2,10,5,White,r1bqk1nr/p4ppp/1ppbp3/1B2n3/8/P2P4/1PPQ1PPP/RNB1K1NR w KQkq - 0 10,g1e2,9,-458,334,b5c6,b5a4,1,33,,,,,
sprt_game_2,10,5,White,r1bqk1nr/p4ppp/1ppbp3/1B2n3/8/P2P4/1PPQ1PPP/RNB1K1NR w KQkq - 0 10,b2b4,10,-466,342,b5c6,b5a4,1,33,,,,,
sprt_game_2,10,5,White,r1bqk1nr/p4ppp/1ppbp3/1B2n3/8/P2P4/1PPQ1PPP/RNB1K1NR w KQkq - 0 10,b2b3,11,-467,343,b5c6,b5a4,1,33,,,,,
sprt_game_2,10,5,White,r1bqk1nr/p4ppp/1ppbp3/1B2n3/8/P2P4/1PPQ1PPP/RNB1K1NR w KQkq - 0 10,b5c6,12,-485,361,b5c6,b5a4,1,33,,,,,
sprt_game_2,10,5,White,r1bqk1nr/p4ppp/1ppbp3/1B2n3/8/P2P4/1PPQ1PPP/RNB1K1NR w KQkq - 0 10,g1f3,13,-487,363,b5c6,b5a4,1,33,,,,,
sprt_game_2,10,5,White,r1bqk1nr/p4ppp/1ppbp3/1B2n3/8/P2P4/1PPQ1PPP/RNB1K1NR w KQkq - 0 10,d2d1,14,-492,368,b5c6,b5a4,1,33,,,,,
sprt_game_2,10,5,White,r1bqk1nr/p4ppp/1ppbp3/1B2n3/8/P2P4/1PPQ1PPP/RNB1K1NR w KQkq - 0 10,f2f3,15,-494,370,b5c6,b5a4,1,33,,,,,
sprt_game_2,10,5,White,r1bqk1nr/p4ppp/1ppbp3/1B2n3/8/P2P4/1PPQ1PPP/RNB1K1NR w KQkq - 0 10,h2h3,16,-505,381,b5c6,b5a4,1,33,,,,,
sprt_game_2,10,5,White,r1bqk1nr/p4ppp/1ppbp3/1B2n3/8/P2P4/1PPQ1PPP/RNB1K1NR w KQkq - 0 10,g1h3,17,-507,383,b5c6,b5a4,1,33,,,,,
sprt_game_2,10,5,White,r1bqk1nr/p4ppp/1ppbp3/1B2n3/8/P2P4/1PPQ1PPP/RNB1K1NR w KQkq - 0 10,d2e3,18,-510,386,b5c6,b5a4,1,33,,,,,
sprt_game_2,10,5,White,r1bqk1nr/p4ppp/1ppbp3/1B2n3/8/P2P4/1PPQ1PPP/RNB1K1NR w KQkq - 0 10,g2g3,19,-510,386,b5c6,b5a4,1,33,,,,,
sprt_game_2,10,5,White,r1bqk1nr/p4ppp/1ppbp3/1B2n3/8/P2P4/1PPQ1PPP/RNB1K1NR w KQkq - 0 10,d2g5,20,-512,388,b5c6,b5a4,1,33,,,,,
sprt_game_2,10,5,White,r1bqk1nr/p4ppp/1ppbp3/1B2n3/8/P2P4/1PPQ1PPP/RNB1K1NR w KQkq - 0 10,a3a4,21,-513,389,b5c6,b5a4,1,33,,,,,
sprt_game_2,10,5,White,r1bqk1nr/p4ppp/1ppbp3/1B2n3/8/P2P4/1PPQ1PPP/RNB1K1NR w KQkq - 0 10,e1f1,22,-523,399,b5c6,b5a4,1,33,,,,,
sprt_game_2,10,5,White,r1bqk1nr/p4ppp/1ppbp3/1B2n3/8/P2P4/1PPQ1PPP/RNB1K1NR w KQkq - 0 10,d2f4,23,-525,401,b5c6,b5a4,1,33,,,,,
sprt_game_2,10,5,White,r1bqk1nr/p4ppp/1ppbp3/1B2n3/8/P2P4/1PPQ1PPP/RNB1K1NR w KQkq - 0 10,b5a6,24,-529,405,b5c6,b5a4,1,33,,,,,
sprt_game_2,10,5,White,r1bqk1nr/p4ppp/1ppbp3/1B2n3/8/P2P4/1PPQ1PPP/RNB1K1NR w KQkq - 0 10,c2c3,25,-531,407,b5c6,b5a4,1,33,,,,,
sprt_game_2,10,5,White,r1bqk1nr/p4ppp/1ppbp3/1B2n3/8/P2P4/1PPQ1PPP/RNB1K1NR w KQkq - 0 10,g2g4,26,-535,411,b5c6,b5a4,1,33,,,,,
sprt_game_2,10,5,White,r1bqk1nr/p4ppp/1ppbp3/1B2n3/8/P2P4/1PPQ1PPP/RNB1K1NR w KQkq - 0 10,c2c4,27,-539,415,b5c6,b5a4,1,33,,,,,
sprt_game_2,10,5,White,r1bqk1nr/p4ppp/1ppbp3/1B2n3/8/P2P4/1PPQ1PPP/RNB1K1NR w KQkq - 0 10,e1d1,28,-540,416,b5c6,b5a4,1,33,,,,,
sprt_game_2,10,5,White,r1bqk1nr/p4ppp/1ppbp3/1B2n3/8/P2P4/1PPQ1PPP/RNB1K1NR w KQkq - 0 10,e1e2,29,-547,423,b5c6,b5a4,1,33,,,,,
sprt_game_2,10,5,White,r1bqk1nr/p4ppp/1ppbp3/1B2n3/8/P2P4/1PPQ1PPP/RNB1K1NR w KQkq - 0 10,a1a2,30,-561,437,b5c6,b5a4,1,33,,,,,
sprt_game_2,10,5,White,r1bqk1nr/p4ppp/1ppbp3/1B2n3/8/P2P4/1PPQ1PPP/RNB1K1NR w KQkq - 0 10,d2b4,31,-696,572,b5c6,b5a4,1,33,,,,,
sprt_game_2,10,5,White,r1bqk1nr/p4ppp/1ppbp3/1B2n3/8/P2P4/1PPQ1PPP/RNB1K1NR w KQkq - 0 10,d2a5,32,-728,604,b5c6,b5a4,1,33,,,,,
sprt_game_2,10,5,White,r1bqk1nr/p4ppp/1ppbp3/1B2n3/8/P2P4/1PPQ1PPP/RNB1K1NR w KQkq - 0 10,d2h6,33,-752,628,b5c6,b5a4,1,33,,,,,
sprt_game_2,11,7,White,r2qk1nr/pb3ppp/1ppbp3/4n3/2B5/P2P4/1PPQ1PPP/RNB1K1NR w KQkq - 2 11,b1c3,1,-131,0,c4e6,b1c3,1,34,,,,,
sprt_game_2,11,7,White,r2qk1nr/pb3ppp/1ppbp3/4n3/2B5/P2P4/1PPQ1PPP/RNB1K1NR w KQkq - 2 11,c4a2,2,-144,13,c4e6,b1c3,1,34,,,,,
sprt_game_2,11,7,White,r2qk1nr/pb3ppp/1ppbp3/4n3/2B5/P2P4/1PPQ1PPP/RNB1K1NR w KQkq - 2 11,c4b3,3,-146,15,c4e6,b1c3,1,34,,,,,
sprt_game_2,11,7,White,r2qk1nr/pb3ppp/1ppbp3/4n3/2B5/P2P4/1PPQ1PPP/RNB1K1NR w KQkq - 2 11,d2e2,4,-160,29,c4e6,b1c3,1,34,,,,,
sprt_game_2,11,7,White,r2qk1nr/pb3ppp/1ppbp3/4n3/2B5/P2P4/1PPQ1PPP/RNB1K1NR w KQkq - 2 11,d2e3,5,-173,42,c4e6,b1c3,1,34,,,,,
sprt_game_2,11,7,White,r2qk1nr/pb3ppp/1ppbp3/4n3/2B5/P2P4/1PPQ1PPP/RNB1K1NR w KQkq - 2 11,g1e2,6,-173,42,c4e6,b1c3,1,34,,,,,
sprt_game_2,11,7,White,r2qk1nr/pb3ppp/1ppbp3/4n3/2B5/P2P4/1PPQ1PPP/RNB1K1NR w KQkq - 2 11,d2g5,7,-175,44,c4e6,b1c3,1,34,,,,,
sprt_game_2,11,7,White,r2qk1nr/pb3ppp/1ppbp3/4n3/2B5/P2P4/1PPQ1PPP/RNB1K1NR w KQkq - 2 11,f2f4,8,-181,50,c4e6,b1c3,1,34,,,,,
sprt_game_2,11,7,White,r2qk1nr/pb3ppp/1ppbp3/4n3/2B5/P2P4/1PPQ1PPP/RNB1K1NR w KQkq - 2 11,g1f3,9,-186,55,c4e6,b1c3,1,34,,,,,
sprt_game_2,11,7,White,r2qk1nr/pb3ppp/1ppbp3/4n3/2B5/P2P4/1PPQ1PPP/RNB1K1NR w KQkq - 2 11,a3a4,10,-186,55,c4e6,b1c3,1,34,,,,,
sprt_game_2,11,7,White,r2qk1nr/pb3ppp/1ppbp3/4n3/2B5/P2P4/1PPQ1PPP/RNB1K1NR w KQkq - 2 11,g1h3,11,-202,71,c4e6,b1c3,1,34,,,,,
sprt_game_2,11,7,White,r2qk1nr/pb3ppp/1ppbp3/4n3/2B5/P2P4/1PPQ1PPP/RNB1K1NR w KQkq - 2 11,h2h4,12,-209,78,c4e6,b1c3,1,34,,,,,
sprt_game_2,11,7,White,r2qk1nr/pb3ppp/1ppbp3/4n3/2B5/P2P4/1PPQ1PPP/RNB1K1NR w KQkq - 2 11,d2c3,13,-214,83,c4e6,b1c3,1,34,,,,,
sprt_game_2,11,7,White,r2qk1nr/pb3ppp/1ppbp3/4n3/2B5/P2P4/1PPQ1PPP/RNB1K1NR w KQkq - 2 11,h2h3,14,-217,86,c4e6,b1c3,1,34,,,,,
sprt_game_2,11,7,White,r2qk1nr/pb3ppp/1ppbp3/4n3/2B5/P2P4/1PPQ1PPP/RNB1K1NR w KQkq - 2 11,f2f3,15,-218,87,c4e6,b1c3,1,34,,,,,
sprt_game_2,11,7,White,r2qk1nr/pb3ppp/1ppbp3/4n3/2B5/P2P4/1PPQ1PPP/RNB1K1NR w KQkq - 2 11,d2d1,16,-220,89,c4e6,b1c3,1,34,,,,,
sprt_game_2,11,7,White,r2qk1nr/pb3ppp/1ppbp3/4n3/2B5/P2P4/1PPQ1PPP/RNB1K1NR w KQkq - 2 11,e1f1,17,-220,89,c4e6,b1c3,1,34,,,,,
sprt_game_2,11,7,White,r2qk1nr/pb3ppp/1ppbp3/4n3/2B5/P2P4/1PPQ1PPP/RNB1K1NR w KQkq - 2 11,b2b4,18,-241,110,c4e6,b1c3,1,34,,,,,
sprt_game_2,11,7,White,r2qk1nr/pb3ppp/1ppbp3/4n3/2B5/P2P4/1PPQ1PPP/RNB1K1NR w KQkq - 2 11,b2b3,19,-243,112,c4e6,b1c3,1,34,,,,,
sprt_game_2,11,7,White,r2qk1nr/pb3ppp/1ppbp3/4n3/2B5/P2P4/1PPQ1PPP/RNB1K1NR w KQkq - 2 11,c2c3,20,-257,126,c4e6,b1c3,1,34,,,,,
sprt_game_2,11,7,White,r2qk1nr/pb3ppp/1ppbp3/4n3/2B5/P2P4/1PPQ1PPP/RNB1K1NR w KQkq - 2 11,e1e2,21,-262,131,c4e6,b1c3,1,34,,,,,
sprt_game_2,11,7,White,r2qk1nr/pb3ppp/1ppbp3/4n3/2B5/P2P4/1PPQ1PPP/RNB1K1NR w KQkq - 2 11,a1a2,22,-264,133,c4e6,b1c3,1,34,,,,,
sprt_game_2,11,7,White,r2qk1nr/pb3ppp/1ppbp3/4n3/2B5/P2P4/1PPQ1PPP/RNB1K1NR w KQkq - 2 11,e1d1,23,-268,137,c4e6,b1c3,1,34,,,,,
sprt_game_2,11,7,White,r2qk1nr/pb3ppp/1ppbp3/4n3/2B5/P2P4/1PPQ1PPP/RNB1K1NR w KQkq - 2 11,d2f4,24,-405,274,c4e6,b1c3,1,34,,,,,
sprt_game_2,11,7,White,r2qk1nr/pb3ppp/1ppbp3/4n3/2B5/P2P4/1PPQ1PPP/RNB1K1NR w KQkq - 2 11,g2g3,25,-415,284,c4e6,b1c3,1,34,,,,,
sprt_game_2,11,7,White,r2qk1nr/pb3ppp/1ppbp3/4n3/2B5/P2P4/1PPQ1PPP/RNB1K1NR w KQkq - 2 11,c4e6,26,-447,316,c4e6,b1c3,1,34,,,,,
sprt_game_2,11,7,White,r2qk1nr/pb3ppp/1ppbp3/4n3/2B5/P2P4/1PPQ1PPP/RNB1K1NR w KQkq - 2 11,g2g4,27,-455,324,c4e6,b1c3,1,34,,,,,
sprt_game_2,11,7,White,r2qk1nr/pb3ppp/1ppbp3/4n3/2B5/P2P4/1PPQ1PPP/RNB1K1NR w KQkq - 2 11,d3d4,28,-473,342,c4e6,b1c3,1,34,,,,,
sprt_game_2,11,7,White,r2qk1nr/pb3ppp/1ppbp3/4n3/2B5/P2P4/1PPQ1PPP/RNB1K1NR w KQkq - 2 11,c4a6,29,-523,392,c4e6,b1c3,1,34,,,,,
sprt_game_2,11,7,White,r2qk1nr/pb3ppp/1ppbp3/4n3/2B5/P2P4/1PPQ1PPP/RNB1K1NR w KQkq - 2 11,c4d5,30,-555,424,c4e6,b1c3,1,34,,,,,
sprt_game_2,11,7,White,r2qk1nr/pb3ppp/1ppbp3/4n3/2B5/P2P4/1PPQ1PPP/RNB1K1NR w KQkq - 2 11,c4b5,31,-562,431,c4e6,b1c3,1,34,,,,,
sprt_game_2,11,7,White,r2qk1nr/pb3ppp/1ppbp3/4n3/2B5/P2P4/1PPQ1PPP/RNB1K1NR w KQkq - 2 11,d2b4,32,-584,453,c4e6,b1c3,1,34,,,,,
sprt_game_2,11,7,White,r2qk1nr/pb3ppp/1ppbp3/4n3/2B5/P2P4/1PPQ1PPP/RNB1K1NR w KQkq - 2 11,d2a5,33,-711,580,c4e6,b1c3,1,34,,,,,
sprt_game_2,11,7,White,r2qk1nr/pb3ppp/1ppbp3/4n3/2B5/P2P4/1PPQ1PPP/RNB1K1NR w KQkq - 2 11,d2h6,34,-741,610,c4e6,b1c3,1,34,,,,,
sprt_game_2,12,9,White,r2qk2r/pb3ppp/1ppbpn2/4n3/2B5/P1NP4/1PPQ1PPP/R1B1K1NR w KQkq - 4 12,c4a2,1,-121,0,c4e6,d2e2,1,38,,,,,
sprt_game_2,12,9,White,r2qk2r/pb3ppp/1ppbpn2/4n3/2B5/P1NP4/1PPQ1PPP/R1B1K1NR w KQkq - 4 12,d2e2,2,-129,8,c4e6,d2e2,1,38,,,,,
sprt_game_2,12,9,White,r2qk2r/pb3ppp/1ppbpn2/4n3/2B5/P1NP4/1PPQ1PPP/R1B1K1NR w KQkq - 4 12,f2f3,3,-129,8,c4e6,d2e2,1,38,,,,,
sprt_game_2,12,9,White,r2qk2r/pb3ppp/1ppbpn2/4n3/2B5/P1NP4/1PPQ1PPP/R1B1K1NR w KQkq - 4 12,g1f3,4,-134,13,c4e6,d2e2,1,38,,,,,
sprt_game_2,12,9,White,r2qk2r/pb3ppp/1ppbpn2/4n3/2B5/P1NP4/1PPQ1PPP/R1B1K1NR w KQkq - 4 12,c4b3,5,-137,16,c4e6,d2e2,1,38,,,,,
sprt_game_2,12,9,White,r2qk2r/pb3ppp/1ppbpn2/4n3/2B5/P1NP4/1PPQ1PPP/R1B1K1NR w KQkq - 4 12,g1h3,6,-144,23,c4e6,d2e2,1,38,,,,,
sprt_game_2,12,9,White,r2qk2r/pb3ppp/1ppbpn2/4n3/2B5/P1NP4/1PPQ1PPP/R1B1K1NR w KQkq - 4 12,d2e3,7,-145,24,c4e6,d2e2,1,38,,,,,
sprt_game_2,12,9,White,r2qk2r/pb3ppp/1ppbpn2/4n3/2B5/P1NP4/1PPQ1PPP/R1B1K1NR w KQkq - 4 12,g1e2,8,-154,33,c4e6,d2e2,1,38,,,,,
sprt_game_2,12,9,White,r2qk2r/pb3ppp/1ppbpn2/4n3/2B5/P1NP4/1PPQ1PPP/R1B1K1NR w KQkq - 4 12,h2h3,9,-154,33,c4e6,d2e2,1,38,,,,,
sprt_game_2,12,9,White,r2qk2r/pb3ppp/1ppbpn2/4n3/2B5/P1NP4/1PPQ1PPP/R1B1K1NR w KQkq - 4 12,f2f4,10,-159,38,c4e6,d2e2,1,38,,,,,
sprt_game_2,12,9,White,r2qk2r/pb3ppp/1ppbpn2/4n3/2B5/P1NP4/1PPQ1PPP/R1B1K1NR w KQkq - 4 12,a3a4,11,-161,40,c4e6,d2e2,1,38,,,,,
sprt_game_2,12,9,White,r2qk2r/pb3ppp/1ppbpn2/4n3/2B5/P1NP4/1PPQ1PPP/R1B1K1NR w KQkq - 4 12,d2d1,12,-168,47,c4e6,d2e2,1,38,,,,,
sprt_game_2,12,9,White,r2qk2r/pb3ppp/1ppbpn2/4n3/2B5/P1NP4/1PPQ1PPP/R1B1K1NR w KQkq - 4 12,d2g5,13,-174,53,c4e6,d2e2,1,38,,,,,
sprt_game_2,12,9,White,r2qk2r/pb3ppp/1ppbpn2/4n3/2B5/P1NP4/1PPQ1PPP/R1B1K1NR w KQkq - 4 12,h2h4,14,-176,55,c4e6,d2e2,1,38,,,,,
sprt_game_2,12,9,White,r2qk2r/pb3ppp/1ppbpn2/4n3/2B5/P1NP4/1PPQ1PPP/R1B1K1NR w KQkq - 4 12,a1b1,15,-177,56,c4e6,d2e2,1,38,,,,,
sprt_game_2,12,9,White,r2qk2r/pb3ppp/1ppbpn2/4n3/2B5/P1NP4/1PPQ1PPP/R1B1K1NR w KQkq - 4 12,e1e2,16,-194,73,c4e6,d2e2,1,38,,,,,
sprt_game_2,12,9,White,r2qk2r/pb3ppp/1ppbpn2/4n3/2B5/P1NP4/1PPQ1PPP/R1B1K1NR w KQkq - 4 12,e1f1,17,-199,78,c4e6,d2e2,1,38,,,,,
sprt_game_2,12,9,White,r2qk2r/pb3ppp/1ppbpn2/4n3/2B5/P1NP4/1PPQ1PPP/R1B1K1NR w KQkq - 4 12,c3d1,18,-203,82,c4e6,d2e2,1,38,,,,,
sprt_game_2,12,9,White,r2qk2r/pb3ppp/1ppbpn2/4n3/2B5/P1NP4/1PPQ1PPP/R1B1K1NR w KQkq - 4 12,c3b1,19,-216,95,c4e6,d2e2,1,38,,,,,
sprt_game_2,12,9,White,r2qk2r/pb3ppp/1ppbpn2/4n3/2B5/P1NP4/1PPQ1PPP/R1B1K1NR w KQkq - 4 12,b2b4,20,-224,103,c4e6,d2e2,1,38,,,,,
sprt_game_2,12,9,White,r2qk2r/pb3ppp/1ppbpn2/4n3/2B5/P1NP4/1PPQ1PPP/R1B1K1NR w KQkq - 4 12,c3e2,21,-229,108,c4e6,d2e2,1,38,,,,,
sprt_game_2,12,9,White,r2qk2r/pb3ppp/1ppbpn2/4n3/2B5/P1NP4/1PPQ1PPP/R1B1K1NR w KQkq - 4 12,e1d1,22,-232,111,c4e6,d2e2,1,38,,,,,
sprt_game_2,12,9,White,r2qk2r/pb3ppp/1ppbpn2/4n3/2B5/P1NP4/1PPQ1PPP/R1B1K1NR w KQkq - 4 12,a1a2,23,-238,117,c4e6,d2e2,1,38,,,,,
sprt_game_2,12,9,White,r2qk2r/pb3ppp/1ppbpn2/4n3/2B5/P1NP4/1PPQ1PPP/R1B1K1NR w KQkq - 4 12,c3a2,24,-248,127,c4e6,d2e2,1,38,,,,,
sprt_game_2,12,9,White,r2qk2r/pb3ppp/1ppbpn2/4n3/2B5/P1NP4/1PPQ1PPP/R1B1K1NR w KQkq - 4 12,b2b3,25,-252,131,c4e6,d2e2,1,38,,,,,
sprt_game_2,12,9,White,r2qk2r/pb3ppp/1ppbpn2/4n3/2B5/P1NP4/1PPQ1PPP/R1B1K1NR w KQkq - 4 12,g2g3,26,-365,244,c4e6,d2e2,1,38,,,,,
sprt_game_2,12,9,White,r2qk2r/pb3ppp/1ppbpn2/4n3/2B5/P1NP4/1PPQ1PPP/R1B1K1NR w KQkq - 4 12,g2g4,27,-388,267,c4e6,d2e2,1,38,,,,,
sprt_game_2,12,9,White,r2qk2r/pb3ppp/1ppbpn2/4n3/2B5/P1NP4/1PPQ1PPP/R1B1K1NR w KQkq - 4 12,d2f4,28,-411,290,c4e6,d2e2,1,38,,,,,
sprt_game_2,12,9,White,r2qk2r/pb3ppp/1ppbpn2/4n3/2B5/P1NP4/1PPQ1PPP/R1B1K1NR w KQkq - 4 12,c4e6,29,-439,318,c4e6,d2e2,1,38,,,,,
sprt_game_2,12,9,White,r2qk2r/pb3ppp/1ppbpn2/4n3/2B5/P1NP4/1PPQ1PPP/R1B1K1NR w KQkq - 4 12,c3e4,30,-456,335,c4e6,d2e2,1,38,,,,,
sprt_game_2,12,9,White,r2qk2r/pb3ppp/1ppbpn2/4n3/2B5/P1NP4/1PPQ1PPP/R1B1K1NR w KQkq - 4 12,c3a4,31,-460,339,c4e6,d2e2,1,38,,,,,
sprt_game_2,12,9,White,r2qk2r/pb3ppp/1ppbpn2/4n3/2B5/P1NP4/1PPQ1PPP/R1B1K1NR w KQkq - 4 12,d3d4,32,-469,348,c4e6,d2e2,1,38,,,,,
sprt_game_2,12,9,White,r2qk2r/pb3ppp/1ppbpn2/4n3/2B5/P1NP4/1PPQ1PPP/R1B1K1NR w KQkq - 4 12,c4a6,33,-495,374,c4e6,d2e2,1,38,,,,,
sprt_game_2,12,9,White,r2qk2r/pb3ppp/1ppbpn2/4n3/2B5/P1NP4/1PPQ1PPP/R1B1K1NR w KQkq - 4 12,c3b5,34,-521,400,c4e6,d2e2,1,38,,,,,
sprt_game_2,12,9,White,r2qk2r/pb3ppp/1ppbpn2/4n3/2B5/P1NP4/1PPQ1PPP/R1B1K1NR w KQkq - 4 12,c4b5,35,-547,426,c4e6,d2e2,1,38,,,,,
sprt_game_2,12,9,White,r2qk2r/pb3ppp/1ppbpn2/4n3/2B5/P1NP4/1PPQ1PPP/R1B1K1NR w KQkq - 4 12,c4d5,36,-567,446,c4e6,d2e2,1,38,,,,,
sprt_game_2,12,9,White,r2qk2r/pb3ppp/1ppbpn2/4n3/2B5/P1NP4/1PPQ1PPP/R1B1K1NR w KQkq - 4 12,c3d5,37,-580,459,c4e6,d2e2,1,38,,,,,
sprt_game_2,12,9,White,r2qk2r/pb3ppp/1ppbpn2/4n3/2B5/P1NP4/1PPQ1PPP/R1B1K1NR w KQkq - 4 12,d2h6,38,-721,600,c4e6,d2e2,1,38,,,,,
sprt_game_2,13,11,White,r2qk2r/pb3ppp/1p1bpn2/2p1n3/2B5/P1NP4/1PP1QPPP/R1B1K1NR w KQkq - 0 13,f2f4,1,-115,0,c4e6,c4b5,1,44,,,,,
sprt_game_2,13,11,White,r2qk2r/pb3ppp/1p1bpn2/2p1n3/2B5/P1NP4/1PP1QPPP/R1B1K1NR w KQkq - 0 13,c4b5,2,-127,12,c4e6,c4b5,1,44,,,,,
sprt_game_2,13,11,White,r2qk2r/pb3ppp/1p1bpn2/2p1n3/2B5/P1NP4/1PP1QPPP/R1B1K1NR w KQkq - 0 13,f2f3,3,-145,30,c4e6,c4b5,1,44,,,,,
sprt_game_2,13,11,White,r2qk2r/pb3ppp/1p1bpn2/2p1n3/2B5/P1NP4/1PP1QPPP/R1B1K1NR w KQkq - 0 13,g1f3,4,-161,46,c4e6,c4b5,1,44,,,,,
sprt_game_2,13,11,White,r2qk2r/pb3ppp/1p1bpn2/2p1n3/2B5/P1NP4/1PP1QPPP/R1B1K1NR w KQkq - 0 13,e1f1,5,-187,72,c4e6,c4b5,1,44,,,,,
sprt_game_2,13,11,White,r2qk2r/pb3ppp/1p1bpn2/2p1n3/2B5/P1NP4/1PP1QPPP/R1B1K1NR w KQkq - 0 13,e2f1,6,-220,105,c4e6,c4b5,1,44,,,,,
sprt_game_2,13,11,White,r2qk2r/pb3ppp/1p1bpn2/2p1n3/2B5/P1NP4/1PP1QPPP/R1B1K1NR w KQkq - 0 13,c1g5,7,-243,128,c4e6,c4b5,1,44,,,,,
sprt_game_2,13,11,White,r2qk2r/pb3ppp/1p1bpn2/2p1n3/2B5/P1NP4/1PP1QPPP/R1B1K1NR w KQkq - 0 13,h2h4,8,-316,201,c4e6,c4b5,1,44,,,,,
sprt_game_2,13,11,White,r2qk2r/pb3ppp/1p1bpn2/2p1n3/2B5/P1NP4/1PP1QPPP/R1B1K1NR w KQkq - 0 13,c1d2,9,-328,213,c4e6,c4b5,1,44,,,,,
sprt_game_2,13,11,White,r2qk2r/pb3ppp/1p1bpn2/2p1n3/2B5/P1NP4/1PP1QPPP/R1B1K1NR w KQkq - 0 13,c4b3,10,-342,227,c4e6,c4b5,1,44,,,,,
sprt_game_2,13,11,White,r2qk2r/pb3ppp/1p1bpn2/2p1n3/2B5/P1NP4/1PP1QPPP/R1B1K1NR w KQkq - 0 13,c4a2,11,-346,231,c4e6,c4b5,1,44,,,,,
sprt_game_2,13,11,White,r2qk2r/pb3ppp/1p1bpn2/2p1n3/2B5/P1NP4/1PP1QPPP/R1B1K1NR w KQkq - 0 13,c1e3,12,-366,251,c4e6,c4b5,1,44,,,,,
sprt_game_2,13,11,White,r2qk2r/pb3ppp/1p1bpn2/2p1n3/2B5/P1NP4/1PP1QPPP/R1B1K1NR w KQkq - 0 13,c3b5,13,-373,258,c4e6,c4b5,1,44,,,,,
sprt_game_2,13,11,White,r2qk2r/pb3ppp/1p1bpn2/2p1n3/2B5/P1NP4/1PP1QPPP/R1B1K1NR w KQkq - 0 13,h2h3,14,-410,295,c4e6,c4b5,1,44,,,,,
sprt_game_2,13,11,White,r2qk2r/pb3ppp/1p1bpn2/2p1n3/2B5/P1NP4/1PP1QPPP/R1B1K1NR w KQkq - 0 13,a3a4,15,-414,299,c4e6,c4b5,1,44,,,,,
sprt_game_2,13,11,White,r2qk2r/pb3ppp/1p1bpn2/2p1n3/2B5/P1NP4/1PP1QPPP/R1B1K1NR w KQkq - 0 13,g1h3,16,-419,304,c4e6,c4b5,1,44,,,,,
sprt_game_2,13,11,White,r2qk2r/pb3ppp/1p1bpn2/2p1n3/2B5/P1NP4/1PP1QPPP/R1B1K1NR w KQkq - 0 13,c4e6,17,-431,316,c4e6,c4b5,1,44,,,,,
sprt_game_2,13,11,White,r2qk2r/pb3ppp/1p1bpn2/2p1n3/2B5/P1NP4/1PP1QPPP/R1B1K1NR w KQkq - 0 13,d3d4,18,-440,325,c4e6,c4b5,1,44,,,,,
sprt_game_2,13,11,White,r2qk2r/pb3ppp/1p1bpn2/2p1n3/2B5/P1NP4/1PP1QPPP/R1B1K1NR w KQkq - 0 13,b2b3,19,-442,327,c4e6,c4b5,1,44,,,,,
sprt_game_2,13,11,White,r2qk2r/pb3ppp/1p1bpn2/2p1n3/2B5/P1NP4/1PP1QPPP/R1B1K1NR w KQkq - 0 13,c1h6,20,-443,328,c4e6,c4b5,1,44,,,,,
sprt_game_2,13,11,White,r2qk2r/pb3ppp/1p1bpn2/2p1n3/2B5/P1NP4/1PP1QPPP/R1B1K1NR w KQkq - 0 13,c3e4,21,-444,329,c4e6,c4b5,1,44,,,,,
sprt_game_2,13,11,White,r2qk2r/pb3ppp/1p1bpn2/2p1n3/2B5/P1NP4/1PP1QPPP/R1B1K1NR w KQkq - 0 13,g2g3,22,-445,330,c4e6,c4b5,1,44,,,,,
sprt_game_2,13,11,White,r2qk2r/pb3ppp/1p1bpn2/2p1n3/2B5/P1NP4/1PP1QPPP/R1B1K1NR w KQkq - 0 13,b2b4,23,-445,330,c4e6,c4b5,1,44,,,,,
sprt_game_2,13,11,White,r2qk2r/pb3ppp/1p1bpn2/2p1n3/2B5/P1NP4/1PP1QPPP/R1B1K1NR w KQkq - 0 13,g2g4,24,-451,336,c4e6,c4b5,1,44,,,,,
sprt_game_2,13,11,White,r2qk2r/pb3ppp/1p1bpn2/2p1n3/2B5/P1NP4/1PP1QPPP/R1B1K1NR w KQkq - 0 13,c3d1,25,-455,340,c4e6,c4b5,1,44,,,,,
sprt_game_2,13,11,White,r2qk2r/pb3ppp/1p1bpn2/2p1n3/2B5/P1NP4/1PP1QPPP/R1B1K1NR w KQkq - 0 13,a1b1,26,-459,344,c4e6,c4b5,1,44,,,,,
sprt_game_2,13,11,White,r2qk2r/pb3ppp/1p1bpn2/2p1n3/2B5/P1NP4/1PP1QPPP/R1B1K1NR w KQkq - 0 13,c3a4,27,-488,373,c4e6,c4b5,1,44,,,,,
sprt_game_2,13,11,White,r2qk2r/pb3ppp/1p1bpn2/2p1n3/2B5/P1NP4/1PP1QPPP/R1B1K1NR w KQkq - 0 13,e2e3,28,-488,373,c4e6,c4b5,1,44,,,,,
sprt_game_2,13,11,White,r2qk2r/pb3ppp/1p1bpn2/2p1n3/2B5/P1NP4/1PP1QPPP/R1B1K1NR w KQkq - 0 13,c3a2,29,-489,374,c4e6,c4b5,1,44,,,,,
sprt_game_2,13,11,White,r2qk2r/pb3ppp/1p1bpn2/2p1n3/2B5/P1NP4/1PP1QPPP/R1B1K1NR w KQkq - 0 13,c1f4,30,-493,378,c4e6,c4b5,1,44,,,,,
sprt_game_2,13,11,White,r2qk2r/pb3ppp/1p1bpn2/2p1n3/2B5/P1NP4/1PP1QPPP/R1B1K1NR w KQkq - 0 13,e2d1,31,-499,384,c4e6,c4b5,1,44,,,,,
sprt_game_2,13,11,White,r2qk2r/pb3ppp/1p1bpn2/2p1n3/2B5/P1NP4/1PP1QPPP/R1B1K1NR w KQkq - 0 13,c3b1,32,-500,385,c4e6,c4b5,1,44,,,,,
sprt_game_2,13,11,White,r2qk2r/pb3ppp/1p1bpn2/2p1n3/2B5/P1NP4/1PP1QPPP/R1B1K1NR w KQkq - 0 13,e2d2,33,-501,386,c4e6,c4b5,1,44,,,,,
sprt_game_2,13,11,White,r2qk2r/pb3ppp/1p1bpn2/2p1n3/2B5/P1NP4/1PP1QPPP/R1B1K1NR w KQkq - 0 13,c4a6,34,-519,404,c4e6,c4b5,1,44,,,,,
sprt_game_2,13,11,White,r2qk2r/pb3ppp/1p1bpn2/2p1n3/2B5/P1NP4/1PP1QPPP/R1B1K1NR w KQkq - 0 13,e1d2,35,-520,405,c4e6,c4b5,1,44,,,,,
sprt_game_2,13,11,White,r2qk2r/pb3ppp/1p1bpn2/2p1n3/2B5/P1NP4/1PP1QPPP/R1B1K1NR w KQkq - 0 13,c3d5,36,-532,417,c4e6,c4b5,1,44,,,,,
sprt_game_2,13,11,White,r2qk2r/pb3ppp/1p1bpn2/2p1n3/2B5/P1NP4/1PP1QPPP/R1B1K1NR w KQkq - 0 13,a1a2,37,-537,422,c4e6,c4b5,1,44,,,,,
sprt_game_2,13,11,White,r2qk2r/pb3ppp/1p1bpn2/2p1n3/2B5/P1NP4/1PP1QPPP/R1B1K1NR w KQkq - 0 13,e1d1,38,-539,424,c4e6,c4b5,1,44,,,,,
sprt_game_2,13,11,White,r2qk2r/pb3ppp/1p1bpn2/2p1n3/2B5/P1NP4/1PP1QPPP/R1B1K1NR w KQkq - 0 13,c4d5,39,-549,434,c4e6,c4b5,1,44,,,,,
sprt_game_2,13,11,White,r2qk2r/pb3ppp/1p1bpn2/2p1n3/2B5/P1NP4/1PP1QPPP/R1B1K1NR w KQkq - 0 13,e2f3,40,-608,493,c4e6,c4b5,1,44,,,,,
sprt_game_2,13,11,White,r2qk2r/pb3ppp/1p1bpn2/2p1n3/2B5/P1NP4/1PP1QPPP/R1B1K1NR w KQkq - 0 13,e2e5,41,-609,494,c4e6,c4b5,1,44,,,,,
sprt_game_2,13,11,White,r2qk2r/pb3ppp/1p1bpn2/2p1n3/2B5/P1NP4/1PP1QPPP/R1B1K1NR w KQkq - 0 13,e2e4,42,-684,569,c4e6,c4b5,1,44,,,,,
sprt_game_2,13,11,White,r2qk2r/pb3ppp/1p1bpn2/2p1n3/2B5/P1NP4/1PP1QPPP/R1B1K1NR w KQkq - 0 13,e2h5,43,-736,621,c4e6,c4b5,1,44,,,,,
sprt_game_2,13,11,White,r2qk2r/pb3ppp/1p1bpn2/2p1n3/2B5/P1NP4/1PP1QPPP/R1B1K1NR w KQkq - 0 13,e2g4,44,-759,644,c4e6,c4b5,1,44,,,,,
sprt_game_2,14,13,White,r2qk2r/pb3ppp/1p1bpn2/2p5/2n2P2/P1NP4/1PP1Q1PP/R1B1K1NR w KQkq - 0 14,d3c4,1,-170,0,g1f3,d3c4,1,37,,,,,
sprt_game_2,14,13,White,r2qk2r/pb3ppp/1p1bpn2/2p5/2n2P2/P1NP4/1PP1Q1PP/R1B1K1NR w KQkq - 0 14,g1f3,2,-443,273,g1f3,d3c4,1,37,,,,,
sprt_game_2,14,13,White,r2qk2r/pb3ppp/1p1bpn2/2p5/2n2P2/P1NP4/1PP1Q1PP/R1B1K1NR w KQkq - 0 14,g2g4,3,-451,281,g1f3,d3c4,1,37,,,,,
sprt_game_2,14,13,White,r2qk2r/pb3ppp/1p1bpn2/2p5/2n2P2/P1NP4/1PP1Q1PP/R1B1K1NR w KQkq - 0 14,g1h3,4,-470,300,g1f3,d3c4,1,37,,,,,
sprt_game_2,14,13,White,r2qk2r/pb3ppp/1p1bpn2/2p5/2n2P2/P1NP4/1PP1Q1PP/R1B1K1NR w KQkq - 0 14,h2h4,5,-472,302,g1f3,d3c4,1,37,,,,,
sprt_game_2,14,13,White,r2qk2r/pb3ppp/1p1bpn2/2p5/2n2P2/P1NP4/1PP1Q1PP/R1B1K1NR w KQkq - 0 14,e2f2,6,-478,308,g1f3,d3c4,1,37,,,,,
sprt_game_2,14,13,White,r2qk2r/pb3ppp/1p1bpn2/2p5/2n2P2/P1NP4/1PP1Q1PP/R1B1K1NR w KQkq - 0 14,f4f5,7,-483,313,g1f3,d3c4,1,37,,,,,
sprt_game_2,14,13,White,r2qk2r/pb3ppp/1p1bpn2/2p5/2n2P2/P1NP4/1PP1Q1PP/R1B1K1NR w KQkq - 0 14,c3e4,8,-487,317,g1f3,d3c4,1,37,,,,,
sprt_game_2,14,13,White,r2qk2r/pb3ppp/1p1bpn2/2p5/2n2P2/P1NP4/1PP1Q1PP/R1B1K1NR w KQkq - 0 14,b2b3,9,-490,320,g1f3,d3c4,1,37,,,,,
sprt_game_2,14,13,White,r2qk2r/pb3ppp/1p1bpn2/2p5/2n2P2/P1NP4/1PP1Q1PP/R1B1K1NR w KQkq - 0 14,g2g3,10,-491,321,g1f3,d3c4,1,37,,,,,
sprt_game_2,14,13,White,r2qk2r/pb3ppp/1p1bpn2/2p5/2n2P2/P1NP4/1PP1Q1PP/R1B1K1NR w KQkq - 0 14,e2f1,11,-492,322,g1f3,d3c4,1,37,,,,,
sprt_game_2,14,13,White,r2qk2r/pb3ppp/1p1bpn2/2p5/2n2P2/P1NP4/1PP1Q1PP/R1B1K1NR w KQkq - 0 14,h2h3,12,-492,322,g1f3,d3c4,1,37,,,,,
sprt_game_2,14,13,White,r2qk2r/pb3ppp/1p1bpn2/2p5/2n2P2/P1NP4/1PP1Q1PP/R1B1K1NR w KQkq - 0 14,c3b5,13,-505,335,g1f3,d3c4,1,37,,,,,
sprt_game_2,14,13,White,r2qk2r/pb3ppp/1p1bpn2/2p5/2n2P2/P1NP4/1PP1Q1PP/R1B1K1NR w KQkq - 0 14,c3a2,14,-516,346,g1f3,d3c4,1,37,,,,,
sprt_game_2,14,13,White,r2qk2r/pb3ppp/1p1bpn2/2p5/2n2P2/P1NP4/1PP1Q1PP/R1B1K1NR w KQkq - 0 14,a1b1,15,-516,346,g1f3,d3c4,1,37,,,,,
sprt_game_2,14,13,White,r2qk2r/pb3ppp/1p1bpn2/2p5/2n2P2/P1NP4/1PP1Q1PP/R1B1K1NR w KQkq - 0 14,a3a4,16,-517,347,g1f3,d3c4,1,37,,,,,
sprt_game_2,14,13,White,r2qk2r/pb3ppp/1p1bpn2/2p5/2n2P2/P1NP4/1PP1Q1PP/R1B1K1NR w KQkq - 0 14,b2b4,17,-526,356,g1f3,d3c4,1,37,,,,,
sprt_game_2,14,13,White,r2qk2r/pb3ppp/1p1bpn2/2p5/2n2P2/P1NP4/1PP1Q1PP/R1B1K1NR w KQkq - 0 14,c3d1,18,-530,360,g1f3,d3c4,1,37,,,,,
sprt_game_2,14,13,White,r2qk2r/pb3ppp/1p1bpn2/2p5/2n2P2/P1NP4/1PP1Q1PP/R1B1K1NR w KQkq - 0 14,e2d1,19,-534,364,g1f3,d3c4,1,37,,,,,
sprt_game_2,14,13,White,r2qk2r/pb3ppp/1p1bpn2/2p5/2n2P2/P1NP4/1PP1Q1PP/R1B1K1NR w KQkq - 0 14,c3b1,20,-536,366,g1f3,d3c4,1,37,,,,,
sprt_game_2,14,13,White,r2qk2r/pb3ppp/1p1bpn2/2p5/2n2P2/P1NP4/1PP1Q1PP/R1B1K1NR w KQkq - 0 14,c3a4,21,-538,368,g1f3,d3c4,1,37,,,,,
sprt_game_2,14,13,White,r2qk2r/pb3ppp/1p1bpn2/2p5/2n2P2/P1NP4/1PP1Q1PP/R1B1K1NR w KQkq - 0 14,c1d2,22,-543,373,g1f3,d3c4,1,37,,,,,
sprt_game_2,14,13,White,r2qk2r/pb3ppp/1p1bpn2/2p5/2n2P2/P1NP4/1PP1Q1PP/R1B1K1NR w KQkq - 0 14,a1a2,23,-545,375,g1f3,d3c4,1,37,,,,,
sprt_game_2,14,13,White,r2qk2r/pb3ppp/1p1bpn2/2p5/2n2P2/P1NP4/1PP1Q1PP/R1B1K1NR w KQkq - 0 14,e1f2,24,-555,385,g1f3,d3c4,1,37,,,,,
sprt_game_2,14,13,White,r2qk2r/pb3ppp/1p1bpn2/2p5/2n2P2/P1NP4/1PP1Q1PP/R1B1K1NR w KQkq - 0 14,e1f1,25,-563,393,g1f3,d3c4,1,37,,,,,
sprt_game_2,14,13,White,r2qk2r/pb3ppp/1p1bpn2/2p5/2n2P2/P1NP4/1PP1Q1PP/R1B1K1NR w KQkq - 0 14,d3d4,26,-564,394,g1f3,d3c4,1,37,,,,,
sprt_game_2,14,13,White,r2qk2r/pb3ppp/1p1bpn2/2p5/2n2P2/P1NP4/1PP1Q1PP/R1B1K1NR w KQkq - 0 14,e1d1,27,-571,401,g1f3,d3c4,1,37,,,,,
sprt_game_2,14,13,White,r2qk2r/pb3ppp/1p1bpn2/2p5/2n2P2/P1NP4/1PP1Q1PP/R1B1K1NR w KQkq - 0 14,c3d5,28,-578,408,g1f3,d3c4,1,37,,,,,
sprt_game_2,14,13,White,r2qk2r/pb3ppp/1p1bpn2/2p5/2n2P2/P1NP4/1PP1Q1PP/R1B1K1NR w KQkq - 0 14,c1e3,29,-637,467,g1f3,d3c4,1,37,,,,,
sprt_game_2,14,13,White,r2qk2r/pb3ppp/1p1bpn2/2p5/2n2P2/P1NP4/1PP1Q1PP/R1B1K1NR w KQkq - 0 14,e2f3,30,-682,512,g1f3,d3c4,1,37,,,,,
sprt_game_2,14,13,White,r2qk2r/pb3ppp/1p1bpn2/2p5/2n2P2/P1NP4/1PP1Q1PP/R1B1K1NR w KQkq - 0 14,e2e4,31,-746,576,g1f3,d3c4,1,37,,,,,
sprt_game_2,14,13,White,r2qk2r/pb3ppp/1p1bpn2/2p5/2n2P2/P1NP4/1PP1Q1PP/R1B1K1NR w KQkq - 0 14,e2d2,32,-791,621,g1f3,d3c4,1,37,,,,,
sprt_game_2,14,13,White,r2qk2r/pb3ppp/1p1bpn2/2p5/2n2P2/P1NP4/1PP1Q1PP/R1B1K1NR w KQkq - 0 14,e2e5,33,-802,632,g1f3,d3c4,1,37,,,,,
sprt_game_2,14,13,White,r2qk2r/pb3ppp/1p1bpn2/2p5/2n2P2/P1NP4/1PP1Q1PP/R1B1K1NR w KQkq - 0 14,e2e6,34,-803,633,g1f3,d3c4,1,37,,,,,
sprt_game_2,14,13,White,r2qk2r/pb3ppp/1p1bpn2/2p5/2n2P2/P1NP4/1PP1Q1PP/R1B1K1NR w KQkq - 0 14,e2e3,35,-835,665,g1f3,d3c4,1,37,,,,,
sprt_game_2,14,13,White,r2qk2r/pb3ppp/1p1bpn2/2p5/2n2P2/P1NP4/1PP1Q1PP/R1B1K1NR w KQkq - 0 14,e2h5,36,-855,685,g1f3,d3c4,1,37,,,,,
sprt_game_2,14,13,White,r2qk2r/pb3ppp/1p1bpn2/2p5/2n2P2/P1NP4/1PP1Q1PP/R1B1K1NR w KQkq - 0 14,e2g4,37,-921,751,g1f3,d3c4,1,37,,,,,
sprt_game_2,15,15,White,r2qk2r/pb3ppp/1p1bp3/2p4n/2P2P2/P1N5/1PP1Q1PP/R1B1K1NR w KQkq - 1 15,e2g4,1,-161,0,e2h5,g1h3,1,37,,,,,
sprt_game_2,15,15,White,r2qk2r/pb3ppp/1p1bp3/2p4n/2P2P2/P1N5/1PP1Q1PP/R1B1K1NR w KQkq - 1 15,g1h3,2,-180,19,e2h5,g1h3,1,37,,,,,
sprt_game_2,15,15,White,r2qk2r/pb3ppp/1p1bp3/2p4n/2P2P2/P1N5/1PP1Q1PP/R1B1K1NR w KQkq - 1 15,g1f3,3,-208,47,e2h5,g1h3,1,37,,,,,
sprt_game_2,15,15,White,r2qk2r/pb3ppp/1p1bp3/2p4n/2P2P2/P1N5/1PP1Q1PP/R1B1K1NR w KQkq - 1 15,e2f2,4,-235,74,e2h5,g1h3,1,37,,,,,
sprt_game_2,15,15,White,r2qk2r/pb3ppp/1p1bp3/2p4n/2P2P2/P1N5/1PP1Q1PP/R1B1K1NR w KQkq - 1 15,e2h5,5,-264,103,e2h5,g1h3,1,37,,,,,
sprt_game_2,15,15,White,r2qk2r/pb3ppp/1p1bp3/2p4n/2P2P2/P1N5/1PP1Q1PP/R1B1K1NR w KQkq - 1 15,c3e4,6,-276,115,e2h5,g1h3,1,37,,,,,
sprt_game_2,15,15,White,r2qk2r/pb3ppp/1p1bp3/2p4n/2P2P2/P1N5/1PP1Q1PP/R1B1K1NR w KQkq - 1 15,a3a4,7,-276,115,e2h5,g1h3,1,37,,,,,
sprt_game_2,15,15,White,r2qk2r/pb3ppp/1p1bp3/2p4n/2P2P2/P1N5/1PP1Q1PP/R1B1K1NR w KQkq - 1 15,c1e3,8,-279,118,e2h5,g1h3,1,37,,,,,
sprt_game_2,15,15,White,r2qk2r/pb3ppp/1p1bp3/2p4n/2P2P2/P1N5/1PP1Q1PP/R1B1K1NR w KQkq - 1 15,c3b5,9,-282,121,e2h5,g1h3,1,37,,,,,
sprt_game_2,15,15,White,r2qk2r/pb3ppp/1p1bp3/2p4n/2P2P2/P1N5/1PP1Q1PP/R1B1K1NR w KQkq - 1 15,e1f1,10,-314,153,e2h5,g1h3,1,37,,,,,
sprt_game_2,15,15,White,r2qk2r/pb3ppp/1p1bp3/2p4n/2P2P2/P1N5/1PP1Q1PP/R1B1K1NR w KQkq - 1 15,g2g3,11,-316,155,e2h5,g1h3,1,37,,,,,
sprt_game_2,15,15,White,r2qk2r/pb3ppp/1p1bp3/2p4n/2P2P2/P1N5/1PP1Q1PP/R1B1K1NR w KQkq - 1 15,e2f1,12,-322,161,e2h5,g1h3,1,37,,,,,
sprt_game_2,15,15,White,r2qk2r/pb3ppp/1p1bp3/2p4n/2P2P2/P1N5/1PP1Q1PP/R1B1K1NR w KQkq - 1 15,a1b1,13,-329,168,e2h5,g1h3,1,37,,,,,
sprt_game_2,15,15,White,r2qk2r/pb3ppp/1p1bp3/2p4n/2P2P2/P1N5/1PP1Q1PP/R1B1K1NR w KQkq - 1 15,e2d2,14,-338,177,e2h5,g1h3,1,37,,,,,
sprt_game_2,15,15,White,r2qk2r/pb3ppp/1p1bp3/2p4n/2P2P2/P1N5/1PP1Q1PP/R1B1K1NR w KQkq - 1 15,c1d2,15,-343,182,e2h5,g1h3,1,37,,,,,
sprt_game_2,15,15,White,r2qk2r/pb3ppp/1p1bp3/2p4n/2P2P2/P1N5/1PP1Q1PP/R1B1K1NR w KQkq - 1 15,c3d1,16,-344,183,e2h5,g1h3,1,37,,,,,
sprt_game_2,15,15,White,r2qk2r/pb3ppp/1p1bp3/2p4n/2P2P2/P1N5/1PP1Q1PP/R1B1K1NR w KQkq - 1 15,f4f5,17,-347,186,e2h5,g1h3,1,37,,,,,
sprt_game_2,15,15,White,r2qk2r/pb3ppp/1p1bp3/2p4n/2P2P2/P1N5/1PP1Q1PP/R1B1K1NR w KQkq - 1 15,b2b4,18,-380,219,e2h5,g1h3,1,37,,,,,
sprt_game_2,15,15,White,r2qk2r/pb3ppp/1p1bp3/2p4n/2P2P2/P1N5/1PP1Q1PP/R1B1K1NR w KQkq - 1 15,e1f2,19,-387,226,e2h5,g1h3,1,37,,,,,
sprt_game_2,15,15,White,r2qk2r/pb3ppp/1p1bp3/2p4n/2P2P2/P1N5/1PP1Q1PP/R1B1K1NR w KQkq - 1 15,c3a4,20,-389,228,e2h5,g1h3,1,37,,,,,
sprt_game_2,15,15,White,r2qk2r/pb3ppp/1p1bp3/2p4n/2P2P2/P1N5/1PP1Q1PP/R1B1K1NR w KQkq - 1 15,e2d1,21,-396,235,e2h5,g1h3,1,37,,,,,
sprt_game_2,15,15,White,r2qk2r/pb3ppp/1p1bp3/2p4n/2P2P2/P1N5/1PP1Q1PP/R1B1K1NR w KQkq - 1 15,c3a2,22,-402,241,e2h5,g1h3,1,37,,,,,
sprt_game_2,15,15,White,r2qk2r/pb3ppp/1p1bp3/2p4n/2P2P2/P1N5/1PP1Q1PP/R1B1K1NR w KQkq - 1 15,e1d1,23,-410,249,e2h5,g1h3,1,37,,,,,
sprt_game_2,15,15,White,r2qk2r/pb3ppp/1p1bp3/2p4n/2P2P2/P1N5/1PP1Q1PP/R1B1K1NR w KQkq - 1 15,a1a2,24,-417,256,e2h5,g1h3,1,37,,,,,
sprt_game_2,15,15,White,r2qk2r/pb3ppp/1p1bp3/2p4n/2P2P2/P1N5/1PP1Q1PP/R1B1K1NR w KQkq - 1 15,c3d5,25,-434,273,e2h5,g1h3,1,37,,,,,
sprt_game_2,15,15,White,r2qk2r/pb3ppp/1p1bp3/2p4n/2P2P2/P1N5/1PP1Q1PP/R1B1K1NR w KQkq - 1 15,c3b1,26,-436,275,e2h5,g1h3,1,37,,,,,
sprt_game_2,15,15,White,r2qk2r/pb3ppp/1p1bp3/2p4n/2P2P2/P1N5/1PP1Q1PP/R1B1K1NR w KQkq - 1 15,g2g4,27,-441,280,e2h5,g1h3,1,37,,,,,
sprt_game_2,15,15,White,r2qk2r/pb3ppp/1p1bp3/2p4n/2P2P2/P1N5/1PP1Q1PP/R1B1K1NR w KQkq - 1 15,b2b3,28,-443,282,e2h5,g1h3,1,37,,,,,
sprt_game_2,15,15,White,r2qk2r/pb3ppp/1p1bp3/2p4n/2P2P2/P1N5/1PP1Q1PP/R1B1K1NR w KQkq - 1 15,h2h4,29,-458,297,e2h5,g1h3,1,37,,,,,
sprt_game_2,15,15,White,r2qk2r/pb3ppp/1p1bp3/2p4n/2P2P2/P1N5/1PP1Q1PP/R1B1K1NR w KQkq - 1 15,h2h3,30,-478,317,e2h5,g1h3,1,37,,,,,
sprt_game_2,15,15,White,r2qk2r/pb3ppp/1p1bp3/2p4n/2P2P2/P1N5/1PP1Q1PP/R1B1K1NR w KQkq - 1 15,e2e3,31,-545,384,e2h5,g1h3,1,37,,,,,
sprt_game_2,15,15,White,r2qk2r/pb3ppp/1p1bp3/2p4n/2P2P2/P1N5/1PP1Q1PP/R1B1K1NR w KQkq - 1 15,e2d3,32,-547,386,e2h5,g1h3,1,37,,,,,
sprt_game_2,15,15,White,r2qk2r/pb3ppp/1p1bp3/2p4n/2P2P2/P1N5/1PP1Q1PP/R1B1K1NR w KQkq - 1 15,e2f3,33,-559,398,e2h5,g1h3,1,37,,,,,
sprt_game_2,15,15,White,r2qk2r/pb3ppp/1p1bp3/2p4n/2P2P2/P1N5/1PP1Q1PP/R1B1K1NR w KQkq - 1 15,e2e4,34,-625,464,e2h5,g1h3,1,37,,,,,
sprt_game_2,15,15,White,r2qk2r/pb3ppp/1p1bp3/2p4n/2P2P2/P1N5/1PP1Q1PP/R1B1K1NR w KQkq - 1 15,e1d2,35,-629,468,e2h5,g1h3,1,37,,,,,
sprt_game_2,15,15,White,r2qk2r/pb3ppp/1p1bp3/2p4n/2P2P2/P1N5/1PP1Q1PP/R1B1K1NR w KQkq - 1 15,e2e5,36,-777,616,e2h5,g1h3,1,37,,,,,
sprt_game_2,15,15,White,r2qk2r/pb3ppp/1p1bp3/2p4n/2P2P2/P1N5/1PP1Q1PP/R1B1K1NR w KQkq - 1 15,e2e6,37,-790,629,e2h5,g1h3,1,37,,,,,
sprt_game_2,16,17,White,r2q1rk1/pb3ppp/1p1bp3/2p4n/2P2P2/P1N5/1PP2QPP/R1B1K1NR w KQ - 3 16,g1e2,1,-145,0,g1f3,g1e2,1,36,,,,,
sprt_game_2,16,17,White,r2q1rk1/pb3ppp/1p1bp3/2p4n/2P2P2/P1N5/1PP2QPP/R1B1K1NR w KQ - 3 16,g1h3,2,-152,7,g1f3,g1e2,1,36,,,,,
sprt_game_2,16,17,White,r2q1rk1/pb3ppp/1p1bp3/2p4n/2P2P2/P1N5/1PP2QPP/R1B1K1NR w KQ - 3 16,c3d1,3,-225,80,g1f3,g1e2,1,36,,,,,
sprt_game_2,16,17,White,r2q1rk1/pb3ppp/1p1bp3/2p4n/2P2P2/P1N5/1PP2QPP/R1B1K1NR w KQ - 3 16,g1f3,4,-231,86,g1f3,g1e2,1,36,,,,,
sprt_game_2,16,17,White,r2q1rk1/pb3ppp/1p1bp3/2p4n/2P2P2/P1N5/1PP2QPP/R1B1K1NR w KQ - 3 16,c1d2,5,-232,87,g1f3,g1e2,1,36,,,,,
sprt_game_2,16,17,White,r2q1rk1/pb3ppp/1p1bp3/2p4n/2P2P2/P1N5/1PP2QPP/R1B1K1NR w KQ - 3 16,a3a4,6,-234,89,g1f3,g1e2,1,36,,,,,
sprt_game_2,16,17,White,r2q1rk1/pb3ppp/1p1bp3/2p4n/2P2P2/P1N5/1PP2QPP/R1B1K1NR w KQ - 3 16,c1e3,7,-239,94,g1f3,g1e2,1,36,,,,,
sprt_game_2,16,17,White,r2q1rk1/pb3ppp/1p1bp3/2p4n/2P2P2/P1N5/1PP2QPP/R1B1K1NR w KQ - 3 16,c3e2,8,-259,114,g1f3,g1e2,1,36,,,,,
sprt_game_2,16,17,White,r2q1rk1/pb3ppp/1p1bp3/2p4n/2P2P2/P1N5/1PP2QPP/R1B1K1NR w KQ - 3 16,h2h3,9,-267,122,g1f3,g1e2,1,36,,,,,
sprt_game_2,16,17,White,r2q1rk1/pb3ppp/1p1bp3/2p4n/2P2P2/P1N5/1PP2QPP/R1B1K1NR w KQ - 3 16,a1b1,10,-269,124,g1f3,g1e2,1,36,,,,,
sprt_game_2,16,17,White,r2q1rk1/pb3ppp/1p1bp3/2p4n/2P2P2/P1N5/1PP2QPP/R1B1K1NR w KQ - 3 16,c3b5,11,-274,129,g1f3,g1e2,1,36,,,,,
sprt_game_2,16,17,White,r2q1rk1/pb3ppp/1p1bp3/2p4n/2P2P2/P1N5/1PP2QPP/R1B1K1NR w KQ - 3 16,f4f5,12,-288,143,g1f3,g1e2,1,36,,,,,
sprt_game_2,16,17,White,r2q1rk1/pb3ppp/1p1bp3/2p4n/2P2P2/P1N5/1PP2QPP/R1B1K1NR w KQ - 3 16,h2h4,13,-289,144,g1f3,g1e2,1,36,,,,,
sprt_game_2,16,17,White,r2q1rk1/pb3ppp/1p1bp3/2p4n/2P2P2/P1N5/1PP2QPP/R1B1K1NR w KQ - 3 16,c3a4,14,-318,173,g1f3,g1e2,1,36,,,,,
sprt_game_2,16,17,White,r2q1rk1/pb3ppp/1p1bp3/2p4n/2P2P2/P1N5/1PP2QPP/R1B1K1NR w KQ - 3 16,e1f1,15,-324,179,g1f3,g1e2,1,36,,,,,
sprt_game_2,16,17,White,r2q1rk1/pb3ppp/1p1bp3/2p4n/2P2P2/P1N5/1PP2QPP/R1B1K1NR w KQ - 3 16,c3a2,16,-333,188,g1f3,g1e2,1,36,,,,,
sprt_game_2,16,17,White,r2q1rk1/pb3ppp/1p1bp3/2p4n/2P2P2/P1N5/1PP2QPP/R1B1K1NR w KQ - 3 16,c3b1,17,-350,205,g1f3,g1e2,1,36,,,,,
sprt_game_2,16,17,White,r2q1rk1/pb3ppp/1p1bp3/2p4n/2P2P2/P1N5/1PP2QPP/R1B1K1NR w KQ - 3 16,f2f1,18,-358,213,g1f3,g1e2,1,36,,,,,
sprt_game_2,16,17,White,r2q1rk1/pb3ppp/1p1bp3/2p4n/2P2P2/P1N5/1PP2QPP/R1B1K1NR w KQ - 3 16,a1a2,19,-359,214,g1f3,g1e2,1,36,,,,,
sprt_game_2,16,17,White,r2q1rk1/pb3ppp/1p1bp3/2p4n/2P2P2/P1N5/1PP2QPP/R1B1K1NR w KQ - 3 16,f2d2,20,-366,221,g1f3,g1e2,1,36,,,,,
sprt_game_2,16,17,White,r2q1rk1/pb3ppp/1p1bp3/2p4n/2P2P2/P1N5/1PP2QPP/R1B1K1NR w KQ - 3 16,b2b3,21,-366,221,g1f3,g1e2,1,36,,,,,
sprt_game_2,16,17,White,r2q1rk1/pb3ppp/1p1bp3/2p4n/2P2P2/P1N5/1PP2QPP/R1B1K1NR w KQ - 3 16,f2e2,22,-371,226,g1f3,g1e2,1,36,,,,,
sprt_game_2,16,17,White,r2q1rk1/pb3ppp/1p1bp3/2p4n/2P2P2/P1N5/1PP2QPP/R1B1K1NR w KQ - 3 16,e1e2,23,-381,236,g1f3,g1e2,1,36,,,,,
sprt_game_2,16,17,White,r2q1rk1/pb3ppp/1p1bp3/2p4n/2P2P2/P1N5/1PP2QPP/R1B1K1NR w KQ - 3 16,e1d1,24,-397,252,g1f3,g1e2,1,36,,,,,
sprt_game_2,16,17,White,r2q1rk1/pb3ppp/1p1bp3/2p4n/2P2P2/P1N5/1PP2QPP/R1B1K1NR w KQ - 3 16,b2b4,25,-406,261,g1f3,g1e2,1,36,,,,,
sprt_game_2,16,17,White,r2q1rk1/pb3ppp/1p1bp3/2p4n/2P2P2/P1N5/1PP2QPP/R1B1K1NR w KQ - 3 16,g2g4,26,-425,280,g1f3,g1e2,1,36,,,,,
sprt_game_2,16,17,White,r2q1rk1/pb3ppp/1p1bp3/2p4n/2P2P2/P1N5/1PP2QPP/R1B1K1NR w KQ - 3 16,g2g3,27,-480,335,g1f3,g1e2,1,36,,,,,
sprt_game_2,16,17,White,r2q1rk1/pb3ppp/1p1bp3/2p4n/2P2P2/P1N5/1PP2QPP/R1B1K1NR w KQ - 3 16,c3e4,28,-493,348,g1f3,g1e2,1,36,,,,,
sprt_game_2,16,17,White,r2q1rk1/pb3ppp/1p1bp3/2p4n/2P2P2/P1N5/1PP2QPP/R1B1K1NR w KQ - 3 16,e1d2,29,-517,372,g1f3,g1e2,1,36,,,,,
sprt_game_2,16,17,White,r2q1rk1/pb3ppp/1p1bp3/2p4n/2P2P2/P1N5/1PP2QPP/R1B1K1NR w KQ - 3 16,c3d5,30,-600,455,g1f3,g1e2,1,36,,,,,
sprt_game_2,16,17,White,r2q1rk1/pb3ppp/1p1bp3/2p4n/2P2P2/P1N5/1PP2QPP/R1B1K1NR w KQ - 3 16,f2f3,31,-601,456,g1f3,g1e2,1,36,,,,,
sprt_game_2,16,17,White,r2q1rk1/pb3ppp/1p1bp3/2p4n/2P2P2/P1N5/1PP2QPP/R1B1K1NR w KQ - 3 16,f2e3,32,-608,463,g1f3,g1e2,1,36,,,,,
sprt_game_2,16,17,White,r2q1rk1/pb3ppp/1p1bp3/2p4n/2P2P2/P1N5/1PP2QPP/R1B1K1NR w KQ - 3 16,f2g3,33,-616,471,g1f3,g1e2,1,36,,,,,
sprt_game_2,16,17,White,r2q1rk1/pb3ppp/1p1bp3/2p4n/2P2P2/P1N5/1PP2QPP/R1B1K1NR w KQ - 3 16,f2c5,34,-821,676,g1f3,g1e2,1,36,,,,,
sprt_game_2,16,17,White,r2q1rk1/pb3ppp/1p1bp3/2p4n/2P2P2/P1N5/1PP2QPP/R1B1K1NR w KQ - 3 16,f2d4,35,-878,733,g1f3,g1e2,1,36,,,,,
sprt_game_2,16,17,White,r2q1rk1/pb3ppp/1p1bp3/2p4n/2P2P2/P1N5/1PP2QPP/R1B1K1NR w KQ - 3 16,f2h4,36,-920,775,g1f3,g1e2,1,36,,,,,
sprt_game_2,18,21,White,r4rk1/pb3ppp/1p1bp3/2p3q1/2P2n2/P1N5/1PPB1QPP/2KR2NR w - - 2 18,f2g3,1,-359,0,g1f3,f2g3,1,33,,,,,
sprt_game_2,18,21,White,r4rk1/pb3ppp/1p1bp3/2p3q1/2P2n2/P1N5/1PPB1QPP/2KR2NR w - - 2 18,c3b5,2,-363,4,g1f3,f2g3,1,33,,,,,
sprt_game_2,18,21,White,r4rk1/pb3ppp/1p1bp3/2p3q1/2P2n2/P1N5/1PPB1QPP/2KR2NR w - - 2 18,g2g3,3,-374,15,g1f3,f2g3,1,33,,,,,
sprt_game_2,18,21,White,r4rk1/pb3ppp/1p1bp3/2p3q1/2P2n2/P1N5/1PPB1QPP/2KR2NR w - - 2 18,d2f4,4,-394,35,g1f3,f2g3,1,33,,,,,
sprt_game_2,18,21,White,r4rk1/pb3ppp/1p1bp3/2p3q1/2P2n2/P1N5/1PPB1QPP/2KR2NR w - - 2 18,f2e3,5,-404,45,g1f3,f2g3,1,33,,,,,
sprt_game_2,18,21,White,r4rk1/pb3ppp/1p1bp3/2p3q1/2P2n2/P1N5/1PPB1QPP/2KR2NR w - - 2 18,g1h3,6,-407,48,g1f3,f2g3,1,33,,,,,
sprt_game_2,18,21,White,r4rk1/pb3ppp/1p1bp3/2p3q1/2P2n2/P1N5/1PPB1QPP/2KR2NR w - - 2 18,g1f3,7,-411,52,g1f3,f2g3,1,33,,,,,
sprt_game_2,18,21,White,r4rk1/pb3ppp/1p1bp3/2p3q1/2P2n2/P1N5/1PPB1QPP/2KR2NR w - - 2 18,g1e2,8,-422,63,g1f3,f2g3,1,33,,,,,
sprt_game_2,18,21,White,r4rk1/pb3ppp/1p1bp3/2p3q1/2P2n2/P1N5/1PPB1QPP/2KR2NR w - - 2 18,c3d5,9,-438,79,g1f3,f2g3,1,33,,,,,
sprt_game_2,18,21,White,r4rk1/pb3ppp/1p1bp3/2p3q1/2P2n2/P1N5/1PPB1QPP/2KR2NR w - - 2 18,d1f1,10,-466,107,g1f3,f2g3,1,33,,,,,
sprt_game_2,18,21,White,r4rk1/pb3ppp/1p1bp3/2p3q1/2P2n2/P1N5/1PPB1QPP/2KR2NR w - - 2 18,g2g4,11,-483,124,g1f3,f2g3,1,33,,,,,
sprt_game_2,18,21,White,r4rk1/pb3ppp/1p1bp3/2p3q1/2P2n2/P1N5/1PPB1QPP/2KR2NR w - - 2 18,h2h4,12,-488,129,g1f3,f2g3,1,33,,,,,
sprt_game_2,18,21,White,r4rk1/pb3ppp/1p1bp3/2p3q1/2P2n2/P1N5/1PPB1QPP/2KR2NR w - - 2 18,d2e3,13,-490,131,g1f3,f2g3,1,33,,,,,
sprt_game_2,18,21,White,r4rk1/pb3ppp/1p1bp3/2p3q1/2P2n2/P1N5/1PPB1QPP/2KR2NR w - - 2 18,h2h3,14,-497,138,g1f3,f2g3,1,33,,,,,
sprt_game_2,18,21,White,r4rk1/pb3ppp/1p1bp3/2p3q1/2P2n2/P1N5/1PPB1QPP/2KR2NR w - - 2 18,c3e2,15,-499,140,g1f3,f2g3,1,33,,,,,
sprt_game_2,18,21,White,r4rk1/pb3ppp/1p1bp3/2p3q1/2P2n2/P1N5/1PPB1QPP/2KR2NR w - - 2 18,a3a4,16,-502,143,g1f3,f2g3,1,33,,,,,
sprt_game_2,18,21,White,r4rk1/pb3ppp/1p1bp3/2p3q1/2P2n2/P1N5/1PPB1QPP/2KR2NR w - - 2 18,b2b3,17,-504,145,g1f3,f2g3,1,33,,,,,
sprt_game_2,18,21,White,r4rk1/pb3ppp/1p1bp3/2p3q1/2P2n2/P1N5/1PPB1QPP/2KR2NR w - - 2 18,f2e1,18,-507,148,g1f3,f2g3,1,33,,,,,
sprt_game_2,18,21,White,r4rk1/pb3ppp/1p1bp3/2p3q1/2P2n2/P1N5/1PPB1QPP/2KR2NR w - - 2 18,b2b4,19,-507,148,g1f3,f2g3,1,33,,,,,
sprt_game_2,18,21,White,r4rk1/pb3ppp/1p1bp3/2p3q1/2P2n2/P1N5/1PPB1QPP/2KR2NR w - - 2 18,c1b1,20,-508,149,g1f3,f2g3,1,33,,,,,
sprt_game_2,18,21,White,r4rk1/pb3ppp/1p1bp3/2p3q1/2P2n2/P1N5/1PPB1QPP/2KR2NR w - - 2 18,c3e4,21,-514,155,g1f3,f2g3,1,33,,,,,
sprt_game_2,18,21,White,r4rk1/pb3ppp/1p1bp3/2p3q1/2P2n2/P1N5/1PPB1QPP/2KR2NR w - - 2 18,f2f1,22,-525,166,g1f3,f2g3,1,33,,,,,
sprt_game_2,18,21,White,r4rk1/pb3ppp/1p1bp3/2p3q1/2P2n2/P1N5/1PPB1QPP/2KR2NR w - - 2 18,d1e1,23,-527,168,g1f3,f2g3,1,33,,,,,
sprt_game_2,18,21,White,r4rk1/pb3ppp/1p1bp3/2p3q1/2P2n2/P1N5/1PPB1QPP/2KR2NR w - - 2 18,c3a2,24,-556,197,g1f3,f2g3,1,33,,,,,
sprt_game_2,18,21,White,r4rk1/pb3ppp/1p1bp3/2p3q1/2P2n2/P1N5/1PPB1QPP/2KR2NR w - - 2 18,c3a4,25,-567,208,g1f3,f2g3,1,33,,,,,
sprt_game_2,18,21,White,r4rk1/pb3ppp/1p1bp3/2p3q1/2P2n2/P1N5/1PPB1QPP/2KR2NR w - - 2 18,f2f3,26,-570,211,g1f3,f2g3,1,33,,,,,
sprt_game_2,18,21,White,r4rk1/pb3ppp/1p1bp3/2p3q1/2P2n2/P1N5/1PPB1QPP/2KR2NR w - - 2 18,c3b1,27,-577,218,g1f3,f2g3,1,33,,,,,
sprt_game_2,18,21,White,r4rk1/pb3ppp/1p1bp3/2p3q1/2P2n2/P1N5/1PPB1QPP/2KR2NR w - - 2 18,f2e2,28,-594,235,g1f3,f2g3,1,33,,,,,
sprt_game_2,18,21,White,r4rk1/pb3ppp/1p1bp3/2p3q1/2P2n2/P1N5/1PPB1QPP/2KR2NR w - - 2 18,f2f4,29,-658,299,g1f3,f2g3,1,33,,,,,
sprt_game_2,18,21,White,r4rk1/pb3ppp/1p1bp3/2p3q1/2P2n2/P1N5/1PPB1QPP/2KR2NR w - - 2 18,f2c5,30,-685,326,g1f3,f2g3,1,33,,,,,
sprt_game_2,18,21,White,r4rk1/pb3ppp/1p1bp3/2p3q1/2P2n2/P1N5/1PPB1QPP/2KR2NR w - - 2 18,f2h4,31,-713,354,g1f3,f2g3,1,33,,,,,
sprt_game_2,18,21,White,r4rk1/pb3ppp/1p1bp3/2p3q1/2P2n2/P1N5/1PPB1QPP/2KR2NR w - - 2 18,d2e1,32,-738,379,g1f3,f2g3,1,33,,,,,
sprt_game_2,18,21,White,r4rk1/pb3ppp/1p1bp3/2p3q1/2P2n2/P1N5/1PPB1QPP/2KR2NR w - - 2 18,f2d4,33,-745,386,g1f3,f2g3,1,33,,,,,
sprt_game_2,19,23,White,r4rk1/p4ppp/1p1bp3/2p3q1/2P2n2/P1N3P1/1PPB1Q1P/2KR2Nb w - - 0 19,g3f4,1,-354,0,d2f4,g3f4,1,32,,,,,
sprt_game_2,19,23,White,r4rk1/p4ppp/1p1bp3/2p3q1/2P2n2/P1N3P1/1PPB1Q1P/2KR2Nb w - - 0 19,d2f4,2,-410,56,d2f4,g3f4,1,32,,,,,
sprt_game_2,19,23,White,r4rk1/p4ppp/1p1bp3/2p3q1/2P2n2/P1N3P1/1PPB1Q1P/2KR2Nb w - - 0 19,a3a4,3,-417,63,d2f4,g3f4,1,32,,,,,
sprt_game_2,19,23,White,r4rk1/p4ppp/1p1bp3/2p3q1/2P2n2/P1N3P1/1PPB1Q1P/2KR2Nb w - - 0 19,d1e1,4,-419,65,d2f4,g3f4,1,32,,,,,
sprt_game_2,19,23,White,r4rk1/p4ppp/1p1bp3/2p3q1/2P2n2/P1N3P1/1PPB1Q1P/2KR2Nb w - - 0 19,c1b1,5,-427,73,d2f4,g3f4,1,32,,,,,
sprt_game_2,19,23,White,r4rk1/p4ppp/1p1bp3/2p3q1/2P2n2/P1N3P1/1PPB1Q1P/2KR2Nb w - - 0 19,c3b5,6,-429,75,d2f4,g3f4,1,32,,,,,
sprt_game_2,19,23,White,r4rk1/p4ppp/1p1bp3/2p3q1/2P2n2/P1N3P1/1PPB1Q1P/2KR2Nb w - - 0 19,d2e3,7,-430,76,d2f4,g3f4,1,32,,,,,
sprt_game_2,19,23,White,r4rk1/p4ppp/1p1bp3/2p3q1/2P2n2/P1N3P1/1PPB1Q1P/2KR2Nb w - - 0 19,h2h4,8,-431,77,d2f4,g3f4,1,32,,,,,
sprt_game_2,19,23,White,r4rk1/p4ppp/1p1bp3/2p3q1/2P2n2/P1N3P1/1PPB1Q1P/2KR2Nb w - - 0 19,b2b3,9,-432,78,d2f4,g3f4,1,32,,,,,
sprt_game_2,19,23,White,r4rk1/p4ppp/1p1bp3/2p3q1/2P2n2/P1N3P1/1PPB1Q1P/2KR2Nb w - - 0 19,g1e2,10,-434,80,d2f4,g3f4,1,32,,,,,
sprt_game_2,19,23,White,r4rk1/p4ppp/1p1bp3/2p3q1/2P2n2/P1N3P1/1PPB1Q1P/2KR2Nb w - - 0 19,d1f1,11,-441,87,d2f4,g3f4,1,32,,,,,
sprt_game_2,19,23,White,r4rk1/p4ppp/1p1bp3/2p3q1/2P2n2/P1N3P1/1PPB1Q1P/2KR2Nb w - - 0 19,h2h3,12,-442,88,d2f4,g3f4,1,32,,,,,
sprt_game_2,19,23,White,r4rk1/p4ppp/1p1bp3/2p3q1/2P2n2/P1N3P1/1PPB1Q1P/2KR2Nb w - - 0 19,f2e3,13,-445,91,d2f4,g3f4,1,32,,,,,
sprt_game_2,19,23,White,r4rk1/p4ppp/1p1bp3/2p3q1/2P2n2/P1N3P1/1PPB1Q1P/2KR2Nb w - - 0 19,f2f1,14,-456,102,d2f4,g3f4,1,32,,,,,
sprt_game_2,19,23,White,r4rk1/p4ppp/1p1bp3/2p3q1/2P2n2/P1N3P1/1PPB1Q1P/2KR2Nb w - - 0 19,c3a2,15,-460,106,d2f4,g3f4,1,32,,,,,
sprt_game_2,19,23,White,r4rk1/p4ppp/1p1bp3/2p3q1/2P2n2/P1N3P1/1PPB1Q1P/2KR2Nb w - - 0 19,c3b1,16,-462,108,d2f4,g3f4,1,32,,,,,
sprt_game_2,19,23,White,r4rk1/p4ppp/1p1bp3/2p3q1/2P2n2/P1N3P1/1PPB1Q1P/2KR2Nb w - - 0 19,c3e2,17,-477,123,d2f4,g3f4,1,32,,,,,
sprt_game_2,19,23,White,r4rk1/p4ppp/1p1bp3/2p3q1/2P2n2/P1N3P1/1PPB1Q1P/2KR2Nb w - - 0 19,c3a4,18,-479,125,d2f4,g3f4,1,32,,,,,
sprt_game_2,19,23,White,r4rk1/p4ppp/1p1bp3/2p3q1/2P2n2/P1N3P1/1PPB1Q1P/2KR2Nb w - - 0 19,f2e1,19,-495,141,d2f4,g3f4,1,32,,,,,
sprt_game_2,19,23,White,r4rk1/p4ppp/1p1bp3/2p3q1/2P2n2/P1N3P1/1PPB1Q1P/2KR2Nb w - - 0 19,g1f3,20,-499,145,d2f4,g3f4,1,32,,,,,
sprt_game_2,19,23,White,r4rk1/p4ppp/1p1bp3/2p3q1/2P2n2/P1N3P1/1PPB1Q1P/2KR2Nb w - - 0 19,b2b4,21,-504,150,d2f4,g3f4,1,32,,,,,
sprt_game_2,19,23,White,r4rk1/p4ppp/1p1bp3/2p3q1/2P2n2/P1N3P1/1PPB1Q1P/2KR2Nb w - - 0 19,c3d5,22,-533,179,d2f4,g3f4,1,32,,,,,
sprt_game_2,19,23,White,r4rk1/p4ppp/1p1bp3/2p3q1/2P2n2/P1N3P1/1PPB1Q1P/2KR2Nb w - - 0 19,c3e4,23,-565,211,d2f4,g3f4,1,32,,,,,
sprt_game_2,19,23,White,r4rk1/p4ppp/1p1bp3/2p3q1/2P2n2/P1N3P1/1PPB1Q1P/2KR2Nb w - - 0 19,g1h3,24,-594,240,d2f4,g3f4,1,32,,,,,
sprt_game_2,19,23,White,r4rk1/p4ppp/1p1bp3/2p3q1/2P2n2/P1N3P1/1PPB1Q1P/2KR2Nb w - - 0 19,g3g4,25,-597,243,d2f4,g3f4,1,32,,,,,
sprt_game_2,19,23,White,r4rk1/p4ppp/1p1bp3/2p3q1/2P2n2/P1N3P1/1PPB1Q1P/2KR2Nb w - - 0 19,f2f4,26,-650,296,d2f4,g3f4,1,32,,,,,
sprt_game_2,19,23,White,r4rk1/p4ppp/1p1bp3/2p3q1/2P2n2/P1N3P1/1PPB1Q1P/2KR2Nb w - - 0 19,f2f3,27,-700,346,d2f4,g3f4,1,32,,,,,
sprt_game_2,19,23,White,r4rk1/p4ppp/1p1bp3/2p3q1/2P2n2/P1N3P1/1PPB1Q1P/2KR2Nb w - - 0 19,f2e2,28,-700,346,d2f4,g3f4,1,32,,,,,
sprt_game_2,19,23,White,r4rk1/p4ppp/1p1bp3/2p3q1/2P2n2/P1N3P1/1PPB1Q1P/2KR2Nb w - - 0 19,f2c5,29,-743,389,d2f4,g3f4,1,32,,,,,
sprt_game_2,19,23,White,r4rk1/p4ppp/1p1bp3/2p3q1/2P2n2/P1N3P1/1PPB1Q1P/2KR2Nb w - - 0 19,d2e1,30,-790,436,d2f4,g3f4,1,32,,,,,
sprt_game_2,19,23,White,r4rk1/p4ppp/1p1bp3/2p3q1/2P2n2/P1N3P1/1PPB1Q1P/2KR2Nb w - - 0 19,f2d4,31,-804,450,d2f4,g3f4,1,32,,,,,
sprt_game_2,19,23,White,r4rk1/p4ppp/1p1bp3/2p3q1/2P2n2/P1N3P1/1PPB1Q1P/2KR2Nb w - - 0 19,f2g2,32,-836,482,d2f4,g3f4,1,32,,,,,
sprt_game_2,20,25,White,r4rk1/p3qppp/1p1bp3/2p5/2P2P2/P1N5/1PPB1Q1P/2KR2Nb w - - 1 20,c3e2,1,-318,0,g1f3,d1e1,1,31,,,,,
sprt_game_2,20,25,White,r4rk1/p3qppp/1p1bp3/2p5/2P2P2/P1N5/1PPB1Q1P/2KR2Nb w - - 1 20,c3b5,2,-338,20,g1f3,d1e1,1,31,,,,,
sprt_game_2,20,25,White,r4rk1/p3qppp/1p1bp3/2p5/2P2P2/P1N5/1PPB1Q1P/2KR2Nb w - - 1 20,h2h4,3,-347,29,g1f3,d1e1,1,31,,,,,
sprt_game_2,20,25,White,r4rk1/p3qppp/1p1bp3/2p5/2P2P2/P1N5/1PPB1Q1P/2KR2Nb w - - 1 20,g1f3,4,-353,35,g1f3,d1e1,1,31,,,,,
sprt_game_2,20,25,White,r4rk1/p3qppp/1p1bp3/2p5/2P2P2/P1N5/1PPB1Q1P/2KR2Nb w - - 1 20,g1h3,5,-356,38,g1f3,d1e1,1,31,,,,,
sprt_game_2,20,25,White,r4rk1/p3qppp/1p1bp3/2p5/2P2P2/P1N5/1PPB1Q1P/2KR2Nb w - - 1 20,d1e1,6,-357,39,g1f3,d1e1,1,31,,,,,
sprt_game_2,20,25,White,r4rk1/p3qppp/1p1bp3/2p5/2P2P2/P1N5/1PPB1Q1P/2KR2Nb w - - 1 20,f2g3,7,-359,41,g1f3,d1e1,1,31,,,,,
sprt_game_2,20,25,White,r4rk1/p3qppp/1p1bp3/2p5/2P2P2/P1N5/1PPB1Q1P/2KR2Nb w - - 1 20,a3a4,8,-359,41,g1f3,d1e1,1,31,,,,,
sprt_game_2,20,25,White,r4rk1/p3qppp/1p1bp3/2p5/2P2P2/P1N5/1PPB1Q1P/2KR2Nb w - - 1 20,f2e2,9,-364,46,g1f3,d1e1,1,31,,,,,
sprt_game_2,20,25,White,r4rk1/p3qppp/1p1bp3/2p5/2P2P2/P1N5/1PPB1Q1P/2KR2Nb w - - 1 20,g1e2,10,-364,46,g1f3,d1e1,1,31,,,,,
sprt_game_2,20,25,White,r4rk1/p3qppp/1p1bp3/2p5/2P2P2/P1N5/1PPB1Q1P/2KR2Nb w - - 1 20,f2e3,11,-366,48,g1f3,d1e1,1,31,,,,,
sprt_game_2,20,25,White,r4rk1/p3qppp/1p1bp3/2p5/2P2P2/P1N5/1PPB1Q1P/2KR2Nb w - - 1 20,d1f1,12,-367,49,g1f3,d1e1,1,31,,,,,
sprt_game_2,20,25,White,r4rk1/p3qppp/1p1bp3/2p5/2P2P2/P1N5/1PPB1Q1P/2KR2Nb w - - 1 20,c1b1,13,-367,49,g1f3,d1e1,1,31,,,,,
sprt_game_2,20,25,White,r4rk1/p3qppp/1p1bp3/2p5/2P2P2/P1N5/1PPB1Q1P/2KR2Nb w - - 1 20,h2h3,14,-368,50,g1f3,d1e1,1,31,,,,,
sprt_game_2,20,25,White,r4rk1/p3qppp/1p1bp3/2p5/2P2P2/P1N5/1PPB1Q1P/2KR2Nb w - - 1 20,b2b3,15,-378,60,g1f3,d1e1,1,31,,,,,
sprt_game_2,20,25,White,r4rk1/p3qppp/1p1bp3/2p5/2P2P2/P1N5/1PPB1Q1P/2KR2Nb w - - 1 20,f2f1,16,-382,64,g1f3,d1e1,1,31,,,,,
sprt_game_2,20,25,White,r4rk1/p3qppp/1p1bp3/2p5/2P2P2/P1N5/1PPB1Q1P/2KR2Nb w - - 1 20,c3b1,17,-389,71,g1f3,d1e1,1,31,,,,,
sprt_game_2,20,25,White,r4rk1/p3qppp/1p1bp3/2p5/2P2P2/P1N5/1PPB1Q1P/2KR2Nb w - - 1 20,f2e1,18,-389,71,g1f3,d1e1,1,31,,,,,
sprt_game_2,20,25,White,r4rk1/p3qppp/1p1bp3/2p5/2P2P2/P1N5/1PPB1Q1P/2KR2Nb w - - 1 20,d2e3,19,-390,72,g1f3,d1e1,1,31,,,,,
sprt_game_2,20,25,White,r4rk1/p3qppp/1p1bp3/2p5/2P2P2/P1N5/1PPB1Q1P/2KR2Nb w - - 1 20,f4f5,20,-392,74,g1f3,d1e1,1,31,,,,,
sprt_game_2,20,25,White,r4rk1/p3qppp/1p1bp3/2p5/2P2P2/P1N5/1PPB1Q1P/2KR2Nb w - - 1 20,c3a2,21,-395,77,g1f3,d1e1,1,31,,,,,
sprt_game_2,20,25,White,r4rk1/p3qppp/1p1bp3/2p5/2P2P2/P1N5/1PPB1Q1P/2KR2Nb w - - 1 20,d2e1,22,-396,78,g1f3,d1e1,1,31,,,,,
sprt_game_2,20,25,White,r4rk1/p3qppp/1p1bp3/2p5/2P2P2/P1N5/1PPB1Q1P/2KR2Nb w - - 1 20,c3a4,23,-409,91,g1f3,d1e1,1,31,,,,,
sprt_game_2,20,25,White,r4rk1/p3qppp/1p1bp3/2p5/2P2P2/P1N5/1PPB1Q1P/2KR2Nb w - - 1 20,c3d5,24,-477,159,g1f3,d1e1,1,31,,,,,
sprt_game_2,20,25,White,r4rk1/p3qppp/1p1bp3/2p5/2P2P2/P1N5/1PPB1Q1P/2KR2Nb w - - 1 20,b2b4,25,-511,193,g1f3,d1e1,1,31,,,,,
sprt_game_2,20,25,White,r4rk1/p3qppp/1p1bp3/2p5/2P2P2/P1N5/1PPB1Q1P/2KR2Nb w - - 1 20,c3e4,26,-523,205,g1f3,d1e1,1,31,,,,,
sprt_game_2,20,25,White,r4rk1/p3qppp/1p1bp3/2p5/2P2P2/P1N5/1PPB1Q1P/2KR2Nb w - - 1 20,f2f3,27,-608,290,g1f3,d1e1,1,31,,,,,
sprt_game_2,20,25,White,r4rk1/p3qppp/1p1bp3/2p5/2P2P2/P1N5/1PPB1Q1P/2KR2Nb w - - 1 20,f2d4,28,-709,391,g1f3,d1e1,1,31,,,,,
sprt_game_2,20,25,White,r4rk1/p3qppp/1p1bp3/2p5/2P2P2/P1N5/1PPB1Q1P/2KR2Nb w - - 1 20,f2c5,29,-720,402,g1f3,d1e1,1,31,,,,,
sprt_game_2,20,25,White,r4rk1/p3qppp/1p1bp3/2p5/2P2P2/P1N5/1PPB1Q1P/2KR2Nb w - - 1 20,f2g2,30,-750,432,g1f3,d1e1,1,31,,,,,
sprt_game_2,20,25,White,r4rk1/p3qppp/1p1bp3/2p5/2P2P2/P1N5/1PPB1Q1P/2KR2Nb w - - 1 20,f2h4,31,-755,437,g1f3,d1e1,1,31,,,,,
sprt_game_2,22,29,White,3r1rk1/p3qppp/1p1bp3/2p5/2P2P2/P1N2Q2/1PPB3P/2KR4 w - - 1 22,h2h4,1,-323,0,d1e1,d1g1,1,36,,,,,
sprt_game_2,22,29,White,3r1rk1/p3qppp/1p1bp3/2p5/2P2P2/P1N2Q2/1PPB3P/2KR4 w - - 1 22,d1e1,2,-352,29,d1e1,d1g1,1,36,,,,,
sprt_game_2,22,29,White,3r1rk1/p3qppp/1p1bp3/2p5/2P2P2/P1N2Q2/1PPB3P/2KR4 w - - 1 22,a3a4,3,-354,31,d1e1,d1g1,1,36,,,,,
sprt_game_2,22,29,White,3r1rk1/p3qppp/1p1bp3/2p5/2P2P2/P1N2Q2/1PPB3P/2KR4 w - - 1 22,c1b1,4,-358,35,d1e1,d1g1,1,36,,,,,
sprt_game_2,22,29,White,3r1rk1/p3qppp/1p1bp3/2p5/2P2P2/P1N2Q2/1PPB3P/2KR4 w - - 1 22,d1g1,5,-359,36,d1e1,d1g1,1,36,,,,,
sprt_game_2,22,29,White,3r1rk1/p3qppp/1p1bp3/2p5/2P2P2/P1N2Q2/1PPB3P/2KR4 w - - 1 22,c3e4,6,-360,37,d1e1,d1g1,1,36,,,,,
sprt_game_2,22,29,White,3r1rk1/p3qppp/1p1bp3/2p5/2P2P2/P1N2Q2/1PPB3P/2KR4 w - - 1 22,f3e3,7,-365,42,d1e1,d1g1,1,36,,,,,
sprt_game_2,22,29,White,3r1rk1/p3qppp/1p1bp3/2p5/2P2P2/P1N2Q2/1PPB3P/2KR4 w - - 1 22,f3f2,8,-371,48,d1e1,d1g1,1,36,,,,,
sprt_game_2,22,29,White,3r1rk1/p3qppp/1p1bp3/2p5/2P2P2/P1N2Q2/1PPB3P/2KR4 w - - 1 22,f3g3,9,-372,49,d1e1,d1g1,1,36,,,,,
sprt_game_2,22,29,White,3r1rk1/p3qppp/1p1bp3/2p5/2P2P2/P1N2Q2/1PPB3P/2KR4 w - - 1 22,d2e3,10,-377,54,d1e1,d1g1,1,36,,,,,
sprt_game_2,22,29,White,3r1rk1/p3qppp/1p1bp3/2p5/2P2P2/P1N2Q2/1PPB3P/2KR4 w - - 1 22,d1h1,11,-379,56,d1e1,d1g1,1,36,,,,,
sprt_game_2,22,29,White,3r1rk1/p3qppp/1p1bp3/2p5/2P2P2/P1N2Q2/1PPB3P/2KR4 w - - 1 22,d1f1,12,-380,57,d1e1,d1g1,1,36,,,,,
sprt_game_2,22,29,White,3r1rk1/p3qppp/1p1bp3/2p5/2P2P2/P1N2Q2/1PPB3P/2KR4 w - - 1 22,h2h3,13,-380,57,d1e1,d1g1,1,36,,,,,
sprt_game_2,22,29,White,3r1rk1/p3qppp/1p1bp3/2p5/2P2P2/P1N2Q2/1PPB3P/2KR4 w - - 1 22,f3e2,14,-383,60,d1e1,d1g1,1,36,,,,,
sprt_game_2,22,29,White,3r1rk1/p3qppp/1p1bp3/2p5/2P2P2/P1N2Q2/1PPB3P/2KR4 w - - 1 22,f3h1,15,-384,61,d1e1,d1g1,1,36,,,,,
sprt_game_2,22,29,White,3r1rk1/p3qppp/1p1bp3/2p5/2P2P2/P1N2Q2/1PPB3P/2KR4 w - - 1 22,d2e1,16,-389,66,d1e1,d1g1,1,36,,,,,
sprt_game_2,22,29,White,3r1rk1/p3qppp/1p1bp3/2p5/2P2P2/P1N2Q2/1PPB3P/2KR4 w - - 1 22,b2b3,17,-392,69,d1e1,d1g1,1,36,,,,,
sprt_game_2,22,29,White,3r1rk1/p3qppp/1p1bp3/2p5/2P2P2/P1N2Q2/1PPB3P/2KR4 w - - 1 22,f3g2,18,-394,71,d1e1,d1g1,1,36,,,,,
sprt_game_2,22,29,White,3r1rk1/p3qppp/1p1bp3/2p5/2P2P2/P1N2Q2/1PPB3P/2KR4 w - - 1 22,c3b1,19,-395,72,d1e1,d1g1,1,36,,,,,
sprt_game_2,22,29,White,3r1rk1/p3qppp/1p1bp3/2p5/2P2P2/P1N2Q2/1PPB3P/2KR4 w - - 1 22,c3a4,20,-396,73,d1e1,d1g1,1,36,,,,,
sprt_game_2,22,29,White,3r1rk1/p3qppp/1p1bp3/2p5/2P2P2/P1N2Q2/1PPB3P/2KR4 w - - 1 22,c3b5,21,-398,75,d1e1,d1g1,1,36,,,,,
sprt_game_2,22,29,White,3r1rk1/p3qppp/1p1bp3/2p5/2P2P2/P1N2Q2/1PPB3P/2KR4 w - - 1 22,f3h5,22,-399,76,d1e1,d1g1,1,36,,,,,
sprt_game_2,22,29,White,3r1rk1/p3qppp/1p1bp3/2p5/2P2P2/P1N2Q2/1PPB3P/2KR4 w - - 1 22,f3h3,23,-399,76,d1e1,d1g1,1,36,,,,,
sprt_game_2,22,29,White,3r1rk1/p3qppp/1p1bp3/2p5/2P2P2/P1N2Q2/1PPB3P/2KR4 w - - 1 22,c3a2,24,-400,77,d1e1,d1g1,1,36,,,,,
sprt_game_2,22,29,White,3r1rk1/p3qppp/1p1bp3/2p5/2P2P2/P1N2Q2/1PPB3P/2KR4 w - - 1 22,f3g4,25,-401,78,d1e1,d1g1,1,36,,,,,
sprt_game_2,22,29,White,3r1rk1/p3qppp/1p1bp3/2p5/2P2P2/P1N2Q2/1PPB3P/2KR4 w - - 1 22,f3e4,26,-401,78,d1e1,d1g1,1,36,,,,,
sprt_game_2,22,29,White,3r1rk1/p3qppp/1p1bp3/2p5/2P2P2/P1N2Q2/1PPB3P/2KR4 w - - 1 22,f3f1,27,-401,78,d1e1,d1g1,1,36,,,,,
sprt_game_2,22,29,White,3r1rk1/p3qppp/1p1bp3/2p5/2P2P2/P1N2Q2/1PPB3P/2KR4 w - - 1 22,c3e2,28,-408,85,d1e1,d1g1,1,36,,,,,
sprt_game_2,22,29,White,3r1rk1/p3qppp/1p1bp3/2p5/2P2P2/P1N2Q2/1PPB3P/2KR4 w - - 1 22,f3c6,29,-410,87,d1e1,d1g1,1,36,,,,,
sprt_game_2,22,29,White,3r1rk1/p3qppp/1p1bp3/2p5/2P2P2/P1N2Q2/1PPB3P/2KR4 w - - 1 22,f4f5,30,-448,125,d1e1,d1g1,1,36,,,,,
sprt_game_2,22,29,White,3r1rk1/p3qppp/1p1bp3/2p5/2P2P2/P1N2Q2/1PPB3P/2KR4 w - - 1 22,b2b4,31,-458,135,d1e1,d1g1,1,36,,,,,
sprt_game_2,22,29,White,3r1rk1/p3qppp/1p1bp3/2p5/2P2P2/P1N2Q2/1PPB3P/2KR4 w - - 1 22,c3d5,32,-478,155,d1e1,d1g1,1,36,,,,,
sprt_game_2,22,29,White,3r1rk1/p3qppp/1p1bp3/2p5/2P2P2/P1N2Q2/1PPB3P/2KR4 w - - 1 22,f3d3,33,-528,205,d1e1,d1g1,1,36,,,,,
sprt_game_2,22,29,White,3r1rk1/p3qppp/1p1bp3/2p5/2P2P2/P1N2Q2/1PPB3P/2KR4 w - - 1 22,f3a8,34,-737,414,d1e1,d1g1,1,36,,,,,
sprt_game_2,22,29,White,3r1rk1/p3qppp/1p1bp3/2p5/2P2P2/P1N2Q2/1PPB3P/2KR4 w - - 1 22,f3d5,35,-769,446,d1e1,d1g1,1,36,,,,,
sprt_game_2,22,29,White,3r1rk1/p3qppp/1p1bp3/2p5/2P2P2/P1N2Q2/1PPB3P/2KR4 w - - 1 22,f3b7,36,-804,481,d1e1,d1g1,1,36,,,,,
sprt_game_2,23,31,White,3r1rk1/p3q1pp/1p1bp3/2p2p2/2P2P2/P1N2Q2/1PPB3P/1K1R4 w - - 0 23,d1g1,1,-344,0,d2e3,f3e2,1,38,,,,,
sprt_game_2,23,31,White,3r1rk1/p3q1pp/1p1bp3/2p2p2/2P2P2/P1N2Q2/1PPB3P/1K1R4 w - - 0 23,d2c1,2,-349,5,d2e3,f3e2,1,38,,,,,
sprt_game_2,23,31,White,3r1rk1/p3q1pp/1p1bp3/2p2p2/2P2P2/P1N2Q2/1PPB3P/1K1R4 w - - 0 23,d1h1,3,-357,13,d2e3,f3e2,1,38,,,,,
sprt_game_2,23,31,White,3r1rk1/p3q1pp/1p1bp3/2p2p2/2P2P2/P1N2Q2/1PPB3P/1K1R4 w - - 0 23,d1e1,4,-365,21,d2e3,f3e2,1,38,,,,,
sprt_game_2,23,31,White,3r1rk1/p3q1pp/1p1bp3/2p2p2/2P2P2/P1N2Q2/1PPB3P/1K1R4 w - - 0 23,a3a4,5,-365,21,d2e3,f3e2,1,38,,,,,
sprt_game_2,23,31,White,3r1rk1/p3q1pp/1p1bp3/2p2p2/2P2P2/P1N2Q2/1PPB3P/1K1R4 w - - 0 23,d1f1,6,-368,24,d2e3,f3e2,1,38,,,,,
sprt_game_2,23,31,White,3r1rk1/p3q1pp/1p1bp3/2p2p2/2P2P2/P1N2Q2/1PPB3P/1K1R4 w - - 0 23,d2e3,7,-371,27,d2e3,f3e2,1,38,,,,,
sprt_game_2,23,31,White,3r1rk1/p3q1pp/1p1bp3/2p2p2/2P2P2/P1N2Q2/1PPB3P/1K1R4 w - - 0 23,f3e2,8,-372,28,d2e3,f3e2,1,38,,,,,
sprt_game_2,23,31,White,3r1rk1/p3q1pp/1p1bp3/2p2p2/2P2P2/P1N2Q2/1PPB3P/1K1R4 w - - 0 23,f3e3,9,-375,31,d2e3,f3e2,1,38,,,,,
sprt_game_2,23,31,White,3r1rk1/p3q1pp/1p1bp3/2p2p2/2P2P2/P1N2Q2/1PPB3P/1K1R4 w - - 0 23,d1c1,10,-375,31,d2e3,f3e2,1,38,,,,,
sprt_game_2,23,31,White,3r1rk1/p3q1pp/1p1bp3/2p2p2/2P2P2/P1N2Q2/1PPB3P/1K1R4 w - - 0 23,b2b3,11,-376,32,d2e3,f3e2,1,38,,,,,
sprt_game_2,23,31,White,3r1rk1/p3q1pp/1p1bp3/2p2p2/2P2P2/P1N2Q2/1PPB3P/1K1R4 w - - 0 23,b1a2,12,-378,34,d2e3,f3e2,1,38,,,,,
sprt_game_2,23,31,White,3r1rk1/p3q1pp/1p1bp3/2p2p2/2P2P2/P1N2Q2/1PPB3P/1K1R4 w - - 0 23,f3f2,13,-379,35,d2e3,f3e2,1,38,,,,,
sprt_game_2,23,31,White,3r1rk1/p3q1pp/1p1bp3/2p2p2/2P2P2/P1N2Q2/1PPB3P/1K1R4 w - - 0 23,c3e2,14,-379,35,d2e3,f3e2,1,38,,,,,
sprt_game_2,23,31,White,3r1rk1/p3q1pp/1p1bp3/2p2p2/2P2P2/P1N2Q2/1PPB3P/1K1R4 w - - 0 23,h2h3,15,-382,38,d2e3,f3e2,1,38,,,,,
sprt_game_2,23,31,White,3r1rk1/p3q1pp/1p1bp3/2p2p2/2P2P2/P1N2Q2/1PPB3P/1K1R4 w - - 0 23,f3g3,16,-387,43,d2e3,f3e2,1,38,,,,,
sprt_game_2,23,31,White,3r1rk1/p3q1pp/1p1bp3/2p2p2/2P2P2/P1N2Q2/1PPB3P/1K1R4 w - - 0 23,f3g2,17,-387,43,d2e3,f3e2,1,38,,,,,
sprt_game_2,23,31,White,3r1rk1/p3q1pp/1p1bp3/2p2p2/2P2P2/P1N2Q2/1PPB3P/1K1R4 w - - 0 23,d2e1,18,-389,45,d2e3,f3e2,1,38,,,,,
sprt_game_2,23,31,White,3r1rk1/p3q1pp/1p1bp3/2p2p2/2P2P2/P1N2Q2/1PPB3P/1K1R4 w - - 0 23,h2h4,19,-391,47,d2e3,f3e2,1,38,,,,,
sprt_game_2,23,31,White,3r1rk1/p3q1pp/1p1bp3/2p2p2/2P2P2/P1N2Q2/1PPB3P/1K1R4 w - - 0 23,b1c1,20,-392,48,d2e3,f3e2,1,38,,,,,
sprt_game_2,23,31,White,3r1rk1/p3q1pp/1p1bp3/2p2p2/2P2P2/P1N2Q2/1PPB3P/1K1R4 w - - 0 23,b1a1,21,-392,48,d2e3,f3e2,1,38,,,,,
sprt_game_2,23,31,White,3r1rk1/p3q1pp/1p1bp3/2p2p2/2P2P2/P1N2Q2/1PPB3P/1K1R4 w - - 0 23,f3h3,22,-394,50,d2e3,f3e2,1,38,,,,,
sprt_game_2,23,31,White,3r1rk1/p3q1pp/1p1bp3/2p2p2/2P2P2/P1N2Q2/1PPB3P/1K1R4 w - - 0 23,f3f1,23,-395,51,d2e3,f3e2,1,38,,,,,
sprt_game_2,23,31,White,3r1rk1/p3q1pp/1p1bp3/2p2p2/2P2P2/P1N2Q2/1PPB3P/1K1R4 w - - 0 23,c3b5,24,-395,51,d2e3,f3e2,1,38,,,,,
sprt_game_2,23,31,White,3r1rk1/p3q1pp/1p1bp3/2p2p2/2P2P2/P1N2Q2/1PPB3P/1K1R4 w - - 0 23,f3c6,25,-405,61,d2e3,f3e2,1,38,,,,,
sprt_game_2,23,31,White,3r1rk1/p3q1pp/1p1bp3/2p2p2/2P2P2/P1N2Q2/1PPB3P/1K1R4 w - - 0 23,f3h1,26,-406,62,d2e3,f3e2,1,38,,,,,
sprt_game_2,23,31,White,3r1rk1/p3q1pp/1p1bp3/2p2p2/2P2P2/P1N2Q2/1PPB3P/1K1R4 w - - 0 23,c3a2,27,-407,63,d2e3,f3e2,1,38,,,,,
sprt_game_2,23,31,White,3r1rk1/p3q1pp/1p1bp3/2p2p2/2P2P2/P1N2Q2/1PPB3P/1K1R4 w - - 0 23,f3h5,28,-409,65,d2e3,f3e2,1,38,,,,,
sprt_game_2,23,31,White,3r1rk1/p3q1pp/1p1bp3/2p2p2/2P2P2/P1N2Q2/1PPB3P/1K1R4 w - - 0 23,c3a4,29,-418,74,d2e3,f3e2,1,38,,,,,
sprt_game_2,23,31,White,3r1rk1/p3q1pp/1p1bp3/2p2p2/2P2P2/P1N2Q2/1PPB3P/1K1R4 w - - 0 23,c3d5,30,-475,131,d2e3,f3e2,1,38,,,,,
sprt_game_2,23,31,White,3r1rk1/p3q1pp/1p1bp3/2p2p2/2P2P2/P1N2Q2/1PPB3P/1K1R4 w - - 0 23,b2b4,31,-484,140,d2e3,f3e2,1,38,,,,,
sprt_game_2,23,31,White,3r1rk1/p3q1pp/1p1bp3/2p2p2/2P2P2/P1N2Q2/1PPB3P/1K1R4 w - - 0 23,f3d3,32,-507,163,d2e3,f3e2,1,38,,,,,
sprt_game_2,23,31,White,3r1rk1/p3q1pp/1p1bp3/2p2p2/2P2P2/P1N2Q2/1PPB3P/1K1R4 w - - 0 23,c3e4,33,-664,320,d2e3,f3e2,1,38,,,,,
sprt_game_2,23,31,White,3r1rk1/p3q1pp/1p1bp3/2p2p2/2P2P2/P1N2Q2/1PPB3P/1K1R4 w - - 0 23,f3d5,34,-725,381,d2e3,f3e2,1,38,,,,,
sprt_game_2,23,31,White,3r1rk1/p3q1pp/1p1bp3/2p2p2/2P2P2/P1N2Q2/1PPB3P/1K1R4 w - - 0 23,f3a8,35,-764,420,d2e3,f3e2,1,38,,,,,
sprt_game_2,23,31,White,3r1rk1/p3q1pp/1p1bp3/2p2p2/2P2P2/P1N2Q2/1PPB3P/1K1R4 w - - 0 23,f3e4,36,-798,454,d2e3,f3e2,1,38,,,,,
sprt_game_2,23,31,White,3r1rk1/p3q1pp/1p1bp3/2p2p2/2P2P2/P1N2Q2/1PPB3P/1K1R4 w - - 0 23,f3b7,37,-802,458,d2e3,f3e2,1,38,,,,,
sprt_game_2,23,31,White,3r1rk1/p3q1pp/1p1bp3/2p2p2/2P2P2/P1N2Q2/1PPB3P/1K1R4 w - - 0 23,f3g4,38,-818,474,d2e3,f3e2,1,38,,,,,
sprt_game_2,24,33,White,3r1rk1/p4qpp/1p1bp3/2p2p2/P1P2P2/2N2Q2/1PPB3P/1K1R4 w - - 1 24,d2c1,1,-352,0,b2b3,a4a5,1,37,,,,,
sprt_game_2,24,33,White,3r1rk1/p4qpp/1p1bp3/2p2p2/P1P2P2/2N2Q2/1PPB3P/1K1R4 w - - 1 24,d1h1,2,-359,7,b2b3,a4a5,1,37,,,,,
sprt_game_2,24,33,White,3r1rk1/p4qpp/1p1bp3/2p2p2/P1P2P2/2N2Q2/1PPB3P/1K1R4 w - - 1 24,d1f1,3,-359,7,b2b3,a4a5,1,37,,,,,
sprt_game_2,24,33,White,3r1rk1/p4qpp/1p1bp3/2p2p2/P1P2P2/2N2Q2/1PPB3P/1K1R4 w - - 1 24,d1g1,4,-362,10,b2b3,a4a5,1,37,,,,,
sprt_game_2,24,33,White,3r1rk1/p4qpp/1p1bp3/2p2p2/P1P2P2/2N2Q2/1PPB3P/1K1R4 w - - 1 24,d1e1,5,-371,19,b2b3,a4a5,1,37,,,,,
sprt_game_2,24,33,White,3r1rk1/p4qpp/1p1bp3/2p2p2/P1P2P2/2N2Q2/1PPB3P/1K1R4 w - - 1 24,d2e3,6,-374,22,b2b3,a4a5,1,37,,,,,
sprt_game_2,24,33,White,3r1rk1/p4qpp/1p1bp3/2p2p2/P1P2P2/2N2Q2/1PPB3P/1K1R4 w - - 1 24,f3e2,7,-376,24,b2b3,a4a5,1,37,,,,,
sprt_game_2,24,33,White,3r1rk1/p4qpp/1p1bp3/2p2p2/P1P2P2/2N2Q2/1PPB3P/1K1R4 w - - 1 24,a4a5,8,-378,26,b2b3,a4a5,1,37,,,,,
sprt_game_2,24,33,White,3r1rk1/p4qpp/1p1bp3/2p2p2/P1P2P2/2N2Q2/1PPB3P/1K1R4 w - - 1 24,h2h4,9,-381,29,b2b3,a4a5,1,37,,,,,
sprt_game_2,24,33,White,3r1rk1/p4qpp/1p1bp3/2p2p2/P1P2P2/2N2Q2/1PPB3P/1K1R4 w - - 1 24,f3e3,10,-386,34,b2b3,a4a5,1,37,,,,,
sprt_game_2,24,33,White,3r1rk1/p4qpp/1p1bp3/2p2p2/P1P2P2/2N2Q2/1PPB3P/1K1R4 w - - 1 24,c3b5,11,-387,35,b2b3,a4a5,1,37,,,,,
sprt_game_2,24,33,White,3r1rk1/p4qpp/1p1bp3/2p2p2/P1P2P2/2N2Q2/1PPB3P/1K1R4 w - - 1 24,d2e1,12,-389,37,b2b3,a4a5,1,37,,,,,
sprt_game_2,24,33,White,3r1rk1/p4qpp/1p1bp3/2p2p2/P1P2P2/2N2Q2/1PPB3P/1K1R4 w - - 1 24,f3f2,13,-392,40,b2b3,a4a5,1,37,,,,,
sprt_game_2,24,33,White,3r1rk1/p4qpp/1p1bp3/2p2p2/P1P2P2/2N2Q2/1PPB3P/1K1R4 w - - 1 24,d1c1,14,-394,42,b2b3,a4a5,1,37,,,,,
sprt_game_2,24,33,White,3r1rk1/p4qpp/1p1bp3/2p2p2/P1P2P2/2N2Q2/1PPB3P/1K1R4 w - - 1 24,f3c6,15,-402,50,b2b3,a4a5,1,37,,,,,
sprt_game_2,24,33,White,3r1rk1/p4qpp/1p1bp3/2p2p2/P1P2P2/2N2Q2/1PPB3P/1K1R4 w - - 1 24,h2h3,16,-402,50,b2b3,a4a5,1,37,,,,,
sprt_game_2,24,33,White,3r1rk1/p4qpp/1p1bp3/2p2p2/P1P2P2/2N2Q2/1PPB3P/1K1R4 w - - 1 24,f3g2,17,-403,51,b2b3,a4a5,1,37,,,,,
sprt_game_2,24,33,White,3r1rk1/p4qpp/1p1bp3/2p2p2/P1P2P2/2N2Q2/1PPB3P/1K1R4 w - - 1 24,b1c1,18,-407,55,b2b3,a4a5,1,37,,,,,
sprt_game_2,24,33,White,3r1rk1/p4qpp/1p1bp3/2p2p2/P1P2P2/2N2Q2/1PPB3P/1K1R4 w - - 1 24,b2b3,19,-407,55,b2b3,a4a5,1,37,,,,,
sprt_game_2,24,33,White,3r1rk1/p4qpp/1p1bp3/2p2p2/P1P2P2/2N2Q2/1PPB3P/1K1R4 w - - 1 24,b1a1,20,-410,58,b2b3,a4a5,1,37,,,,,
sprt_game_2,24,33,White,3r1rk1/p4qpp/1p1bp3/2p2p2/P1P2P2/2N2Q2/1PPB3P/1K1R4 w - - 1 24,b1a2,21,-412,60,b2b3,a4a5,1,37,,,,,
sprt_game_2,24,33,White,3r1rk1/p4qpp/1p1bp3/2p2p2/P1P2P2/2N2Q2/1PPB3P/1K1R4 w - - 1 24,c3e2,22,-413,61,b2b3,a4a5,1,37,,,,,
sprt_game_2,24,33,White,3r1rk1/p4qpp/1p1bp3/2p2p2/P1P2P2/2N2Q2/1PPB3P/1K1R4 w - - 1 24,c3a2,23,-419,67,b2b3,a4a5,1,37,,,,,
sprt_game_2,24,33,White,3r1rk1/p4qpp/1p1bp3/2p2p2/P1P2P2/2N2Q2/1PPB3P/1K1R4 w - - 1 24,f3h1,24,-423,71,b2b3,a4a5,1,37,,,,,
sprt_game_2,24,33,White,3r1rk1/p4qpp/1p1bp3/2p2p2/P1P2P2/2N2Q2/1PPB3P/1K1R4 w - - 1 24,f3f1,25,-425,73,b2b3,a4a5,1,37,,,,,
sprt_game_2,24,33,White,3r1rk1/p4qpp/1p1bp3/2p2p2/P1P2P2/2N2Q2/1PPB3P/1K1R4 w - - 1 24,f3g3,26,-431,79,b2b3,a4a5,1,37,,,,,
sprt_game_2,24,33,White,3r1rk1/p4qpp/1p1bp3/2p2p2/P1P2P2/2N2Q2/1PPB3P/1K1R4 w - - 1 24,f3h3,27,-438,86,b2b3,a4a5,1,37,,,,,
sprt_game_2,24,33,White,3r1rk1/p4qpp/1p1bp3/2p2p2/P1P2P2/2N2Q2/1PPB3P/1K1R4 w - - 1 24,c3d5,28,-457,105,b2b3,a4a5,1,37,,,,,
sprt_game_2,24,33,White,3r1rk1/p4qpp/1p1bp3/2p2p2/P1P2P2/2N2Q2/1PPB3P/1K1R4 w - - 1 24,f3d3,29,-496,144,b2b3,a4a5,1,37,,,,,
sprt_game_2,24,33,White,3r1rk1/p4qpp/1p1bp3/2p2p2/P1P2P2/2N2Q2/1PPB3P/1K1R4 w - - 1 24,b2b4,30,-496,144,b2b3,a4a5,1,37,,,,,
sprt_game_2,24,33,White,3r1rk1/p4qpp/1p1bp3/2p2p2/P1P2P2/2N2Q2/1PPB3P/1K1R4 w - - 1 24,c3e4,31,-671,319,b2b3,a4a5,1,37,,,,,
sprt_game_2,24,33,White,3r1rk1/p4qpp/1p1bp3/2p2p2/P1P2P2/2N2Q2/1PPB3P/1K1R4 w - - 1 24,f3d5,32,-676,324,b2b3,a4a5,1,37,,,,,
sprt_game_2,24,33,White,3r1rk1/p4qpp/1p1bp3/2p2p2/P1P2P2/2N2Q2/1PPB3P/1K1R4 w - - 1 24,f3a8,33,-755,403,b2b3,a4a5,1,37,,,,,
sprt_game_2,24,33,White,3r1rk1/p4qpp/1p1bp3/2p2p2/P1P2P2/2N2Q2/1PPB3P/1K1R4 w - - 1 24,f3g4,34,-815,463,b2b3,a4a5,1,37,,,,,
sprt_game_2,24,33,White,3r1rk1/p4qpp/1p1bp3/2p2p2/P1P2P2/2N2Q2/1PPB3P/1K1R4 w - - 1 24,f3e4,35,-818,466,b2b3,a4a5,1,37,,,,,
sprt_game_2,24,33,White,3r1rk1/p4qpp/1p1bp3/2p2p2/P1P2P2/2N2Q2/1PPB3P/1K1R4 w - - 1 24,f3b7,36,-820,468,b2b3,a4a5,1,37,,,,,
sprt_game_2,24,33,White,3r1rk1/p4qpp/1p1bp3/2p2p2/P1P2P2/2N2Q2/1PPB3P/1K1R4 w - - 1 24,f3h5,37,-820,468,b2b3,a4a5,1,37,,,,,
sprt_game_2,25,35,White,3r1rk1/p4qpp/3bp3/p1p2p2/2P2P2/2N2Q2/1PPB3P/1K1R4 w - - 0 25,d1g1,1,-342,0,d2e3,b2b3,1,37,,,,,
sprt_game_2,25,35,White,3r1rk1/p4qpp/3bp3/p1p2p2/2P2P2/2N2Q2/1PPB3P/1K1R4 w - - 0 25,d1e1,2,-348,6,d2e3,b2b3,1,37,,,,,
sprt_game_2,25,35,White,3r1rk1/p4qpp/3bp3/p1p2p2/2P2P2/2N2Q2/1PPB3P/1K1R4 w - - 0 25,d2c1,3,-349,7,d2e3,b2b3,1,37,,,,,
sprt_game_2,25,35,White,3r1rk1/p4qpp/3bp3/p1p2p2/2P2P2/2N2Q2/1PPB3P/1K1R4 w - - 0 25,d1c1,4,-361,19,d2e3,b2b3,1,37,,,,,
sprt_game_2,25,35,White,3r1rk1/p4qpp/3bp3/p1p2p2/2P2P2/2N2Q2/1PPB3P/1K1R4 w - - 0 25,c3a4,5,-365,23,d2e3,b2b3,1,37,,,,,
sprt_game_2,25,35,White,3r1rk1/p4qpp/3bp3/p1p2p2/2P2P2/2N2Q2/1PPB3P/1K1R4 w - - 0 25,d1h1,6,-366,24,d2e3,b2b3,1,37,,,,,
sprt_game_2,25,35,White,3r1rk1/p4qpp/3bp3/p1p2p2/2P2P2/2N2Q2/1PPB3P/1K1R4 w - - 0 25,d2e3,7,-367,25,d2e3,b2b3,1,37,,,,,
sprt_game_2,25,35,White,3r1rk1/p4qpp/3bp3/p1p2p2/2P2P2/2N2Q2/1PPB3P/1K1R4 w - - 0 25,c3b5,8,-368,26,d2e3,b2b3,1,37,,,,,
sprt_game_2,25,35,White,3r1rk1/p4qpp/3bp3/p1p2p2/2P2P2/2N2Q2/1PPB3P/1K1R4 w - - 0 25,c3e2,9,-368,26,d2e3,b2b3,1,37,,,,,
sprt_game_2,25,35,White,3r1rk1/p4qpp/3bp3/p1p2p2/2P2P2/2N2Q2/1PPB3P/1K1R4 w - - 0 25,f3e2,10,-379,37,d2e3,b2b3,1,37,,,,,
sprt_game_2,25,35,White,3r1rk1/p4qpp/3bp3/p1p2p2/2P2P2/2N2Q2/1PPB3P/1K1R4 w - - 0 25,d1f1,11,-382,40,d2e3,b2b3,1,37,,,,,
sprt_game_2,25,35,White,3r1rk1/p4qpp/3bp3/p1p2p2/2P2P2/2N2Q2/1PPB3P/1K1R4 w - - 0 25,d2e1,12,-383,41,d2e3,b2b3,1,37,,,,,
sprt_game_2,25,35,White,3r1rk1/p4qpp/3bp3/p1p2p2/2P2P2/2N2Q2/1PPB3P/1K1R4 w - - 0 25,c3a2,13,-384,42,d2e3,b2b3,1,37,,,,,
sprt_game_2,25,35,White,3r1rk1/p4qpp/3bp3/p1p2p2/2P2P2/2N2Q2/1PPB3P/1K1R4 w - - 0 25,f3g2,14,-388,46,d2e3,b2b3,1,37,,,,,
sprt_game_2,25,35,White,3r1rk1/p4qpp/3bp3/p1p2p2/2P2P2/2N2Q2/1PPB3P/1K1R4 w - - 0 25,b2b3,15,-391,49,d2e3,b2b3,1,37,,,,,
sprt_game_2,25,35,White,3r1rk1/p4qpp/3bp3/p1p2p2/2P2P2/2N2Q2/1PPB3P/1K1R4 w - - 0 25,f3e3,16,-392,50,d2e3,b2b3,1,37,,,,,
sprt_game_2,25,35,White,3r1rk1/p4qpp/3bp3/p1p2p2/2P2P2/2N2Q2/1PPB3P/1K1R4 w - - 0 25,h2h4,17,-392,50,d2e3,b2b3,1,37,,,,,
sprt_game_2,25,35,White,3r1rk1/p4qpp/3bp3/p1p2p2/2P2P2/2N2Q2/1PPB3P/1K1R4 w - - 0 25,b1c1,18,-394,52,d2e3,b2b3,1,37,,,,,
sprt_game_2,25,35,White,3r1rk1/p4qpp/3bp3/p1p2p2/2P2P2/2N2Q2/1PPB3P/1K1R4 w - - 0 25,f3h1,19,-406,64,d2e3,b2b3,1,37,,,,,
sprt_game_2,25,35,White,3r1rk1/p4qpp/3bp3/p1p2p2/2P2P2/2N2Q2/1PPB3P/1K1R4 w - - 0 25,f3f1,20,-406,64,d2e3,b2b3,1,37,,,,,
sprt_game_2,25,35,White,3r1rk1/p4qpp/3bp3/p1p2p2/2P2P2/2N2Q2/1PPB3P/1K1R4 w - - 0 25,f3c6,21,-409,67,d2e3,b2b3,1,37,,,,,
sprt_game_2,25,35,White,3r1rk1/p4qpp/3bp3/p1p2p2/2P2P2/2N2Q2/1PPB3P/1K1R4 w - - 0 25,h2h3,22,-410,68,d2e3,b2b3,1,37,,,,,
sprt_game_2,25,35,White,3r1rk1/p4qpp/3bp3/p1p2p2/2P2P2/2N2Q2/1PPB3P/1K1R4 w - - 0 25,f3f2,23,-413,71,d2e3,b2b3,1,37,,,,,
sprt_game_2,25,35,White,3r1rk1/p4qpp/3bp3/p1p2p2/2P2P2/2N2Q2/1PPB3P/1K1R4 w - - 0 25,b1a2,24,-415,73,d2e3,b2b3,1,37,,,,,
sprt_game_2,25,35,White,3r1rk1/p4qpp/3bp3/p1p2p2/2P2P2/2N2Q2/1PPB3P/1K1R4 w - - 0 25,f3h3,25,-419,77,d2e3,b2b3,1,37,,,,,
sprt_game_2,25,35,White,3r1rk1/p4qpp/3bp3/p1p2p2/2P2P2/2N2Q2/1PPB3P/1K1R4 w - - 0 25,f3g3,26,-427,85,d2e3,b2b3,1,37,,,,,
sprt_game_2,25,35,White,3r1rk1/p4qpp/3bp3/p1p2p2/2P2P2/2N2Q2/1PPB3P/1K1R4 w - - 0 25,b1a1,27,-433,91,d2e3,b2b3,1,37,,,,,
sprt_game_2,25,35,White,3r1rk1/p4qpp/3bp3/p1p2p2/2P2P2/2N2Q2/1PPB3P/1K1R4 w - - 0 25,c3d5,28,-470,128,d2e3,b2b3,1,37,,,,,
sprt_game_2,25,35,White,3r1rk1/p4qpp/3bp3/p1p2p2/2P2P2/2N2Q2/1PPB3P/1K1R4 w - - 0 25,f3d3,29,-506,164,d2e3,b2b3,1,37,,,,,
sprt_game_2,25,35,White,3r1rk1/p4qpp/3bp3/p1p2p2/2P2P2/2N2Q2/1PPB3P/1K1R4 w - - 0 25,b2b4,30,-510,168,d2e3,b2b3,1,37,,,,,
sprt_game_2,25,35,White,3r1rk1/p4qpp/3bp3/p1p2p2/2P2P2/2N2Q2/1PPB3P/1K1R4 w - - 0 25,c3e4,31,-720,378,d2e3,b2b3,1,37,,,,,
sprt_game_2,25,35,White,3r1rk1/p4qpp/3bp3/p1p2p2/2P2P2/2N2Q2/1PPB3P/1K1R4 w - - 0 25,f3d5,32,-728,386,d2e3,b2b3,1,37,,,,,
sprt_game_2,25,35,White,3r1rk1/p4qpp/3bp3/p1p2p2/2P2P2/2N2Q2/1PPB3P/1K1R4 w - - 0 25,f3a8,33,-748,406,d2e3,b2b3,1,37,,,,,
sprt_game_2,25,35,White,3r1rk1/p4qpp/3bp3/p1p2p2/2P2P2/2N2Q2/1PPB3P/1K1R4 w - - 0 25,f3h5,34,-825,483,d2e3,b2b3,1,37,,,,,
sprt_game_2,25,35,White,3r1rk1/p4qpp/3bp3/p1p2p2/2P2P2/2N2Q2/1PPB3P/1K1R4 w - - 0 25,f3e4,35,-828,486,d2e3,b2b3,1,37,,,,,
sprt_game_2,25,35,White,3r1rk1/p4qpp/3bp3/p1p2p2/2P2P2/2N2Q2/1PPB3P/1K1R4 w - - 0 25,f3b7,36,-847,505,d2e3,b2b3,1,37,,,,,
sprt_game_2,25,35,White,3r1rk1/p4qpp/3bp3/p1p2p2/2P2P2/2N2Q2/1PPB3P/1K1R4 w - - 0 25,f3g4,37,-866,524,d2e3,b2b3,1,37,,,,,
sprt_game_2,26,37,White,3rr1k1/p4qpp/3bp3/p1p2p2/2P2P2/2N5/1PPBQ2P/1K1R4 w - - 2 26,d1g1,1,-388,0,d2c1,c3b5,1,32,,,,,
sprt_game_2,26,37,White,3rr1k1/p4qpp/3bp3/p1p2p2/2P2P2/2N5/1PPBQ2P/1K1R4 w - - 2 26,c3b5,2,-391,3,d2c1,c3b5,1,32,,,,,
sprt_game_2,26,37,White,3rr1k1/p4qpp/3bp3/p1p2p2/2P2P2/2N5/1PPBQ2P/1K1R4 w - - 2 26,h2h4,3,-399,11,d2c1,c3b5,1,32,,,,,
sprt_game_2,26,37,White,3rr1k1/p4qpp/3bp3/p1p2p2/2P2P2/2N5/1PPBQ2P/1K1R4 w - - 2 26,e2f3,4,-402,14,d2c1,c3b5,1,32,,,,,
sprt_game_2,26,37,White,3rr1k1/p4qpp/3bp3/p1p2p2/2P2P2/2N5/1PPBQ2P/1K1R4 w - - 2 26,d1f1,5,-403,15,d2c1,c3b5,1,32,,,,,
sprt_game_2,26,37,White,3rr1k1/p4qpp/3bp3/p1p2p2/2P2P2/2N5/1PPBQ2P/1K1R4 w - - 2 26,e2f1,6,-404,16,d2c1,c3b5,1,32,,,,,
sprt_game_2,26,37,White,3rr1k1/p4qpp/3bp3/p1p2p2/2P2P2/2N5/1PPBQ2P/1K1R4 w - - 2 26,d2c1,7,-404,16,d2c1,c3b5,1,32,,,,,
sprt_game_2,26,37,White,3rr1k1/p4qpp/3bp3/p1p2p2/2P2P2/2N5/1PPBQ2P/1K1R4 w - - 2 26,b1a2,8,-406,18,d2c1,c3b5,1,32,,,,,
sprt_game_2,26,37,White,3rr1k1/p4qpp/3bp3/p1p2p2/2P2P2/2N5/1PPBQ2P/1K1R4 w - - 2 26,e2e3,9,-408,20,d2c1,c3b5,1,32,,,,,
sprt_game_2,26,37,White,3rr1k1/p4qpp/3bp3/p1p2p2/2P2P2/2N5/1PPBQ2P/1K1R4 w - - 2 26,e2e1,10,-408,20,d2c1,c3b5,1,32,,,,,
sprt_game_2,26,37,White,3rr1k1/p4qpp/3bp3/p1p2p2/2P2P2/2N5/1PPBQ2P/1K1R4 w - - 2 26,h2h3,11,-410,22,d2c1,c3b5,1,32,,,,,
sprt_game_2,26,37,White,3rr1k1/p4qpp/3bp3/p1p2p2/2P2P2/2N5/1PPBQ2P/1K1R4 w - - 2 26,b1c1,12,-413,25,d2c1,c3b5,1,32,,,,,
sprt_game_2,26,37,White,3rr1k1/p4qpp/3bp3/p1p2p2/2P2P2/2N5/1PPBQ2P/1K1R4 w - - 2 26,e2f2,13,-416,28,d2c1,c3b5,1,32,,,,,
sprt_game_2,26,37,White,3rr1k1/p4qpp/3bp3/p1p2p2/2P2P2/2N5/1PPBQ2P/1K1R4 w - - 2 26,d1h1,14,-420,32,d2c1,c3b5,1,32,,,,,
sprt_game_2,26,37,White,3rr1k1/p4qpp/3bp3/p1p2p2/2P2P2/2N5/1PPBQ2P/1K1R4 w - - 2 26,d1c1,15,-422,34,d2c1,c3b5,1,32,,,,,
sprt_game_2,26,37,White,3rr1k1/p4qpp/3bp3/p1p2p2/2P2P2/2N5/1PPBQ2P/1K1R4 w - - 2 26,e2g2,16,-423,35,d2c1,c3b5,1,32,,,,,
sprt_game_2,26,37,White,3rr1k1/p4qpp/3bp3/p1p2p2/2P2P2/2N5/1PPBQ2P/1K1R4 w - - 2 26,d1e1,17,-427,39,d2c1,c3b5,1,32,,,,,
sprt_game_2,26,37,White,3rr1k1/p4qpp/3bp3/p1p2p2/2P2P2/2N5/1PPBQ2P/1K1R4 w - - 2 26,b2b3,18,-429,41,d2c1,c3b5,1,32,,,,,
sprt_game_2,26,37,White,3rr1k1/p4qpp/3bp3/p1p2p2/2P2P2/2N5/1PPBQ2P/1K1R4 w - - 2 26,c3a4,19,-430,42,d2c1,c3b5,1,32,,,,,
sprt_game_2,26,37,White,3rr1k1/p4qpp/3bp3/p1p2p2/2P2P2/2N5/1PPBQ2P/1K1R4 w - - 2 26,c3a2,20,-430,42,d2c1,c3b5,1,32,,,,,
sprt_game_2,26,37,White,3rr1k1/p4qpp/3bp3/p1p2p2/2P2P2/2N5/1PPBQ2P/1K1R4 w - - 2 26,d2e3,21,-432,44,d2c1,c3b5,1,32,,,,,
sprt_game_2,26,37,White,3rr1k1/p4qpp/3bp3/p1p2p2/2P2P2/2N5/1PPBQ2P/1K1R4 w - - 2 26,b1a1,22,-446,58,d2c1,c3b5,1,32,,,,,
sprt_game_2,26,37,White,3rr1k1/p4qpp/3bp3/p1p2p2/2P2P2/2N5/1PPBQ2P/1K1R4 w - - 2 26,d2e1,23,-461,73,d2c1,c3b5,1,32,,,,,
sprt_game_2,26,37,White,3rr1k1/p4qpp/3bp3/p1p2p2/2P2P2/2N5/1PPBQ2P/1K1R4 w - - 2 26,e2d3,24,-529,141,d2c1,c3b5,1,32,,,,,
sprt_game_2,26,37,White,3rr1k1/p4qpp/3bp3/p1p2p2/2P2P2/2N5/1PPBQ2P/1K1R4 w - - 2 26,c3e4,25,-540,152,d2c1,c3b5,1,32,,,,,
sprt_game_2,26,37,White,3rr1k1/p4qpp/3bp3/p1p2p2/2P2P2/2N5/1PPBQ2P/1K1R4 w - - 2 26,b2b4,26,-549,161,d2c1,c3b5,1,32,,,,,
sprt_game_2,26,37,White,3rr1k1/p4qpp/3bp3/p1p2p2/2P2P2/2N5/1PPBQ2P/1K1R4 w - - 2 26,c3d5,27,-579,191,d2c1,c3b5,1,32,,,,,
sprt_game_2,26,37,White,3rr1k1/p4qpp/3bp3/p1p2p2/2P2P2/2N5/1PPBQ2P/1K1R4 w - - 2 26,e2e5,28,-756,368,d2c1,c3b5,1,32,,,,,
sprt_game_2,26,37,White,3rr1k1/p4qpp/3bp3/p1p2p2/2P2P2/2N5/1PPBQ2P/1K1R4 w - - 2 26,e2e6,29,-760,372,d2c1,c3b5,1,32,,,,,
sprt_game_2,26,37,White,3rr1k1/p4qpp/3bp3/p1p2p2/2P2P2/2N5/1PPBQ2P/1K1R4 w - - 2 26,e2e4,30,-826,438,d2c1,c3b5,1,32,,,,,
sprt_game_2,26,37,White,3rr1k1/p4qpp/3bp3/p1p2p2/2P2P2/2N5/1PPBQ2P/1K1R4 w - - 2 26,e2g4,31,-853,465,d2c1,c3b5,1,32,,,,,
sprt_game_2,26,37,White,3rr1k1/p4qpp/3bp3/p1p2p2/2P2P2/2N5/1PPBQ2P/1K1R4 w - - 2 26,e2h5,32,-876,488,d2c1,c3b5,1,32,,,,,
sprt_game_2,27,39,White,3rrbk1/p4qpp/4p3/p1p2p2/2P2P2/2N2Q2/1PPB3P/1K1R4 w - - 4 27,f3e2,1,-398,0,b2b3,f3e2,1,37,,,,,
sprt_game_2,27,39,White,3rrbk1/p4qpp/4p3/p1p2p2/2P2P2/2N2Q2/1PPB3P/1K1R4 w - - 4 27,b1c1,2,-408,10,b2b3,f3e2,1,37,,,,,
sprt_game_2,27,39,White,3rrbk1/p4qpp/4p3/p1p2p2/2P2P2/2N2Q2/1PPB3P/1K1R4 w - - 4 27,f3f2,3,-411,13,b2b3,f3e2,1,37,,,,,
sprt_game_2,27,39,White,3rrbk1/p4qpp/4p3/p1p2p2/2P2P2/2N2Q2/1PPB3P/1K1R4 w - - 4 27,h2h4,4,-414,16,b2b3,f3e2,1,37,,,,,
sprt_game_2,27,39,White,3rrbk1/p4qpp/4p3/p1p2p2/2P2P2/2N2Q2/1PPB3P/1K1R4 w - - 4 27,f3f1,5,-418,20,b2b3,f3e2,1,37,,,,,
sprt_game_2,27,39,White,3rrbk1/p4qpp/4p3/p1p2p2/2P2P2/2N2Q2/1PPB3P/1K1R4 w - - 4 27,f3g2,6,-419,21,b2b3,f3e2,1,37,,,,,
sprt_game_2,27,39,White,3rrbk1/p4qpp/4p3/p1p2p2/2P2P2/2N2Q2/1PPB3P/1K1R4 w - - 4 27,b2b3,7,-420,22,b2b3,f3e2,1,37,,,,,
sprt_game_2,27,39,White,3rrbk1/p4qpp/4p3/p1p2p2/2P2P2/2N2Q2/1PPB3P/1K1R4 w - - 4 27,h2h3,8,-425,27,b2b3,f3e2,1,37,,,,,
sprt_game_2,27,39,White,3rrbk1/p4qpp/4p3/p1p2p2/2P2P2/2N2Q2/1PPB3P/1K1R4 w - - 4 27,f3e3,9,-426,28,b2b3,f3e2,1,37,,,,,
sprt_game_2,27,39,White,3rrbk1/p4qpp/4p3/p1p2p2/2P2P2/2N2Q2/1PPB3P/1K1R4 w - - 4 27,f3h1,10,-426,28,b2b3,f3e2,1,37,,,,,
sprt_game_2,27,39,White,3rrbk1/p4qpp/4p3/p1p2p2/2P2P2/2N2Q2/1PPB3P/1K1R4 w - - 4 27,c3e2,11,-428,30,b2b3,f3e2,1,37,,,,,
sprt_game_2,27,39,White,3rrbk1/p4qpp/4p3/p1p2p2/2P2P2/2N2Q2/1PPB3P/1K1R4 w - - 4 27,c3b5,12,-431,33,b2b3,f3e2,1,37,,,,,
sprt_game_2,27,39,White,3rrbk1/p4qpp/4p3/p1p2p2/2P2P2/2N2Q2/1PPB3P/1K1R4 w - - 4 27,c3a4,13,-432,34,b2b3,f3e2,1,37,,,,,
sprt_game_2,27,39,White,3rrbk1/p4qpp/4p3/p1p2p2/2P2P2/2N2Q2/1PPB3P/1K1R4 w - - 4 27,d2e3,14,-432,34,b2b3,f3e2,1,37,,,,,
sprt_game_2,27,39,White,3rrbk1/p4qpp/4p3/p1p2p2/2P2P2/2N2Q2/1PPB3P/1K1R4 w - - 4 27,c3a2,15,-435,37,b2b3,f3e2,1,37,,,,,
sprt_game_2,27,39,White,3rrbk1/p4qpp/4p3/p1p2p2/2P2P2/2N2Q2/1PPB3P/1K1R4 w - - 4 27,b1a2,16,-435,37,b2b3,f3e2,1,37,,,,,
sprt_game_2,27,39,White,3rrbk1/p4qpp/4p3/p1p2p2/2P2P2/2N2Q2/1PPB3P/1K1R4 w - - 4 27,d2c1,17,-437,39,b2b3,f3e2,1,37,,,,,
sprt_game_2,27,39,White,3rrbk1/p4qpp/4p3/p1p2p2/2P2P2/2N2Q2/1PPB3P/1K1R4 w - - 4 27,d2e1,18,-440,42,b2b3,f3e2,1,37,,,,,
sprt_game_2,27,39,White,3rrbk1/p4qpp/4p3/p1p2p2/2P2P2/2N2Q2/1PPB3P/1K1R4 w - - 4 27,b1a1,19,-444,46,b2b3,f3e2,1,37,,,,,
sprt_game_2,27,39,White,3rrbk1/p4qpp/4p3/p1p2p2/2P2P2/2N2Q2/1PPB3P/1K1R4 w - - 4 27,f3g3,20,-445,47,b2b3,f3e2,1,37,,,,,
sprt_game_2,27,39,White,3rrbk1/p4qpp/4p3/p1p2p2/2P2P2/2N2Q2/1PPB3P/1K1R4 w - - 4 27,f3h3,21,-446,48,b2b3,f3e2,1,37,,,,,
sprt_game_2,27,39,White,3rrbk1/p4qpp/4p3/p1p2p2/2P2P2/2N2Q2/1PPB3P/1K1R4 w - - 4 27,f3c6,22,-447,49,b2b3,f3e2,1,37,,,,,
sprt_game_2,27,39,White,3rrbk1/p4qpp/4p3/p1p2p2/2P2P2/2N2Q2/1PPB3P/1K1R4 w - - 4 27,c3d5,23,-494,96,b2b3,f3e2,1,37,,,,,
sprt_game_2,27,39,White,3rrbk1/p4qpp/4p3/p1p2p2/2P2P2/2N2Q2/1PPB3P/1K1R4 w - - 4 27,b2b4,24,-519,121,b2b3,f3e2,1,37,,,,,
sprt_game_2,27,39,White,3rrbk1/p4qpp/4p3/p1p2p2/2P2P2/2N2Q2/1PPB3P/1K1R4 w - - 4 27,d1g1,25,-575,177,b2b3,f3e2,1,37,,,,,
sprt_game_2,27,39,White,3rrbk1/p4qpp/4p3/p1p2p2/2P2P2/2N2Q2/1PPB3P/1K1R4 w - - 4 27,c3e4,26,-586,188,b2b3,f3e2,1,37,,,,,
sprt_game_2,27,39,White,3rrbk1/p4qpp/4p3/p1p2p2/2P2P2/2N2Q2/1PPB3P/1K1R4 w - - 4 27,d1e1,27,-601,203,b2b3,f3e2,1,37,,,,,
sprt_game_2,27,39,White,3rrbk1/p4qpp/4p3/p1p2p2/2P2P2/2N2Q2/1PPB3P/1K1R4 w - - 4 27,d1h1,28,-602,204,b2b3,f3e2,1,37,,,,,
sprt_game_2,27,39,White,3rrbk1/p4qpp/4p3/p1p2p2/2P2P2/2N2Q2/1PPB3P/1K1R4 w - - 4 27,d1f1,29,-606,208,b2b3,f3e2,1,37,,,,,
sprt_game_2,27,39,White,3rrbk1/p4qpp/4p3/p1p2p2/2P2P2/2N2Q2/1PPB3P/1K1R4 w - - 4 27,d1c1,30,-609,211,b2b3,f3e2,1,37,,,,,
sprt_game_2,27,39,White,3rrbk1/p4qpp/4p3/p1p2p2/2P2P2/2N2Q2/1PPB3P/1K1R4 w - - 4 27,f3d3,31,-693,295,b2b3,f3e2,1,37,,,,,
sprt_game_2,27,39,White,3rrbk1/p4qpp/4p3/p1p2p2/2P2P2/2N2Q2/1PPB3P/1K1R4 w - - 4 27,f3d5,32,-742,344,b2b3,f3e2,1,37,,,,,
sprt_game_2,27,39,White,3rrbk1/p4qpp/4p3/p1p2p2/2P2P2/2N2Q2/1PPB3P/1K1R4 w - - 4 27,f3e4,33,-806,408,b2b3,f3e2,1,37,,,,,
sprt_game_2,27,39,White,3rrbk1/p4qpp/4p3/p1p2p2/2P2P2/2N2Q2/1PPB3P/1K1R4 w - - 4 27,f3a8,34,-819,421,b2b3,f3e2,1,37,,,,,
sprt_game_2,27,39,White,3rrbk1/p4qpp/4p3/p1p2p2/2P2P2/2N2Q2/1PPB3P/1K1R4 w - - 4 27,f3g4,35,-848,450,b2b3,f3e2,1,37,,,,,
sprt_game_2,27,39,White,3rrbk1/p4qpp/4p3/p1p2p2/2P2P2/2N2Q2/1PPB3P/1K1R4 w - - 4 27,f3b7,36,-875,477,b2b3,f3e2,1,37,,,,,
sprt_game_2,27,39,White,3rrbk1/p4qpp/4p3/p1p2p2/2P2P2/2N2Q2/1PPB3P/1K1R4 w - - 4 27,f3h5,37,-893,495,b2b3,f3e2,1,37,,,,,
sprt_game_2,28,41,White,4rbk1/p2r1qpp/4p3/p1p2p2/2P2P2/2N5/1PPBQ2P/1K1R4 w - - 6 28,d1g1,1,-354,0,b2b3,d1e1,1,32,,,,,
sprt_game_2,28,41,White,4rbk1/p2r1qpp/4p3/p1p2p2/2P2P2/2N5/1PPBQ2P/1K1R4 w - - 6 28,d1f1,2,-355,1,b2b3,d1e1,1,32,,,,,
sprt_game_2,28,41,White,4rbk1/p2r1qpp/4p3/p1p2p2/2P2P2/2N5/1PPBQ2P/1K1R4 w - - 6 28,d1e1,3,-359,5,b2b3,d1e1,1,32,,,,,
sprt_game_2,28,41,White,4rbk1/p2r1qpp/4p3/p1p2p2/2P2P2/2N5/1PPBQ2P/1K1R4 w - - 6 28,d1c1,4,-393,39,b2b3,d1e1,1,32,,,,,
sprt_game_2,28,41,White,4rbk1/p2r1qpp/4p3/p1p2p2/2P2P2/2N5/1PPBQ2P/1K1R4 w - - 6 28,c3a2,5,-394,40,b2b3,d1e1,1,32,,,,,
sprt_game_2,28,41,White,4rbk1/p2r1qpp/4p3/p1p2p2/2P2P2/2N5/1PPBQ2P/1K1R4 w - - 6 28,d1h1,6,-395,41,b2b3,d1e1,1,32,,,,,
sprt_game_2,28,41,White,4rbk1/p2r1qpp/4p3/p1p2p2/2P2P2/2N5/1PPBQ2P/1K1R4 w - - 6 28,h2h4,7,-399,45,b2b3,d1e1,1,32,,,,,
sprt_game_2,28,41,White,4rbk1/p2r1qpp/4p3/p1p2p2/2P2P2/2N5/1PPBQ2P/1K1R4 w - - 6 28,b2b3,8,-405,51,b2b3,d1e1,1,32,,,,,
sprt_game_2,28,41,White,4rbk1/p2r1qpp/4p3/p1p2p2/2P2P2/2N5/1PPBQ2P/1K1R4 w - - 6 28,c3a4,9,-407,53,b2b3,d1e1,1,32,,,,,
sprt_game_2,28,41,White,4rbk1/p2r1qpp/4p3/p1p2p2/2P2P2/2N5/1PPBQ2P/1K1R4 w - - 6 28,b1c1,10,-423,69,b2b3,d1e1,1,32,,,,,
sprt_game_2,28,41,White,4rbk1/p2r1qpp/4p3/p1p2p2/2P2P2/2N5/1PPBQ2P/1K1R4 w - - 6 28,h2h3,11,-424,70,b2b3,d1e1,1,32,,,,,
sprt_game_2,28,41,White,4rbk1/p2r1qpp/4p3/p1p2p2/2P2P2/2N5/1PPBQ2P/1K1R4 w - - 6 28,d2e3,12,-428,74,b2b3,d1e1,1,32,,,,,
sprt_game_2,28,41,White,4rbk1/p2r1qpp/4p3/p1p2p2/2P2P2/2N5/1PPBQ2P/1K1R4 w - - 6 28,d2e1,13,-429,75,b2b3,d1e1,1,32,,,,,
sprt_game_2,28,41,White,4rbk1/p2r1qpp/4p3/p1p2p2/2P2P2/2N5/1PPBQ2P/1K1R4 w - - 6 28,b1a2,14,-436,82,b2b3,d1e1,1,32,,,,,
sprt_game_2,28,41,White,4rbk1/p2r1qpp/4p3/p1p2p2/2P2P2/2N5/1PPBQ2P/1K1R4 w - - 6 28,e2e3,15,-438,84,b2b3,d1e1,1,32,,,,,
sprt_game_2,28,41,White,4rbk1/p2r1qpp/4p3/p1p2p2/2P2P2/2N5/1PPBQ2P/1K1R4 w - - 6 28,d2c1,16,-438,84,b2b3,d1e1,1,32,,,,,
sprt_game_2,28,41,White,4rbk1/p2r1qpp/4p3/p1p2p2/2P2P2/2N5/1PPBQ2P/1K1R4 w - - 6 28,e2e1,17,-440,86,b2b3,d1e1,1,32,,,,,
sprt_game_2,28,41,White,4rbk1/p2r1qpp/4p3/p1p2p2/2P2P2/2N5/1PPBQ2P/1K1R4 w - - 6 28,b1a1,18,-440,86,b2b3,d1e1,1,32,,,,,
sprt_game_2,28,41,White,4rbk1/p2r1qpp/4p3/p1p2p2/2P2P2/2N5/1PPBQ2P/1K1R4 w - - 6 28,e2f1,19,-442,88,b2b3,d1e1,1,32,,,,,
sprt_game_2,28,41,White,4rbk1/p2r1qpp/4p3/p1p2p2/2P2P2/2N5/1PPBQ2P/1K1R4 w - - 6 28,e2f3,20,-445,91,b2b3,d1e1,1,32,,,,,
sprt_game_2,28,41,White,4rbk1/p2r1qpp/4p3/p1p2p2/2P2P2/2N5/1PPBQ2P/1K1R4 w - - 6 28,c3b5,21,-447,93,b2b3,d1e1,1,32,,,,,
sprt_game_2,28,41,White,4rbk1/p2r1qpp/4p3/p1p2p2/2P2P2/2N5/1PPBQ2P/1K1R4 w - - 6 28,e2g2,22,-447,93,b2b3,d1e1,1,32,,,,,
sprt_game_2,28,41,White,4rbk1/p2r1qpp/4p3/p1p2p2/2P2P2/2N5/1PPBQ2P/1K1R4 w - - 6 28,e2e5,23,-450,96,b2b3,d1e1,1,32,,,,,
sprt_game_2,28,41,White,4rbk1/p2r1qpp/4p3/p1p2p2/2P2P2/2N5/1PPBQ2P/1K1R4 w - - 6 28,e2f2,24,-450,96,b2b3,d1e1,1,32,,,,,
sprt_game_2,28,41,White,4rbk1/p2r1qpp/4p3/p1p2p2/2P2P2/2N5/1PPBQ2P/1K1R4 w - - 6 28,b2b4,25,-520,166,b2b3,d1e1,1,32,,,,,
sprt_game_2,28,41,White,4rbk1/p2r1qpp/4p3/p1p2p2/2P2P2/2N5/1PPBQ2P/1K1R4 w - - 6 28,c3e4,26,-600,246,b2b3,d1e1,1,32,,,,,
sprt_game_2,28,41,White,4rbk1/p2r1qpp/4p3/p1p2p2/2P2P2/2N5/1PPBQ2P/1K1R4 w - - 6 28,c3d5,27,-607,253,b2b3,d1e1,1,32,,,,,
sprt_game_2,28,41,White,4rbk1/p2r1qpp/4p3/p1p2p2/2P2P2/2N5/1PPBQ2P/1K1R4 w - - 6 28,e2d3,28,-688,334,b2b3,d1e1,1,32,,,,,
sprt_game_2,28,41,White,4rbk1/p2r1qpp/4p3/p1p2p2/2P2P2/2N5/1PPBQ2P/1K1R4 w - - 6 28,e2e4,29,-789,435,b2b3,d1e1,1,32,,,,,
sprt_game_2,28,41,White,4rbk1/p2r1qpp/4p3/p1p2p2/2P2P2/2N5/1PPBQ2P/1K1R4 w - - 6 28,e2e6,30,-808,454,b2b3,d1e1,1,32,,,,,
sprt_game_2,28,41,White,4rbk1/p2r1qpp/4p3/p1p2p2/2P2P2/2N5/1PPBQ2P/1K1R4 w - - 6 28,e2g4,31,-847,493,b2b3,d1e1,1,32,,,,,
sprt_game_2,28,41,White,4rbk1/p2r1qpp/4p3/p1p2p2/2P2P2/2N5/1PPBQ2P/1K1R4 w - - 6 28,e2h5,32,-887,533,b2b3,d1e1,1,32,,,,,
sprt_game_2,29,43,White,4rbk1/p4qpp/4p3/p1p2p2/2Pr1P2/2N5/1PPBQ2P/1K4R1 w - - 8 29,b2b3,1,-369,0,c3b5,g1e1,1,40,,,,,
sprt_game_2,29,43,White,4rbk1/p4qpp/4p3/p1p2p2/2Pr1P2/2N5/1PPBQ2P/1K4R1 w - - 8 29,c3b5,2,-397,28,c3b5,g1e1,1,40,,,,,
sprt_game_2,29,43,White,4rbk1/p4qpp/4p3/p1p2p2/2Pr1P2/2N5/1PPBQ2P/1K4R1 w - - 8 29,d2c1,3,-398,29,c3b5,g1e1,1,40,,,,,
sprt_game_2,29,43,White,4rbk1/p4qpp/4p3/p1p2p2/2Pr1P2/2N5/1PPBQ2P/1K4R1 w - - 8 29,g1e1,4,-398,29,c3b5,g1e1,1,40,,,,,
sprt_game_2,29,43,White,4rbk1/p4qpp/4p3/p1p2p2/2Pr1P2/2N5/1PPBQ2P/1K4R1 w - - 8 29,g1g2,5,-403,34,c3b5,g1e1,1,40,,,,,
sprt_game_2,29,43,White,4rbk1/p4qpp/4p3/p1p2p2/2Pr1P2/2N5/1PPBQ2P/1K4R1 w - - 8 29,d2e3,6,-410,41,c3b5,g1e1,1,40,,,,,
sprt_game_2,29,43,White,4rbk1/p4qpp/4p3/p1p2p2/2Pr1P2/2N5/1PPBQ2P/1K4R1 w - - 8 29,g1f1,7,-421,52,c3b5,g1e1,1,40,,,,,
sprt_game_2,29,43,White,4rbk1/p4qpp/4p3/p1p2p2/2Pr1P2/2N5/1PPBQ2P/1K4R1 w - - 8 29,h2h3,8,-423,54,c3b5,g1e1,1,40,,,,,
sprt_game_2,29,43,White,4rbk1/p4qpp/4p3/p1p2p2/2Pr1P2/2N5/1PPBQ2P/1K4R1 w - - 8 29,c3d1,9,-427,58,c3b5,g1e1,1,40,,,,,
sprt_game_2,29,43,White,4rbk1/p4qpp/4p3/p1p2p2/2Pr1P2/2N5/1PPBQ2P/1K4R1 w - - 8 29,b1c1,10,-427,58,c3b5,g1e1,1,40,,,,,
sprt_game_2,29,43,White,4rbk1/p4qpp/4p3/p1p2p2/2Pr1P2/2N5/1PPBQ2P/1K4R1 w - - 8 29,h2h4,11,-427,58,c3b5,g1e1,1,40,,,,,
sprt_game_2,29,43,White,4rbk1/p4qpp/4p3/p1p2p2/2Pr1P2/2N5/1PPBQ2P/1K4R1 w - - 8 29,e2g2,12,-432,63,c3b5,g1e1,1,40,,,,,
sprt_game_2,29,43,White,4rbk1/p4qpp/4p3/p1p2p2/2Pr1P2/2N5/1PPBQ2P/1K4R1 w - - 8 29,g1d1,13,-437,68,c3b5,g1e1,1,40,,,,,
sprt_game_2,29,43,White,4rbk1/p4qpp/4p3/p1p2p2/2Pr1P2/2N5/1PPBQ2P/1K4R1 w - - 8 29,c3a2,14,-439,70,c3b5,g1e1,1,40,,,,,
sprt_game_2,29,43,White,4rbk1/p4qpp/4p3/p1p2p2/2Pr1P2/2N5/1PPBQ2P/1K4R1 w - - 8 29,g1g5,15,-439,70,c3b5,g1e1,1,40,,,,,
sprt_game_2,29,43,White,4rbk1/p4qpp/4p3/p1p2p2/2Pr1P2/2N5/1PPBQ2P/1K4R1 w - - 8 29,e2e1,16,-445,76,c3b5,g1e1,1,40,,,,,
sprt_game_2,29,43,White,4rbk1/p4qpp/4p3/p1p2p2/2Pr1P2/2N5/1PPBQ2P/1K4R1 w - - 8 29,e2e3,17,-446,77,c3b5,g1e1,1,40,,,,,
sprt_game_2,29,43,White,4rbk1/p4qpp/4p3/p1p2p2/2Pr1P2/2N5/1PPBQ2P/1K4R1 w - - 8 29,d2e1,18,-450,81,c3b5,g1e1,1,40,,,,,
sprt_game_2,29,43,White,4rbk1/p4qpp/4p3/p1p2p2/2Pr1P2/2N5/1PPBQ2P/1K4R1 w - - 8 29,b1a1,19,-453,84,c3b5,g1e1,1,40,,,,,
sprt_game_2,29,43,White,4rbk1/p4qpp/4p3/p1p2p2/2Pr1P2/2N5/1PPBQ2P/1K4R1 w - - 8 29,e2f2,20,-454,85,c3b5,g1e1,1,40,,,,,
sprt_game_2,29,43,White,4rbk1/p4qpp/4p3/p1p2p2/2Pr1P2/2N5/1PPBQ2P/1K4R1 w - - 8 29,g1h1,21,-457,88,c3b5,g1e1,1,40,,,,,
sprt_game_2,29,43,White,4rbk1/p4qpp/4p3/p1p2p2/2Pr1P2/2N5/1PPBQ2P/1K4R1 w - - 8 29,c3a4,22,-462,93,c3b5,g1e1,1,40,,,,,
sprt_game_2,29,43,White,4rbk1/p4qpp/4p3/p1p2p2/2Pr1P2/2N5/1PPBQ2P/1K4R1 w - - 8 29,g1g3,23,-464,95,c3b5,g1e1,1,40,,,,,
sprt_game_2,29,43,White,4rbk1/p4qpp/4p3/p1p2p2/2Pr1P2/2N5/1PPBQ2P/1K4R1 w - - 8 29,g1c1,24,-473,104,c3b5,g1e1,1,40,,,,,
sprt_game_2,29,43,White,4rbk1/p4qpp/4p3/p1p2p2/2Pr1P2/2N5/1PPBQ2P/1K4R1 w - - 8 29,b1a2,25,-498,129,c3b5,g1e1,1,40,,,,,
sprt_game_2,29,43,White,4rbk1/p4qpp/4p3/p1p2p2/2Pr1P2/2N5/1PPBQ2P/1K4R1 w - - 8 29,e2d1,26,-500,131,c3b5,g1e1,1,40,,,,,
sprt_game_2,29,43,White,4rbk1/p4qpp/4p3/p1p2p2/2Pr1P2/2N5/1PPBQ2P/1K4R1 w - - 8 29,b2b4,27,-529,160,c3b5,g1e1,1,40,,,,,
sprt_game_2,29,43,White,4rbk1/p4qpp/4p3/p1p2p2/2Pr1P2/2N5/1PPBQ2P/1K4R1 w - - 8 29,c3e4,28,-583,214,c3b5,g1e1,1,40,,,,,
sprt_game_2,29,43,White,4rbk1/p4qpp/4p3/p1p2p2/2Pr1P2/2N5/1PPBQ2P/1K4R1 w - - 8 29,e2f3,29,-587,218,c3b5,g1e1,1,40,,,,,
sprt_game_2,29,43,White,4rbk1/p4qpp/4p3/p1p2p2/2Pr1P2/2N5/1PPBQ2P/1K4R1 w - - 8 29,g1g7,30,-604,235,c3b5,g1e1,1,40,,,,,
sprt_game_2,29,43,White,4rbk1/p4qpp/4p3/p1p2p2/2Pr1P2/2N5/1PPBQ2P/1K4R1 w - - 8 29,e2e5,31,-613,244,c3b5,g1e1,1,40,,,,,
sprt_game_2,29,43,White,4rbk1/p4qpp/4p3/p1p2p2/2Pr1P2/2N5/1PPBQ2P/1K4R1 w - - 8 29,e2f1,32,-615,246,c3b5,g1e1,1,40,,,,,
sprt_game_2,29,43,White,4rbk1/p4qpp/4p3/p1p2p2/2Pr1P2/2N5/1PPBQ2P/1K4R1 w - - 8 29,c3d5,33,-632,263,c3b5,g1e1,1,40,,,,,
sprt_game_2,29,43,White,4rbk1/p4qpp/4p3/p1p2p2/2Pr1P2/2N5/1PPBQ2P/1K4R1 w - - 8 29,g1g4,34,-691,322,c3b5,g1e1,1,40,,,,,
sprt_game_2,29,43,White,4rbk1/p4qpp/4p3/p1p2p2/2Pr1P2/2N5/1PPBQ2P/1K4R1 w - - 8 29,e2d3,35,-700,331,c3b5,g1e1,1,40,,,,,
sprt_game_2,29,43,White,4rbk1/p4qpp/4p3/p1p2p2/2Pr1P2/2N5/1PPBQ2P/1K4R1 w - - 8 29,g1g6,36,-701,332,c3b5,g1e1,1,40,,,,,
sprt_game_2,29,43,White,4rbk1/p4qpp/4p3/p1p2p2/2Pr1P2/2N5/1PPBQ2P/1K4R1 w - - 8 29,e2e4,37,-782,413,c3b5,g1e1,1,40,,,,,
sprt_game_2,29,43,White,4rbk1/p4qpp/4p3/p1p2p2/2Pr1P2/2N5/1PPBQ2P/1K4R1 w - - 8 29,e2e6,38,-804,435,c3b5,g1e1,1,40,,,,,
sprt_game_2,29,43,White,4rbk1/p4qpp/4p3/p1p2p2/2Pr1P2/2N5/1PPBQ2P/1K4R1 w - - 8 29,e2g4,39,-837,468,c3b5,g1e1,1,40,,,,,
sprt_game_2,29,43,White,4rbk1/p4qpp/4p3/p1p2p2/2Pr1P2/2N5/1PPBQ2P/1K4R1 w - - 8 29,e2h5,40,-854,485,c3b5,g1e1,1,40,,,,,
sprt_game_2,31,47,White,4rbk1/p5pp/8/p1p1Pp2/2qr4/2N5/1PPBQ2P/1K2R3 w - - 0 31,e2f2,1,-386,0,e2c4,e2f2,1,34,,,,,
sprt_game_2,31,47,White,4rbk1/p5pp/8/p1p1Pp2/2qr4/2N5/1PPBQ2P/1K2R3 w - - 0 31,e2h5,2,-416,30,e2c4,e2f2,1,34,,,,,
sprt_game_2,31,47,White,4rbk1/p5pp/8/p1p1Pp2/2qr4/2N5/1PPBQ2P/1K2R3 w - - 0 31,e2g2,3,-441,55,e2c4,e2f2,1,34,,,,,
sprt_game_2,31,47,White,4rbk1/p5pp/8/p1p1Pp2/2qr4/2N5/1PPBQ2P/1K2R3 w - - 0 31,e2e3,4,-449,63,e2c4,e2f2,1,34,,,,,
sprt_game_2,31,47,White,4rbk1/p5pp/8/p1p1Pp2/2qr4/2N5/1PPBQ2P/1K2R3 w - - 0 31,e2d1,5,-453,67,e2c4,e2f2,1,34,,,,,
sprt_game_2,31,47,White,4rbk1/p5pp/8/p1p1Pp2/2qr4/2N5/1PPBQ2P/1K2R3 w - - 0 31,e2c4,6,-470,84,e2c4,e2f2,1,34,,,,,
sprt_game_2,31,47,White,4rbk1/p5pp/8/p1p1Pp2/2qr4/2N5/1PPBQ2P/1K2R3 w - - 0 31,b1c1,7,-487,101,e2c4,e2f2,1,34,,,,,
sprt_game_2,31,47,White,4rbk1/p5pp/8/p1p1Pp2/2qr4/2N5/1PPBQ2P/1K2R3 w - - 0 31,h2h3,8,-494,108,e2c4,e2f2,1,34,,,,,
sprt_game_2,31,47,White,4rbk1/p5pp/8/p1p1Pp2/2qr4/2N5/1PPBQ2P/1K2R3 w - - 0 31,d2e3,9,-495,109,e2c4,e2f2,1,34,,,,,
sprt_game_2,31,47,White,4rbk1/p5pp/8/p1p1Pp2/2qr4/2N5/1PPBQ2P/1K2R3 w - - 0 31,h2h4,10,-501,115,e2c4,e2f2,1,34,,,,,
sprt_game_2,31,47,White,4rbk1/p5pp/8/p1p1Pp2/2qr4/2N5/1PPBQ2P/1K2R3 w - - 0 31,b1a1,11,-510,124,e2c4,e2f2,1,34,,,,,
sprt_game_2,31,47,White,4rbk1/p5pp/8/p1p1Pp2/2qr4/2N5/1PPBQ2P/1K2R3 w - - 0 31,c3b5,12,-514,128,e2c4,e2f2,1,34,,,,,
sprt_game_2,31,47,White,4rbk1/p5pp/8/p1p1Pp2/2qr4/2N5/1PPBQ2P/1K2R3 w - - 0 31,b2b3,13,-515,129,e2c4,e2f2,1,34,,,,,
sprt_game_2,31,47,White,4rbk1/p5pp/8/p1p1Pp2/2qr4/2N5/1PPBQ2P/1K2R3 w - - 0 31,d2c1,14,-516,130,e2c4,e2f2,1,34,,,,,
sprt_game_2,31,47,White,4rbk1/p5pp/8/p1p1Pp2/2qr4/2N5/1PPBQ2P/1K2R3 w - - 0 31,e5e6,15,-532,146,e2c4,e2f2,1,34,,,,,
sprt_game_2,31,47,White,4rbk1/p5pp/8/p1p1Pp2/2qr4/2N5/1PPBQ2P/1K2R3 w - - 0 31,e1d1,16,-535,149,e2c4,e2f2,1,34,,,,,
sprt_game_2,31,47,White,4rbk1/p5pp/8/p1p1Pp2/2qr4/2N5/1PPBQ2P/1K2R3 w - - 0 31,d2g5,17,-536,150,e2c4,e2f2,1,34,,,,,
sprt_game_2,31,47,White,4rbk1/p5pp/8/p1p1Pp2/2qr4/2N5/1PPBQ2P/1K2R3 w - - 0 31,e2f3,18,-537,151,e2c4,e2f2,1,34,,,,,
sprt_game_2,31,47,White,4rbk1/p5pp/8/p1p1Pp2/2qr4/2N5/1PPBQ2P/1K2R3 w - - 0 31,c3a2,19,-542,156,e2c4,e2f2,1,34,,,,,
sprt_game_2,31,47,White,4rbk1/p5pp/8/p1p1Pp2/2qr4/2N5/1PPBQ2P/1K2R3 w - - 0 31,c3d1,20,-547,161,e2c4,e2f2,1,34,,,,,
sprt_game_2,31,47,White,4rbk1/p5pp/8/p1p1Pp2/2qr4/2N5/1PPBQ2P/1K2R3 w - - 0 31,d2f4,21,-580,194,e2c4,e2f2,1,34,,,,,
sprt_game_2,31,47,White,4rbk1/p5pp/8/p1p1Pp2/2qr4/2N5/1PPBQ2P/1K2R3 w - - 0 31,b2b4,22,-583,197,e2c4,e2f2,1,34,,,,,
sprt_game_2,31,47,White,4rbk1/p5pp/8/p1p1Pp2/2qr4/2N5/1PPBQ2P/1K2R3 w - - 0 31,d2h6,23,-618,232,e2c4,e2f2,1,34,,,,,
sprt_game_2,31,47,White,4rbk1/p5pp/8/p1p1Pp2/2qr4/2N5/1PPBQ2P/1K2R3 w - - 0 31,e2f1,24,-621,235,e2c4,e2f2,1,34,,,,,
sprt_game_2,31,47,White,4rbk1/p5pp/8/p1p1Pp2/2qr4/2N5/1PPBQ2P/1K2R3 w - - 0 31,c3d5,25,-651,265,e2c4,e2f2,1,34,,,,,
sprt_game_2,31,47,White,4rbk1/p5pp/8/p1p1Pp2/2qr4/2N5/1PPBQ2P/1K2R3 w - - 0 31,c3a4,26,-672,286,e2c4,e2f2,1,34,,,,,
sprt_game_2,31,47,White,4rbk1/p5pp/8/p1p1Pp2/2qr4/2N5/1PPBQ2P/1K2R3 w - - 0 31,e2d3,27,-691,305,e2c4,e2f2,1,34,,,,,
sprt_game_2,31,47,White,4rbk1/p5pp/8/p1p1Pp2/2qr4/2N5/1PPBQ2P/1K2R3 w - - 0 31,c3e4,28,-696,310,e2c4,e2f2,1,34,,,,,
sprt_game_2,31,47,White,4rbk1/p5pp/8/p1p1Pp2/2qr4/2N5/1PPBQ2P/1K2R3 w - - 0 31,e1f1,29,-702,316,e2c4,e2f2,1,34,,,,,
sprt_game_2,31,47,White,4rbk1/p5pp/8/p1p1Pp2/2qr4/2N5/1PPBQ2P/1K2R3 w - - 0 31,e1c1,30,-732,346,e2c4,e2f2,1,34,,,,,
sprt_game_2,31,47,White,4rbk1/p5pp/8/p1p1Pp2/2qr4/2N5/1PPBQ2P/1K2R3 w - - 0 31,e1g1,31,-735,349,e2c4,e2f2,1,34,,,,,
sprt_game_2,31,47,White,4rbk1/p5pp/8/p1p1Pp2/2qr4/2N5/1PPBQ2P/1K2R3 w - - 0 31,e1h1,32,-737,351,e2c4,e2f2,1,34,,,,,
sprt_game_2,31,47,White,4rbk1/p5pp/8/p1p1Pp2/2qr4/2N5/1PPBQ2P/1K2R3 w - - 0 31,e2e4,33,-777,391,e2c4,e2f2,1,34,,,,,
sprt_game_2,31,47,White,4rbk1/p5pp/8/p1p1Pp2/2qr4/2N5/1PPBQ2P/1K2R3 w - - 0 31,e2g4,34,-841,455,e2c4,e2f2,1,34,,,,,
sprt_game_2,32,49,White,4rbk1/p5pp/8/p1p1P3/2qr1p2/2N5/1PPB1Q1P/1K2R3 w - - 0 32,d2c1,1,-410,0,f2g2,b2b3,1,35,,,,,
sprt_game_2,32,49,White,4rbk1/p5pp/8/p1p1P3/2qr1p2/2N5/1PPB1Q1P/1K2R3 w - - 0 32,b2b3,2,-410,0,f2g2,b2b3,1,35,,,,,
sprt_game_2,32,49,White,4rbk1/p5pp/8/p1p1P3/2qr1p2/2N5/1PPB1Q1P/1K2R3 w - - 0 32,e1e2,3,-436,26,f2g2,b2b3,1,35,,,,,
sprt_game_2,32,49,White,4rbk1/p5pp/8/p1p1P3/2qr1p2/2N5/1PPB1Q1P/1K2R3 w - - 0 32,b1c1,4,-441,31,f2g2,b2b3,1,35,,,,,
sprt_game_2,32,49,White,4rbk1/p5pp/8/p1p1P3/2qr1p2/2N5/1PPB1Q1P/1K2R3 w - - 0 32,f2g2,5,-442,32,f2g2,b2b3,1,35,,,,,
sprt_game_2,32,49,White,4rbk1/p5pp/8/p1p1P3/2qr1p2/2N5/1PPB1Q1P/1K2R3 w - - 0 32,h2h4,6,-444,34,f2g2,b2b3,1,35,,,,,
sprt_game_2,32,49,White,4rbk1/p5pp/8/p1p1P3/2qr1p2/2N5/1PPB1Q1P/1K2R3 w - - 0 32,c3a2,7,-451,41,f2g2,b2b3,1,35,,,,,
sprt_game_2,32,49,White,4rbk1/p5pp/8/p1p1P3/2qr1p2/2N5/1PPB1Q1P/1K2R3 w - - 0 32,h2h3,8,-455,45,f2g2,b2b3,1,35,,,,,
sprt_game_2,32,49,White,4rbk1/p5pp/8/p1p1P3/2qr1p2/2N5/1PPB1Q1P/1K2R3 w - - 0 32,b1a1,9,-458,48,f2g2,b2b3,1,35,,,,,
sprt_game_2,32,49,White,4rbk1/p5pp/8/p1p1P3/2qr1p2/2N5/1PPB1Q1P/1K2R3 w - - 0 32,e1h1,10,-499,89,f2g2,b2b3,1,35,,,,,
sprt_game_2,32,49,White,4rbk1/p5pp/8/p1p1P3/2qr1p2/2N5/1PPB1Q1P/1K2R3 w - - 0 32,e1g1,11,-513,103,f2g2,b2b3,1,35,,,,,
sprt_game_2,32,49,White,4rbk1/p5pp/8/p1p1P3/2qr1p2/2N5/1PPB1Q1P/1K2R3 w - - 0 32,e5e6,12,-517,107,f2g2,b2b3,1,35,,,,,
sprt_game_2,32,49,White,4rbk1/p5pp/8/p1p1P3/2qr1p2/2N5/1PPB1Q1P/1K2R3 w - - 0 32,e1d1,13,-523,113,f2g2,b2b3,1,35,,,,,
sprt_game_2,32,49,White,4rbk1/p5pp/8/p1p1P3/2qr1p2/2N5/1PPB1Q1P/1K2R3 w - - 0 32,e1c1,14,-525,115,f2g2,b2b3,1,35,,,,,
sprt_game_2,32,49,White,4rbk1/p5pp/8/p1p1P3/2qr1p2/2N5/1PPB1Q1P/1K2R3 w - - 0 32,c3b5,15,-534,124,f2g2,b2b3,1,35,,,,,
sprt_game_2,32,49,White,4rbk1/p5pp/8/p1p1P3/2qr1p2/2N5/1PPB1Q1P/1K2R3 w - - 0 32,c3d1,16,-544,134,f2g2,b2b3,1,35,,,,,
sprt_game_2,32,49,White,4rbk1/p5pp/8/p1p1P3/2qr1p2/2N5/1PPB1Q1P/1K2R3 w - - 0 32,d2e3,17,-545,135,f2g2,b2b3,1,35,,,,,
sprt_game_2,32,49,White,4rbk1/p5pp/8/p1p1P3/2qr1p2/2N5/1PPB1Q1P/1K2R3 w - - 0 32,f2h4,18,-552,142,f2g2,b2b3,1,35,,,,,
sprt_game_2,32,49,White,4rbk1/p5pp/8/p1p1P3/2qr1p2/2N5/1PPB1Q1P/1K2R3 w - - 0 32,f2f3,19,-563,153,f2g2,b2b3,1,35,,,,,
sprt_game_2,32,49,White,4rbk1/p5pp/8/p1p1P3/2qr1p2/2N5/1PPB1Q1P/1K2R3 w - - 0 32,c3a4,20,-566,156,f2g2,b2b3,1,35,,,,,
sprt_game_2,32,49,White,4rbk1/p5pp/8/p1p1P3/2qr1p2/2N5/1PPB1Q1P/1K2R3 w - - 0 32,c3d5,21,-577,167,f2g2,b2b3,1,35,,,,,
sprt_game_2,32,49,White,4rbk1/p5pp/8/p1p1P3/2qr1p2/2N5/1PPB1Q1P/1K2R3 w - - 0 32,f2g1,22,-582,172,f2g2,b2b3,1,35,,,,,
sprt_game_2,32,49,White,4rbk1/p5pp/8/p1p1P3/2qr1p2/2N5/1PPB1Q1P/1K2R3 w - - 0 32,c3e4,23,-596,186,f2g2,b2b3,1,35,,,,,
sprt_game_2,32,49,White,4rbk1/p5pp/8/p1p1P3/2qr1p2/2N5/1PPB1Q1P/1K2R3 w - - 0 32,f2e2,24,-600,190,f2g2,b2b3,1,35,,,,,
sprt_game_2,32,49,White,4rbk1/p5pp/8/p1p1P3/2qr1p2/2N5/1PPB1Q1P/1K2R3 w - - 0 32,d2f4,25,-601,191,f2g2,b2b3,1,35,,,,,
sprt_game_2,32,49,White,4rbk1/p5pp/8/p1p1P3/2qr1p2/2N5/1PPB1Q1P/1K2R3 w - - 0 32,e1e4,26,-617,207,f2g2,b2b3,1,35,,,,,
sprt_game_2,32,49,White,4rbk1/p5pp/8/p1p1P3/2qr1p2/2N5/1PPB1Q1P/1K2R3 w - - 0 32,f2f1,27,-666,256,f2g2,b2b3,1,35,,,,,
sprt_game_2,32,49,White,4rbk1/p5pp/8/p1p1P3/2qr1p2/2N5/1PPB1Q1P/1K2R3 w - - 0 32,e1f1,28,-679,269,f2g2,b2b3,1,35,,,,,
sprt_game_2,32,49,White,4rbk1/p5pp/8/p1p1P3/2qr1p2/2N5/1PPB1Q1P/1K2R3 w - - 0 32,f2f4,29,-688,278,f2g2,b2b3,1,35,,,,,
sprt_game_2,32,49,White,4rbk1/p5pp/8/p1p1P3/2qr1p2/2N5/1PPB1Q1P/1K2R3 w - - 0 32,f2d4,30,-689,279,f2g2,b2b3,1,35,,,,,
sprt_game_2,32,49,White,4rbk1/p5pp/8/p1p1P3/2qr1p2/2N5/1PPB1Q1P/1K2R3 w - - 0 32,e1e3,31,-695,285,f2g2,b2b3,1,35,,,,,
sprt_game_2,32,49,White,4rbk1/p5pp/8/p1p1P3/2qr1p2/2N5/1PPB1Q1P/1K2R3 w - - 0 32,b2b4,32,-810,400,f2g2,b2b3,1,35,,,,,
sprt_game_2,32,49,White,4rbk1/p5pp/8/p1p1P3/2qr1p2/2N5/1PPB1Q1P/1K2R3 w - - 0 32,f2g3,33,-823,413,f2g2,b2b3,1,35,,,,,
sprt_game_2,32,49,White,4rbk1/p5pp/8/p1p1P3/2qr1p2/2N5/1PPB1Q1P/1K2R3 w - - 0 32,f2e3,34,-834,424,f2g2,b2b3,1,35,,,,,
sprt_game_2,32,49,White,4rbk1/p5pp/8/p1p1P3/2qr1p2/2N5/1PPB1Q1P/1K2R3 w - - 0 32,c3e2,35,-837,427,f2g2,b2b3,1,35,,,,,
sprt_game_2,33,51,White,4rbk1/p5pp/4q3/p1p1P3/3r1p2/1PN5/2PB1Q1P/1K2R3 w - - 1 33,d2f4,1,-382,0,c3b5,d2f4,1,35,,,,,
sprt_game_2,33,51,White,4rbk1/p5pp/4q3/p1p1P3/3r1p2/1PN5/2PB1Q1P/1K2R3 w - - 1 33,c3b5,2,-415,33,c3b5,d2f4,1,35,,,,,
sprt_game_2,33,51,White,4rbk1/p5pp/4q3/p1p1P3/3r1p2/1PN5/2PB1Q1P/1K2R3 w - - 1 33,b1c1,3,-444,62,c3b5,d2f4,1,35,,,,,
sprt_game_2,33,51,White,4rbk1/p5pp/4q3/p1p1P3/3r1p2/1PN5/2PB1Q1P/1K2R3 w - - 1 33,d2c1,4,-452,70,c3b5,d2f4,1,35,,,,,
sprt_game_2,33,51,White,4rbk1/p5pp/4q3/p1p1P3/3r1p2/1PN5/2PB1Q1P/1K2R3 w - - 1 33,h2h4,5,-455,73,c3b5,d2f4,1,35,,,,,
sprt_game_2,33,51,White,4rbk1/p5pp/4q3/p1p1P3/3r1p2/1PN5/2PB1Q1P/1K2R3 w - - 1 33,h2h3,6,-456,74,c3b5,d2f4,1,35,,,,,
sprt_game_2,33,51,White,4rbk1/p5pp/4q3/p1p1P3/3r1p2/1PN5/2PB1Q1P/1K2R3 w - - 1 33,b1b2,7,-457,75,c3b5,d2f4,1,35,,,,,
sprt_game_2,33,51,White,4rbk1/p5pp/4q3/p1p1P3/3r1p2/1PN5/2PB1Q1P/1K2R3 w - - 1 33,c3a4,8,-459,77,c3b5,d2f4,1,35,,,,,
sprt_game_2,33,51,White,4rbk1/p5pp/4q3/p1p1P3/3r1p2/1PN5/2PB1Q1P/1K2R3 w - - 1 33,b1a1,9,-469,87,c3b5,d2f4,1,35,,,,,
sprt_game_2,33,51,White,4rbk1/p5pp/4q3/p1p1P3/3r1p2/1PN5/2PB1Q1P/1K2R3 w - - 1 33,e1e2,10,-477,95,c3b5,d2f4,1,35,,,,,
sprt_game_2,33,51,White,4rbk1/p5pp/4q3/p1p1P3/3r1p2/1PN5/2PB1Q1P/1K2R3 w - - 1 33,c3e4,11,-480,98,c3b5,d2f4,1,35,,,,,
sprt_game_2,33,51,White,4rbk1/p5pp/4q3/p1p1P3/3r1p2/1PN5/2PB1Q1P/1K2R3 w - - 1 33,f2g2,12,-483,101,c3b5,d2f4,1,35,,,,,
sprt_game_2,33,51,White,4rbk1/p5pp/4q3/p1p1P3/3r1p2/1PN5/2PB1Q1P/1K2R3 w - - 1 33,f2e2,13,-493,111,c3b5,d2f4,1,35,,,,,
sprt_game_2,33,51,White,4rbk1/p5pp/4q3/p1p1P3/3r1p2/1PN5/2PB1Q1P/1K2R3 w - - 1 33,e1f1,14,-495,113,c3b5,d2f4,1,35,,,,,
sprt_game_2,33,51,White,4rbk1/p5pp/4q3/p1p1P3/3r1p2/1PN5/2PB1Q1P/1K2R3 w - - 1 33,e1g1,15,-512,130,c3b5,d2f4,1,35,,,,,
sprt_game_2,33,51,White,4rbk1/p5pp/4q3/p1p1P3/3r1p2/1PN5/2PB1Q1P/1K2R3 w - - 1 33,e1d1,16,-518,136,c3b5,d2f4,1,35,,,,,
sprt_game_2,33,51,White,4rbk1/p5pp/4q3/p1p1P3/3r1p2/1PN5/2PB1Q1P/1K2R3 w - - 1 33,e1c1,17,-525,143,c3b5,d2f4,1,35,,,,,
sprt_game_2,33,51,White,4rbk1/p5pp/4q3/p1p1P3/3r1p2/1PN5/2PB1Q1P/1K2R3 w - - 1 33,c3a2,18,-533,151,c3b5,d2f4,1,35,,,,,
sprt_game_2,33,51,White,4rbk1/p5pp/4q3/p1p1P3/3r1p2/1PN5/2PB1Q1P/1K2R3 w - - 1 33,e1h1,19,-536,154,c3b5,d2f4,1,35,,,,,
sprt_game_2,33,51,White,4rbk1/p5pp/4q3/p1p1P3/3r1p2/1PN5/2PB1Q1P/1K2R3 w - - 1 33,e1e4,20,-542,160,c3b5,d2f4,1,35,,,,,
sprt_game_2,33,51,White,4rbk1/p5pp/4q3/p1p1P3/3r1p2/1PN5/2PB1Q1P/1K2R3 w - - 1 33,f2f1,21,-549,167,c3b5,d2f4,1,35,,,,,
sprt_game_2,33,51,White,4rbk1/p5pp/4q3/p1p1P3/3r1p2/1PN5/2PB1Q1P/1K2R3 w - - 1 33,b1a2,22,-558,176,c3b5,d2f4,1,35,,,,,
sprt_game_2,33,51,White,4rbk1/p5pp/4q3/p1p1P3/3r1p2/1PN5/2PB1Q1P/1K2R3 w - - 1 33,f2f3,23,-561,179,c3b5,d2f4,1,35,,,,,
sprt_game_2,33,51,White,4rbk1/p5pp/4q3/p1p1P3/3r1p2/1PN5/2PB1Q1P/1K2R3 w - - 1 33,f2h4,24,-563,181,c3b5,d2f4,1,35,,,,,
sprt_game_2,33,51,White,4rbk1/p5pp/4q3/p1p1P3/3r1p2/1PN5/2PB1Q1P/1K2R3 w - - 1 33,c3d1,25,-564,182,c3b5,d2f4,1,35,,,,,
sprt_game_2,33,51,White,4rbk1/p5pp/4q3/p1p1P3/3r1p2/1PN5/2PB1Q1P/1K2R3 w - - 1 33,b3b4,26,-567,185,c3b5,d2f4,1,35,,,,,
sprt_game_2,33,51,White,4rbk1/p5pp/4q3/p1p1P3/3r1p2/1PN5/2PB1Q1P/1K2R3 w - - 1 33,d2e3,27,-568,186,c3b5,d2f4,1,35,,,,,
sprt_game_2,33,51,White,4rbk1/p5pp/4q3/p1p1P3/3r1p2/1PN5/2PB1Q1P/1K2R3 w - - 1 33,c3e2,28,-614,232,c3b5,d2f4,1,35,,,,,
sprt_game_2,33,51,White,4rbk1/p5pp/4q3/p1p1P3/3r1p2/1PN5/2PB1Q1P/1K2R3 w - - 1 33,f2g1,29,-634,252,c3b5,d2f4,1,35,,,,,
sprt_game_2,33,51,White,4rbk1/p5pp/4q3/p1p1P3/3r1p2/1PN5/2PB1Q1P/1K2R3 w - - 1 33,c3d5,30,-636,254,c3b5,d2f4,1,35,,,,,
sprt_game_2,33,51,White,4rbk1/p5pp/4q3/p1p1P3/3r1p2/1PN5/2PB1Q1P/1K2R3 w - - 1 33,f2f4,31,-698,316,c3b5,d2f4,1,35,,,,,
sprt_game_2,33,51,White,4rbk1/p5pp/4q3/p1p1P3/3r1p2/1PN5/2PB1Q1P/1K2R3 w - - 1 33,f2d4,32,-706,324,c3b5,d2f4,1,35,,,,,
sprt_game_2,33,51,White,4rbk1/p5pp/4q3/p1p1P3/3r1p2/1PN5/2PB1Q1P/1K2R3 w - - 1 33,e1e3,33,-722,340,c3b5,d2f4,1,35,,,,,
sprt_game_2,33,51,White,4rbk1/p5pp/4q3/p1p1P3/3r1p2/1PN5/2PB1Q1P/1K2R3 w - - 1 33,f2e3,34,-829,447,c3b5,d2f4,1,35,,,,,
sprt_game_2,33,51,White,4rbk1/p5pp/4q3/p1p1P3/3r1p2/1PN5/2PB1Q1P/1K2R3 w - - 1 33,f2g3,35,-860,478,c3b5,d2f4,1,35,,,,,
sprt_game_2,34,53,White,4rbk1/p2r2pp/4q3/pNp1P3/5p2/1P6/2PB1Q1P/1K2R3 w - - 3 34,f2f4,1,-407,0,b5d6,d2a5,1,40,,,,,
sprt_game_2,34,53,White,4rbk1/p2r2pp/4q3/pNp1P3/5p2/1P6/2PB1Q1P/1K2R3 w - - 3 34,b5d6,2,-427,20,b5d6,d2a5,1,40,,,,,
sprt_game_2,34,53,White,4rbk1/p2r2pp/4q3/pNp1P3/5p2/1P6/2PB1Q1P/1K2R3 w - - 3 34,d2a5,3,-454,47,b5d6,d2a5,1,40,,,,,
sprt_game_2,34,53,White,4rbk1/p2r2pp/4q3/pNp1P3/5p2/1P6/2PB1Q1P/1K2R3 w - - 3 34,b1b2,4,-459,52,b5d6,d2a5,1,40,,,,,
sprt_game_2,34,53,White,4rbk1/p2r2pp/4q3/pNp1P3/5p2/1P6/2PB1Q1P/1K2R3 w - - 3 34,e1e4,5,-484,77,b5d6,d2a5,1,40,,,,,
sprt_game_2,34,53,White,4rbk1/p2r2pp/4q3/pNp1P3/5p2/1P6/2PB1Q1P/1K2R3 w - - 3 34,h2h4,6,-491,84,b5d6,d2a5,1,40,,,,,
sprt_game_2,34,53,White,4rbk1/p2r2pp/4q3/pNp1P3/5p2/1P6/2PB1Q1P/1K2R3 w - - 3 34,d2c3,7,-495,88,b5d6,d2a5,1,40,,,,,
sprt_game_2,34,53,White,4rbk1/p2r2pp/4q3/pNp1P3/5p2/1P6/2PB1Q1P/1K2R3 w - - 3 34,d2f4,8,-496,89,b5d6,d2a5,1,40,,,,,
sprt_game_2,34,53,White,4rbk1/p2r2pp/4q3/pNp1P3/5p2/1P6/2PB1Q1P/1K2R3 w - - 3 34,d2c1,9,-498,91,b5d6,d2a5,1,40,,,,,
sprt_game_2,34,53,White,4rbk1/p2r2pp/4q3/pNp1P3/5p2/1P6/2PB1Q1P/1K2R3 w - - 3 34,h2h3,10,-500,93,b5d6,d2a5,1,40,,,,,
sprt_game_2,34,53,White,4rbk1/p2r2pp/4q3/pNp1P3/5p2/1P6/2PB1Q1P/1K2R3 w - - 3 34,b1a1,11,-501,94,b5d6,d2a5,1,40,,,,,
sprt_game_2,34,53,White,4rbk1/p2r2pp/4q3/pNp1P3/5p2/1P6/2PB1Q1P/1K2R3 w - - 3 34,f2e2,12,-510,103,b5d6,d2a5,1,40,,,,,
sprt_game_2,34,53,White,4rbk1/p2r2pp/4q3/pNp1P3/5p2/1P6/2PB1Q1P/1K2R3 w - - 3 34,b5c3,13,-520,113,b5d6,d2a5,1,40,,,,,
sprt_game_2,34,53,White,4rbk1/p2r2pp/4q3/pNp1P3/5p2/1P6/2PB1Q1P/1K2R3 w - - 3 34,f2g2,14,-522,115,b5d6,d2a5,1,40,,,,,
sprt_game_2,34,53,White,4rbk1/p2r2pp/4q3/pNp1P3/5p2/1P6/2PB1Q1P/1K2R3 w - - 3 34,e1g1,15,-522,115,b5d6,d2a5,1,40,,,,,
sprt_game_2,34,53,White,4rbk1/p2r2pp/4q3/pNp1P3/5p2/1P6/2PB1Q1P/1K2R3 w - - 3 34,e1f1,16,-525,118,b5d6,d2a5,1,40,,,,,
sprt_game_2,34,53,White,4rbk1/p2r2pp/4q3/pNp1P3/5p2/1P6/2PB1Q1P/1K2R3 w - - 3 34,b1c1,17,-526,119,b5d6,d2a5,1,40,,,,,
sprt_game_2,34,53,White,4rbk1/p2r2pp/4q3/pNp1P3/5p2/1P6/2PB1Q1P/1K2R3 w - - 3 34,b5a3,18,-527,120,b5d6,d2a5,1,40,,,,,
sprt_game_2,34,53,White,4rbk1/p2r2pp/4q3/pNp1P3/5p2/1P6/2PB1Q1P/1K2R3 w - - 3 34,c2c4,19,-527,120,b5d6,d2a5,1,40,,,,,
sprt_game_2,34,53,White,4rbk1/p2r2pp/4q3/pNp1P3/5p2/1P6/2PB1Q1P/1K2R3 w - - 3 34,e1e2,20,-540,133,b5d6,d2a5,1,40,,,,,
sprt_game_2,34,53,White,4rbk1/p2r2pp/4q3/pNp1P3/5p2/1P6/2PB1Q1P/1K2R3 w - - 3 34,b3b4,21,-549,142,b5d6,d2a5,1,40,,,,,
sprt_game_2,34,53,White,4rbk1/p2r2pp/4q3/pNp1P3/5p2/1P6/2PB1Q1P/1K2R3 w - - 3 34,e1c1,22,-554,147,b5d6,d2a5,1,40,,,,,
sprt_game_2,34,53,White,4rbk1/p2r2pp/4q3/pNp1P3/5p2/1P6/2PB1Q1P/1K2R3 w - - 3 34,b1a2,23,-557,150,b5d6,d2a5,1,40,,,,,
sprt_game_2,34,53,White,4rbk1/p2r2pp/4q3/pNp1P3/5p2/1P6/2PB1Q1P/1K2R3 w - - 3 34,f2f3,24,-564,157,b5d6,d2a5,1,40,,,,,
sprt_game_2,34,53,White,4rbk1/p2r2pp/4q3/pNp1P3/5p2/1P6/2PB1Q1P/1K2R3 w - - 3 34,f2h4,25,-565,158,b5d6,d2a5,1,40,,,,,
sprt_game_2,34,53,White,4rbk1/p2r2pp/4q3/pNp1P3/5p2/1P6/2PB1Q1P/1K2R3 w - - 3 34,e1d1,26,-569,162,b5d6,d2a5,1,40,,,,,
sprt_game_2,34,53,White,4rbk1/p2r2pp/4q3/pNp1P3/5p2/1P6/2PB1Q1P/1K2R3 w - - 3 34,b5c7,27,-573,166,b5d6,d2a5,1,40,,,,,
sprt_game_2,34,53,White,4rbk1/p2r2pp/4q3/pNp1P3/5p2/1P6/2PB1Q1P/1K2R3 w - - 3 34,f2f1,28,-579,172,b5d6,d2a5,1,40,,,,,
sprt_game_2,34,53,White,4rbk1/p2r2pp/4q3/pNp1P3/5p2/1P6/2PB1Q1P/1K2R3 w - - 3 34,f2g1,29,-591,184,b5d6,d2a5,1,40,,,,,
sprt_game_2,34,53,White,4rbk1/p2r2pp/4q3/pNp1P3/5p2/1P6/2PB1Q1P/1K2R3 w - - 3 34,e1h1,30,-592,185,b5d6,d2a5,1,40,,,,,
sprt_game_2,34,53,White,4rbk1/p2r2pp/4q3/pNp1P3/5p2/1P6/2PB1Q1P/1K2R3 w - - 3 34,b5a7,31,-604,197,b5d6,d2a5,1,40,,,,,
sprt_game_2,34,53,White,4rbk1/p2r2pp/4q3/pNp1P3/5p2/1P6/2PB1Q1P/1K2R3 w - - 3 34,d2e3,32,-611,204,b5d6,d2a5,1,40,,,,,
sprt_game_2,34,53,White,4rbk1/p2r2pp/4q3/pNp1P3/5p2/1P6/2PB1Q1P/1K2R3 w - - 3 34,b5d4,33,-647,240,b5d6,d2a5,1,40,,,,,
sprt_game_2,34,53,White,4rbk1/p2r2pp/4q3/pNp1P3/5p2/1P6/2PB1Q1P/1K2R3 w - - 3 34,d2b4,34,-697,290,b5d6,d2a5,1,40,,,,,
sprt_game_2,34,53,White,4rbk1/p2r2pp/4q3/pNp1P3/5p2/1P6/2PB1Q1P/1K2R3 w - - 3 34,e1e3,35,-734,327,b5d6,d2a5,1,40,,,,,
sprt_game_2,34,53,White,4rbk1/p2r2pp/4q3/pNp1P3/5p2/1P6/2PB1Q1P/1K2R3 w - - 3 34,c2c3,36,-759,352,b5d6,d2a5,1,40,,,,,
sprt_game_2,34,53,White,4rbk1/p2r2pp/4q3/pNp1P3/5p2/1P6/2PB1Q1P/1K2R3 w - - 3 34,f2c5,37,-781,374,b5d6,d2a5,1,40,,,,,
sprt_game_2,34,53,White,4rbk1/p2r2pp/4q3/pNp1P3/5p2/1P6/2PB1Q1P/1K2R3 w - - 3 34,f2d4,38,-835,428,b5d6,d2a5,1,40,,,,,
sprt_game_2,34,53,White,4rbk1/p2r2pp/4q3/pNp1P3/5p2/1P6/2PB1Q1P/1K2R3 w - - 3 34,f2e3,39,-840,433,b5d6,d2a5,1,40,,,,,
sprt_game_2,34,53,White,4rbk1/p2r2pp/4q3/pNp1P3/5p2/1P6/2PB1Q1P/1K2R3 w - - 3 34,f2g3,40,-842,435,b5d6,d2a5,1,40,,,,,
sprt_game_2,36,57,White,1r3bk1/p2r2pp/3Nq3/2p1P3/p4p2/1P6/1KPB1Q1P/4R3 w - - 0 36,d2f4,1,-465,0,f2f3,d2f4,1,46,,,,,
sprt_game_2,36,57,White,1r3bk1/p2r2pp/3Nq3/2p1P3/p4p2/1P6/1KPB1Q1P/4R3 w - - 0 36,f2f4,2,-479,14,f2f3,d2f4,1,46,,,,,
sprt_game_2,36,57,White,1r3bk1/p2r2pp/3Nq3/2p1P3/p4p2/1P6/1KPB1Q1P/4R3 w - - 0 36,h2h4,3,-518,53,f2f3,d2f4,1,46,,,,,
sprt_game_2,36,57,White,1r3bk1/p2r2pp/3Nq3/2p1P3/p4p2/1P6/1KPB1Q1P/4R3 w - - 0 36,d6e4,4,-525,60,f2f3,d2f4,1,46,,,,,
sprt_game_2,36,57,White,1r3bk1/p2r2pp/3Nq3/2p1P3/p4p2/1P6/1KPB1Q1P/4R3 w - - 0 36,d2c3,5,-532,67,f2f3,d2f4,1,46,,,,,
sprt_game_2,36,57,White,1r3bk1/p2r2pp/3Nq3/2p1P3/p4p2/1P6/1KPB1Q1P/4R3 w - - 0 36,d2c1,6,-537,72,f2f3,d2f4,1,46,,,,,
sprt_game_2,36,57,White,1r3bk1/p2r2pp/3Nq3/2p1P3/p4p2/1P6/1KPB1Q1P/4R3 w - - 0 36,f2c5,7,-538,73,f2f3,d2f4,1,46,,,,,
sprt_game_2,36,57,White,1r3bk1/p2r2pp/3Nq3/2p1P3/p4p2/1P6/1KPB1Q1P/4R3 w - - 0 36,b2c1,8,-549,84,f2f3,d2f4,1,46,,,,,
sprt_game_2,36,57,White,1r3bk1/p2r2pp/3Nq3/2p1P3/p4p2/1P6/1KPB1Q1P/4R3 w - - 0 36,f2f1,9,-570,105,f2f3,d2f4,1,46,,,,,
sprt_game_2,36,57,White,1r3bk1/p2r2pp/3Nq3/2p1P3/p4p2/1P6/1KPB1Q1P/4R3 w - - 0 36,f2f3,10,-574,109,f2f3,d2f4,1,46,,,,,
sprt_game_2,36,57,White,1r3bk1/p2r2pp/3Nq3/2p1P3/p4p2/1P6/1KPB1Q1P/4R3 w - - 0 36,b3b4,11,-582,117,f2f3,d2f4,1,46,,,,,
sprt_game_2,36,57,White,1r3bk1/p2r2pp/3Nq3/2p1P3/p4p2/1P6/1KPB1Q1P/4R3 w - - 0 36,d2a5,12,-591,126,f2f3,d2f4,1,46,,,,,
sprt_game_2,36,57,White,1r3bk1/p2r2pp/3Nq3/2p1P3/p4p2/1P6/1KPB1Q1P/4R3 w - - 0 36,e1e2,13,-593,128,f2f3,d2f4,1,46,,,,,
sprt_game_2,36,57,White,1r3bk1/p2r2pp/3Nq3/2p1P3/p4p2/1P6/1KPB1Q1P/4R3 w - - 0 36,h2h3,14,-602,137,f2f3,d2f4,1,46,,,,,
sprt_game_2,36,57,White,1r3bk1/p2r2pp/3Nq3/2p1P3/p4p2/1P6/1KPB1Q1P/4R3 w - - 0 36,f2g2,15,-615,150,f2f3,d2f4,1,46,,,,,
sprt_game_2,36,57,White,1r3bk1/p2r2pp/3Nq3/2p1P3/p4p2/1P6/1KPB1Q1P/4R3 w - - 0 36,f2e2,16,-626,161,f2f3,d2f4,1,46,,,,,
sprt_game_2,36,57,White,1r3bk1/p2r2pp/3Nq3/2p1P3/p4p2/1P6/1KPB1Q1P/4R3 w - - 0 36,e1a1,17,-633,168,f2f3,d2f4,1,46,,,,,
sprt_game_2,36,57,White,1r3bk1/p2r2pp/3Nq3/2p1P3/p4p2/1P6/1KPB1Q1P/4R3 w - - 0 36,f2h4,18,-644,179,f2f3,d2f4,1,46,,,,,
sprt_game_2,36,57,White,1r3bk1/p2r2pp/3Nq3/2p1P3/p4p2/1P6/1KPB1Q1P/4R3 w - - 0 36,b2a1,19,-645,180,f2f3,d2f4,1,46,,,,,
sprt_game_2,36,57,White,1r3bk1/p2r2pp/3Nq3/2p1P3/p4p2/1P6/1KPB1Q1P/4R3 w - - 0 36,d2b4,20,-649,184,f2f3,d2f4,1,46,,,,,
sprt_game_2,36,57,White,1r3bk1/p2r2pp/3Nq3/2p1P3/p4p2/1P6/1KPB1Q1P/4R3 w - - 0 36,e1e4,21,-664,199,f2f3,d2f4,1,46,,,,,
sprt_game_2,36,57,White,1r3bk1/p2r2pp/3Nq3/2p1P3/p4p2/1P6/1KPB1Q1P/4R3 w - - 0 36,d6b5,22,-666,201,f2f3,d2f4,1,46,,,,,
sprt_game_2,36,57,White,1r3bk1/p2r2pp/3Nq3/2p1P3/p4p2/1P6/1KPB1Q1P/4R3 w - - 0 36,e1f1,23,-676,211,f2f3,d2f4,1,46,,,,,
sprt_game_2,36,57,White,1r3bk1/p2r2pp/3Nq3/2p1P3/p4p2/1P6/1KPB1Q1P/4R3 w - - 0 36,d6e8,24,-691,226,f2f3,d2f4,1,46,,,,,
sprt_game_2,36,57,White,1r3bk1/p2r2pp/3Nq3/2p1P3/p4p2/1P6/1KPB1Q1P/4R3 w - - 0 36,d6c8,25,-696,231,f2f3,d2f4,1,46,,,,,
sprt_game_2,36,57,White,1r3bk1/p2r2pp/3Nq3/2p1P3/p4p2/1P6/1KPB1Q1P/4R3 w - - 0 36,d6c4,26,-710,245,f2f3,d2f4,1,46,,,,,
sprt_game_2,36,57,White,1r3bk1/p2r2pp/3Nq3/2p1P3/p4p2/1P6/1KPB1Q1P/4R3 w - - 0 36,d6f5,27,-718,253,f2f3,d2f4,1,46,,,,,
sprt_game_2,36,57,White,1r3bk1/p2r2pp/3Nq3/2p1P3/p4p2/1P6/1KPB1Q1P/4R3 w - - 0 36,f2g1,28,-720,255,f2f3,d2f4,1,46,,,,,
sprt_game_2,36,57,White,1r3bk1/p2r2pp/3Nq3/2p1P3/p4p2/1P6/1KPB1Q1P/4R3 w - - 0 36,b2b1,29,-721,256,f2f3,d2f4,1,46,,,,,
sprt_game_2,36,57,White,1r3bk1/p2r2pp/3Nq3/2p1P3/p4p2/1P6/1KPB1Q1P/4R3 w - - 0 36,e1b1,30,-722,257,f2f3,d2f4,1,46,,,,,
sprt_game_2,36,57,White,1r3bk1/p2r2pp/3Nq3/2p1P3/p4p2/1P6/1KPB1Q1P/4R3 w - - 0 36,d6b7,31,-736,271,f2f3,d2f4,1,46,,,,,
sprt_game_2,36,57,White,1r3bk1/p2r2pp/3Nq3/2p1P3/p4p2/1P6/1KPB1Q1P/4R3 w - - 0 36,e1d1,32,-737,272,f2f3,d2f4,1,46,,,,,
sprt_game_2,36,57,White,1r3bk1/p2r2pp/3Nq3/2p1P3/p4p2/1P6/1KPB1Q1P/4R3 w - - 0 36,c2c4,33,-737,272,f2f3,d2f4,1,46,,,,,
sprt_game_2,36,57,White,1r3bk1/p2r2pp/3Nq3/2p1P3/p4p2/1P6/1KPB1Q1P/4R3 w - - 0 36,e1c1,34,-742,277,f2f3,d2f4,1,46,,,,,
sprt_game_2,36,57,White,1r3bk1/p2r2pp/3Nq3/2p1P3/p4p2/1P6/1KPB1Q1P/4R3 w - - 0 36,e1h1,35,-750,285,f2f3,d2f4,1,46,,,,,
sprt_game_2,36,57,White,1r3bk1/p2r2pp/3Nq3/2p1P3/p4p2/1P6/1KPB1Q1P/4R3 w - - 0 36,e1g1,36,-750,285,f2f3,d2f4,1,46,,,,,
sprt_game_2,36,57,White,1r3bk1/p2r2pp/3Nq3/2p1P3/p4p2/1P6/1KPB1Q1P/4R3 w - - 0 36,e1e3,37,-755,290,f2f3,d2f4,1,46,,,,,
sprt_game_2,36,57,White,1r3bk1/p2r2pp/3Nq3/2p1P3/p4p2/1P6/1KPB1Q1P/4R3 w - - 0 36,d2e3,38,-761,296,f2f3,d2f4,1,46,,,,,
sprt_game_2,36,57,White,1r3bk1/p2r2pp/3Nq3/2p1P3/p4p2/1P6/1KPB1Q1P/4R3 w - - 0 36,d6f7,39,-767,302,f2f3,d2f4,1,46,,,,,
sprt_game_2,36,57,White,1r3bk1/p2r2pp/3Nq3/2p1P3/p4p2/1P6/1KPB1Q1P/4R3 w - - 0 36,b2a3,40,-804,339,f2f3,d2f4,1,46,,,,,
sprt_game_2,36,57,White,1r3bk1/p2r2pp/3Nq3/2p1P3/p4p2/1P6/1KPB1Q1P/4R3 w - - 0 36,b2a2,41,-810,345,f2f3,d2f4,1,46,,,,,
sprt_game_2,36,57,White,1r3bk1/p2r2pp/3Nq3/2p1P3/p4p2/1P6/1KPB1Q1P/4R3 w - - 0 36,f2d4,42,-913,448,f2f3,d2f4,1,46,,,,,
sprt_game_2,36,57,White,1r3bk1/p2r2pp/3Nq3/2p1P3/p4p2/1P6/1KPB1Q1P/4R3 w - - 0 36,f2e3,43,-918,453,f2f3,d2f4,1,46,,,,,
sprt_game_2,36,57,White,1r3bk1/p2r2pp/3Nq3/2p1P3/p4p2/1P6/1KPB1Q1P/4R3 w - - 0 36,f2g3,44,-932,467,f2f3,d2f4,1,46,,,,,
sprt_game_2,36,57,White,1r3bk1/p2r2pp/3Nq3/2p1P3/p4p2/1P6/1KPB1Q1P/4R3 w - - 0 36,b2c3,45,-31998,31533,f2f3,d2f4,1,46,,,,,
sprt_game_2,36,57,White,1r3bk1/p2r2pp/3Nq3/2p1P3/p4p2/1P6/1KPB1Q1P/4R3 w - - 0 36,c2c3,46,-31998,31533,f2f3,d2f4,1,46,,,,,
sprt_game_2,37,59,White,1r3bk1/p2r2pp/3Nq3/2p1P3/5Q2/1p6/1KPB3P/4R3 w - - 0 37,c2c3,1,-494,0,c2c4,c2c3,1,51,,,,,
sprt_game_2,37,59,White,1r3bk1/p2r2pp/3Nq3/2p1P3/5Q2/1p6/1KPB3P/4R3 w - - 0 37,c2c4,2,-520,26,c2c4,c2c3,1,51,,,,,
sprt_game_2,37,59,White,1r3bk1/p2r2pp/3Nq3/2p1P3/5Q2/1p6/1KPB3P/4R3 w - - 0 37,e1e3,3,-548,54,c2c4,c2c3,1,51,,,,,
sprt_game_2,37,59,White,1r3bk1/p2r2pp/3Nq3/2p1P3/5Q2/1p6/1KPB3P/4R3 w - - 0 37,f4a4,4,-553,59,c2c4,c2c3,1,51,,,,,
sprt_game_2,37,59,White,1r3bk1/p2r2pp/3Nq3/2p1P3/5Q2/1p6/1KPB3P/4R3 w - - 0 37,b2c1,5,-566,72,c2c4,c2c3,1,51,,,,,
sprt_game_2,37,59,White,1r3bk1/p2r2pp/3Nq3/2p1P3/5Q2/1p6/1KPB3P/4R3 w - - 0 37,f4c4,6,-643,149,c2c4,c2c3,1,51,,,,,
sprt_game_2,37,59,White,1r3bk1/p2r2pp/3Nq3/2p1P3/5Q2/1p6/1KPB3P/4R3 w - - 0 37,f4g3,7,-643,149,c2c4,c2c3,1,51,,,,,
sprt_game_2,37,59,White,1r3bk1/p2r2pp/3Nq3/2p1P3/5Q2/1p6/1KPB3P/4R3 w - - 0 37,d2c3,8,-678,184,c2c4,c2c3,1,51,,,,,
sprt_game_2,37,59,White,1r3bk1/p2r2pp/3Nq3/2p1P3/5Q2/1p6/1KPB3P/4R3 w - - 0 37,d2a5,9,-683,189,c2c4,c2c3,1,51,,,,,
sprt_game_2,37,59,White,1r3bk1/p2r2pp/3Nq3/2p1P3/5Q2/1p6/1KPB3P/4R3 w - - 0 37,b2c3,10,-690,196,c2c4,c2c3,1,51,,,,,
sprt_game_2,37,59,White,1r3bk1/p2r2pp/3Nq3/2p1P3/5Q2/1p6/1KPB3P/4R3 w - - 0 37,f4e3,11,-704,210,c2c4,c2c3,1,51,,,,,
sprt_game_2,37,59,White,1r3bk1/p2r2pp/3Nq3/2p1P3/5Q2/1p6/1KPB3P/4R3 w - - 0 37,f4e4,12,-707,213,c2c4,c2c3,1,51,,,,,
sprt_game_2,37,59,White,1r3bk1/p2r2pp/3Nq3/2p1P3/5Q2/1p6/1KPB3P/4R3 w - - 0 37,e1b1,13,-717,223,c2c4,c2c3,1,51,,,,,
sprt_game_2,37,59,White,1r3bk1/p2r2pp/3Nq3/2p1P3/5Q2/1p6/1KPB3P/4R3 w - - 0 37,e1e4,14,-729,235,c2c4,c2c3,1,51,,,,,
sprt_game_2,37,59,White,1r3bk1/p2r2pp/3Nq3/2p1P3/5Q2/1p6/1KPB3P/4R3 w - - 0 37,f4f3,15,-730,236,c2c4,c2c3,1,51,,,,,
sprt_game_2,37,59,White,1r3bk1/p2r2pp/3Nq3/2p1P3/5Q2/1p6/1KPB3P/4R3 w - - 0 37,f4f5,16,-743,249,c2c4,c2c3,1,51,,,,,
sprt_game_2,37,59,White,1r3bk1/p2r2pp/3Nq3/2p1P3/5Q2/1p6/1KPB3P/4R3 w - - 0 37,d2c1,17,-749,255,c2c4,c2c3,1,51,,,,,
sprt_game_2,37,59,White,1r3bk1/p2r2pp/3Nq3/2p1P3/5Q2/1p6/1KPB3P/4R3 w - - 0 37,d2b4,18,-750,256,c2c4,c2c3,1,51,,,,,
sprt_game_2,37,59,White,1r3bk1/p2r2pp/3Nq3/2p1P3/5Q2/1p6/1KPB3P/4R3 w - - 0 37,d6b5,19,-774,280,c2c4,c2c3,1,51,,,,,
sprt_game_2,37,59,White,1r3bk1/p2r2pp/3Nq3/2p1P3/5Q2/1p6/1KPB3P/4R3 w - - 0 37,d2e3,20,-775,281,c2c4,c2c3,1,51,,,,,
sprt_game_2,37,59,White,1r3bk1/p2r2pp/3Nq3/2p1P3/5Q2/1p6/1KPB3P/4R3 w - - 0 37,f4f8,21,-778,284,c2c4,c2c3,1,51,,,,,
sprt_game_2,37,59,White,1r3bk1/p2r2pp/3Nq3/2p1P3/5Q2/1p6/1KPB3P/4R3 w - - 0 37,b2a1,22,-785,291,c2c4,c2c3,1,51,,,,,
sprt_game_2,37,59,White,1r3bk1/p2r2pp/3Nq3/2p1P3/5Q2/1p6/1KPB3P/4R3 w - - 0 37,d6e8,23,-788,294,c2c4,c2c3,1,51,,,,,
sprt_game_2,37,59,White,1r3bk1/p2r2pp/3Nq3/2p1P3/5Q2/1p6/1KPB3P/4R3 w - - 0 37,e1a1,24,-799,305,c2c4,c2c3,1,51,,,,,
sprt_game_2,37,59,White,1r3bk1/p2r2pp/3Nq3/2p1P3/5Q2/1p6/1KPB3P/4R3 w - - 0 37,d6c4,25,-804,310,c2c4,c2c3,1,51,,,,,
sprt_game_2,37,59,White,1r3bk1/p2r2pp/3Nq3/2p1P3/5Q2/1p6/1KPB3P/4R3 w - - 0 37,d6b7,26,-809,315,c2c4,c2c3,1,51,,,,,
sprt_game_2,37,59,White,1r3bk1/p2r2pp/3Nq3/2p1P3/5Q2/1p6/1KPB3P/4R3 w - - 0 37,d6c8,27,-818,324,c2c4,c2c3,1,51,,,,,
sprt_game_2,37,59,White,1r3bk1/p2r2pp/3Nq3/2p1P3/5Q2/1p6/1KPB3P/4R3 w - - 0 37,b2a3,28,-820,326,c2c4,c2c3,1,51,,,,,
sprt_game_2,37,59,White,1r3bk1/p2r2pp/3Nq3/2p1P3/5Q2/1p6/1KPB3P/4R3 w - - 0 37,e1g1,29,-884,390,c2c4,c2c3,1,51,,,,,
sprt_game_2,37,59,White,1r3bk1/p2r2pp/3Nq3/2p1P3/5Q2/1p6/1KPB3P/4R3 w - - 0 37,f4f1,30,-885,391,c2c4,c2c3,1,51,,,,,
sprt_game_2,37,59,White,1r3bk1/p2r2pp/3Nq3/2p1P3/5Q2/1p6/1KPB3P/4R3 w - - 0 37,f4h4,31,-895,401,c2c4,c2c3,1,51,,,,,
sprt_game_2,37,59,White,1r3bk1/p2r2pp/3Nq3/2p1P3/5Q2/1p6/1KPB3P/4R3 w - - 0 37,e1c1,32,-907,413,c2c4,c2c3,1,51,,,,,
sprt_game_2,37,59,White,1r3bk1/p2r2pp/3Nq3/2p1P3/5Q2/1p6/1KPB3P/4R3 w - - 0 37,h2h4,33,-909,415,c2c4,c2c3,1,51,,,,,
sprt_game_2,37,59,White,1r3bk1/p2r2pp/3Nq3/2p1P3/5Q2/1p6/1KPB3P/4R3 w - - 0 37,f4b4,34,-915,421,c2c4,c2c3,1,51,,,,,
sprt_game_2,37,59,White,1r3bk1/p2r2pp/3Nq3/2p1P3/5Q2/1p6/1KPB3P/4R3 w - - 0 37,e1f1,35,-921,427,c2c4,c2c3,1,51,,,,,
sprt_game_2,37,59,White,1r3bk1/p2r2pp/3Nq3/2p1P3/5Q2/1p6/1KPB3P/4R3 w - - 0 37,d6f7,36,-934,440,c2c4,c2c3,1,51,,,,,
sprt_game_2,37,59,White,1r3bk1/p2r2pp/3Nq3/2p1P3/5Q2/1p6/1KPB3P/4R3 w - - 0 37,f4g4,37,-935,441,c2c4,c2c3,1,51,,,,,
sprt_game_2,37,59,White,1r3bk1/p2r2pp/3Nq3/2p1P3/5Q2/1p6/1KPB3P/4R3 w - - 0 37,f4f6,38,-945,451,c2c4,c2c3,1,51,,,,,
sprt_game_2,37,59,White,1r3bk1/p2r2pp/3Nq3/2p1P3/5Q2/1p6/1KPB3P/4R3 w - - 0 37,f4g5,39,-952,458,c2c4,c2c3,1,51,,,,,
sprt_game_2,37,59,White,1r3bk1/p2r2pp/3Nq3/2p1P3/5Q2/1p6/1KPB3P/4R3 w - - 0 37,d6f5,40,-953,459,c2c4,c2c3,1,51,,,,,
sprt_game_2,37,59,White,1r3bk1/p2r2pp/3Nq3/2p1P3/5Q2/1p6/1KPB3P/4R3 w - - 0 37,f4f7,41,-962,468,c2c4,c2c3,1,51,,,,,
sprt_game_2,37,59,White,1r3bk1/p2r2pp/3Nq3/2p1P3/5Q2/1p6/1KPB3P/4R3 w - - 0 37,e1h1,42,-962,468,c2c4,c2c3,1,51,,,,,
sprt_game_2,37,59,White,1r3bk1/p2r2pp/3Nq3/2p1P3/5Q2/1p6/1KPB3P/4R3 w - - 0 37,e1e2,43,-965,471,c2c4,c2c3,1,51,,,,,
sprt_game_2,37,59,White,1r3bk1/p2r2pp/3Nq3/2p1P3/5Q2/1p6/1KPB3P/4R3 w - - 0 37,f4d4,44,-991,497,c2c4,c2c3,1,51,,,,,
sprt_game_2,37,59,White,1r3bk1/p2r2pp/3Nq3/2p1P3/5Q2/1p6/1KPB3P/4R3 w - - 0 37,h2h3,45,-1003,509,c2c4,c2c3,1,51,,,,,
sprt_game_2,37,59,White,1r3bk1/p2r2pp/3Nq3/2p1P3/5Q2/1p6/1KPB3P/4R3 w - - 0 37,f4h6,46,-1007,513,c2c4,c2c3,1,51,,,,,
sprt_game_2,37,59,White,1r3bk1/p2r2pp/3Nq3/2p1P3/5Q2/1p6/1KPB3P/4R3 w - - 0 37,f4f2,47,-1064,570,c2c4,c2c3,1,51,,,,,
sprt_game_2,37,59,White,1r3bk1/p2r2pp/3Nq3/2p1P3/5Q2/1p6/1KPB3P/4R3 w - - 0 37,b2b1,48,-1072,578,c2c4,c2c3,1,51,,,,,
sprt_game_2,37,59,White,1r3bk1/p2r2pp/3Nq3/2p1P3/5Q2/1p6/1KPB3P/4R3 w - - 0 37,e1d1,49,-31994,31500,c2c4,c2c3,1,51,,,,,
sprt_game_2,37,59,White,1r3bk1/p2r2pp/3Nq3/2p1P3/5Q2/1p6/1KPB3P/4R3 w - - 0 37,d6e4,50,-31996,31502,c2c4,c2c3,1,51,,,,,
sprt_game_2,37,59,White,1r3bk1/p2r2pp/3Nq3/2p1P3/5Q2/1p6/1KPB3P/4R3 w - - 0 37,c2b3,51,-31998,31504,c2c4,c2c3,1,51,,,,,
sprt_game_2,40,65,White,1r3bk1/p2r2pp/3N4/2pqP3/5Q2/2BK4/7P/4R3 w - - 3 40,d3e3,1,-624,0,d3e2,d3c2,1,5,,,,,
sprt_game_2,40,65,White,1r3bk1/p2r2pp/3N4/2pqP3/5Q2/2BK4/7P/4R3 w - - 3 40,d3e2,2,-683,59,d3e2,d3c2,1,5,,,,,
sprt_game_2,40,65,White,1r3bk1/p2r2pp/3N4/2pqP3/5Q2/2BK4/7P/4R3 w - - 3 40,c3d4,3,-706,82,d3e2,d3c2,1,5,,,,,
sprt_game_2,40,65,White,1r3bk1/p2r2pp/3N4/2pqP3/5Q2/2BK4/7P/4R3 w - - 3 40,d3c2,4,-717,93,d3e2,d3c2,1,5,,,,,
sprt_game_2,40,65,White,1r3bk1/p2r2pp/3N4/2pqP3/5Q2/2BK4/7P/4R3 w - - 3 40,f4d4,5,-1011,387,d3e2,d3c2,1,5,,,,,
sprt_game_2,42,69,White,1r4k1/p5pp/3r4/2pq4/5Q2/2B5/2K4P/4R3 w - - 0 42,c2c1,1,-743,0,f4d6,c2c1,1,48,,,,,
sprt_game_2,42,69,White,1r4k1/p5pp/3r4/2pq4/5Q2/2B5/2K4P/4R3 w - - 0 42,f4d6,2,-803,60,f4d6,c2c1,1,48,,,,,
sprt_game_2,42,69,White,1r4k1/p5pp/3r4/2pq4/5Q2/2B5/2K4P/4R3 w - - 0 42,f4d4,3,-31993,31250,f4d6,c2c1,1,48,,,,,
sprt_game_2,42,69,White,1r4k1/p5pp/3r4/2pq4/5Q2/2B5/2K4P/4R3 w - - 0 42,e1e8,4,-31993,31250,f4d6,c2c1,1,48,,,,,
sprt_game_2,42,69,White,1r4k1/p5pp/3r4/2pq4/5Q2/2B5/2K4P/4R3 w - - 0 42,f4f8,5,-31994,31251,f4d6,c2c1,1,48,,,,,
sprt_game_2,42,69,White,1r4k1/p5pp/3r4/2pq4/5Q2/2B5/2K4P/4R3 w - - 0 42,f4b4,6,-31994,31251,f4d6,c2c1,1,48,,,,,
sprt_game_2,42,69,White,1r4k1/p5pp/3r4/2pq4/5Q2/2B5/2K4P/4R3 w - - 0 42,c3d4,7,-31994,31251,f4d6,c2c1,1,48,,,,,
sprt_game_2,42,69,White,1r4k1/p5pp/3r4/2pq4/5Q2/2B5/2K4P/4R3 w - - 0 42,c3b4,8,-31994,31251,f4d6,c2c1,1,48,,,,,
sprt_game_2,42,69,White,1r4k1/p5pp/3r4/2pq4/5Q2/2B5/2K4P/4R3 w - - 0 42,f4f7,9,-31995,31252,f4d6,c2c1,1,48,,,,,
sprt_game_2,42,69,White,1r4k1/p5pp/3r4/2pq4/5Q2/2B5/2K4P/4R3 w - - 0 42,f4c4,10,-31995,31252,f4d6,c2c1,1,48,,,,,
sprt_game_2,42,69,White,1r4k1/p5pp/3r4/2pq4/5Q2/2B5/2K4P/4R3 w - - 0 42,f4e4,11,-31996,31253,f4d6,c2c1,1,48,,,,,
sprt_game_2,42,69,White,1r4k1/p5pp/3r4/2pq4/5Q2/2B5/2K4P/4R3 w - - 0 42,f4f5,12,-31997,31254,f4d6,c2c1,1,48,,,,,
sprt_game_2,42,69,White,1r4k1/p5pp/3r4/2pq4/5Q2/2B5/2K4P/4R3 w - - 0 42,f4h6,13,-31998,31255,f4d6,c2c1,1,48,,,,,
sprt_game_2,42,69,White,1r4k1/p5pp/3r4/2pq4/5Q2/2B5/2K4P/4R3 w - - 0 42,f4f6,14,-31998,31255,f4d6,c2c1,1,48,,,,,
sprt_game_2,42,69,White,1r4k1/p5pp/3r4/2pq4/5Q2/2B5/2K4P/4R3 w - - 0 42,f4g5,15,-31998,31255,f4d6,c2c1,1,48,,,,,
sprt_game_2,42,69,White,1r4k1/p5pp/3r4/2pq4/5Q2/2B5/2K4P/4R3 w - - 0 42,f4e5,16,-31998,31255,f4d6,c2c1,1,48,,,,,
sprt_game_2,42,69,White,1r4k1/p5pp/3r4/2pq4/5Q2/2B5/2K4P/4R3 w - - 0 42,f4h4,17,-31998,31255,f4d6,c2c1,1,48,,,,,
sprt_game_2,42,69,White,1r4k1/p5pp/3r4/2pq4/5Q2/2B5/2K4P/4R3 w - - 0 42,f4g4,18,-31998,31255,f4d6,c2c1,1,48,,,,,
sprt_game_2,42,69,White,1r4k1/p5pp/3r4/2pq4/5Q2/2B5/2K4P/4R3 w - - 0 42,f4a4,19,-31998,31255,f4d6,c2c1,1,48,,,,,
sprt_game_2,42,69,White,1r4k1/p5pp/3r4/2pq4/5Q2/2B5/2K4P/4R3 w - - 0 42,f4g3,20,-31998,31255,f4d6,c2c1,1,48,,,,,
sprt_game_2,42,69,White,1r4k1/p5pp/3r4/2pq4/5Q2/2B5/2K4P/4R3 w - - 0 42,f4f3,21,-31998,31255,f4d6,c2c1,1,48,,,,,
sprt_game_2,42,69,White,1r4k1/p5pp/3r4/2pq4/5Q2/2B5/2K4P/4R3 w - - 0 42,f4e3,22,-31998,31255,f4d6,c2c1,1,48,,,,,
sprt_game_2,42,69,White,1r4k1/p5pp/3r4/2pq4/5Q2/2B5/2K4P/4R3 w - - 0 42,f4f2,23,-31998,31255,f4d6,c2c1,1,48,,,,,
sprt_game_2,42,69,White,1r4k1/p5pp/3r4/2pq4/5Q2/2B5/2K4P/4R3 w - - 0 42,f4d2,24,-31998,31255,f4d6,c2c1,1,48,,,,,
sprt_game_2,42,69,White,1r4k1/p5pp/3r4/2pq4/5Q2/2B5/2K4P/4R3 w - - 0 42,f4f1,25,-31998,31255,f4d6,c2c1,1,48,,,,,
sprt_game_2,42,69,White,1r4k1/p5pp/3r4/2pq4/5Q2/2B5/2K4P/4R3 w - - 0 42,c3g7,26,-31998,31255,f4d6,c2c1,1,48,,,,,
sprt_game_2,42,69,White,1r4k1/p5pp/3r4/2pq4/5Q2/2B5/2K4P/4R3 w - - 0 42,c3f6,27,-31998,31255,f4d6,c2c1,1,48,,,,,
sprt_game_2,42,69,White,1r4k1/p5pp/3r4/2pq4/5Q2/2B5/2K4P/4R3 w - - 0 42,c3e5,28,-31998,31255,f4d6,c2c1,1,48,,,,,
sprt_game_2,42,69,White,1r4k1/p5pp/3r4/2pq4/5Q2/2B5/2K4P/4R3 w - - 0 42,c3a5,29,-31998,31255,f4d6,c2c1,1,48,,,,,
sprt_game_2,42,69,White,1r4k1/p5pp/3r4/2pq4/5Q2/2B5/2K4P/4R3 w - - 0 42,c3d2,30,-31998,31255,f4d6,c2c1,1,48,,,,,
sprt_game_2,42,69,White,1r4k1/p5pp/3r4/2pq4/5Q2/2B5/2K4P/4R3 w - - 0 42,c3b2,31,-31998,31255,f4d6,c2c1,1,48,,,,,
sprt_game_2,42,69,White,1r4k1/p5pp/3r4/2pq4/5Q2/2B5/2K4P/4R3 w - - 0 42,c3a1,32,-31998,31255,f4d6,c2c1,1,48,,,,,
sprt_game_2,42,69,White,1r4k1/p5pp/3r4/2pq4/5Q2/2B5/2K4P/4R3 w - - 0 42,e1h1,33,-31998,31255,f4d6,c2c1,1,48,,,,,
sprt_game_2,42,69,White,1r4k1/p5pp/3r4/2pq4/5Q2/2B5/2K4P/4R3 w - - 0 42,e1g1,34,-31998,31255,f4d6,c2c1,1,48,,,,,
sprt_game_2,42,69,White,1r4k1/p5pp/3r4/2pq4/5Q2/2B5/2K4P/4R3 w - - 0 42,e1f1,35,-31998,31255,f4d6,c2c1,1,48,,,,,
sprt_game_2,42,69,White,1r4k1/p5pp/3r4/2pq4/5Q2/2B5/2K4P/4R3 w - - 0 42,e1b1,36,-31998,31255,f4d6,c2c1,1,48,,,,,
sprt_game_2,42,69,White,1r4k1/p5pp/3r4/2pq4/5Q2/2B5/2K4P/4R3 w - - 0 42,e1a1,37,-31998,31255,f4d6,c2c1,1,48,,,,,
sprt_game_2,42,69,White,1r4k1/p5pp/3r4/2pq4/5Q2/2B5/2K4P/4R3 w - - 0 42,h2h3,38,-31998,31255,f4d6,c2c1,1,48,,,,,
sprt_game_2,42,69,White,1r4k1/p5pp/3r4/2pq4/5Q2/2B5/2K4P/4R3 w - - 0 42,h2h4,39,-31998,31255,f4d6,c2c1,1,48,,,,,
sprt_game_2,42,69,White,1r4k1/p5pp/3r4/2pq4/5Q2/2B5/2K4P/4R3 w - - 0 42,f4c1,40,-31999,31256,f4d6,c2c1,1,48,,,,,
sprt_game_2,42,69,White,1r4k1/p5pp/3r4/2pq4/5Q2/2B5/2K4P/4R3 w - - 0 42,e1e7,41,-31999,31256,f4d6,c2c1,1,48,,,,,
sprt_game_2,42,69,White,1r4k1/p5pp/3r4/2pq4/5Q2/2B5/2K4P/4R3 w - - 0 42,e1e6,42,-31999,31256,f4d6,c2c1,1,48,,,,,
sprt_game_2,42,69,White,1r4k1/p5pp/3r4/2pq4/5Q2/2B5/2K4P/4R3 w - - 0 42,e1e5,43,-31999,31256,f4d6,c2c1,1,48,,,,,
sprt_game_2,42,69,White,1r4k1/p5pp/3r4/2pq4/5Q2/2B5/2K4P/4R3 w - - 0 42,e1e4,44,-31999,31256,f4d6,c2c1,1,48,,,,,
sprt_game_2,42,69,White,1r4k1/p5pp/3r4/2pq4/5Q2/2B5/2K4P/4R3 w - - 0 42,e1e3,45,-31999,31256,f4d6,c2c1,1,48,,,,,
sprt_game_2,42,69,White,1r4k1/p5pp/3r4/2pq4/5Q2/2B5/2K4P/4R3 w - - 0 42,e1e2,46,-31999,31256,f4d6,c2c1,1,48,,,,,
sprt_game_2,42,69,White,1r4k1/p5pp/3r4/2pq4/5Q2/2B5/2K4P/4R3 w - - 0 42,e1d1,47,-31999,31256,f4d6,c2c1,1,48,,,,,
sprt_game_2,42,69,White,1r4k1/p5pp/3r4/2pq4/5Q2/2B5/2K4P/4R3 w - - 0 42,e1c1,48,-31999,31256,f4d6,c2c1,1,48,,,,,
sprt_game_2,44,73,White,4r1k1/p5pp/3r4/2p5/5Q2/1qB5/7P/2K5 w - - 0 44,f4f3,1,-31995,0,c3d4,f4d2,1,33,,,,,
sprt_game_2,44,73,White,4r1k1/p5pp/3r4/2p5/5Q2/1qB5/7P/2K5 w - - 0 44,f4d2,2,-31995,0,c3d4,f4d2,1,33,,,,,
sprt_game_2,44,73,White,4r1k1/p5pp/3r4/2p5/5Q2/1qB5/7P/2K5 w - - 0 44,f4d6,3,-31996,1,c3d4,f4d2,1,33,,,,,
sprt_game_2,44,73,White,4r1k1/p5pp/3r4/2p5/5Q2/1qB5/7P/2K5 w - - 0 44,f4g4,4,-31996,1,c3d4,f4d2,1,33,,,,,
sprt_game_2,44,73,White,4r1k1/p5pp/3r4/2p5/5Q2/1qB5/7P/2K5 w - - 0 44,f4c4,5,-31996,1,c3d4,f4d2,1,33,,,,,
sprt_game_2,44,73,White,4r1k1/p5pp/3r4/2p5/5Q2/1qB5/7P/2K5 w - - 0 44,f4f1,6,-31996,1,c3d4,f4d2,1,33,,,,,
sprt_game_2,44,73,White,4r1k1/p5pp/3r4/2p5/5Q2/1qB5/7P/2K5 w - - 0 44,c3d4,7,-31996,1,c3d4,f4d2,1,33,,,,,
sprt_game_2,44,73,White,4r1k1/p5pp/3r4/2p5/5Q2/1qB5/7P/2K5 w - - 0 44,f4f8,8,-31997,2,c3d4,f4d2,1,33,,,,,
sprt_game_2,44,73,White,4r1k1/p5pp/3r4/2p5/5Q2/1qB5/7P/2K5 w - - 0 44,f4f7,9,-31997,2,c3d4,f4d2,1,33,,,,,
sprt_game_2,44,73,White,4r1k1/p5pp/3r4/2p5/5Q2/1qB5/7P/2K5 w - - 0 44,f4d4,10,-31997,2,c3d4,f4d2,1,33,,,,,
sprt_game_2,44,73,White,4r1k1/p5pp/3r4/2p5/5Q2/1qB5/7P/2K5 w - - 0 44,c3d2,11,-31998,3,c3d4,f4d2,1,33,,,,,
sprt_game_2,44,73,White,4r1k1/p5pp/3r4/2p5/5Q2/1qB5/7P/2K5 w - - 0 44,f4h6,12,-31999,4,c3d4,f4d2,1,33,,,,,
sprt_game_2,44,73,White,4r1k1/p5pp/3r4/2p5/5Q2/1qB5/7P/2K5 w - - 0 44,f4f6,13,-31999,4,c3d4,f4d2,1,33,,,,,
sprt_game_2,44,73,White,4r1k1/p5pp/3r4/2p5/5Q2/1qB5/7P/2K5 w - - 0 44,f4g5,14,-31999,4,c3d4,f4d2,1,33,,,,,
sprt_game_2,44,73,White,4r1k1/p5pp/3r4/2p5/5Q2/1qB5/7P/2K5 w - - 0 44,f4f5,15,-31999,4,c3d4,f4d2,1,33,,,,,
sprt_game_2,44,73,White,4r1k1/p5pp/3r4/2p5/5Q2/1qB5/7P/2K5 w - - 0 44,f4e5,16,-31999,4,c3d4,f4d2,1,33,,,,,
sprt_game_2,44,73,White,4r1k1/p5pp/3r4/2p5/5Q2/1qB5/7P/2K5 w - - 0 44,f4h4,17,-31999,4,c3d4,f4d2,1,33,,,,,
sprt_game_2,44,73,White,4r1k1/p5pp/3r4/2p5/5Q2/1qB5/7P/2K5 w - - 0 44,f4e4,18,-31999,4,c3d4,f4d2,1,33,,,,,
sprt_game_2,44,73,White,4r1k1/p5pp/3r4/2p5/5Q2/1qB5/7P/2K5 w - - 0 44,f4b4,19,-31999,4,c3d4,f4d2,1,33,,,,,
sprt_game_2,44,73,White,4r1k1/p5pp/3r4/2p5/5Q2/1qB5/7P/2K5 w - - 0 44,f4a4,20,-31999,4,c3d4,f4d2,1,33,,,,,
sprt_game_2,44,73,White,4r1k1/p5pp/3r4/2p5/5Q2/1qB5/7P/2K5 w - - 0 44,f4g3,21,-31999,4,c3d4,f4d2,1,33,,,,,
sprt_game_2,44,73,White,4r1k1/p5pp/3r4/2p5/5Q2/1qB5/7P/2K5 w - - 0 44,f4e3,22,-31999,4,c3d4,f4d2,1,33,,,,,
sprt_game_2,44,73,White,4r1k1/p5pp/3r4/2p5/5Q2/1qB5/7P/2K5 w - - 0 44,f4f2,23,-31999,4,c3d4,f4d2,1,33,,,,,
sprt_game_2,44,73,White,4r1k1/p5pp/3r4/2p5/5Q2/1qB5/7P/2K5 w - - 0 44,c3g7,24,-31999,4,c3d4,f4d2,1,33,,,,,
sprt_game_2,44,73,White,4r1k1/p5pp/3r4/2p5/5Q2/1qB5/7P/2K5 w - - 0 44,c3f6,25,-31999,4,c3d4,f4d2,1,33,,,,,
sprt_game_2,44,73,White,4r1k1/p5pp/3r4/2p5/5Q2/1qB5/7P/2K5 w - - 0 44,c3e5,26,-31999,4,c3d4,f4d2,1,33,,,,,
sprt_game_2,44,73,White,4r1k1/p5pp/3r4/2p5/5Q2/1qB5/7P/2K5 w - - 0 44,c3a5,27,-31999,4,c3d4,f4d2,1,33,,,,,
sprt_game_2,44,73,White,4r1k1/p5pp/3r4/2p5/5Q2/1qB5/7P/2K5 w - - 0 44,c3b4,28,-31999,4,c3d4,f4d2,1,33,,,,,
sprt_game_2,44,73,White,4r1k1/p5pp/3r4/2p5/5Q2/1qB5/7P/2K5 w - - 0 44,c3b2,29,-31999,4,c3d4,f4d2,1,33,,,,,
sprt_game_2,44,73,White,4r1k1/p5pp/3r4/2p5/5Q2/1qB5/7P/2K5 w - - 0 44,c3e1,30,-31999,4,c3d4,f4d2,1,33,,,,,
sprt_game_2,44,73,White,4r1k1/p5pp/3r4/2p5/5Q2/1qB5/7P/2K5 w - - 0 44,c3a1,31,-31999,4,c3d4,f4d2,1,33,,,,,
sprt_game_2,44,73,White,4r1k1/p5pp/3r4/2p5/5Q2/1qB5/7P/2K5 w - - 0 44,h2h3,32,-31999,4,c3d4,f4d2,1,33,,,,,
sprt_game_2,44,73,White,4r1k1/p5pp/3r4/2p5/5Q2/1qB5/7P/2K5 w - - 0 44,h2h4,33,-31999,4,c3d4,f4d2,1,33,,,,,
sprt_game_3,6,0,Black,r3kbnr/pbpp1ppp/1pn1pq2/8/2BPP3/2N1BN2/PPP2PPP/R2QK2R b KQkq - 3 6,f8b4,1,-100,0,e8c8,f8b4,3,43,,,,,
sprt_game_3,6,0,Black,r3kbnr/pbpp1ppp/1pn1pq2/8/2BPP3/2N1BN2/PPP2PPP/R2QK2R b KQkq - 3 6,c6a5,2,-134,34,e8c8,f8b4,3,43,,,,,
sprt_game_3,6,0,Black,r3kbnr/pbpp1ppp/1pn1pq2/8/2BPP3/2N1BN2/PPP2PPP/R2QK2R b KQkq - 3 6,f6d8,3,-144,44,e8c8,f8b4,3,43,,,,,
sprt_game_3,6,0,Black,r3kbnr/pbpp1ppp/1pn1pq2/8/2BPP3/2N1BN2/PPP2PPP/R2QK2R b KQkq - 3 6,a7a6,4,-169,69,e8c8,f8b4,3,43,,,,,
sprt_game_3,6,0,Black,r3kbnr/pbpp1ppp/1pn1pq2/8/2BPP3/2N1BN2/PPP2PPP/R2QK2R b KQkq - 3 6,h7h6,5,-171,71,e8c8,f8b4,3,43,,,,,
sprt_game_3,6,0,Black,r3kbnr/pbpp1ppp/1pn1pq2/8/2BPP3/2N1BN2/PPP2PPP/R2QK2R b KQkq - 3 6,f6g6,6,-174,74,e8c8,f8b4,3,43,,,,,
sprt_game_3,6,0,Black,r3kbnr/pbpp1ppp/1pn1pq2/8/2BPP3/2N1BN2/PPP2PPP/R2QK2R b KQkq - 3 6,a8c8,7,-177,77,e8c8,f8b4,3,43,,,,,
sprt_game_3,6,0,Black,r3kbnr/pbpp1ppp/1pn1pq2/8/2BPP3/2N1BN2/PPP2PPP/R2QK2R b KQkq - 3 6,g8h6,8,-181,81,e8c8,f8b4,3,43,,,,,
sprt_game_3,6,0,Black,r3kbnr/pbpp1ppp/1pn1pq2/8/2BPP3/2N1BN2/PPP2PPP/R2QK2R b KQkq - 3 6,f8e7,9,-186,86,e8c8,f8b4,3,43,,,,,
sprt_game_3,6,0,Black,r3kbnr/pbpp1ppp/1pn1pq2/8/2BPP3/2N1BN2/PPP2PPP/R2QK2R b KQkq - 3 6,c6b8,10,-190,90,e8c8,f8b4,3,43,,,,,
sprt_game_3,6,0,Black,r3kbnr/pbpp1ppp/1pn1pq2/8/2BPP3/2N1BN2/PPP2PPP/R2QK2R b KQkq - 3 6,f6e7,11,-191,91,e8c8,f8b4,3,43,,,,,
sprt_game_3,6,0,Black,r3kbnr/pbpp1ppp/1pn1pq2/8/2BPP3/2N1BN2/PPP2PPP/R2QK2R b KQkq - 3 6,g7g5,12,-193,93,e8c8,f8b4,3,43,,,,,
sprt_game_3,6,0,Black,r3kbnr/pbpp1ppp/1pn1pq2/8/2BPP3/2N1BN2/PPP2PPP/R2QK2R b KQkq - 3 6,e8c8,13,-213,113,e8c8,f8b4,3,43,,,,,
sprt_game_3,6,0,Black,r3kbnr/pbpp1ppp/1pn1pq2/8/2BPP3/2N1BN2/PPP2PPP/R2QK2R b KQkq - 3 6,g7g6,14,-214,114,e8c8,f8b4,3,43,,,,,
sprt_game_3,6,0,Black,r3kbnr/pbpp1ppp/1pn1pq2/8/2BPP3/2N1BN2/PPP2PPP/R2QK2R b KQkq - 3 6,a7a5,15,-222,122,e8c8,f8b4,3,43,,,,,
sprt_game_3,6,0,Black,r3kbnr/pbpp1ppp/1pn1pq2/8/2BPP3/2N1BN2/PPP2PPP/R2QK2R b KQkq - 3 6,c6d8,16,-223,123,e8c8,f8b4,3,43,,,,,
sprt_game_3,6,0,Black,r3kbnr/pbpp1ppp/1pn1pq2/8/2BPP3/2N1BN2/PPP2PPP/R2QK2R b KQkq - 3 6,d7d6,17,-223,123,e8c8,f8b4,3,43,,,,,
sprt_game_3,6,0,Black,r3kbnr/pbpp1ppp/1pn1pq2/8/2BPP3/2N1BN2/PPP2PPP/R2QK2R b KQkq - 3 6,a8d8,18,-229,129,e8c8,f8b4,3,43,,,,,
sprt_game_3,6,0,Black,r3kbnr/pbpp1ppp/1pn1pq2/8/2BPP3/2N1BN2/PPP2PPP/R2QK2R b KQkq - 3 6,a8b8,19,-233,133,e8c8,f8b4,3,43,,,,,
sprt_game_3,6,0,Black,r3kbnr/pbpp1ppp/1pn1pq2/8/2BPP3/2N1BN2/PPP2PPP/R2QK2R b KQkq - 3 6,c6b4,20,-238,138,e8c8,f8b4,3,43,,,,,
sprt_game_3,6,0,Black,r3kbnr/pbpp1ppp/1pn1pq2/8/2BPP3/2N1BN2/PPP2PPP/R2QK2R b KQkq - 3 6,b7c8,21,-239,139,e8c8,f8b4,3,43,,,,,
sprt_game_3,6,0,Black,r3kbnr/pbpp1ppp/1pn1pq2/8/2BPP3/2N1BN2/PPP2PPP/R2QK2R b KQkq - 3 6,h7h5,22,-241,141,e8c8,f8b4,3,43,,,,,
sprt_game_3,6,0,Black,r3kbnr/pbpp1ppp/1pn1pq2/8/2BPP3/2N1BN2/PPP2PPP/R2QK2R b KQkq - 3 6,e6e5,23,-268,168,e8c8,f8b4,3,43,,,,,
sprt_game_3,6,0,Black,r3kbnr/pbpp1ppp/1pn1pq2/8/2BPP3/2N1BN2/PPP2PPP/R2QK2R b KQkq - 3 6,f8d6,24,-279,179,e8c8,f8b4,3,43,,,,,
sprt_game_3,6,0,Black,r3kbnr/pbpp1ppp/1pn1pq2/8/2BPP3/2N1BN2/PPP2PPP/R2QK2R b KQkq - 3 6,b6b5,25,-283,183,e8c8,f8b4,3,43,,,,,
sprt_game_3,6,0,Black,r3kbnr/pbpp1ppp/1pn1pq2/8/2BPP3/2N1BN2/PPP2PPP/R2QK2R b KQkq - 3 6,d7d5,26,-300,200,e8c8,f8b4,3,43,,,,,
sprt_game_3,6,0,Black,r3kbnr/pbpp1ppp/1pn1pq2/8/2BPP3/2N1BN2/PPP2PPP/R2QK2R b KQkq - 3 6,g8e7,27,-341,241,e8c8,f8b4,3,43,,,,,
sprt_game_3,6,0,Black,r3kbnr/pbpp1ppp/1pn1pq2/8/2BPP3/2N1BN2/PPP2PPP/R2QK2R b KQkq - 3 6,c6d4,28,-359,259,e8c8,f8b4,3,43,,,,,
sprt_game_3,6,0,Black,r3kbnr/pbpp1ppp/1pn1pq2/8/2BPP3/2N1BN2/PPP2PPP/R2QK2R b KQkq - 3 6,c6e7,29,-366,266,e8c8,f8b4,3,43,,,,,
sprt_game_3,6,0,Black,r3kbnr/pbpp1ppp/1pn1pq2/8/2BPP3/2N1BN2/PPP2PPP/R2QK2R b KQkq - 3 6,f8a3,30,-429,329,e8c8,f8b4,3,43,,,,,
sprt_game_3,6,0,Black,r3kbnr/pbpp1ppp/1pn1pq2/8/2BPP3/2N1BN2/PPP2PPP/R2QK2R b KQkq - 3 6,f8c5,31,-478,378,e8c8,f8b4,3,43,,,,,
sprt_game_3,6,0,Black,r3kbnr/pbpp1ppp/1pn1pq2/8/2BPP3/2N1BN2/PPP2PPP/R2QK2R b KQkq - 3 6,c6e5,32,-480,380,e8c8,f8b4,3,43,,,,,
sprt_game_3,6,0,Black,r3kbnr/pbpp1ppp/1pn1pq2/8/2BPP3/2N1BN2/PPP2PPP/R2QK2R b KQkq - 3 6,f6f3,33,-523,423,e8c8,f8b4,3,43,,,,,
sprt_game_3,6,0,Black,r3kbnr/pbpp1ppp/1pn1pq2/8/2BPP3/2N1BN2/PPP2PPP/R2QK2R b KQkq - 3 6,e8e7,34,-557,457,e8c8,f8b4,3,43,,,,,
sprt_game_3,6,0,Black,r3kbnr/pbpp1ppp/1pn1pq2/8/2BPP3/2N1BN2/PPP2PPP/R2QK2R b KQkq - 3 6,f6h6,35,-560,460,e8c8,f8b4,3,43,,,,,
sprt_game_3,6,0,Black,r3kbnr/pbpp1ppp/1pn1pq2/8/2BPP3/2N1BN2/PPP2PPP/R2QK2R b KQkq - 3 6,e8d8,36,-572,472,e8c8,f8b4,3,43,,,,,
sprt_game_3,6,0,Black,r3kbnr/pbpp1ppp/1pn1pq2/8/2BPP3/2N1BN2/PPP2PPP/R2QK2R b KQkq - 3 6,b7a6,37,-582,482,e8c8,f8b4,3,43,,,,,
sprt_game_3,6,0,Black,r3kbnr/pbpp1ppp/1pn1pq2/8/2BPP3/2N1BN2/PPP2PPP/R2QK2R b KQkq - 3 6,f6d4,38,-606,506,e8c8,f8b4,3,43,,,,,
sprt_game_3,6,0,Black,r3kbnr/pbpp1ppp/1pn1pq2/8/2BPP3/2N1BN2/PPP2PPP/R2QK2R b KQkq - 3 6,f6f5,39,-676,576,e8c8,f8b4,3,43,,,,,
sprt_game_3,6,0,Black,r3kbnr/pbpp1ppp/1pn1pq2/8/2BPP3/2N1BN2/PPP2PPP/R2QK2R b KQkq - 3 6,f6h4,40,-682,582,e8c8,f8b4,3,43,,,,,
sprt_game_3,6,0,Black,r3kbnr/pbpp1ppp/1pn1pq2/8/2BPP3/2N1BN2/PPP2PPP/R2QK2R b KQkq - 3 6,f6e5,41,-684,584,e8c8,f8b4,3,43,,,,,
sprt_game_3,6,0,Black,r3kbnr/pbpp1ppp/1pn1pq2/8/2BPP3/2N1BN2/PPP2PPP/R2QK2R b KQkq - 3 6,f6g5,42,-696,596,e8c8,f8b4,3,43,,,,,
sprt_game_3,6,0,Black,r3kbnr/pbpp1ppp/1pn1pq2/8/2BPP3/2N1BN2/PPP2PPP/R2QK2R b KQkq - 3 6,f6f4,43,-701,601,e8c8,f8b4,3,43,,,,,
sprt_game_3,7,2,Black,r3k1nr/pbpp1ppp/1pn1pq2/8/1bBPP3/2N1BN2/PPP2PPP/R2Q1RK1 b kq - 5 7,b4c3,1,-97,0,c6d4,b4c3,3,45,,,,,
sprt_game_3,7,2,Black,r3k1nr/pbpp1ppp/1pn1pq2/8/1bBPP3/2N1BN2/PPP2PPP/R2Q1RK1 b kq - 5 7,f6d8,2,-122,25,c6d4,b4c3,3,45,,,,,
sprt_game_3,7,2,Black,r3k1nr/pbpp1ppp/1pn1pq2/8/1bBPP3/2N1BN2/PPP2PPP/R2Q1RK1 b kq - 5 7,c6a5,3,-123,26,c6d4,b4c3,3,45,,,,,
sprt_game_3,7,2,Black,r3k1nr/pbpp1ppp/1pn1pq2/8/1bBPP3/2N1BN2/PPP2PPP/R2Q1RK1 b kq - 5 7,c6b8,4,-165,68,c6d4,b4c3,3,45,,,,,
sprt_game_3,7,2,Black,r3k1nr/pbpp1ppp/1pn1pq2/8/1bBPP3/2N1BN2/PPP2PPP/R2Q1RK1 b kq - 5 7,a7a6,5,-172,75,c6d4,b4c3,3,45,,,,,
sprt_game_3,7,2,Black,r3k1nr/pbpp1ppp/1pn1pq2/8/1bBPP3/2N1BN2/PPP2PPP/R2Q1RK1 b kq - 5 7,a8c8,6,-174,77,c6d4,b4c3,3,45,,,,,
sprt_game_3,7,2,Black,r3k1nr/pbpp1ppp/1pn1pq2/8/1bBPP3/2N1BN2/PPP2PPP/R2Q1RK1 b kq - 5 7,h7h6,7,-179,82,c6d4,b4c3,3,45,,,,,
sprt_game_3,7,2,Black,r3k1nr/pbpp1ppp/1pn1pq2/8/1bBPP3/2N1BN2/PPP2PPP/R2Q1RK1 b kq - 5 7,g8h6,8,-200,103,c6d4,b4c3,3,45,,,,,
sprt_game_3,7,2,Black,r3k1nr/pbpp1ppp/1pn1pq2/8/1bBPP3/2N1BN2/PPP2PPP/R2Q1RK1 b kq - 5 7,f6e7,9,-211,114,c6d4,b4c3,3,45,,,,,
sprt_game_3,7,2,Black,r3k1nr/pbpp1ppp/1pn1pq2/8/1bBPP3/2N1BN2/PPP2PPP/R2Q1RK1 b kq - 5 7,f6g6,10,-212,115,c6d4,b4c3,3,45,,,,,
sprt_game_3,7,2,Black,r3k1nr/pbpp1ppp/1pn1pq2/8/1bBPP3/2N1BN2/PPP2PPP/R2Q1RK1 b kq - 5 7,e8c8,11,-222,125,c6d4,b4c3,3,45,,,,,
sprt_game_3,7,2,Black,r3k1nr/pbpp1ppp/1pn1pq2/8/1bBPP3/2N1BN2/PPP2PPP/R2Q1RK1 b kq - 5 7,e8f8,12,-223,126,c6d4,b4c3,3,45,,,,,
sprt_game_3,7,2,Black,r3k1nr/pbpp1ppp/1pn1pq2/8/1bBPP3/2N1BN2/PPP2PPP/R2Q1RK1 b kq - 5 7,b4e7,13,-223,126,c6d4,b4c3,3,45,,,,,
sprt_game_3,7,2,Black,r3k1nr/pbpp1ppp/1pn1pq2/8/1bBPP3/2N1BN2/PPP2PPP/R2Q1RK1 b kq - 5 7,a8b8,14,-264,167,c6d4,b4c3,3,45,,,,,
sprt_game_3,7,2,Black,r3k1nr/pbpp1ppp/1pn1pq2/8/1bBPP3/2N1BN2/PPP2PPP/R2Q1RK1 b kq - 5 7,h7h5,15,-268,171,c6d4,b4c3,3,45,,,,,
sprt_game_3,7,2,Black,r3k1nr/pbpp1ppp/1pn1pq2/8/1bBPP3/2N1BN2/PPP2PPP/R2Q1RK1 b kq - 5 7,d7d6,16,-280,183,c6d4,b4c3,3,45,,,,,
sprt_game_3,7,2,Black,r3k1nr/pbpp1ppp/1pn1pq2/8/1bBPP3/2N1BN2/PPP2PPP/R2Q1RK1 b kq - 5 7,b4a5,17,-281,184,c6d4,b4c3,3,45,,,,,
sprt_game_3,7,2,Black,r3k1nr/pbpp1ppp/1pn1pq2/8/1bBPP3/2N1BN2/PPP2PPP/R2Q1RK1 b kq - 5 7,a8d8,18,-292,195,c6d4,b4c3,3,45,,,,,
sprt_game_3,7,2,Black,r3k1nr/pbpp1ppp/1pn1pq2/8/1bBPP3/2N1BN2/PPP2PPP/R2Q1RK1 b kq - 5 7,g7g5,19,-296,199,c6d4,b4c3,3,45,,,,,
sprt_game_3,7,2,Black,r3k1nr/pbpp1ppp/1pn1pq2/8/1bBPP3/2N1BN2/PPP2PPP/R2Q1RK1 b kq - 5 7,b7c8,20,-300,203,c6d4,b4c3,3,45,,,,,
sprt_game_3,7,2,Black,r3k1nr/pbpp1ppp/1pn1pq2/8/1bBPP3/2N1BN2/PPP2PPP/R2Q1RK1 b kq - 5 7,a7a5,21,-300,203,c6d4,b4c3,3,45,,,,,
sprt_game_3,7,2,Black,r3k1nr/pbpp1ppp/1pn1pq2/8/1bBPP3/2N1BN2/PPP2PPP/R2Q1RK1 b kq - 5 7,g7g6,22,-311,214,c6d4,b4c3,3,45,,,,,
sprt_game_3,7,2,Black,r3k1nr/pbpp1ppp/1pn1pq2/8/1bBPP3/2N1BN2/PPP2PPP/R2Q1RK1 b kq - 5 7,c6d8,23,-325,228,c6d4,b4c3,3,45,,,,,
sprt_game_3,7,2,Black,r3k1nr/pbpp1ppp/1pn1pq2/8/1bBPP3/2N1BN2/PPP2PPP/R2Q1RK1 b kq - 5 7,b6b5,24,-329,232,c6d4,b4c3,3,45,,,,,
sprt_game_3,7,2,Black,r3k1nr/pbpp1ppp/1pn1pq2/8/1bBPP3/2N1BN2/PPP2PPP/R2Q1RK1 b kq - 5 7,b4f8,25,-342,245,c6d4,b4c3,3,45,,,,,
sprt_game_3,7,2,Black,r3k1nr/pbpp1ppp/1pn1pq2/8/1bBPP3/2N1BN2/PPP2PPP/R2Q1RK1 b kq - 5 7,g8e7,26,-345,248,c6d4,b4c3,3,45,,,,,
sprt_game_3,7,2,Black,r3k1nr/pbpp1ppp/1pn1pq2/8/1bBPP3/2N1BN2/PPP2PPP/R2Q1RK1 b kq - 5 7,b4d6,27,-347,250,c6d4,b4c3,3,45,,,,,
sprt_game_3,7,2,Black,r3k1nr/pbpp1ppp/1pn1pq2/8/1bBPP3/2N1BN2/PPP2PPP/R2Q1RK1 b kq - 5 7,d7d5,28,-350,253,c6d4,b4c3,3,45,,,,,
sprt_game_3,7,2,Black,r3k1nr/pbpp1ppp/1pn1pq2/8/1bBPP3/2N1BN2/PPP2PPP/R2Q1RK1 b kq - 5 7,c6d4,29,-409,312,c6d4,b4c3,3,45,,,,,
sprt_game_3,7,2,Black,r3k1nr/pbpp1ppp/1pn1pq2/8/1bBPP3/2N1BN2/PPP2PPP/R2Q1RK1 b kq - 5 7,e6e5,30,-413,316,c6d4,b4c3,3,45,,,,,
sprt_game_3,7,2,Black,r3k1nr/pbpp1ppp/1pn1pq2/8/1bBPP3/2N1BN2/PPP2PPP/R2Q1RK1 b kq - 5 7,c6e7,31,-440,343,c6d4,b4c3,3,45,,,,,
sprt_game_3,7,2,Black,r3k1nr/pbpp1ppp/1pn1pq2/8/1bBPP3/2N1BN2/PPP2PPP/R2Q1RK1 b kq - 5 7,b4a3,32,-476,379,c6d4,b4c3,3,45,,,,,
sprt_game_3,7,2,Black,r3k1nr/pbpp1ppp/1pn1pq2/8/1bBPP3/2N1BN2/PPP2PPP/R2Q1RK1 b kq - 5 7,b4c5,33,-483,386,c6d4,b4c3,3,45,,,,,
sprt_game_3,7,2,Black,r3k1nr/pbpp1ppp/1pn1pq2/8/1bBPP3/2N1BN2/PPP2PPP/R2Q1RK1 b kq - 5 7,c6e5,34,-486,389,c6d4,b4c3,3,45,,,,,
sprt_game_3,7,2,Black,r3k1nr/pbpp1ppp/1pn1pq2/8/1bBPP3/2N1BN2/PPP2PPP/R2Q1RK1 b kq - 5 7,f6f3,35,-524,427,c6d4,b4c3,3,45,,,,,
sprt_game_3,7,2,Black,r3k1nr/pbpp1ppp/1pn1pq2/8/1bBPP3/2N1BN2/PPP2PPP/R2Q1RK1 b kq - 5 7,e8e7,36,-543,446,c6d4,b4c3,3,45,,,,,
sprt_game_3,7,2,Black,r3k1nr/pbpp1ppp/1pn1pq2/8/1bBPP3/2N1BN2/PPP2PPP/R2Q1RK1 b kq - 5 7,b7a6,37,-565,468,c6d4,b4c3,3,45,,,,,
sprt_game_3,7,2,Black,r3k1nr/pbpp1ppp/1pn1pq2/8/1bBPP3/2N1BN2/PPP2PPP/R2Q1RK1 b kq - 5 7,e8d8,38,-577,480,c6d4,b4c3,3,45,,,,,
sprt_game_3,7,2,Black,r3k1nr/pbpp1ppp/1pn1pq2/8/1bBPP3/2N1BN2/PPP2PPP/R2Q1RK1 b kq - 5 7,f6h6,39,-581,484,c6d4,b4c3,3,45,,,,,
sprt_game_3,7,2,Black,r3k1nr/pbpp1ppp/1pn1pq2/8/1bBPP3/2N1BN2/PPP2PPP/R2Q1RK1 b kq - 5 7,f6d4,40,-630,533,c6d4,b4c3,3,45,,,,,
sprt_game_3,7,2,Black,r3k1nr/pbpp1ppp/1pn1pq2/8/1bBPP3/2N1BN2/PPP2PPP/R2Q1RK1 b kq - 5 7,f6f5,41,-666,569,c6d4,b4c3,3,45,,,,,
sprt_game_3,7,2,Black,r3k1nr/pbpp1ppp/1pn1pq2/8/1bBPP3/2N1BN2/PPP2PPP/R2Q1RK1 b kq - 5 7,f6h4,42,-677,580,c6d4,b4c3,3,45,,,,,
sprt_game_3,7,2,Black,r3k1nr/pbpp1ppp/1pn1pq2/8/1bBPP3/2N1BN2/PPP2PPP/R2Q1RK1 b kq - 5 7,f6e5,43,-689,592,c6d4,b4c3,3,45,,,,,
sprt_game_3,7,2,Black,r3k1nr/pbpp1ppp/1pn1pq2/8/1bBPP3/2N1BN2/PPP2PPP/R2Q1RK1 b kq - 5 7,f6g5,44,-699,602,c6d4,b4c3,3,45,,,,,
sprt_game_3,7,2,Black,r3k1nr/pbpp1ppp/1pn1pq2/8/1bBPP3/2N1BN2/PPP2PPP/R2Q1RK1 b kq - 5 7,f6f4,45,-707,610,c6d4,b4c3,3,45,,,,,
sprt_game_3,8,4,Black,r3k1nr/pbpp1ppp/1pn1pq2/8/2BPP3/2P1BN2/P1P2PPP/R2Q1RK1 b kq - 0 8,h7h6,1,-93,0,c6d4,d7d6,3,39,,,,,
sprt_game_3,8,4,Black,r3k1nr/pbpp1ppp/1pn1pq2/8/2BPP3/2P1BN2/P1P2PPP/R2Q1RK1 b kq - 0 8,d7d6,2,-104,11,c6d4,d7d6,3,39,,,,,
sprt_game_3,8,4,Black,r3k1nr/pbpp1ppp/1pn1pq2/8/2BPP3/2P1BN2/P1P2PPP/R2Q1RK1 b kq - 0 8,f6d8,3,-111,18,c6d4,d7d6,3,39,,,,,
sprt_game_3,8,4,Black,r3k1nr/pbpp1ppp/1pn1pq2/8/2BPP3/2P1BN2/P1P2PPP/R2Q1RK1 b kq - 0 8,f6e7,4,-114,21,c6d4,d7d6,3,39,,,,,
sprt_game_3,8,4,Black,r3k1nr/pbpp1ppp/1pn1pq2/8/2BPP3/2P1BN2/P1P2PPP/R2Q1RK1 b kq - 0 8,c6a5,5,-125,32,c6d4,d7d6,3,39,,,,,
sprt_game_3,8,4,Black,r3k1nr/pbpp1ppp/1pn1pq2/8/2BPP3/2P1BN2/P1P2PPP/R2Q1RK1 b kq - 0 8,f6g6,6,-143,50,c6d4,d7d6,3,39,,,,,
sprt_game_3,8,4,Black,r3k1nr/pbpp1ppp/1pn1pq2/8/2BPP3/2P1BN2/P1P2PPP/R2Q1RK1 b kq - 0 8,c6b8,7,-144,51,c6d4,d7d6,3,39,,,,,
sprt_game_3,8,4,Black,r3k1nr/pbpp1ppp/1pn1pq2/8/2BPP3/2P1BN2/P1P2PPP/R2Q1RK1 b kq - 0 8,g8h6,8,-146,53,c6d4,d7d6,3,39,,,,,
sprt_game_3,8,4,Black,r3k1nr/pbpp1ppp/1pn1pq2/8/2BPP3/2P1BN2/P1P2PPP/R2Q1RK1 b kq - 0 8,c6d8,9,-146,53,c6d4,d7d6,3,39,,,,,
sprt_game_3,8,4,Black,r3k1nr/pbpp1ppp/1pn1pq2/8/2BPP3/2P1BN2/P1P2PPP/R2Q1RK1 b kq - 0 8,g8e7,10,-149,56,c6d4,d7d6,3,39,,,,,
sprt_game_3,8,4,Black,r3k1nr/pbpp1ppp/1pn1pq2/8/2BPP3/2P1BN2/P1P2PPP/R2Q1RK1 b kq - 0 8,c6e7,11,-157,64,c6d4,d7d6,3,39,,,,,
sprt_game_3,8,4,Black,r3k1nr/pbpp1ppp/1pn1pq2/8/2BPP3/2P1BN2/P1P2PPP/R2Q1RK1 b kq - 0 8,a8c8,12,-160,67,c6d4,d7d6,3,39,,,,,
sprt_game_3,8,4,Black,r3k1nr/pbpp1ppp/1pn1pq2/8/2BPP3/2P1BN2/P1P2PPP/R2Q1RK1 b kq - 0 8,a7a5,13,-163,70,c6d4,d7d6,3,39,,,,,
sprt_game_3,8,4,Black,r3k1nr/pbpp1ppp/1pn1pq2/8/2BPP3/2P1BN2/P1P2PPP/R2Q1RK1 b kq - 0 8,e8f8,14,-165,72,c6d4,d7d6,3,39,,,,,
sprt_game_3,8,4,Black,r3k1nr/pbpp1ppp/1pn1pq2/8/2BPP3/2P1BN2/P1P2PPP/R2Q1RK1 b kq - 0 8,a7a6,15,-170,77,c6d4,d7d6,3,39,,,,,
sprt_game_3,8,4,Black,r3k1nr/pbpp1ppp/1pn1pq2/8/2BPP3/2P1BN2/P1P2PPP/R2Q1RK1 b kq - 0 8,a8b8,16,-175,82,c6d4,d7d6,3,39,,,,,
sprt_game_3,8,4,Black,r3k1nr/pbpp1ppp/1pn1pq2/8/2BPP3/2P1BN2/P1P2PPP/R2Q1RK1 b kq - 0 8,b7c8,17,-175,82,c6d4,d7d6,3,39,,,,,
sprt_game_3,8,4,Black,r3k1nr/pbpp1ppp/1pn1pq2/8/2BPP3/2P1BN2/P1P2PPP/R2Q1RK1 b kq - 0 8,h7h5,18,-178,85,c6d4,d7d6,3,39,,,,,
sprt_game_3,8,4,Black,r3k1nr/pbpp1ppp/1pn1pq2/8/2BPP3/2P1BN2/P1P2PPP/R2Q1RK1 b kq - 0 8,e8c8,19,-191,98,c6d4,d7d6,3,39,,,,,
sprt_game_3,8,4,Black,r3k1nr/pbpp1ppp/1pn1pq2/8/2BPP3/2P1BN2/P1P2PPP/R2Q1RK1 b kq - 0 8,e6e5,20,-214,121,c6d4,d7d6,3,39,,,,,
sprt_game_3,8,4,Black,r3k1nr/pbpp1ppp/1pn1pq2/8/2BPP3/2P1BN2/P1P2PPP/R2Q1RK1 b kq - 0 8,d7d5,21,-231,138,c6d4,d7d6,3,39,,,,,
sprt_game_3,8,4,Black,r3k1nr/pbpp1ppp/1pn1pq2/8/2BPP3/2P1BN2/P1P2PPP/R2Q1RK1 b kq - 0 8,a8d8,22,-237,144,c6d4,d7d6,3,39,,,,,
sprt_game_3,8,4,Black,r3k1nr/pbpp1ppp/1pn1pq2/8/2BPP3/2P1BN2/P1P2PPP/R2Q1RK1 b kq - 0 8,g7g6,23,-247,154,c6d4,d7d6,3,39,,,,,
sprt_game_3,8,4,Black,r3k1nr/pbpp1ppp/1pn1pq2/8/2BPP3/2P1BN2/P1P2PPP/R2Q1RK1 b kq - 0 8,g7g5,24,-261,168,c6d4,d7d6,3,39,,,,,
sprt_game_3,8,4,Black,r3k1nr/pbpp1ppp/1pn1pq2/8/2BPP3/2P1BN2/P1P2PPP/R2Q1RK1 b kq - 0 8,b6b5,25,-299,206,c6d4,d7d6,3,39,,,,,
sprt_game_3,8,4,Black,r3k1nr/pbpp1ppp/1pn1pq2/8/2BPP3/2P1BN2/P1P2PPP/R2Q1RK1 b kq - 0 8,c6d4,26,-372,279,c6d4,d7d6,3,39,,,,,
sprt_game_3,8,4,Black,r3k1nr/pbpp1ppp/1pn1pq2/8/2BPP3/2P1BN2/P1P2PPP/R2Q1RK1 b kq - 0 8,c6b4,27,-441,348,c6d4,d7d6,3,39,,,,,
sprt_game_3,8,4,Black,r3k1nr/pbpp1ppp/1pn1pq2/8/2BPP3/2P1BN2/P1P2PPP/R2Q1RK1 b kq - 0 8,c6e5,28,-448,355,c6d4,d7d6,3,39,,,,,
sprt_game_3,8,4,Black,r3k1nr/pbpp1ppp/1pn1pq2/8/2BPP3/2P1BN2/P1P2PPP/R2Q1RK1 b kq - 0 8,f6f3,29,-537,444,c6d4,d7d6,3,39,,,,,
sprt_game_3,8,4,Black,r3k1nr/pbpp1ppp/1pn1pq2/8/2BPP3/2P1BN2/P1P2PPP/R2Q1RK1 b kq - 0 8,e8e7,30,-548,455,c6d4,d7d6,3,39,,,,,
sprt_game_3,8,4,Black,r3k1nr/pbpp1ppp/1pn1pq2/8/2BPP3/2P1BN2/P1P2PPP/R2Q1RK1 b kq - 0 8,b7a6,31,-554,461,c6d4,d7d6,3,39,,,,,
sprt_game_3,8,4,Black,r3k1nr/pbpp1ppp/1pn1pq2/8/2BPP3/2P1BN2/P1P2PPP/R2Q1RK1 b kq - 0 8,f6h6,32,-568,475,c6d4,d7d6,3,39,,,,,
sprt_game_3,8,4,Black,r3k1nr/pbpp1ppp/1pn1pq2/8/2BPP3/2P1BN2/P1P2PPP/R2Q1RK1 b kq - 0 8,e8d8,33,-572,479,c6d4,d7d6,3,39,,,,,
sprt_game_3,8,4,Black,r3k1nr/pbpp1ppp/1pn1pq2/8/2BPP3/2P1BN2/P1P2PPP/R2Q1RK1 b kq - 0 8,f6d4,34,-659,566,c6d4,d7d6,3,39,,,,,
sprt_game_3,8,4,Black,r3k1nr/pbpp1ppp/1pn1pq2/8/2BPP3/2P1BN2/P1P2PPP/R2Q1RK1 b kq - 0 8,f6h4,35,-668,575,c6d4,d7d6,3,39,,,,,
sprt_game_3,8,4,Black,r3k1nr/pbpp1ppp/1pn1pq2/8/2BPP3/2P1BN2/P1P2PPP/R2Q1RK1 b kq - 0 8,f6e5,36,-673,580,c6d4,d7d6,3,39,,,,,
sprt_game_3,8,4,Black,r3k1nr/pbpp1ppp/1pn1pq2/8/2BPP3/2P1BN2/P1P2PPP/R2Q1RK1 b kq - 0 8,f6f5,37,-681,588,c6d4,d7d6,3,39,,,,,
sprt_game_3,8,4,Black,r3k1nr/pbpp1ppp/1pn1pq2/8/2BPP3/2P1BN2/P1P2PPP/R2Q1RK1 b kq - 0 8,f6g5,38,-692,599,c6d4,d7d6,3,39,,,,,
sprt_game_3,8,4,Black,r3k1nr/pbpp1ppp/1pn1pq2/8/2BPP3/2P1BN2/P1P2PPP/R2Q1RK1 b kq - 0 8,f6f4,39,-711,618,c6d4,d7d6,3,39,,,,,
sprt_game_3,9,6,Black,r3k1nr/pbppqppp/1pn1p3/8/3PP3/2PBBN2/P1P2PPP/R2Q1RK1 b kq - 2 9,d7d6,1,-123,0,g8f6,d7d6,3,37,,,,,
sprt_game_3,9,6,Black,r3k1nr/pbppqppp/1pn1p3/8/3PP3/2PBBN2/P1P2PPP/R2Q1RK1 b kq - 2 9,g8f6,2,-125,2,g8f6,d7d6,3,37,,,,,
sprt_game_3,9,6,Black,r3k1nr/pbppqppp/1pn1p3/8/3PP3/2PBBN2/P1P2PPP/R2Q1RK1 b kq - 2 9,e8c8,3,-130,7,g8f6,d7d6,3,37,,,,,
sprt_game_3,9,6,Black,r3k1nr/pbppqppp/1pn1p3/8/3PP3/2PBBN2/P1P2PPP/R2Q1RK1 b kq - 2 9,c6d8,4,-138,15,g8f6,d7d6,3,37,,,,,
sprt_game_3,9,6,Black,r3k1nr/pbppqppp/1pn1p3/8/3PP3/2PBBN2/P1P2PPP/R2Q1RK1 b kq - 2 9,c6a5,5,-138,15,g8f6,d7d6,3,37,,,,,
sprt_game_3,9,6,Black,r3k1nr/pbppqppp/1pn1p3/8/3PP3/2PBBN2/P1P2PPP/R2Q1RK1 b kq - 2 9,e6e5,6,-140,17,g8f6,d7d6,3,37,,,,,
sprt_game_3,9,6,Black,r3k1nr/pbppqppp/1pn1p3/8/3PP3/2PBBN2/P1P2PPP/R2Q1RK1 b kq - 2 9,h7h6,7,-150,27,g8f6,d7d6,3,37,,,,,
sprt_game_3,9,6,Black,r3k1nr/pbppqppp/1pn1p3/8/3PP3/2PBBN2/P1P2PPP/R2Q1RK1 b kq - 2 9,f7f6,8,-156,33,g8f6,d7d6,3,37,,,,,
sprt_game_3,9,6,Black,r3k1nr/pbppqppp/1pn1p3/8/3PP3/2PBBN2/P1P2PPP/R2Q1RK1 b kq - 2 9,e7f8,9,-158,35,g8f6,d7d6,3,37,,,,,
sprt_game_3,9,6,Black,r3k1nr/pbppqppp/1pn1p3/8/3PP3/2PBBN2/P1P2PPP/R2Q1RK1 b kq - 2 9,c6b8,10,-159,36,g8f6,d7d6,3,37,,,,,
sprt_game_3,9,6,Black,r3k1nr/pbppqppp/1pn1p3/8/3PP3/2PBBN2/P1P2PPP/R2Q1RK1 b kq - 2 9,g8h6,11,-164,41,g8f6,d7d6,3,37,,,,,
sprt_game_3,9,6,Black,r3k1nr/pbppqppp/1pn1p3/8/3PP3/2PBBN2/P1P2PPP/R2Q1RK1 b kq - 2 9,b7c8,12,-168,45,g8f6,d7d6,3,37,,,,,
sprt_game_3,9,6,Black,r3k1nr/pbppqppp/1pn1p3/8/3PP3/2PBBN2/P1P2PPP/R2Q1RK1 b kq - 2 9,e7d8,13,-169,46,g8f6,d7d6,3,37,,,,,
sprt_game_3,9,6,Black,r3k1nr/pbppqppp/1pn1p3/8/3PP3/2PBBN2/P1P2PPP/R2Q1RK1 b kq - 2 9,g7g6,14,-170,47,g8f6,d7d6,3,37,,,,,
sprt_game_3,9,6,Black,r3k1nr/pbppqppp/1pn1p3/8/3PP3/2PBBN2/P1P2PPP/R2Q1RK1 b kq - 2 9,a7a6,15,-171,48,g8f6,d7d6,3,37,,,,,
sprt_game_3,9,6,Black,r3k1nr/pbppqppp/1pn1p3/8/3PP3/2PBBN2/P1P2PPP/R2Q1RK1 b kq - 2 9,e7d6,16,-172,49,g8f6,d7d6,3,37,,,,,
sprt_game_3,9,6,Black,r3k1nr/pbppqppp/1pn1p3/8/3PP3/2PBBN2/P1P2PPP/R2Q1RK1 b kq - 2 9,a7a5,17,-178,55,g8f6,d7d6,3,37,,,,,
sprt_game_3,9,6,Black,r3k1nr/pbppqppp/1pn1p3/8/3PP3/2PBBN2/P1P2PPP/R2Q1RK1 b kq - 2 9,h7h5,18,-179,56,g8f6,d7d6,3,37,,,,,
sprt_game_3,9,6,Black,r3k1nr/pbppqppp/1pn1p3/8/3PP3/2PBBN2/P1P2PPP/R2Q1RK1 b kq - 2 9,a8c8,19,-180,57,g8f6,d7d6,3,37,,,,,
sprt_game_3,9,6,Black,r3k1nr/pbppqppp/1pn1p3/8/3PP3/2PBBN2/P1P2PPP/R2Q1RK1 b kq - 2 9,e8f8,20,-183,60,g8f6,d7d6,3,37,,,,,
sprt_game_3,9,6,Black,r3k1nr/pbppqppp/1pn1p3/8/3PP3/2PBBN2/P1P2PPP/R2Q1RK1 b kq - 2 9,a8b8,21,-191,68,g8f6,d7d6,3,37,,,,,
sprt_game_3,9,6,Black,r3k1nr/pbppqppp/1pn1p3/8/3PP3/2PBBN2/P1P2PPP/R2Q1RK1 b kq - 2 9,e7a3,22,-192,69,g8f6,d7d6,3,37,,,,,
sprt_game_3,9,6,Black,r3k1nr/pbppqppp/1pn1p3/8/3PP3/2PBBN2/P1P2PPP/R2Q1RK1 b kq - 2 9,a8d8,23,-194,71,g8f6,d7d6,3,37,,,,,
sprt_game_3,9,6,Black,r3k1nr/pbppqppp/1pn1p3/8/3PP3/2PBBN2/P1P2PPP/R2Q1RK1 b kq - 2 9,e7f6,24,-200,77,g8f6,d7d6,3,37,,,,,
sprt_game_3,9,6,Black,r3k1nr/pbppqppp/1pn1p3/8/3PP3/2PBBN2/P1P2PPP/R2Q1RK1 b kq - 2 9,e8d8,25,-214,91,g8f6,d7d6,3,37,,,,,
sprt_game_3,9,6,Black,r3k1nr/pbppqppp/1pn1p3/8/3PP3/2PBBN2/P1P2PPP/R2Q1RK1 b kq - 2 9,d7d5,26,-221,98,g8f6,d7d6,3,37,,,,,
sprt_game_3,9,6,Black,r3k1nr/pbppqppp/1pn1p3/8/3PP3/2PBBN2/P1P2PPP/R2Q1RK1 b kq - 2 9,f7f5,27,-227,104,g8f6,d7d6,3,37,,,,,
sprt_game_3,9,6,Black,r3k1nr/pbppqppp/1pn1p3/8/3PP3/2PBBN2/P1P2PPP/R2Q1RK1 b kq - 2 9,b6b5,28,-244,121,g8f6,d7d6,3,37,,,,,
sprt_game_3,9,6,Black,r3k1nr/pbppqppp/1pn1p3/8/3PP3/2PBBN2/P1P2PPP/R2Q1RK1 b kq - 2 9,g7g5,29,-251,128,g8f6,d7d6,3,37,,,,,
sprt_game_3,9,6,Black,r3k1nr/pbppqppp/1pn1p3/8/3PP3/2PBBN2/P1P2PPP/R2Q1RK1 b kq - 2 9,c6d4,30,-446,323,g8f6,d7d6,3,37,,,,,
sprt_game_3,9,6,Black,r3k1nr/pbppqppp/1pn1p3/8/3PP3/2PBBN2/P1P2PPP/R2Q1RK1 b kq - 2 9,c6e5,31,-481,358,g8f6,d7d6,3,37,,,,,
sprt_game_3,9,6,Black,r3k1nr/pbppqppp/1pn1p3/8/3PP3/2PBBN2/P1P2PPP/R2Q1RK1 b kq - 2 9,c6b4,32,-482,359,g8f6,d7d6,3,37,,,,,
sprt_game_3,9,6,Black,r3k1nr/pbppqppp/1pn1p3/8/3PP3/2PBBN2/P1P2PPP/R2Q1RK1 b kq - 2 9,b7a6,33,-558,435,g8f6,d7d6,3,37,,,,,
sprt_game_3,9,6,Black,r3k1nr/pbppqppp/1pn1p3/8/3PP3/2PBBN2/P1P2PPP/R2Q1RK1 b kq - 2 9,e7h4,34,-696,573,g8f6,d7d6,3,37,,,,,
sprt_game_3,9,6,Black,r3k1nr/pbppqppp/1pn1p3/8/3PP3/2PBBN2/P1P2PPP/R2Q1RK1 b kq - 2 9,e7c5,35,-698,575,g8f6,d7d6,3,37,,,,,
sprt_game_3,9,6,Black,r3k1nr/pbppqppp/1pn1p3/8/3PP3/2PBBN2/P1P2PPP/R2Q1RK1 b kq - 2 9,e7b4,36,-702,579,g8f6,d7d6,3,37,,,,,
sprt_game_3,9,6,Black,r3k1nr/pbppqppp/1pn1p3/8/3PP3/2PBBN2/P1P2PPP/R2Q1RK1 b kq - 2 9,e7g5,37,-712,589,g8f6,d7d6,3,37,,,,,
sprt_game_3,11,10,Black,r3k2r/pbppqppp/1pn1p3/3nP3/3P4/2PB1N2/P1PB1PPP/R2Q1RK1 b kq - 2 11,f7f5,1,-134,0,d5c3,f7f5,3,41,,,,,
sprt_game_3,11,10,Black,r3k2r/pbppqppp/1pn1p3/3nP3/3P4/2PB1N2/P1PB1PPP/R2Q1RK1 b kq - 2 11,h7h6,2,-137,3,d5c3,f7f5,3,41,,,,,
sprt_game_3,11,10,Black,r3k2r/pbppqppp/1pn1p3/3nP3/3P4/2PB1N2/P1PB1PPP/R2Q1RK1 b kq - 2 11,c6d8,3,-145,11,d5c3,f7f5,3,41,,,,,
sprt_game_3,11,10,Black,r3k2r/pbppqppp/1pn1p3/3nP3/3P4/2PB1N2/P1PB1PPP/R2Q1RK1 b kq - 2 11,e8c8,4,-155,21,d5c3,f7f5,3,41,,,,,
sprt_game_3,11,10,Black,r3k2r/pbppqppp/1pn1p3/3nP3/3P4/2PB1N2/P1PB1PPP/R2Q1RK1 b kq - 2 11,e7a3,5,-160,26,d5c3,f7f5,3,41,,,,,
sprt_game_3,11,10,Black,r3k2r/pbppqppp/1pn1p3/3nP3/3P4/2PB1N2/P1PB1PPP/R2Q1RK1 b kq - 2 11,c6a5,6,-164,30,d5c3,f7f5,3,41,,,,,
sprt_game_3,11,10,Black,r3k2r/pbppqppp/1pn1p3/3nP3/3P4/2PB1N2/P1PB1PPP/R2Q1RK1 b kq - 2 11,b6b5,7,-174,40,d5c3,f7f5,3,41,,,,,
sprt_game_3,11,10,Black,r3k2r/pbppqppp/1pn1p3/3nP3/3P4/2PB1N2/P1PB1PPP/R2Q1RK1 b kq - 2 11,e7f8,8,-176,42,d5c3,f7f5,3,41,,,,,
sprt_game_3,11,10,Black,r3k2r/pbppqppp/1pn1p3/3nP3/3P4/2PB1N2/P1PB1PPP/R2Q1RK1 b kq - 2 11,e7d8,9,-178,44,d5c3,f7f5,3,41,,,,,
sprt_game_3,11,10,Black,r3k2r/pbppqppp/1pn1p3/3nP3/3P4/2PB1N2/P1PB1PPP/R2Q1RK1 b kq - 2 11,a8b8,10,-180,46,d5c3,f7f5,3,41,,,,,
sprt_game_3,11,10,Black,r3k2r/pbppqppp/1pn1p3/3nP3/3P4/2PB1N2/P1PB1PPP/R2Q1RK1 b kq - 2 11,a8c8,11,-186,52,d5c3,f7f5,3,41,,,,,
sprt_game_3,11,10,Black,r3k2r/pbppqppp/1pn1p3/3nP3/3P4/2PB1N2/P1PB1PPP/R2Q1RK1 b kq - 2 11,a7a5,12,-189,55,d5c3,f7f5,3,41,,,,,
sprt_game_3,11,10,Black,r3k2r/pbppqppp/1pn1p3/3nP3/3P4/2PB1N2/P1PB1PPP/R2Q1RK1 b kq - 2 11,h8f8,13,-198,64,d5c3,f7f5,3,41,,,,,
sprt_game_3,11,10,Black,r3k2r/pbppqppp/1pn1p3/3nP3/3P4/2PB1N2/P1PB1PPP/R2Q1RK1 b kq - 2 11,c6b8,14,-198,64,d5c3,f7f5,3,41,,,,,
sprt_game_3,11,10,Black,r3k2r/pbppqppp/1pn1p3/3nP3/3P4/2PB1N2/P1PB1PPP/R2Q1RK1 b kq - 2 11,e8d8,15,-200,66,d5c3,f7f5,3,41,,,,,
sprt_game_3,11,10,Black,r3k2r/pbppqppp/1pn1p3/3nP3/3P4/2PB1N2/P1PB1PPP/R2Q1RK1 b kq - 2 11,g7g5,16,-207,73,d5c3,f7f5,3,41,,,,,
sprt_game_3,11,10,Black,r3k2r/pbppqppp/1pn1p3/3nP3/3P4/2PB1N2/P1PB1PPP/R2Q1RK1 b kq - 2 11,h7h5,17,-210,76,d5c3,f7f5,3,41,,,,,
sprt_game_3,11,10,Black,r3k2r/pbppqppp/1pn1p3/3nP3/3P4/2PB1N2/P1PB1PPP/R2Q1RK1 b kq - 2 11,h8g8,18,-211,77,d5c3,f7f5,3,41,,,,,
sprt_game_3,11,10,Black,r3k2r/pbppqppp/1pn1p3/3nP3/3P4/2PB1N2/P1PB1PPP/R2Q1RK1 b kq - 2 11,a8d8,19,-218,84,d5c3,f7f5,3,41,,,,,
sprt_game_3,11,10,Black,r3k2r/pbppqppp/1pn1p3/3nP3/3P4/2PB1N2/P1PB1PPP/R2Q1RK1 b kq - 2 11,a7a6,20,-219,85,d5c3,f7f5,3,41,,,,,
sprt_game_3,11,10,Black,r3k2r/pbppqppp/1pn1p3/3nP3/3P4/2PB1N2/P1PB1PPP/R2Q1RK1 b kq - 2 11,b7c8,21,-221,87,d5c3,f7f5,3,41,,,,,
sprt_game_3,11,10,Black,r3k2r/pbppqppp/1pn1p3/3nP3/3P4/2PB1N2/P1PB1PPP/R2Q1RK1 b kq - 2 11,f7f6,22,-224,90,d5c3,f7f5,3,41,,,,,
sprt_game_3,11,10,Black,r3k2r/pbppqppp/1pn1p3/3nP3/3P4/2PB1N2/P1PB1PPP/R2Q1RK1 b kq - 2 11,e8f8,23,-227,93,d5c3,f7f5,3,41,,,,,
sprt_game_3,11,10,Black,r3k2r/pbppqppp/1pn1p3/3nP3/3P4/2PB1N2/P1PB1PPP/R2Q1RK1 b kq - 2 11,d7d6,24,-234,100,d5c3,f7f5,3,41,,,,,
sprt_game_3,11,10,Black,r3k2r/pbppqppp/1pn1p3/3nP3/3P4/2PB1N2/P1PB1PPP/R2Q1RK1 b kq - 2 11,g7g6,25,-297,163,d5c3,f7f5,3,41,,,,,
sprt_game_3,11,10,Black,r3k2r/pbppqppp/1pn1p3/3nP3/3P4/2PB1N2/P1PB1PPP/R2Q1RK1 b kq - 2 11,e8g8,26,-325,191,d5c3,f7f5,3,41,,,,,
sprt_game_3,11,10,Black,r3k2r/pbppqppp/1pn1p3/3nP3/3P4/2PB1N2/P1PB1PPP/R2Q1RK1 b kq - 2 11,d5c3,27,-362,228,d5c3,f7f5,3,41,,,,,
sprt_game_3,11,10,Black,r3k2r/pbppqppp/1pn1p3/3nP3/3P4/2PB1N2/P1PB1PPP/R2Q1RK1 b kq - 2 11,d5f6,28,-373,239,d5c3,f7f5,3,41,,,,,
sprt_game_3,11,10,Black,r3k2r/pbppqppp/1pn1p3/3nP3/3P4/2PB1N2/P1PB1PPP/R2Q1RK1 b kq - 2 11,c6e5,29,-379,245,d5c3,f7f5,3,41,,,,,
sprt_game_3,11,10,Black,r3k2r/pbppqppp/1pn1p3/3nP3/3P4/2PB1N2/P1PB1PPP/R2Q1RK1 b kq - 2 11,d5b4,30,-415,281,d5c3,f7f5,3,41,,,,,
sprt_game_3,11,10,Black,r3k2r/pbppqppp/1pn1p3/3nP3/3P4/2PB1N2/P1PB1PPP/R2Q1RK1 b kq - 2 11,c6b4,31,-421,287,d5c3,f7f5,3,41,,,,,
sprt_game_3,11,10,Black,r3k2r/pbppqppp/1pn1p3/3nP3/3P4/2PB1N2/P1PB1PPP/R2Q1RK1 b kq - 2 11,c6d4,32,-428,294,d5c3,f7f5,3,41,,,,,
sprt_game_3,11,10,Black,r3k2r/pbppqppp/1pn1p3/3nP3/3P4/2PB1N2/P1PB1PPP/R2Q1RK1 b kq - 2 11,d5f4,33,-441,307,d5c3,f7f5,3,41,,,,,
sprt_game_3,11,10,Black,r3k2r/pbppqppp/1pn1p3/3nP3/3P4/2PB1N2/P1PB1PPP/R2Q1RK1 b kq - 2 11,d5e3,34,-460,326,d5c3,f7f5,3,41,,,,,
sprt_game_3,11,10,Black,r3k2r/pbppqppp/1pn1p3/3nP3/3P4/2PB1N2/P1PB1PPP/R2Q1RK1 b kq - 2 11,b7a6,35,-504,370,d5c3,f7f5,3,41,,,,,
sprt_game_3,11,10,Black,r3k2r/pbppqppp/1pn1p3/3nP3/3P4/2PB1N2/P1PB1PPP/R2Q1RK1 b kq - 2 11,e7f6,36,-644,510,d5c3,f7f5,3,41,,,,,
sprt_game_3,11,10,Black,r3k2r/pbppqppp/1pn1p3/3nP3/3P4/2PB1N2/P1PB1PPP/R2Q1RK1 b kq - 2 11,e7b4,37,-661,527,d5c3,f7f5,3,41,,,,,
sprt_game_3,11,10,Black,r3k2r/pbppqppp/1pn1p3/3nP3/3P4/2PB1N2/P1PB1PPP/R2Q1RK1 b kq - 2 11,e7c5,38,-662,528,d5c3,f7f5,3,41,,,,,
sprt_game_3,11,10,Black,r3k2r/pbppqppp/1pn1p3/3nP3/3P4/2PB1N2/P1PB1PPP/R2Q1RK1 b kq - 2 11,e7h4,39,-662,528,d5c3,f7f5,3,41,,,,,
sprt_game_3,11,10,Black,r3k2r/pbppqppp/1pn1p3/3nP3/3P4/2PB1N2/P1PB1PPP/R2Q1RK1 b kq - 2 11,e7g5,40,-680,546,d5c3,f7f5,3,41,,,,,
sprt_game_3,11,10,Black,r3k2r/pbppqppp/1pn1p3/3nP3/3P4/2PB1N2/P1PB1PPP/R2Q1RK1 b kq - 2 11,e7d6,41,-717,583,d5c3,f7f5,3,41,,,,,
sprt_game_3,12,12,Black,2kr3r/pbppqppp/1pn1p3/3nP3/3P4/P1PB1N2/2PB1PPP/R2Q1RK1 b - - 0 12,g7g5,1,-90,0,d5c3,e7e8,3,38,,,,,
sprt_game_3,12,12,Black,2kr3r/pbppqppp/1pn1p3/3nP3/3P4/P1PB1N2/2PB1PPP/R2Q1RK1 b - - 0 12,e7f8,2,-165,75,d5c3,e7e8,3,38,,,,,
sprt_game_3,12,12,Black,2kr3r/pbppqppp/1pn1p3/3nP3/3P4/P1PB1N2/2PB1PPP/R2Q1RK1 b - - 0 12,e7e8,3,-165,75,d5c3,e7e8,3,38,,,,,
sprt_game_3,12,12,Black,2kr3r/pbppqppp/1pn1p3/3nP3/3P4/P1PB1N2/2PB1PPP/R2Q1RK1 b - - 0 12,f7f5,4,-279,189,d5c3,e7e8,3,38,,,,,
sprt_game_3,12,12,Black,2kr3r/pbppqppp/1pn1p3/3nP3/3P4/P1PB1N2/2PB1PPP/R2Q1RK1 b - - 0 12,d8g8,5,-281,191,d5c3,e7e8,3,38,,,,,
sprt_game_3,12,12,Black,2kr3r/pbppqppp/1pn1p3/3nP3/3P4/P1PB1N2/2PB1PPP/R2Q1RK1 b - - 0 12,d7d6,6,-293,203,d5c3,e7e8,3,38,,,,,
sprt_game_3,12,12,Black,2kr3r/pbppqppp/1pn1p3/3nP3/3P4/P1PB1N2/2PB1PPP/R2Q1RK1 b - - 0 12,b6b5,7,-294,204,d5c3,e7e8,3,38,,,,,
sprt_game_3,12,12,Black,2kr3r/pbppqppp/1pn1p3/3nP3/3P4/P1PB1N2/2PB1PPP/R2Q1RK1 b - - 0 12,h8g8,8,-299,209,d5c3,e7e8,3,38,,,,,
sprt_game_3,12,12,Black,2kr3r/pbppqppp/1pn1p3/3nP3/3P4/P1PB1N2/2PB1PPP/R2Q1RK1 b - - 0 12,d5c3,9,-313,223,d5c3,e7e8,3,38,,,,,
sprt_game_3,12,12,Black,2kr3r/pbppqppp/1pn1p3/3nP3/3P4/P1PB1N2/2PB1PPP/R2Q1RK1 b - - 0 12,h7h5,10,-326,236,d5c3,e7e8,3,38,,,,,
sprt_game_3,12,12,Black,2kr3r/pbppqppp/1pn1p3/3nP3/3P4/P1PB1N2/2PB1PPP/R2Q1RK1 b - - 0 12,c8b8,11,-334,244,d5c3,e7e8,3,38,,,,,
sprt_game_3,12,12,Black,2kr3r/pbppqppp/1pn1p3/3nP3/3P4/P1PB1N2/2PB1PPP/R2Q1RK1 b - - 0 12,h7h6,12,-334,244,d5c3,e7e8,3,38,,,,,
sprt_game_3,12,12,Black,2kr3r/pbppqppp/1pn1p3/3nP3/3P4/P1PB1N2/2PB1PPP/R2Q1RK1 b - - 0 12,d5f6,13,-336,246,d5c3,e7e8,3,38,,,,,
sprt_game_3,12,12,Black,2kr3r/pbppqppp/1pn1p3/3nP3/3P4/P1PB1N2/2PB1PPP/R2Q1RK1 b - - 0 12,f7f6,14,-342,252,d5c3,e7e8,3,38,,,,,
sprt_game_3,12,12,Black,2kr3r/pbppqppp/1pn1p3/3nP3/3P4/P1PB1N2/2PB1PPP/R2Q1RK1 b - - 0 12,a7a5,15,-347,257,d5c3,e7e8,3,38,,,,,
sprt_game_3,12,12,Black,2kr3r/pbppqppp/1pn1p3/3nP3/3P4/P1PB1N2/2PB1PPP/R2Q1RK1 b - - 0 12,d8f8,16,-352,262,d5c3,e7e8,3,38,,,,,
sprt_game_3,12,12,Black,2kr3r/pbppqppp/1pn1p3/3nP3/3P4/P1PB1N2/2PB1PPP/R2Q1RK1 b - - 0 12,c6e5,17,-354,264,d5c3,e7e8,3,38,,,,,
sprt_game_3,12,12,Black,2kr3r/pbppqppp/1pn1p3/3nP3/3P4/P1PB1N2/2PB1PPP/R2Q1RK1 b - - 0 12,h8e8,18,-356,266,d5c3,e7e8,3,38,,,,,
sprt_game_3,12,12,Black,2kr3r/pbppqppp/1pn1p3/3nP3/3P4/P1PB1N2/2PB1PPP/R2Q1RK1 b - - 0 12,d8e8,19,-359,269,d5c3,e7e8,3,38,,,,,
sprt_game_3,12,12,Black,2kr3r/pbppqppp/1pn1p3/3nP3/3P4/P1PB1N2/2PB1PPP/R2Q1RK1 b - - 0 12,h8f8,20,-366,276,d5c3,e7e8,3,38,,,,,
sprt_game_3,12,12,Black,2kr3r/pbppqppp/1pn1p3/3nP3/3P4/P1PB1N2/2PB1PPP/R2Q1RK1 b - - 0 12,d5f4,21,-374,284,d5c3,e7e8,3,38,,,,,
sprt_game_3,12,12,Black,2kr3r/pbppqppp/1pn1p3/3nP3/3P4/P1PB1N2/2PB1PPP/R2Q1RK1 b - - 0 12,c6b8,22,-375,285,d5c3,e7e8,3,38,,,,,
sprt_game_3,12,12,Black,2kr3r/pbppqppp/1pn1p3/3nP3/3P4/P1PB1N2/2PB1PPP/R2Q1RK1 b - - 0 12,a7a6,23,-380,290,d5c3,e7e8,3,38,,,,,
sprt_game_3,12,12,Black,2kr3r/pbppqppp/1pn1p3/3nP3/3P4/P1PB1N2/2PB1PPP/R2Q1RK1 b - - 0 12,b7a8,24,-387,297,d5c3,e7e8,3,38,,,,,
sprt_game_3,12,12,Black,2kr3r/pbppqppp/1pn1p3/3nP3/3P4/P1PB1N2/2PB1PPP/R2Q1RK1 b - - 0 12,c6a5,25,-406,316,d5c3,e7e8,3,38,,,,,
sprt_game_3,12,12,Black,2kr3r/pbppqppp/1pn1p3/3nP3/3P4/P1PB1N2/2PB1PPP/R2Q1RK1 b - - 0 12,d5e3,26,-409,319,d5c3,e7e8,3,38,,,,,
sprt_game_3,12,12,Black,2kr3r/pbppqppp/1pn1p3/3nP3/3P4/P1PB1N2/2PB1PPP/R2Q1RK1 b - - 0 12,c6d4,27,-412,322,d5c3,e7e8,3,38,,,,,
sprt_game_3,12,12,Black,2kr3r/pbppqppp/1pn1p3/3nP3/3P4/P1PB1N2/2PB1PPP/R2Q1RK1 b - - 0 12,g7g6,28,-414,324,d5c3,e7e8,3,38,,,,,
sprt_game_3,12,12,Black,2kr3r/pbppqppp/1pn1p3/3nP3/3P4/P1PB1N2/2PB1PPP/R2Q1RK1 b - - 0 12,c6b4,29,-485,395,d5c3,e7e8,3,38,,,,,
sprt_game_3,12,12,Black,2kr3r/pbppqppp/1pn1p3/3nP3/3P4/P1PB1N2/2PB1PPP/R2Q1RK1 b - - 0 12,d5b4,30,-500,410,d5c3,e7e8,3,38,,,,,
sprt_game_3,12,12,Black,2kr3r/pbppqppp/1pn1p3/3nP3/3P4/P1PB1N2/2PB1PPP/R2Q1RK1 b - - 0 12,e7f6,31,-601,511,d5c3,e7e8,3,38,,,,,
sprt_game_3,12,12,Black,2kr3r/pbppqppp/1pn1p3/3nP3/3P4/P1PB1N2/2PB1PPP/R2Q1RK1 b - - 0 12,e7h4,32,-602,512,d5c3,e7e8,3,38,,,,,
sprt_game_3,12,12,Black,2kr3r/pbppqppp/1pn1p3/3nP3/3P4/P1PB1N2/2PB1PPP/R2Q1RK1 b - - 0 12,e7a3,33,-620,530,d5c3,e7e8,3,38,,,,,
sprt_game_3,12,12,Black,2kr3r/pbppqppp/1pn1p3/3nP3/3P4/P1PB1N2/2PB1PPP/R2Q1RK1 b - - 0 12,e7c5,34,-623,533,d5c3,e7e8,3,38,,,,,
sprt_game_3,12,12,Black,2kr3r/pbppqppp/1pn1p3/3nP3/3P4/P1PB1N2/2PB1PPP/R2Q1RK1 b - - 0 12,b7a6,35,-654,564,d5c3,e7e8,3,38,,,,,
sprt_game_3,12,12,Black,2kr3r/pbppqppp/1pn1p3/3nP3/3P4/P1PB1N2/2PB1PPP/R2Q1RK1 b - - 0 12,e7g5,36,-662,572,d5c3,e7e8,3,38,,,,,
sprt_game_3,12,12,Black,2kr3r/pbppqppp/1pn1p3/3nP3/3P4/P1PB1N2/2PB1PPP/R2Q1RK1 b - - 0 12,e7d6,37,-663,573,d5c3,e7e8,3,38,,,,,
sprt_game_3,12,12,Black,2kr3r/pbppqppp/1pn1p3/3nP3/3P4/P1PB1N2/2PB1PPP/R2Q1RK1 b - - 0 12,e7b4,38,-671,581,d5c3,e7e8,3,38,,,,,
sprt_game_3,13,14,Black,2kr1q1r/pbpp1ppp/1pn1p3/3nP3/2PP4/P2B1N2/2PB1PPP/R2Q1RK1 b - - 0 13,d5e7,1,-154,0,c6d4,d5e7,3,34,,,,,
sprt_game_3,13,14,Black,2kr1q1r/pbpp1ppp/1pn1p3/3nP3/2PP4/P2B1N2/2PB1PPP/R2Q1RK1 b - - 0 13,d5f6,2,-338,184,c6d4,d5e7,3,34,,,,,
sprt_game_3,13,14,Black,2kr1q1r/pbpp1ppp/1pn1p3/3nP3/2PP4/P2B1N2/2PB1PPP/R2Q1RK1 b - - 0 13,c6d4,3,-392,238,c6d4,d5e7,3,34,,,,,
sprt_game_3,13,14,Black,2kr1q1r/pbpp1ppp/1pn1p3/3nP3/2PP4/P2B1N2/2PB1PPP/R2Q1RK1 b - - 0 13,h7h6,4,-396,242,c6d4,d5e7,3,34,,,,,
sprt_game_3,13,14,Black,2kr1q1r/pbpp1ppp/1pn1p3/3nP3/2PP4/P2B1N2/2PB1PPP/R2Q1RK1 b - - 0 13,d5f4,5,-397,243,c6d4,d5e7,3,34,,,,,
sprt_game_3,13,14,Black,2kr1q1r/pbpp1ppp/1pn1p3/3nP3/2PP4/P2B1N2/2PB1PPP/R2Q1RK1 b - - 0 13,c6e5,6,-400,246,c6d4,d5e7,3,34,,,,,
sprt_game_3,13,14,Black,2kr1q1r/pbpp1ppp/1pn1p3/3nP3/2PP4/P2B1N2/2PB1PPP/R2Q1RK1 b - - 0 13,c8b8,7,-405,251,c6d4,d5e7,3,34,,,,,
sprt_game_3,13,14,Black,2kr1q1r/pbpp1ppp/1pn1p3/3nP3/2PP4/P2B1N2/2PB1PPP/R2Q1RK1 b - - 0 13,d5c3,8,-405,251,c6d4,d5e7,3,34,,,,,
sprt_game_3,13,14,Black,2kr1q1r/pbpp1ppp/1pn1p3/3nP3/2PP4/P2B1N2/2PB1PPP/R2Q1RK1 b - - 0 13,h8g8,9,-407,253,c6d4,d5e7,3,34,,,,,
sprt_game_3,13,14,Black,2kr1q1r/pbpp1ppp/1pn1p3/3nP3/2PP4/P2B1N2/2PB1PPP/R2Q1RK1 b - - 0 13,f7f6,10,-408,254,c6d4,d5e7,3,34,,,,,
sprt_game_3,13,14,Black,2kr1q1r/pbpp1ppp/1pn1p3/3nP3/2PP4/P2B1N2/2PB1PPP/R2Q1RK1 b - - 0 13,d8e8,11,-409,255,c6d4,d5e7,3,34,,,,,
sprt_game_3,13,14,Black,2kr1q1r/pbpp1ppp/1pn1p3/3nP3/2PP4/P2B1N2/2PB1PPP/R2Q1RK1 b - - 0 13,d7d6,12,-416,262,c6d4,d5e7,3,34,,,,,
sprt_game_3,13,14,Black,2kr1q1r/pbpp1ppp/1pn1p3/3nP3/2PP4/P2B1N2/2PB1PPP/R2Q1RK1 b - - 0 13,f8e7,13,-429,275,c6d4,d5e7,3,34,,,,,
sprt_game_3,13,14,Black,2kr1q1r/pbpp1ppp/1pn1p3/3nP3/2PP4/P2B1N2/2PB1PPP/R2Q1RK1 b - - 0 13,f7f5,14,-430,276,c6d4,d5e7,3,34,,,,,
sprt_game_3,13,14,Black,2kr1q1r/pbpp1ppp/1pn1p3/3nP3/2PP4/P2B1N2/2PB1PPP/R2Q1RK1 b - - 0 13,h7h5,15,-432,278,c6d4,d5e7,3,34,,,,,
sprt_game_3,13,14,Black,2kr1q1r/pbpp1ppp/1pn1p3/3nP3/2PP4/P2B1N2/2PB1PPP/R2Q1RK1 b - - 0 13,c6e7,16,-434,280,c6d4,d5e7,3,34,,,,,
sprt_game_3,13,14,Black,2kr1q1r/pbpp1ppp/1pn1p3/3nP3/2PP4/P2B1N2/2PB1PPP/R2Q1RK1 b - - 0 13,d5e3,17,-436,282,c6d4,d5e7,3,34,,,,,
sprt_game_3,13,14,Black,2kr1q1r/pbpp1ppp/1pn1p3/3nP3/2PP4/P2B1N2/2PB1PPP/R2Q1RK1 b - - 0 13,g7g5,18,-436,282,c6d4,d5e7,3,34,,,,,
sprt_game_3,13,14,Black,2kr1q1r/pbpp1ppp/1pn1p3/3nP3/2PP4/P2B1N2/2PB1PPP/R2Q1RK1 b - - 0 13,a7a5,19,-442,288,c6d4,d5e7,3,34,,,,,
sprt_game_3,13,14,Black,2kr1q1r/pbpp1ppp/1pn1p3/3nP3/2PP4/P2B1N2/2PB1PPP/R2Q1RK1 b - - 0 13,a7a6,20,-449,295,c6d4,d5e7,3,34,,,,,
sprt_game_3,13,14,Black,2kr1q1r/pbpp1ppp/1pn1p3/3nP3/2PP4/P2B1N2/2PB1PPP/R2Q1RK1 b - - 0 13,f8g8,21,-450,296,c6d4,d5e7,3,34,,,,,
sprt_game_3,13,14,Black,2kr1q1r/pbpp1ppp/1pn1p3/3nP3/2PP4/P2B1N2/2PB1PPP/R2Q1RK1 b - - 0 13,b7a6,22,-451,297,c6d4,d5e7,3,34,,,,,
sprt_game_3,13,14,Black,2kr1q1r/pbpp1ppp/1pn1p3/3nP3/2PP4/P2B1N2/2PB1PPP/R2Q1RK1 b - - 0 13,f8e8,23,-452,298,c6d4,d5e7,3,34,,,,,
sprt_game_3,13,14,Black,2kr1q1r/pbpp1ppp/1pn1p3/3nP3/2PP4/P2B1N2/2PB1PPP/R2Q1RK1 b - - 0 13,c6b8,24,-462,308,c6d4,d5e7,3,34,,,,,
sprt_game_3,13,14,Black,2kr1q1r/pbpp1ppp/1pn1p3/3nP3/2PP4/P2B1N2/2PB1PPP/R2Q1RK1 b - - 0 13,b7a8,25,-468,314,c6d4,d5e7,3,34,,,,,
sprt_game_3,13,14,Black,2kr1q1r/pbpp1ppp/1pn1p3/3nP3/2PP4/P2B1N2/2PB1PPP/R2Q1RK1 b - - 0 13,g7g6,26,-473,319,c6d4,d5e7,3,34,,,,,
sprt_game_3,13,14,Black,2kr1q1r/pbpp1ppp/1pn1p3/3nP3/2PP4/P2B1N2/2PB1PPP/R2Q1RK1 b - - 0 13,c6a5,27,-487,333,c6d4,d5e7,3,34,,,,,
sprt_game_3,13,14,Black,2kr1q1r/pbpp1ppp/1pn1p3/3nP3/2PP4/P2B1N2/2PB1PPP/R2Q1RK1 b - - 0 13,d5b4,28,-506,352,c6d4,d5e7,3,34,,,,,
sprt_game_3,13,14,Black,2kr1q1r/pbpp1ppp/1pn1p3/3nP3/2PP4/P2B1N2/2PB1PPP/R2Q1RK1 b - - 0 13,c6b4,29,-533,379,c6d4,d5e7,3,34,,,,,
sprt_game_3,13,14,Black,2kr1q1r/pbpp1ppp/1pn1p3/3nP3/2PP4/P2B1N2/2PB1PPP/R2Q1RK1 b - - 0 13,b6b5,30,-539,385,c6d4,d5e7,3,34,,,,,
sprt_game_3,13,14,Black,2kr1q1r/pbpp1ppp/1pn1p3/3nP3/2PP4/P2B1N2/2PB1PPP/R2Q1RK1 b - - 0 13,f8c5,31,-659,505,c6d4,d5e7,3,34,,,,,
sprt_game_3,13,14,Black,2kr1q1r/pbpp1ppp/1pn1p3/3nP3/2PP4/P2B1N2/2PB1PPP/R2Q1RK1 b - - 0 13,f8a3,32,-687,533,c6d4,d5e7,3,34,,,,,
sprt_game_3,13,14,Black,2kr1q1r/pbpp1ppp/1pn1p3/3nP3/2PP4/P2B1N2/2PB1PPP/R2Q1RK1 b - - 0 13,f8d6,33,-690,536,c6d4,d5e7,3,34,,,,,
sprt_game_3,13,14,Black,2kr1q1r/pbpp1ppp/1pn1p3/3nP3/2PP4/P2B1N2/2PB1PPP/R2Q1RK1 b - - 0 13,f8b4,34,-691,537,c6d4,d5e7,3,34,,,,,
sprt_game_3,14,16,Black,2kr1q1r/pbppnppp/1pn1p3/4P3/P1PP4/3B1N2/2PB1PPP/R2Q1RK1 b - - 0 14,f7f6,1,-183,0,e7g6,f7f6,3,27,,,,,
sprt_game_3,14,16,Black,2kr1q1r/pbppnppp/1pn1p3/4P3/P1PP4/3B1N2/2PB1PPP/R2Q1RK1 b - - 0 14,d7d5,2,-189,6,e7g6,f7f6,3,27,,,,,
sprt_game_3,14,16,Black,2kr1q1r/pbppnppp/1pn1p3/4P3/P1PP4/3B1N2/2PB1PPP/R2Q1RK1 b - - 0 14,d7d6,3,-200,17,e7g6,f7f6,3,27,,,,,
sprt_game_3,14,16,Black,2kr1q1r/pbppnppp/1pn1p3/4P3/P1PP4/3B1N2/2PB1PPP/R2Q1RK1 b - - 0 14,g7g5,4,-206,23,e7g6,f7f6,3,27,,,,,
sprt_game_3,14,16,Black,2kr1q1r/pbppnppp/1pn1p3/4P3/P1PP4/3B1N2/2PB1PPP/R2Q1RK1 b - - 0 14,e7g6,5,-209,26,e7g6,f7f6,3,27,,,,,
sprt_game_3,14,16,Black,2kr1q1r/pbppnppp/1pn1p3/4P3/P1PP4/3B1N2/2PB1PPP/R2Q1RK1 b - - 0 14,f7f5,6,-231,48,e7g6,f7f6,3,27,,,,,
sprt_game_3,14,16,Black,2kr1q1r/pbppnppp/1pn1p3/4P3/P1PP4/3B1N2/2PB1PPP/R2Q1RK1 b - - 0 14,a7a5,7,-232,49,e7g6,f7f6,3,27,,,,,
sprt_game_3,14,16,Black,2kr1q1r/pbppnppp/1pn1p3/4P3/P1PP4/3B1N2/2PB1PPP/R2Q1RK1 b - - 0 14,h7h6,8,-236,53,e7g6,f7f6,3,27,,,,,
sprt_game_3,14,16,Black,2kr1q1r/pbppnppp/1pn1p3/4P3/P1PP4/3B1N2/2PB1PPP/R2Q1RK1 b - - 0 14,h8g8,9,-243,60,e7g6,f7f6,3,27,,,,,
sprt_game_3,14,16,Black,2kr1q1r/pbppnppp/1pn1p3/4P3/P1PP4/3B1N2/2PB1PPP/R2Q1RK1 b - - 0 14,f8g8,10,-250,67,e7g6,f7f6,3,27,,,,,
sprt_game_3,14,16,Black,2kr1q1r/pbppnppp/1pn1p3/4P3/P1PP4/3B1N2/2PB1PPP/R2Q1RK1 b - - 0 14,c8b8,11,-254,71,e7g6,f7f6,3,27,,,,,
sprt_game_3,14,16,Black,2kr1q1r/pbppnppp/1pn1p3/4P3/P1PP4/3B1N2/2PB1PPP/R2Q1RK1 b - - 0 14,f8e8,12,-257,74,e7g6,f7f6,3,27,,,,,
sprt_game_3,14,16,Black,2kr1q1r/pbppnppp/1pn1p3/4P3/P1PP4/3B1N2/2PB1PPP/R2Q1RK1 b - - 0 14,e7f5,13,-257,74,e7g6,f7f6,3,27,,,,,
sprt_game_3,14,16,Black,2kr1q1r/pbppnppp/1pn1p3/4P3/P1PP4/3B1N2/2PB1PPP/R2Q1RK1 b - - 0 14,h7h5,14,-269,86,e7g6,f7f6,3,27,,,,,
sprt_game_3,14,16,Black,2kr1q1r/pbppnppp/1pn1p3/4P3/P1PP4/3B1N2/2PB1PPP/R2Q1RK1 b - - 0 14,g7g6,15,-272,89,e7g6,f7f6,3,27,,,,,
sprt_game_3,14,16,Black,2kr1q1r/pbppnppp/1pn1p3/4P3/P1PP4/3B1N2/2PB1PPP/R2Q1RK1 b - - 0 14,d8e8,16,-273,90,e7g6,f7f6,3,27,,,,,
sprt_game_3,14,16,Black,2kr1q1r/pbppnppp/1pn1p3/4P3/P1PP4/3B1N2/2PB1PPP/R2Q1RK1 b - - 0 14,c6b8,17,-303,120,e7g6,f7f6,3,27,,,,,
sprt_game_3,14,16,Black,2kr1q1r/pbppnppp/1pn1p3/4P3/P1PP4/3B1N2/2PB1PPP/R2Q1RK1 b - - 0 14,c6a5,18,-311,128,e7g6,f7f6,3,27,,,,,
sprt_game_3,14,16,Black,2kr1q1r/pbppnppp/1pn1p3/4P3/P1PP4/3B1N2/2PB1PPP/R2Q1RK1 b - - 0 14,b7a8,19,-322,139,e7g6,f7f6,3,27,,,,,
sprt_game_3,14,16,Black,2kr1q1r/pbppnppp/1pn1p3/4P3/P1PP4/3B1N2/2PB1PPP/R2Q1RK1 b - - 0 14,e7g8,20,-327,144,e7g6,f7f6,3,27,,,,,
sprt_game_3,14,16,Black,2kr1q1r/pbppnppp/1pn1p3/4P3/P1PP4/3B1N2/2PB1PPP/R2Q1RK1 b - - 0 14,b7a6,21,-331,148,e7g6,f7f6,3,27,,,,,
sprt_game_3,14,16,Black,2kr1q1r/pbppnppp/1pn1p3/4P3/P1PP4/3B1N2/2PB1PPP/R2Q1RK1 b - - 0 14,a7a6,22,-346,163,e7g6,f7f6,3,27,,,,,
sprt_game_3,14,16,Black,2kr1q1r/pbppnppp/1pn1p3/4P3/P1PP4/3B1N2/2PB1PPP/R2Q1RK1 b - - 0 14,c6d4,23,-361,178,e7g6,f7f6,3,27,,,,,
sprt_game_3,14,16,Black,2kr1q1r/pbppnppp/1pn1p3/4P3/P1PP4/3B1N2/2PB1PPP/R2Q1RK1 b - - 0 14,c6e5,24,-365,182,e7g6,f7f6,3,27,,,,,
sprt_game_3,14,16,Black,2kr1q1r/pbppnppp/1pn1p3/4P3/P1PP4/3B1N2/2PB1PPP/R2Q1RK1 b - - 0 14,c6b4,25,-451,268,e7g6,f7f6,3,27,,,,,
sprt_game_3,14,16,Black,2kr1q1r/pbppnppp/1pn1p3/4P3/P1PP4/3B1N2/2PB1PPP/R2Q1RK1 b - - 0 14,e7d5,26,-482,299,e7g6,f7f6,3,27,,,,,
sprt_game_3,14,16,Black,2kr1q1r/pbppnppp/1pn1p3/4P3/P1PP4/3B1N2/2PB1PPP/R2Q1RK1 b - - 0 14,b6b5,27,-598,415,e7g6,f7f6,3,27,,,,,
sprt_game_3,16,20,Black,2k2q1r/pbp1nppp/1pnrp3/8/P1PP4/2PB1N2/3B1PPP/R2Q1RK1 b - - 0 16,f7f6,1,-167,0,c6d4,f7f6,3,33,,,,,
sprt_game_3,16,20,Black,2k2q1r/pbp1nppp/1pnrp3/8/P1PP4/2PB1N2/3B1PPP/R2Q1RK1 b - - 0 16,c6a5,2,-177,10,c6d4,f7f6,3,33,,,,,
sprt_game_3,16,20,Black,2k2q1r/pbp1nppp/1pnrp3/8/P1PP4/2PB1N2/3B1PPP/R2Q1RK1 b - - 0 16,d6d8,3,-190,23,c6d4,f7f6,3,33,,,,,
sprt_game_3,16,20,Black,2k2q1r/pbp1nppp/1pnrp3/8/P1PP4/2PB1N2/3B1PPP/R2Q1RK1 b - - 0 16,f8e8,4,-194,27,c6d4,f7f6,3,33,,,,,
sprt_game_3,16,20,Black,2k2q1r/pbp1nppp/1pnrp3/8/P1PP4/2PB1N2/3B1PPP/R2Q1RK1 b - - 0 16,f8d8,5,-203,36,c6d4,f7f6,3,33,,,,,
sprt_game_3,16,20,Black,2k2q1r/pbp1nppp/1pnrp3/8/P1PP4/2PB1N2/3B1PPP/R2Q1RK1 b - - 0 16,d6d7,6,-203,36,c6d4,f7f6,3,33,,,,,
sprt_game_3,16,20,Black,2k2q1r/pbp1nppp/1pnrp3/8/P1PP4/2PB1N2/3B1PPP/R2Q1RK1 b - - 0 16,h8g8,7,-207,40,c6d4,f7f6,3,33,,,,,
sprt_game_3,16,20,Black,2k2q1r/pbp1nppp/1pnrp3/8/P1PP4/2PB1N2/3B1PPP/R2Q1RK1 b - - 0 16,h7h6,8,-214,47,c6d4,f7f6,3,33,,,,,
sprt_game_3,16,20,Black,2k2q1r/pbp1nppp/1pnrp3/8/P1PP4/2PB1N2/3B1PPP/R2Q1RK1 b - - 0 16,h7h5,9,-214,47,c6d4,f7f6,3,33,,,,,
sprt_game_3,16,20,Black,2k2q1r/pbp1nppp/1pnrp3/8/P1PP4/2PB1N2/3B1PPP/R2Q1RK1 b - - 0 16,f8g8,10,-215,48,c6d4,f7f6,3,33,,,,,
sprt_game_3,16,20,Black,2k2q1r/pbp1nppp/1pnrp3/8/P1PP4/2PB1N2/3B1PPP/R2Q1RK1 b - - 0 16,a7a5,11,-229,62,c6d4,f7f6,3,33,,,,,
sprt_game_3,16,20,Black,2k2q1r/pbp1nppp/1pnrp3/8/P1PP4/2PB1N2/3B1PPP/R2Q1RK1 b - - 0 16,e6e5,12,-232,65,c6d4,f7f6,3,33,,,,,
sprt_game_3,16,20,Black,2k2q1r/pbp1nppp/1pnrp3/8/P1PP4/2PB1N2/3B1PPP/R2Q1RK1 b - - 0 16,c8b8,13,-235,68,c6d4,f7f6,3,33,,,,,
sprt_game_3,16,20,Black,2k2q1r/pbp1nppp/1pnrp3/8/P1PP4/2PB1N2/3B1PPP/R2Q1RK1 b - - 0 16,g7g5,14,-238,71,c6d4,f7f6,3,33,,,,,
sprt_game_3,16,20,Black,2k2q1r/pbp1nppp/1pnrp3/8/P1PP4/2PB1N2/3B1PPP/R2Q1RK1 b - - 0 16,g7g6,15,-240,73,c6d4,f7f6,3,33,,,,,
sprt_game_3,16,20,Black,2k2q1r/pbp1nppp/1pnrp3/8/P1PP4/2PB1N2/3B1PPP/R2Q1RK1 b - - 0 16,e7f5,16,-249,82,c6d4,f7f6,3,33,,,,,
sprt_game_3,16,20,Black,2k2q1r/pbp1nppp/1pnrp3/8/P1PP4/2PB1N2/3B1PPP/R2Q1RK1 b - - 0 16,f7f5,17,-263,96,c6d4,f7f6,3,33,,,,,
sprt_game_3,16,20,Black,2k2q1r/pbp1nppp/1pnrp3/8/P1PP4/2PB1N2/3B1PPP/R2Q1RK1 b - - 0 16,e7g6,18,-267,100,c6d4,f7f6,3,33,,,,,
sprt_game_3,16,20,Black,2k2q1r/pbp1nppp/1pnrp3/8/P1PP4/2PB1N2/3B1PPP/R2Q1RK1 b - - 0 16,b7a8,19,-270,103,c6d4,f7f6,3,33,,,,,
sprt_game_3,16,20,Black,2k2q1r/pbp1nppp/1pnrp3/8/P1PP4/2PB1N2/3B1PPP/R2Q1RK1 b - - 0 16,c6b8,20,-276,109,c6d4,f7f6,3,33,,,,,
sprt_game_3,16,20,Black,2k2q1r/pbp1nppp/1pnrp3/8/P1PP4/2PB1N2/3B1PPP/R2Q1RK1 b - - 0 16,c6d8,21,-286,119,c6d4,f7f6,3,33,,,,,
sprt_game_3,16,20,Black,2k2q1r/pbp1nppp/1pnrp3/8/P1PP4/2PB1N2/3B1PPP/R2Q1RK1 b - - 0 16,b7a6,22,-294,127,c6d4,f7f6,3,33,,,,,
sprt_game_3,16,20,Black,2k2q1r/pbp1nppp/1pnrp3/8/P1PP4/2PB1N2/3B1PPP/R2Q1RK1 b - - 0 16,c8d7,23,-296,129,c6d4,f7f6,3,33,,,,,
sprt_game_3,16,20,Black,2k2q1r/pbp1nppp/1pnrp3/8/P1PP4/2PB1N2/3B1PPP/R2Q1RK1 b - - 0 16,c8d8,24,-298,131,c6d4,f7f6,3,33,,,,,
sprt_game_3,16,20,Black,2k2q1r/pbp1nppp/1pnrp3/8/P1PP4/2PB1N2/3B1PPP/R2Q1RK1 b - - 0 16,e7g8,25,-333,166,c6d4,f7f6,3,33,,,,,
sprt_game_3,16,20,Black,2k2q1r/pbp1nppp/1pnrp3/8/P1PP4/2PB1N2/3B1PPP/R2Q1RK1 b - - 0 16,a7a6,26,-352,185,c6d4,f7f6,3,33,,,,,
sprt_game_3,16,20,Black,2k2q1r/pbp1nppp/1pnrp3/8/P1PP4/2PB1N2/3B1PPP/R2Q1RK1 b - - 0 16,c6d4,27,-385,218,c6d4,f7f6,3,33,,,,,
sprt_game_3,16,20,Black,2k2q1r/pbp1nppp/1pnrp3/8/P1PP4/2PB1N2/3B1PPP/R2Q1RK1 b - - 0 16,e7d5,28,-431,264,c6d4,f7f6,3,33,,,,,
sprt_game_3,16,20,Black,2k2q1r/pbp1nppp/1pnrp3/8/P1PP4/2PB1N2/3B1PPP/R2Q1RK1 b - - 0 16,d6d4,29,-439,272,c6d4,f7f6,3,33,,,,,
sprt_game_3,16,20,Black,2k2q1r/pbp1nppp/1pnrp3/8/P1PP4/2PB1N2/3B1PPP/R2Q1RK1 b - - 0 16,c6b4,30,-459,292,c6d4,f7f6,3,33,,,,,
sprt_game_3,16,20,Black,2k2q1r/pbp1nppp/1pnrp3/8/P1PP4/2PB1N2/3B1PPP/R2Q1RK1 b - - 0 16,c6e5,31,-503,336,c6d4,f7f6,3,33,,,,,
sprt_game_3,16,20,Black,2k2q1r/pbp1nppp/1pnrp3/8/P1PP4/2PB1N2/3B1PPP/R2Q1RK1 b - - 0 16,d6d5,32,-512,345,c6d4,f7f6,3,33,,,,,
sprt_game_3,16,20,Black,2k2q1r/pbp1nppp/1pnrp3/8/P1PP4/2PB1N2/3B1PPP/R2Q1RK1 b - - 0 16,b6b5,33,-590,423,c6d4,f7f6,3,33,,,,,
sprt_game_3,18,24,Black,2k2q1r/pbp1n1pp/1p1rpp2/n1P5/3P4/2PB1N2/3B1PPP/R2Q1RK1 b - - 0 18,d6d8,1,-193,0,e7c6,d6d8,3,37,,,,,
sprt_game_3,18,24,Black,2k2q1r/pbp1n1pp/1p1rpp2/n1P5/3P4/2PB1N2/3B1PPP/R2Q1RK1 b - - 0 18,d6d7,2,-214,21,e7c6,d6d8,3,37,,,,,
sprt_game_3,18,24,Black,2k2q1r/pbp1n1pp/1p1rpp2/n1P5/3P4/2PB1N2/3B1PPP/R2Q1RK1 b - - 0 18,d6d5,3,-309,116,e7c6,d6d8,3,37,,,,,
sprt_game_3,18,24,Black,2k2q1r/pbp1n1pp/1p1rpp2/n1P5/3P4/2PB1N2/3B1PPP/R2Q1RK1 b - - 0 18,d6c6,4,-351,158,e7c6,d6d8,3,37,,,,,
sprt_game_3,18,24,Black,2k2q1r/pbp1n1pp/1p1rpp2/n1P5/3P4/2PB1N2/3B1PPP/R2Q1RK1 b - - 0 18,b7f3,5,-383,190,e7c6,d6d8,3,37,,,,,
sprt_game_3,18,24,Black,2k2q1r/pbp1n1pp/1p1rpp2/n1P5/3P4/2PB1N2/3B1PPP/R2Q1RK1 b - - 0 18,e7f5,6,-415,222,e7c6,d6d8,3,37,,,,,
sprt_game_3,18,24,Black,2k2q1r/pbp1n1pp/1p1rpp2/n1P5/3P4/2PB1N2/3B1PPP/R2Q1RK1 b - - 0 18,e7c6,7,-424,231,e7c6,d6d8,3,37,,,,,
sprt_game_3,18,24,Black,2k2q1r/pbp1n1pp/1p1rpp2/n1P5/3P4/2PB1N2/3B1PPP/R2Q1RK1 b - - 0 18,e7g6,8,-435,242,e7c6,d6d8,3,37,,,,,
sprt_game_3,18,24,Black,2k2q1r/pbp1n1pp/1p1rpp2/n1P5/3P4/2PB1N2/3B1PPP/R2Q1RK1 b - - 0 18,f8d8,9,-449,256,e7c6,d6d8,3,37,,,,,
sprt_game_3,18,24,Black,2k2q1r/pbp1n1pp/1p1rpp2/n1P5/3P4/2PB1N2/3B1PPP/R2Q1RK1 b - - 0 18,b6c5,10,-452,259,e7c6,d6d8,3,37,,,,,
sprt_game_3,18,24,Black,2k2q1r/pbp1n1pp/1p1rpp2/n1P5/3P4/2PB1N2/3B1PPP/R2Q1RK1 b - - 0 18,e7d5,11,-465,272,e7c6,d6d8,3,37,,,,,
sprt_game_3,18,24,Black,2k2q1r/pbp1n1pp/1p1rpp2/n1P5/3P4/2PB1N2/3B1PPP/R2Q1RK1 b - - 0 18,g7g5,12,-465,272,e7c6,d6d8,3,37,,,,,
sprt_game_3,18,24,Black,2k2q1r/pbp1n1pp/1p1rpp2/n1P5/3P4/2PB1N2/3B1PPP/R2Q1RK1 b - - 0 18,c8b8,13,-486,293,e7c6,d6d8,3,37,,,,,
sprt_game_3,18,24,Black,2k2q1r/pbp1n1pp/1p1rpp2/n1P5/3P4/2PB1N2/3B1PPP/R2Q1RK1 b - - 0 18,e7g8,14,-487,294,e7c6,d6d8,3,37,,,,,
sprt_game_3,18,24,Black,2k2q1r/pbp1n1pp/1p1rpp2/n1P5/3P4/2PB1N2/3B1PPP/R2Q1RK1 b - - 0 18,f8f7,15,-488,295,e7c6,d6d8,3,37,,,,,
sprt_game_3,18,24,Black,2k2q1r/pbp1n1pp/1p1rpp2/n1P5/3P4/2PB1N2/3B1PPP/R2Q1RK1 b - - 0 18,h7h5,16,-494,301,e7c6,d6d8,3,37,,,,,
sprt_game_3,18,24,Black,2k2q1r/pbp1n1pp/1p1rpp2/n1P5/3P4/2PB1N2/3B1PPP/R2Q1RK1 b - - 0 18,e6e5,17,-508,315,e7c6,d6d8,3,37,,,,,
sprt_game_3,18,24,Black,2k2q1r/pbp1n1pp/1p1rpp2/n1P5/3P4/2PB1N2/3B1PPP/R2Q1RK1 b - - 0 18,d6d4,18,-511,318,e7c6,d6d8,3,37,,,,,
sprt_game_3,18,24,Black,2k2q1r/pbp1n1pp/1p1rpp2/n1P5/3P4/2PB1N2/3B1PPP/R2Q1RK1 b - - 0 18,a5b3,19,-511,318,e7c6,d6d8,3,37,,,,,
sprt_game_3,18,24,Black,2k2q1r/pbp1n1pp/1p1rpp2/n1P5/3P4/2PB1N2/3B1PPP/R2Q1RK1 b - - 0 18,f8e8,20,-512,319,e7c6,d6d8,3,37,,,,,
sprt_game_3,18,24,Black,2k2q1r/pbp1n1pp/1p1rpp2/n1P5/3P4/2PB1N2/3B1PPP/R2Q1RK1 b - - 0 18,f8g8,21,-513,320,e7c6,d6d8,3,37,,,,,
sprt_game_3,18,24,Black,2k2q1r/pbp1n1pp/1p1rpp2/n1P5/3P4/2PB1N2/3B1PPP/R2Q1RK1 b - - 0 18,a5c6,22,-516,323,e7c6,d6d8,3,37,,,,,
sprt_game_3,18,24,Black,2k2q1r/pbp1n1pp/1p1rpp2/n1P5/3P4/2PB1N2/3B1PPP/R2Q1RK1 b - - 0 18,g7g6,23,-518,325,e7c6,d6d8,3,37,,,,,
sprt_game_3,18,24,Black,2k2q1r/pbp1n1pp/1p1rpp2/n1P5/3P4/2PB1N2/3B1PPP/R2Q1RK1 b - - 0 18,a7a6,24,-525,332,e7c6,d6d8,3,37,,,,,
sprt_game_3,18,24,Black,2k2q1r/pbp1n1pp/1p1rpp2/n1P5/3P4/2PB1N2/3B1PPP/R2Q1RK1 b - - 0 18,f6f5,25,-532,339,e7c6,d6d8,3,37,,,,,
sprt_game_3,18,24,Black,2k2q1r/pbp1n1pp/1p1rpp2/n1P5/3P4/2PB1N2/3B1PPP/R2Q1RK1 b - - 0 18,b7d5,26,-533,340,e7c6,d6d8,3,37,,,,,
sprt_game_3,18,24,Black,2k2q1r/pbp1n1pp/1p1rpp2/n1P5/3P4/2PB1N2/3B1PPP/R2Q1RK1 b - - 0 18,h8g8,27,-534,341,e7c6,d6d8,3,37,,,,,
sprt_game_3,18,24,Black,2k2q1r/pbp1n1pp/1p1rpp2/n1P5/3P4/2PB1N2/3B1PPP/R2Q1RK1 b - - 0 18,h7h6,28,-544,351,e7c6,d6d8,3,37,,,,,
sprt_game_3,18,24,Black,2k2q1r/pbp1n1pp/1p1rpp2/n1P5/3P4/2PB1N2/3B1PPP/R2Q1RK1 b - - 0 18,b7a8,29,-549,356,e7c6,d6d8,3,37,,,,,
sprt_game_3,18,24,Black,2k2q1r/pbp1n1pp/1p1rpp2/n1P5/3P4/2PB1N2/3B1PPP/R2Q1RK1 b - - 0 18,b7c6,30,-550,357,e7c6,d6d8,3,37,,,,,
sprt_game_3,18,24,Black,2k2q1r/pbp1n1pp/1p1rpp2/n1P5/3P4/2PB1N2/3B1PPP/R2Q1RK1 b - - 0 18,c7c6,31,-571,378,e7c6,d6d8,3,37,,,,,
sprt_game_3,18,24,Black,2k2q1r/pbp1n1pp/1p1rpp2/n1P5/3P4/2PB1N2/3B1PPP/R2Q1RK1 b - - 0 18,c8d7,32,-572,379,e7c6,d6d8,3,37,,,,,
sprt_game_3,18,24,Black,2k2q1r/pbp1n1pp/1p1rpp2/n1P5/3P4/2PB1N2/3B1PPP/R2Q1RK1 b - - 0 18,c8d8,33,-577,384,e7c6,d6d8,3,37,,,,,
sprt_game_3,18,24,Black,2k2q1r/pbp1n1pp/1p1rpp2/n1P5/3P4/2PB1N2/3B1PPP/R2Q1RK1 b - - 0 18,b6b5,34,-583,390,e7c6,d6d8,3,37,,,,,
sprt_game_3,18,24,Black,2k2q1r/pbp1n1pp/1p1rpp2/n1P5/3P4/2PB1N2/3B1PPP/R2Q1RK1 b - - 0 18,a5c4,35,-595,402,e7c6,d6d8,3,37,,,,,
sprt_game_3,18,24,Black,2k2q1r/pbp1n1pp/1p1rpp2/n1P5/3P4/2PB1N2/3B1PPP/R2Q1RK1 b - - 0 18,b7e4,36,-622,429,e7c6,d6d8,3,37,,,,,
sprt_game_3,18,24,Black,2k2q1r/pbp1n1pp/1p1rpp2/n1P5/3P4/2PB1N2/3B1PPP/R2Q1RK1 b - - 0 18,b7a6,37,-786,593,e7c6,d6d8,3,37,,,,,
sprt_game_3,19,26,Black,2kr1q1r/pbp1n1pp/1p2pp2/n1P5/3P4/2PB1N2/3B1PPP/R2QR1K1 b - - 2 19,e7c6,1,-161,0,c8b8,f8f7,3,35,,,,,
sprt_game_3,19,26,Black,2kr1q1r/pbp1n1pp/1p2pp2/n1P5/3P4/2PB1N2/3B1PPP/R2QR1K1 b - - 2 19,f8f7,2,-165,4,c8b8,f8f7,3,35,,,,,
sprt_game_3,19,26,Black,2kr1q1r/pbp1n1pp/1p2pp2/n1P5/3P4/2PB1N2/3B1PPP/R2QR1K1 b - - 2 19,g7g5,3,-167,6,c8b8,f8f7,3,35,,,,,
sprt_game_3,19,26,Black,2kr1q1r/pbp1n1pp/1p2pp2/n1P5/3P4/2PB1N2/3B1PPP/R2QR1K1 b - - 2 19,f8g8,4,-180,19,c8b8,f8f7,3,35,,,,,
sprt_game_3,19,26,Black,2kr1q1r/pbp1n1pp/1p2pp2/n1P5/3P4/2PB1N2/3B1PPP/R2QR1K1 b - - 2 19,f8e8,5,-203,42,c8b8,f8f7,3,35,,,,,
sprt_game_3,19,26,Black,2kr1q1r/pbp1n1pp/1p2pp2/n1P5/3P4/2PB1N2/3B1PPP/R2QR1K1 b - - 2 19,c8b8,6,-214,53,c8b8,f8f7,3,35,,,,,
sprt_game_3,19,26,Black,2kr1q1r/pbp1n1pp/1p2pp2/n1P5/3P4/2PB1N2/3B1PPP/R2QR1K1 b - - 2 19,h7h5,7,-215,54,c8b8,f8f7,3,35,,,,,
sprt_game_3,19,26,Black,2kr1q1r/pbp1n1pp/1p2pp2/n1P5/3P4/2PB1N2/3B1PPP/R2QR1K1 b - - 2 19,a5c6,8,-224,63,c8b8,f8f7,3,35,,,,,
sprt_game_3,19,26,Black,2kr1q1r/pbp1n1pp/1p2pp2/n1P5/3P4/2PB1N2/3B1PPP/R2QR1K1 b - - 2 19,h8g8,9,-225,64,c8b8,f8f7,3,35,,,,,
sprt_game_3,19,26,Black,2kr1q1r/pbp1n1pp/1p2pp2/n1P5/3P4/2PB1N2/3B1PPP/R2QR1K1 b - - 2 19,d8d7,10,-225,64,c8b8,f8f7,3,35,,,,,
sprt_game_3,19,26,Black,2kr1q1r/pbp1n1pp/1p2pp2/n1P5/3P4/2PB1N2/3B1PPP/R2QR1K1 b - - 2 19,g7g6,11,-232,71,c8b8,f8f7,3,35,,,,,
sprt_game_3,19,26,Black,2kr1q1r/pbp1n1pp/1p2pp2/n1P5/3P4/2PB1N2/3B1PPP/R2QR1K1 b - - 2 19,h7h6,12,-235,74,c8b8,f8f7,3,35,,,,,
sprt_game_3,19,26,Black,2kr1q1r/pbp1n1pp/1p2pp2/n1P5/3P4/2PB1N2/3B1PPP/R2QR1K1 b - - 2 19,e7g6,13,-249,88,c8b8,f8f7,3,35,,,,,
sprt_game_3,19,26,Black,2kr1q1r/pbp1n1pp/1p2pp2/n1P5/3P4/2PB1N2/3B1PPP/R2QR1K1 b - - 2 19,c8d7,14,-273,112,c8b8,f8f7,3,35,,,,,
sprt_game_3,19,26,Black,2kr1q1r/pbp1n1pp/1p2pp2/n1P5/3P4/2PB1N2/3B1PPP/R2QR1K1 b - - 2 19,e6e5,15,-276,115,c8b8,f8f7,3,35,,,,,
sprt_game_3,19,26,Black,2kr1q1r/pbp1n1pp/1p2pp2/n1P5/3P4/2PB1N2/3B1PPP/R2QR1K1 b - - 2 19,b7d5,16,-316,155,c8b8,f8f7,3,35,,,,,
sprt_game_3,19,26,Black,2kr1q1r/pbp1n1pp/1p2pp2/n1P5/3P4/2PB1N2/3B1PPP/R2QR1K1 b - - 2 19,b7a8,17,-323,162,c8b8,f8f7,3,35,,,,,
sprt_game_3,19,26,Black,2kr1q1r/pbp1n1pp/1p2pp2/n1P5/3P4/2PB1N2/3B1PPP/R2QR1K1 b - - 2 19,b7c6,18,-327,166,c8b8,f8f7,3,35,,,,,
sprt_game_3,19,26,Black,2kr1q1r/pbp1n1pp/1p2pp2/n1P5/3P4/2PB1N2/3B1PPP/R2QR1K1 b - - 2 19,d8e8,19,-332,171,c8b8,f8f7,3,35,,,,,
sprt_game_3,19,26,Black,2kr1q1r/pbp1n1pp/1p2pp2/n1P5/3P4/2PB1N2/3B1PPP/R2QR1K1 b - - 2 19,e7g8,20,-363,202,c8b8,f8f7,3,35,,,,,
sprt_game_3,19,26,Black,2kr1q1r/pbp1n1pp/1p2pp2/n1P5/3P4/2PB1N2/3B1PPP/R2QR1K1 b - - 2 19,e7f5,21,-363,202,c8b8,f8f7,3,35,,,,,
sprt_game_3,19,26,Black,2kr1q1r/pbp1n1pp/1p2pp2/n1P5/3P4/2PB1N2/3B1PPP/R2QR1K1 b - - 2 19,b7f3,22,-384,223,c8b8,f8f7,3,35,,,,,
sprt_game_3,19,26,Black,2kr1q1r/pbp1n1pp/1p2pp2/n1P5/3P4/2PB1N2/3B1PPP/R2QR1K1 b - - 2 19,d8d5,23,-394,233,c8b8,f8f7,3,35,,,,,
sprt_game_3,19,26,Black,2kr1q1r/pbp1n1pp/1p2pp2/n1P5/3P4/2PB1N2/3B1PPP/R2QR1K1 b - - 2 19,f6f5,24,-395,234,c8b8,f8f7,3,35,,,,,
sprt_game_3,19,26,Black,2kr1q1r/pbp1n1pp/1p2pp2/n1P5/3P4/2PB1N2/3B1PPP/R2QR1K1 b - - 2 19,a7a6,25,-399,238,c8b8,f8f7,3,35,,,,,
sprt_game_3,19,26,Black,2kr1q1r/pbp1n1pp/1p2pp2/n1P5/3P4/2PB1N2/3B1PPP/R2QR1K1 b - - 2 19,e7d5,26,-416,255,c8b8,f8f7,3,35,,,,,
sprt_game_3,19,26,Black,2kr1q1r/pbp1n1pp/1p2pp2/n1P5/3P4/2PB1N2/3B1PPP/R2QR1K1 b - - 2 19,c7c6,27,-475,314,c8b8,f8f7,3,35,,,,,
sprt_game_3,19,26,Black,2kr1q1r/pbp1n1pp/1p2pp2/n1P5/3P4/2PB1N2/3B1PPP/R2QR1K1 b - - 2 19,d8d4,28,-544,383,c8b8,f8f7,3,35,,,,,
sprt_game_3,19,26,Black,2kr1q1r/pbp1n1pp/1p2pp2/n1P5/3P4/2PB1N2/3B1PPP/R2QR1K1 b - - 2 19,b6c5,29,-546,385,c8b8,f8f7,3,35,,,,,
sprt_game_3,19,26,Black,2kr1q1r/pbp1n1pp/1p2pp2/n1P5/3P4/2PB1N2/3B1PPP/R2QR1K1 b - - 2 19,a5c4,30,-554,393,c8b8,f8f7,3,35,,,,,
sprt_game_3,19,26,Black,2kr1q1r/pbp1n1pp/1p2pp2/n1P5/3P4/2PB1N2/3B1PPP/R2QR1K1 b - - 2 19,a5b3,31,-555,394,c8b8,f8f7,3,35,,,,,
sprt_game_3,19,26,Black,2kr1q1r/pbp1n1pp/1p2pp2/n1P5/3P4/2PB1N2/3B1PPP/R2QR1K1 b - - 2 19,b6b5,32,-557,396,c8b8,f8f7,3,35,,,,,
sprt_game_3,19,26,Black,2kr1q1r/pbp1n1pp/1p2pp2/n1P5/3P4/2PB1N2/3B1PPP/R2QR1K1 b - - 2 19,d8d6,33,-580,419,c8b8,f8f7,3,35,,,,,
sprt_game_3,19,26,Black,2kr1q1r/pbp1n1pp/1p2pp2/n1P5/3P4/2PB1N2/3B1PPP/R2QR1K1 b - - 2 19,b7e4,34,-597,436,c8b8,f8f7,3,35,,,,,
sprt_game_3,19,26,Black,2kr1q1r/pbp1n1pp/1p2pp2/n1P5/3P4/2PB1N2/3B1PPP/R2QR1K1 b - - 2 19,b7a6,35,-691,530,c8b8,f8f7,3,35,,,,,
sprt_game_3,21,30,Black,2kr3r/pbp1nqpp/1Pn1pp2/8/2PP4/3B1N2/3B1PPP/R2QR1K1 b - - 0 21,a7b6,1,-186,0,a7b6,c7b6,3,38,,,,,
sprt_game_3,21,30,Black,2kr3r/pbp1nqpp/1Pn1pp2/8/2PP4/3B1N2/3B1PPP/R2QR1K1 b - - 0 21,c7b6,2,-197,11,a7b6,c7b6,3,38,,,,,
sprt_game_3,21,30,Black,2kr3r/pbp1nqpp/1Pn1pp2/8/2PP4/3B1N2/3B1PPP/R2QR1K1 b - - 0 21,c6d4,3,-352,166,a7b6,c7b6,3,38,,,,,
sprt_game_3,21,30,Black,2kr3r/pbp1nqpp/1Pn1pp2/8/2PP4/3B1N2/3B1PPP/R2QR1K1 b - - 0 21,a7a5,4,-396,210,a7b6,c7b6,3,38,,,,,
sprt_game_3,21,30,Black,2kr3r/pbp1nqpp/1Pn1pp2/8/2PP4/3B1N2/3B1PPP/R2QR1K1 b - - 0 21,a7a6,5,-430,244,a7b6,c7b6,3,38,,,,,
sprt_game_3,21,30,Black,2kr3r/pbp1nqpp/1Pn1pp2/8/2PP4/3B1N2/3B1PPP/R2QR1K1 b - - 0 21,d8d4,6,-445,259,a7b6,c7b6,3,38,,,,,
sprt_game_3,21,30,Black,2kr3r/pbp1nqpp/1Pn1pp2/8/2PP4/3B1N2/3B1PPP/R2QR1K1 b - - 0 21,b7a8,7,-474,288,a7b6,c7b6,3,38,,,,,
sprt_game_3,21,30,Black,2kr3r/pbp1nqpp/1Pn1pp2/8/2PP4/3B1N2/3B1PPP/R2QR1K1 b - - 0 21,g7g5,8,-478,292,a7b6,c7b6,3,38,,,,,
sprt_game_3,21,30,Black,2kr3r/pbp1nqpp/1Pn1pp2/8/2PP4/3B1N2/3B1PPP/R2QR1K1 b - - 0 21,h8g8,9,-502,316,a7b6,c7b6,3,38,,,,,
sprt_game_3,21,30,Black,2kr3r/pbp1nqpp/1Pn1pp2/8/2PP4/3B1N2/3B1PPP/R2QR1K1 b - - 0 21,f7h5,10,-505,319,a7b6,c7b6,3,38,,,,,
sprt_game_3,21,30,Black,2kr3r/pbp1nqpp/1Pn1pp2/8/2PP4/3B1N2/3B1PPP/R2QR1K1 b - - 0 21,c8d7,11,-507,321,a7b6,c7b6,3,38,,,,,
sprt_game_3,21,30,Black,2kr3r/pbp1nqpp/1Pn1pp2/8/2PP4/3B1N2/3B1PPP/R2QR1K1 b - - 0 21,d8d6,12,-512,326,a7b6,c7b6,3,38,,,,,
sprt_game_3,21,30,Black,2kr3r/pbp1nqpp/1Pn1pp2/8/2PP4/3B1N2/3B1PPP/R2QR1K1 b - - 0 21,c8b8,13,-529,343,a7b6,c7b6,3,38,,,,,
sprt_game_3,21,30,Black,2kr3r/pbp1nqpp/1Pn1pp2/8/2PP4/3B1N2/3B1PPP/R2QR1K1 b - - 0 21,c6e5,14,-539,353,a7b6,c7b6,3,38,,,,,
sprt_game_3,21,30,Black,2kr3r/pbp1nqpp/1Pn1pp2/8/2PP4/3B1N2/3B1PPP/R2QR1K1 b - - 0 21,h8e8,15,-542,356,a7b6,c7b6,3,38,,,,,
sprt_game_3,21,30,Black,2kr3r/pbp1nqpp/1Pn1pp2/8/2PP4/3B1N2/3B1PPP/R2QR1K1 b - - 0 21,c6b4,16,-552,366,a7b6,c7b6,3,38,,,,,
sprt_game_3,21,30,Black,2kr3r/pbp1nqpp/1Pn1pp2/8/2PP4/3B1N2/3B1PPP/R2QR1K1 b - - 0 21,f6f5,17,-563,377,a7b6,c7b6,3,38,,,,,
sprt_game_3,21,30,Black,2kr3r/pbp1nqpp/1Pn1pp2/8/2PP4/3B1N2/3B1PPP/R2QR1K1 b - - 0 21,f7g8,18,-565,379,a7b6,c7b6,3,38,,,,,
sprt_game_3,21,30,Black,2kr3r/pbp1nqpp/1Pn1pp2/8/2PP4/3B1N2/3B1PPP/R2QR1K1 b - - 0 21,h7h5,19,-568,382,a7b6,c7b6,3,38,,,,,
sprt_game_3,21,30,Black,2kr3r/pbp1nqpp/1Pn1pp2/8/2PP4/3B1N2/3B1PPP/R2QR1K1 b - - 0 21,h8f8,20,-569,383,a7b6,c7b6,3,38,,,,,
sprt_game_3,21,30,Black,2kr3r/pbp1nqpp/1Pn1pp2/8/2PP4/3B1N2/3B1PPP/R2QR1K1 b - - 0 21,h7h6,21,-573,387,a7b6,c7b6,3,38,,,,,
sprt_game_3,21,30,Black,2kr3r/pbp1nqpp/1Pn1pp2/8/2PP4/3B1N2/3B1PPP/R2QR1K1 b - - 0 21,g7g6,22,-576,390,a7b6,c7b6,3,38,,,,,
sprt_game_3,21,30,Black,2kr3r/pbp1nqpp/1Pn1pp2/8/2PP4/3B1N2/3B1PPP/R2QR1K1 b - - 0 21,e7f5,23,-583,397,a7b6,c7b6,3,38,,,,,
sprt_game_3,21,30,Black,2kr3r/pbp1nqpp/1Pn1pp2/8/2PP4/3B1N2/3B1PPP/R2QR1K1 b - - 0 21,e6e5,24,-584,398,a7b6,c7b6,3,38,,,,,
sprt_game_3,21,30,Black,2kr3r/pbp1nqpp/1Pn1pp2/8/2PP4/3B1N2/3B1PPP/R2QR1K1 b - - 0 21,f7e8,25,-586,400,a7b6,c7b6,3,38,,,,,
sprt_game_3,21,30,Black,2kr3r/pbp1nqpp/1Pn1pp2/8/2PP4/3B1N2/3B1PPP/R2QR1K1 b - - 0 21,d8d7,26,-597,411,a7b6,c7b6,3,38,,,,,
sprt_game_3,21,30,Black,2kr3r/pbp1nqpp/1Pn1pp2/8/2PP4/3B1N2/3B1PPP/R2QR1K1 b - - 0 21,d8e8,27,-602,416,a7b6,c7b6,3,38,,,,,
sprt_game_3,21,30,Black,2kr3r/pbp1nqpp/1Pn1pp2/8/2PP4/3B1N2/3B1PPP/R2QR1K1 b - - 0 21,d8g8,28,-604,418,a7b6,c7b6,3,38,,,,,
sprt_game_3,21,30,Black,2kr3r/pbp1nqpp/1Pn1pp2/8/2PP4/3B1N2/3B1PPP/R2QR1K1 b - - 0 21,e7g6,29,-615,429,a7b6,c7b6,3,38,,,,,
sprt_game_3,21,30,Black,2kr3r/pbp1nqpp/1Pn1pp2/8/2PP4/3B1N2/3B1PPP/R2QR1K1 b - - 0 21,f7f8,30,-618,432,a7b6,c7b6,3,38,,,,,
sprt_game_3,21,30,Black,2kr3r/pbp1nqpp/1Pn1pp2/8/2PP4/3B1N2/3B1PPP/R2QR1K1 b - - 0 21,d8f8,31,-623,437,a7b6,c7b6,3,38,,,,,
sprt_game_3,21,30,Black,2kr3r/pbp1nqpp/1Pn1pp2/8/2PP4/3B1N2/3B1PPP/R2QR1K1 b - - 0 21,e7g8,32,-623,437,a7b6,c7b6,3,38,,,,,
sprt_game_3,21,30,Black,2kr3r/pbp1nqpp/1Pn1pp2/8/2PP4/3B1N2/3B1PPP/R2QR1K1 b - - 0 21,b7a6,33,-647,461,a7b6,c7b6,3,38,,,,,
sprt_game_3,21,30,Black,2kr3r/pbp1nqpp/1Pn1pp2/8/2PP4/3B1N2/3B1PPP/R2QR1K1 b - - 0 21,c6b8,34,-647,461,a7b6,c7b6,3,38,,,,,
sprt_game_3,21,30,Black,2kr3r/pbp1nqpp/1Pn1pp2/8/2PP4/3B1N2/3B1PPP/R2QR1K1 b - - 0 21,c6a5,35,-656,470,a7b6,c7b6,3,38,,,,,
sprt_game_3,21,30,Black,2kr3r/pbp1nqpp/1Pn1pp2/8/2PP4/3B1N2/3B1PPP/R2QR1K1 b - - 0 21,e7d5,36,-662,476,a7b6,c7b6,3,38,,,,,
sprt_game_3,21,30,Black,2kr3r/pbp1nqpp/1Pn1pp2/8/2PP4/3B1N2/3B1PPP/R2QR1K1 b - - 0 21,d8d5,37,-672,486,a7b6,c7b6,3,38,,,,,
sprt_game_3,21,30,Black,2kr3r/pbp1nqpp/1Pn1pp2/8/2PP4/3B1N2/3B1PPP/R2QR1K1 b - - 0 21,f7g6,38,-675,489,a7b6,c7b6,3,38,,,,,
sprt_game_3,22,32,Black,2kr3r/1bp1nqpp/1pn1pp2/2P5/3P4/3B1N2/3B1PPP/R2QR1K1 b - - 0 22,c6d4,1,-192,0,b6c5,c6d4,3,37,,,,,
sprt_game_3,22,32,Black,2kr3r/1bp1nqpp/1pn1pp2/2P5/3P4/3B1N2/3B1PPP/R2QR1K1 b - - 0 22,g7g5,2,-214,22,b6c5,c6d4,3,37,,,,,
sprt_game_3,22,32,Black,2kr3r/1bp1nqpp/1pn1pp2/2P5/3P4/3B1N2/3B1PPP/R2QR1K1 b - - 0 22,e7d5,3,-216,24,b6c5,c6d4,3,37,,,,,
sprt_game_3,22,32,Black,2kr3r/1bp1nqpp/1pn1pp2/2P5/3P4/3B1N2/3B1PPP/R2QR1K1 b - - 0 22,h8f8,4,-240,48,b6c5,c6d4,3,37,,,,,
sprt_game_3,22,32,Black,2kr3r/1bp1nqpp/1pn1pp2/2P5/3P4/3B1N2/3B1PPP/R2QR1K1 b - - 0 22,f7h5,5,-242,50,b6c5,c6d4,3,37,,,,,
sprt_game_3,22,32,Black,2kr3r/1bp1nqpp/1pn1pp2/2P5/3P4/3B1N2/3B1PPP/R2QR1K1 b - - 0 22,h8g8,6,-254,62,b6c5,c6d4,3,37,,,,,
sprt_game_3,22,32,Black,2kr3r/1bp1nqpp/1pn1pp2/2P5/3P4/3B1N2/3B1PPP/R2QR1K1 b - - 0 22,e7f5,7,-255,63,b6c5,c6d4,3,37,,,,,
sprt_game_3,22,32,Black,2kr3r/1bp1nqpp/1pn1pp2/2P5/3P4/3B1N2/3B1PPP/R2QR1K1 b - - 0 22,f7e8,8,-260,68,b6c5,c6d4,3,37,,,,,
sprt_game_3,22,32,Black,2kr3r/1bp1nqpp/1pn1pp2/2P5/3P4/3B1N2/3B1PPP/R2QR1K1 b - - 0 22,h8e8,9,-274,82,b6c5,c6d4,3,37,,,,,
sprt_game_3,22,32,Black,2kr3r/1bp1nqpp/1pn1pp2/2P5/3P4/3B1N2/3B1PPP/R2QR1K1 b - - 0 22,h7h5,10,-281,89,b6c5,c6d4,3,37,,,,,
sprt_game_3,22,32,Black,2kr3r/1bp1nqpp/1pn1pp2/2P5/3P4/3B1N2/3B1PPP/R2QR1K1 b - - 0 22,h7h6,11,-288,96,b6c5,c6d4,3,37,,,,,
sprt_game_3,22,32,Black,2kr3r/1bp1nqpp/1pn1pp2/2P5/3P4/3B1N2/3B1PPP/R2QR1K1 b - - 0 22,f7g8,12,-289,97,b6c5,c6d4,3,37,,,,,
sprt_game_3,22,32,Black,2kr3r/1bp1nqpp/1pn1pp2/2P5/3P4/3B1N2/3B1PPP/R2QR1K1 b - - 0 22,d8d5,13,-292,100,b6c5,c6d4,3,37,,,,,
sprt_game_3,22,32,Black,2kr3r/1bp1nqpp/1pn1pp2/2P5/3P4/3B1N2/3B1PPP/R2QR1K1 b - - 0 22,b6b5,14,-295,103,b6c5,c6d4,3,37,,,,,
sprt_game_3,22,32,Black,2kr3r/1bp1nqpp/1pn1pp2/2P5/3P4/3B1N2/3B1PPP/R2QR1K1 b - - 0 22,d8d7,15,-298,106,b6c5,c6d4,3,37,,,,,
sprt_game_3,22,32,Black,2kr3r/1bp1nqpp/1pn1pp2/2P5/3P4/3B1N2/3B1PPP/R2QR1K1 b - - 0 22,g7g6,16,-303,111,b6c5,c6d4,3,37,,,,,
sprt_game_3,22,32,Black,2kr3r/1bp1nqpp/1pn1pp2/2P5/3P4/3B1N2/3B1PPP/R2QR1K1 b - - 0 22,f7f8,17,-305,113,b6c5,c6d4,3,37,,,,,
sprt_game_3,22,32,Black,2kr3r/1bp1nqpp/1pn1pp2/2P5/3P4/3B1N2/3B1PPP/R2QR1K1 b - - 0 22,c8d7,18,-311,119,b6c5,c6d4,3,37,,,,,
sprt_game_3,22,32,Black,2kr3r/1bp1nqpp/1pn1pp2/2P5/3P4/3B1N2/3B1PPP/R2QR1K1 b - - 0 22,e6e5,19,-317,125,b6c5,c6d4,3,37,,,,,
sprt_game_3,22,32,Black,2kr3r/1bp1nqpp/1pn1pp2/2P5/3P4/3B1N2/3B1PPP/R2QR1K1 b - - 0 22,d8e8,20,-320,128,b6c5,c6d4,3,37,,,,,
sprt_game_3,22,32,Black,2kr3r/1bp1nqpp/1pn1pp2/2P5/3P4/3B1N2/3B1PPP/R2QR1K1 b - - 0 22,d8f8,21,-331,139,b6c5,c6d4,3,37,,,,,
sprt_game_3,22,32,Black,2kr3r/1bp1nqpp/1pn1pp2/2P5/3P4/3B1N2/3B1PPP/R2QR1K1 b - - 0 22,d8g8,22,-335,143,b6c5,c6d4,3,37,,,,,
sprt_game_3,22,32,Black,2kr3r/1bp1nqpp/1pn1pp2/2P5/3P4/3B1N2/3B1PPP/R2QR1K1 b - - 0 22,b6c5,23,-336,144,b6c5,c6d4,3,37,,,,,
sprt_game_3,22,32,Black,2kr3r/1bp1nqpp/1pn1pp2/2P5/3P4/3B1N2/3B1PPP/R2QR1K1 b - - 0 22,c6a5,24,-337,145,b6c5,c6d4,3,37,,,,,
sprt_game_3,22,32,Black,2kr3r/1bp1nqpp/1pn1pp2/2P5/3P4/3B1N2/3B1PPP/R2QR1K1 b - - 0 22,e7g6,25,-341,149,b6c5,c6d4,3,37,,,,,
sprt_game_3,22,32,Black,2kr3r/1bp1nqpp/1pn1pp2/2P5/3P4/3B1N2/3B1PPP/R2QR1K1 b - - 0 22,c8b8,26,-342,150,b6c5,c6d4,3,37,,,,,
sprt_game_3,22,32,Black,2kr3r/1bp1nqpp/1pn1pp2/2P5/3P4/3B1N2/3B1PPP/R2QR1K1 b - - 0 22,d8d4,27,-363,171,b6c5,c6d4,3,37,,,,,
sprt_game_3,22,32,Black,2kr3r/1bp1nqpp/1pn1pp2/2P5/3P4/3B1N2/3B1PPP/R2QR1K1 b - - 0 22,c6e5,28,-378,186,b6c5,c6d4,3,37,,,,,
sprt_game_3,22,32,Black,2kr3r/1bp1nqpp/1pn1pp2/2P5/3P4/3B1N2/3B1PPP/R2QR1K1 b - - 0 22,c6b8,29,-381,189,b6c5,c6d4,3,37,,,,,
sprt_game_3,22,32,Black,2kr3r/1bp1nqpp/1pn1pp2/2P5/3P4/3B1N2/3B1PPP/R2QR1K1 b - - 0 22,f6f5,30,-417,225,b6c5,c6d4,3,37,,,,,
sprt_game_3,22,32,Black,2kr3r/1bp1nqpp/1pn1pp2/2P5/3P4/3B1N2/3B1PPP/R2QR1K1 b - - 0 22,e7g8,31,-485,293,b6c5,c6d4,3,37,,,,,
sprt_game_3,22,32,Black,2kr3r/1bp1nqpp/1pn1pp2/2P5/3P4/3B1N2/3B1PPP/R2QR1K1 b - - 0 22,f7g6,32,-526,334,b6c5,c6d4,3,37,,,,,
sprt_game_3,22,32,Black,2kr3r/1bp1nqpp/1pn1pp2/2P5/3P4/3B1N2/3B1PPP/R2QR1K1 b - - 0 22,c6b4,33,-533,341,b6c5,c6d4,3,37,,,,,
sprt_game_3,22,32,Black,2kr3r/1bp1nqpp/1pn1pp2/2P5/3P4/3B1N2/3B1PPP/R2QR1K1 b - - 0 22,d8d6,34,-563,371,b6c5,c6d4,3,37,,,,,
sprt_game_3,22,32,Black,2kr3r/1bp1nqpp/1pn1pp2/2P5/3P4/3B1N2/3B1PPP/R2QR1K1 b - - 0 22,b7a8,35,-563,371,b6c5,c6d4,3,37,,,,,
sprt_game_3,22,32,Black,2kr3r/1bp1nqpp/1pn1pp2/2P5/3P4/3B1N2/3B1PPP/R2QR1K1 b - - 0 22,c6a7,36,-587,395,b6c5,c6d4,3,37,,,,,
sprt_game_3,22,32,Black,2kr3r/1bp1nqpp/1pn1pp2/2P5/3P4/3B1N2/3B1PPP/R2QR1K1 b - - 0 22,b7a6,37,-643,451,b6c5,c6d4,3,37,,,,,
ArasanX_vs_EnyoBot_7pzXRQFZ.log,32,63,Black,r4k2/1p3r2/p6Q/8/2R5/2nP4/3N1P1P/q2BK3 b - - 2 32,f8e7,1,-185,0,,,,,f8e7;f8e7,f8e7;f8e7,f7g7;f7g7,-563,2
ArasanX_vs_EnyoBot_7pzXRQFZ.log,32,63,Black,r4k2/1p3r2/p6Q/8/2R5/2nP4/3N1P1P/q2BK3 b - - 2 32,f8e8,2,-472,287,,,,,f8e7;f8e7,f8e7;f8e7,f7g7;f7g7,-563,2
ArasanX_vs_EnyoBot_7pzXRQFZ.log,32,63,Black,r4k2/1p3r2/p6Q/8/2R5/2nP4/3N1P1P/q2BK3 b - - 2 32,f7g7,3,-832,647,,,,,f8e7;f8e7,f8e7;f8e7,f7g7;f7g7,-563,2
ArasanX_vs_EnyoBot_7pzXRQFZ.log,32,63,Black,r4k2/1p3r2/p6Q/8/2R5/2nP4/3N1P1P/q2BK3 b - - 2 32,f8g8,4,-31998,31813,,,,,f8e7;f8e7,f8e7;f8e7,f7g7;f7g7,-563,2
Bot1nokk_vs_EnyoBot_mEIqToS1.log,127,253,Black,2QK4/8/pk6/8/8/8/8/8 b - - 0 127,b6b5,1,-684,0,,,,,a6a5;a6a5,a6a5;a6a5,b6a5;b6a5,-448,2
Bot1nokk_vs_EnyoBot_mEIqToS1.log,127,253,Black,2QK4/8/pk6/8/8/8/8/8 b - - 0 127,b6a5,2,-8115,7431,,,,,a6a5;a6a5,a6a5;a6a5,b6a5;b6a5,-448,2
Bot1nokk_vs_EnyoBot_mEIqToS1.log,127,253,Black,2QK4/8/pk6/8/8/8/8/8 b - - 0 127,a6a5,3,-31995,31311,,,,,a6a5;a6a5,a6a5;a6a5,b6a5;b6a5,-448,2
Bot1nokk_vs_EnyoBot_mEIqToS1.log,127,253,Black,2QK4/8/pk6/8/8/8/8/8 b - - 0 127,b6a7,4,-31998,31314,,,,,a6a5;a6a5,a6a5;a6a5,b6a5;b6a5,-448,2
caissa-x_vs_EnyoBot_0waEuGxc.log,68,135,Black,q5k1/6p1/5pPp/3PpBnP/4P3/4Q1K1/8/8 b - - 0 68,g5e4,1,-372,0,,,,,a8a5;a8a5;a8a5;a8a5;a8a5;a8a5,a8a5;a8a5;a8a5;a8a5;a8a5;a8a5,a8f8;a8a1;a8a6;g8h8;a8a6;a8a6,-296,6
caissa-x_vs_EnyoBot_0waEuGxc.log,68,135,Black,q5k1/6p1/5pPp/3PpBnP/4P3/4Q1K1/8/8 b - - 0 68,g8h8,2,-448,76,,,,,a8a5;a8a5;a8a5;a8a5;a8a5;a8a5,a8a5;a8a5;a8a5;a8a5;a8a5;a8a5,a8f8;a8a1;a8a6;g8h8;a8a6;a8a6,-296,6
caissa-x_vs_EnyoBot_0waEuGxc.log,68,135,Black,q5k1/6p1/5pPp/3PpBnP/4P3/4Q1K1/8/8 b - - 0 68,a8d8,3,-451,79,,,,,a8a5;a8a5;a8a5;a8a5;a8a5;a8a5,a8a5;a8a5;a8a5;a8a5;a8a5;a8a5,a8f8;a8a1;a8a6;g8h8;a8a6;a8a6,-296,6
caissa-x_vs_EnyoBot_0waEuGxc.log,68,135,Black,q5k1/6p1/5pPp/3PpBnP/4P3/4Q1K1/8/8 b - - 0 68,a8f8,4,-468,96,,,,,a8a5;a8a5;a8a5;a8a5;a8a5;a8a5,a8a5;a8a5;a8a5;a8a5;a8a5;a8a5,a8f8;a8a1;a8a6;g8h8;a8a6;a8a6,-296,6
caissa-x_vs_EnyoBot_0waEuGxc.log,68,135,Black,q5k1/6p1/5pPp/3PpBnP/4P3/4Q1K1/8/8 b - - 0 68,g8f8,5,-478,106,,,,,a8a5;a8a5;a8a5;a8a5;a8a5;a8a5,a8a5;a8a5;a8a5;a8a5;a8a5;a8a5,a8f8;a8a1;a8a6;g8h8;a8a6;a8a6,-296,6
caissa-x_vs_EnyoBot_0waEuGxc.log,68,135,Black,q5k1/6p1/5pPp/3PpBnP/4P3/4Q1K1/8/8 b - - 0 68,a8b8,6,-521,149,,,,,a8a5;a8a5;a8a5;a8a5;a8a5;a8a5,a8a5;a8a5;a8a5;a8a5;a8a5;a8a5,a8f8;a8a1;a8a6;g8h8;a8a6;a8a6,-296,6
caissa-x_vs_EnyoBot_0waEuGxc.log,68,135,Black,q5k1/6p1/5pPp/3PpBnP/4P3/4Q1K1/8/8 b - - 0 68,a8e8,7,-543,171,,,,,a8a5;a8a5;a8a5;a8a5;a8a5;a8a5,a8a5;a8a5;a8a5;a8a5;a8a5;a8a5,a8f8;a8a1;a8a6;g8h8;a8a6;a8a6,-296,6
caissa-x_vs_EnyoBot_0waEuGxc.log,68,135,Black,q5k1/6p1/5pPp/3PpBnP/4P3/4Q1K1/8/8 b - - 0 68,a8a5,8,-589,217,,,,,a8a5;a8a5;a8a5;a8a5;a8a5;a8a5,a8a5;a8a5;a8a5;a8a5;a8a5;a8a5,a8f8;a8a1;a8a6;g8h8;a8a6;a8a6,-296,6
caissa-x_vs_EnyoBot_0waEuGxc.log,68,135,Black,q5k1/6p1/5pPp/3PpBnP/4P3/4Q1K1/8/8 b - - 0 68,a8a6,9,-675,303,,,,,a8a5;a8a5;a8a5;a8a5;a8a5;a8a5,a8a5;a8a5;a8a5;a8a5;a8a5;a8a5,a8f8;a8a1;a8a6;g8h8;a8a6;a8a6,-296,6
caissa-x_vs_EnyoBot_0waEuGxc.log,68,135,Black,q5k1/6p1/5pPp/3PpBnP/4P3/4Q1K1/8/8 b - - 0 68,a8a1,10,-683,311,,,,,a8a5;a8a5;a8a5;a8a5;a8a5;a8a5,a8a5;a8a5;a8a5;a8a5;a8a5;a8a5,a8f8;a8a1;a8a6;g8h8;a8a6;a8a6,-296,6
caissa-x_vs_EnyoBot_0waEuGxc.log,68,135,Black,q5k1/6p1/5pPp/3PpBnP/4P3/4Q1K1/8/8 b - - 0 68,a8a4,11,-692,320,,,,,a8a5;a8a5;a8a5;a8a5;a8a5;a8a5,a8a5;a8a5;a8a5;a8a5;a8a5;a8a5,a8f8;a8a1;a8a6;g8h8;a8a6;a8a6,-296,6
caissa-x_vs_EnyoBot_0waEuGxc.log,68,135,Black,q5k1/6p1/5pPp/3PpBnP/4P3/4Q1K1/8/8 b - - 0 68,a8b7,12,-730,358,,,,,a8a5;a8a5;a8a5;a8a5;a8a5;a8a5,a8a5;a8a5;a8a5;a8a5;a8a5;a8a5,a8f8;a8a1;a8a6;g8h8;a8a6;a8a6,-296,6
caissa-x_vs_EnyoBot_0waEuGxc.log,68,135,Black,q5k1/6p1/5pPp/3PpBnP/4P3/4Q1K1/8/8 b - - 0 68,a8a2,13,-732,360,,,,,a8a5;a8a5;a8a5;a8a5;a8a5;a8a5,a8a5;a8a5;a8a5;a8a5;a8a5;a8a5,a8f8;a8a1;a8a6;g8h8;a8a6;a8a6,-296,6
caissa-x_vs_EnyoBot_0waEuGxc.log,68,135,Black,q5k1/6p1/5pPp/3PpBnP/4P3/4Q1K1/8/8 b - - 0 68,g5f7,14,-788,416,,,,,a8a5;a8a5;a8a5;a8a5;a8a5;a8a5,a8a5;a8a5;a8a5;a8a5;a8a5;a8a5,a8f8;a8a1;a8a6;g8h8;a8a6;a8a6,-296,6
caissa-x_vs_EnyoBot_0waEuGxc.log,68,135,Black,q5k1/6p1/5pPp/3PpBnP/4P3/4Q1K1/8/8 b - - 0 68,g5f3,15,-849,477,,,,,a8a5;a8a5;a8a5;a8a5;a8a5;a8a5,a8a5;a8a5;a8a5;a8a5;a8a5;a8a5,a8f8;a8a1;a8a6;g8h8;a8a6;a8a6,-296,6
caissa-x_vs_EnyoBot_0waEuGxc.log,68,135,Black,q5k1/6p1/5pPp/3PpBnP/4P3/4Q1K1/8/8 b - - 0 68,g5h3,16,-942,570,,,,,a8a5;a8a5;a8a5;a8a5;a8a5;a8a5,a8a5;a8a5;a8a5;a8a5;a8a5;a8a5,a8f8;a8a1;a8a6;g8h8;a8a6;a8a6,-296,6
caissa-x_vs_EnyoBot_0waEuGxc.log,68,135,Black,q5k1/6p1/5pPp/3PpBnP/4P3/4Q1K1/8/8 b - - 0 68,g5h7,17,-31984,31612,,,,,a8a5;a8a5;a8a5;a8a5;a8a5;a8a5,a8a5;a8a5;a8a5;a8a5;a8a5;a8a5,a8f8;a8a1;a8a6;g8h8;a8a6;a8a6,-296,6
caissa-x_vs_EnyoBot_0waEuGxc.log,68,135,Black,q5k1/6p1/5pPp/3PpBnP/4P3/4Q1K1/8/8 b - - 0 68,g5e6,18,-31993,31621,,,,,a8a5;a8a5;a8a5;a8a5;a8a5;a8a5,a8a5;a8a5;a8a5;a8a5;a8a5;a8a5,a8f8;a8a1;a8a6;g8h8;a8a6;a8a6,-296,6
caissa-x_vs_EnyoBot_0waEuGxc.log,68,135,Black,q5k1/6p1/5pPp/3PpBnP/4P3/4Q1K1/8/8 b - - 0 68,a8c8,19,-31994,31622,,,,,a8a5;a8a5;a8a5;a8a5;a8a5;a8a5,a8a5;a8a5;a8a5;a8a5;a8a5;a8a5,a8f8;a8a1;a8a6;g8h8;a8a6;a8a6,-296,6
caissa-x_vs_EnyoBot_0waEuGxc.log,68,135,Black,q5k1/6p1/5pPp/3PpBnP/4P3/4Q1K1/8/8 b - - 0 68,a8c6,20,-31995,31623,,,,,a8a5;a8a5;a8a5;a8a5;a8a5;a8a5,a8a5;a8a5;a8a5;a8a5;a8a5;a8a5,a8f8;a8a1;a8a6;g8h8;a8a6;a8a6,-296,6
caissa-x_vs_EnyoBot_0waEuGxc.log,68,135,Black,q5k1/6p1/5pPp/3PpBnP/4P3/4Q1K1/8/8 b - - 0 68,a8d5,21,-31995,31623,,,,,a8a5;a8a5;a8a5;a8a5;a8a5;a8a5,a8a5;a8a5;a8a5;a8a5;a8a5;a8a5,a8f8;a8a1;a8a6;g8h8;a8a6;a8a6,-296,6
caissa-x_vs_EnyoBot_0waEuGxc.log,68,135,Black,q5k1/6p1/5pPp/3PpBnP/4P3/4Q1K1/8/8 b - - 0 68,a8a7,22,-31997,31625,,,,,a8a5;a8a5;a8a5;a8a5;a8a5;a8a5,a8a5;a8a5;a8a5;a8a5;a8a5;a8a5,a8f8;a8a1;a8a6;g8h8;a8a6;a8a6,-296,6
caissa-x_vs_EnyoBot_0waEuGxc.log,68,135,Black,q5k1/6p1/5pPp/3PpBnP/4P3/4Q1K1/8/8 b - - 0 68,a8a3,23,-31997,31625,,,,,a8a5;a8a5;a8a5;a8a5;a8a5;a8a5,a8a5;a8a5;a8a5;a8a5;a8a5;a8a5,a8f8;a8a1;a8a6;g8h8;a8a6;a8a6,-296,6
SF_Bot1nok_vs_EnyoBot_SbzD89kx.log,51,101,Black,8/8/6k1/5r2/2P5/3NK3/8/Q7 b - - 6 51,g6h7,1,-669,0,,,,,g6h7;g6h7,g6f7;g6f7,f5g5;f5g5,-294,2
SF_Bot1nok_vs_EnyoBot_SbzD89kx.log,51,101,Black,8/8/6k1/5r2/2P5/3NK3/8/Q7 b - - 6 51,g6f7,2,-722,53,,,,,g6h7;g6h7,g6f7;g6f7,f5g5;f5g5,-294,2
SF_Bot1nok_vs_EnyoBot_SbzD89kx.log,51,101,Black,8/8/6k1/5r2/2P5/3NK3/8/Q7 b - - 6 51,f5f6,3,-809,140,,,,,g6h7;g6h7,g6f7;g6f7,f5g5;f5g5,-294,2
SF_Bot1nok_vs_EnyoBot_SbzD89kx.log,51,101,Black,8/8/6k1/5r2/2P5/3NK3/8/Q7 b - - 6 51,f5g5,4,-848,179,,,,,g6h7;g6h7,g6f7;g6f7,f5g5;f5g5,-294,2
SF_Bot1nok_vs_EnyoBot_SbzD89kx.log,51,101,Black,8/8/6k1/5r2/2P5/3NK3/8/Q7 b - - 6 51,f5f8,5,-852,183,,,,,g6h7;g6h7,g6f7;g6f7,f5g5;f5g5,-294,2
SF_Bot1nok_vs_EnyoBot_SbzD89kx.log,51,101,Black,8/8/6k1/5r2/2P5/3NK3/8/Q7 b - - 6 51,f5h5,6,-31989,31320,,,,,g6h7;g6h7,g6f7;g6f7,f5g5;f5g5,-294,2
SF_Bot1nok_vs_EnyoBot_SbzD89kx.log,51,101,Black,8/8/6k1/5r2/2P5/3NK3/8/Q7 b - - 6 51,g6h6,7,-31990,31321,,,,,g6h7;g6h7,g6f7;g6f7,f5g5;f5g5,-294,2
SF_Bot1nok_vs_EnyoBot_SbzD89kx.log,51,101,Black,8/8/6k1/5r2/2P5/3NK3/8/Q7 b - - 6 51,f5f7,8,-31990,31321,,,,,g6h7;g6h7,g6f7;g6f7,f5g5;f5g5,-294,2
SF_Bot1nok_vs_EnyoBot_SbzD89kx.log,51,101,Black,8/8/6k1/5r2/2P5/3NK3/8/Q7 b - - 6 51,g6h5,9,-31991,31322,,,,,g6h7;g6h7,g6f7;g6f7,f5g5;f5g5,-294,2
SF_Bot1nok_vs_EnyoBot_SbzD89kx.log,51,101,Black,8/8/6k1/5r2/2P5/3NK3/8/Q7 b - - 6 51,f5c5,10,-31992,31323,,,,,g6h7;g6h7,g6f7;g6f7,f5g5;f5g5,-294,2
SF_Bot1nok_vs_EnyoBot_SbzD89kx.log,51,101,Black,8/8/6k1/5r2/2P5/3NK3/8/Q7 b - - 6 51,f5f2,11,-31992,31323,,,,,g6h7;g6h7,g6f7;g6f7,f5g5;f5g5,-294,2
SF_Bot1nok_vs_EnyoBot_SbzD89kx.log,51,101,Black,8/8/6k1/5r2/2P5/3NK3/8/Q7 b - - 6 51,g6g5,12,-31993,31324,,,,,g6h7;g6h7,g6f7;g6f7,f5g5;f5g5,-294,2
SF_Bot1nok_vs_EnyoBot_SbzD89kx.log,51,101,Black,8/8/6k1/5r2/2P5/3NK3/8/Q7 b - - 6 51,f5b5,13,-31993,31324,,,,,g6h7;g6h7,g6f7;g6f7,f5g5;f5g5,-294,2
SF_Bot1nok_vs_EnyoBot_SbzD89kx.log,51,101,Black,8/8/6k1/5r2/2P5/3NK3/8/Q7 b - - 6 51,f5a5,14,-31993,31324,,,,,g6h7;g6h7,g6f7;g6f7,f5g5;f5g5,-294,2
SF_Bot1nok_vs_EnyoBot_SbzD89kx.log,51,101,Black,8/8/6k1/5r2/2P5/3NK3/8/Q7 b - - 6 51,f5f3,15,-31993,31324,,,,,g6h7;g6h7,g6f7;g6f7,f5g5;f5g5,-294,2
SF_Bot1nok_vs_EnyoBot_SbzD89kx.log,51,101,Black,8/8/6k1/5r2/2P5/3NK3/8/Q7 b - - 6 51,f5e5,16,-31994,31325,,,,,g6h7;g6h7,g6f7;g6f7,f5g5;f5g5,-294,2
SF_Bot1nok_vs_EnyoBot_SbzD89kx.log,51,101,Black,8/8/6k1/5r2/2P5/3NK3/8/Q7 b - - 6 51,f5d5,17,-31994,31325,,,,,g6h7;g6h7,g6f7;g6f7,f5g5;f5g5,-294,2
SF_Bot1nok_vs_EnyoBot_SbzD89kx.log,51,101,Black,8/8/6k1/5r2/2P5/3NK3/8/Q7 b - - 6 51,f5f4,18,-31994,31325,,,,,g6h7;g6h7,g6f7;g6f7,f5g5;f5g5,-294,2
SF_Bot1nok_vs_EnyoBot_SbzD89kx.log,51,101,Black,8/8/6k1/5r2/2P5/3NK3/8/Q7 b - - 6 51,f5f1,19,-31995,31326,,,,,g6h7;g6h7,g6f7;g6f7,f5g5;f5g5,-294,2
ArasanX_vs_EnyoBot_Q0a5I19l.log,40,79,Black,6k1/5bp1/1pR3n1/p2p1N1Q/q2Nr2P/8/6PK/8 b - - 0 40,a4b4,1,-118,0,,,,,a4b4;a4b4;a4b4;a4b4,a4b4;a4b4;a4b4;a4b4,e4h4;e4h4;g6e7;e4h4,-287,4
ArasanX_vs_EnyoBot_Q0a5I19l.log,40,79,Black,6k1/5bp1/1pR3n1/p2p1N1Q/q2Nr2P/8/6PK/8 b - - 0 40,e4d4,2,-127,9,,,,,a4b4;a4b4;a4b4;a4b4,a4b4;a4b4;a4b4;a4b4,e4h4;e4h4;g6e7;e4h4,-287,4
ArasanX_vs_EnyoBot_Q0a5I19l.log,40,79,Black,6k1/5bp1/1pR3n1/p2p1N1Q/q2Nr2P/8/6PK/8 b - - 0 40,f7e8,3,-137,19,,,,,a4b4;a4b4;a4b4;a4b4,a4b4;a4b4;a4b4;a4b4,e4h4;e4h4;g6e7;e4h4,-287,4
ArasanX_vs_EnyoBot_Q0a5I19l.log,40,79,Black,6k1/5bp1/1pR3n1/p2p1N1Q/q2Nr2P/8/6PK/8 b - - 0 40,a4d4,4,-204,86,,,,,a4b4;a4b4;a4b4;a4b4,a4b4;a4b4;a4b4;a4b4,e4h4;e4h4;g6e7;e4h4,-287,4
ArasanX_vs_EnyoBot_Q0a5I19l.log,40,79,Black,6k1/5bp1/1pR3n1/p2p1N1Q/q2Nr2P/8/6PK/8 b - - 0 40,g6e7,5,-250,132,,,,,a4b4;a4b4;a4b4;a4b4,a4b4;a4b4;a4b4;a4b4,e4h4;e4h4;g6e7;e4h4,-287,4
ArasanX_vs_EnyoBot_Q0a5I19l.log,40,79,Black,6k1/5bp1/1pR3n1/p2p1N1Q/q2Nr2P/8/6PK/8 b - - 0 40,a4a3,6,-339,221,,,,,a4b4;a4b4;a4b4;a4b4,a4b4;a4b4;a4b4;a4b4,e4h4;e4h4;g6e7;e4h4,-287,4
ArasanX_vs_EnyoBot_Q0a5I19l.log,40,79,Black,6k1/5bp1/1pR3n1/p2p1N1Q/q2Nr2P/8/6PK/8 b - - 0 40,g6f8,7,-393,275,,,,,a4b4;a4b4;a4b4;a4b4,a4b4;a4b4;a4b4;a4b4,e4h4;e4h4;g6e7;e4h4,-287,4
ArasanX_vs_EnyoBot_Q0a5I19l.log,40,79,Black,6k1/5bp1/1pR3n1/p2p1N1Q/q2Nr2P/8/6PK/8 b - - 0 40,g6h4,8,-409,291,,,,,a4b4;a4b4;a4b4;a4b4,a4b4;a4b4;a4b4;a4b4,e4h4;e4h4;g6e7;e4h4,-287,4
ArasanX_vs_EnyoBot_Q0a5I19l.log,40,79,Black,6k1/5bp1/1pR3n1/p2p1N1Q/q2Nr2P/8/6PK/8 b - - 0 40,g6h8,9,-416,298,,,,,a4b4;a4b4;a4b4;a4b4,a4b4;a4b4;a4b4;a4b4,e4h4;e4h4;g6e7;e4h4,-287,4
ArasanX_vs_EnyoBot_Q0a5I19l.log,40,79,Black,6k1/5bp1/1pR3n1/p2p1N1Q/q2Nr2P/8/6PK/8 b - - 0 40,e4h4,10,-419,301,,,,,a4b4;a4b4;a4b4;a4b4,a4b4;a4b4;a4b4;a4b4,e4h4;e4h4;g6e7;e4h4,-287,4
ArasanX_vs_EnyoBot_Q0a5I19l.log,40,79,Black,6k1/5bp1/1pR3n1/p2p1N1Q/q2Nr2P/8/6PK/8 b - - 0 40,e4e5,11,-420,302,,,,,a4b4;a4b4;a4b4;a4b4,a4b4;a4b4;a4b4;a4b4,e4h4;e4h4;g6e7;e4h4,-287,4
ArasanX_vs_EnyoBot_Q0a5I19l.log,40,79,Black,6k1/5bp1/1pR3n1/p2p1N1Q/q2Nr2P/8/6PK/8 b - - 0 40,b6b5,12,-429,311,,,,,a4b4;a4b4;a4b4;a4b4,a4b4;a4b4;a4b4;a4b4,e4h4;e4h4;g6e7;e4h4,-287,4
ArasanX_vs_EnyoBot_Q0a5I19l.log,40,79,Black,6k1/5bp1/1pR3n1/p2p1N1Q/q2Nr2P/8/6PK/8 b - - 0 40,f7e6,13,-458,340,,,,,a4b4;a4b4;a4b4;a4b4,a4b4;a4b4;a4b4;a4b4,e4h4;e4h4;g6e7;e4h4,-287,4
ArasanX_vs_EnyoBot_Q0a5I19l.log,40,79,Black,6k1/5bp1/1pR3n1/p2p1N1Q/q2Nr2P/8/6PK/8 b - - 0 40,e4e8,14,-458,340,,,,,a4b4;a4b4;a4b4;a4b4,a4b4;a4b4;a4b4;a4b4,e4h4;e4h4;g6e7;e4h4,-287,4
ArasanX_vs_EnyoBot_Q0a5I19l.log,40,79,Black,6k1/5bp1/1pR3n1/p2p1N1Q/q2Nr2P/8/6PK/8 b - - 0 40,g8f8,15,-460,342,,,,,a4b4;a4b4;a4b4;a4b4,a4b4;a4b4;a4b4;a4b4,e4h4;e4h4;g6e7;e4h4,-287,4
ArasanX_vs_EnyoBot_Q0a5I19l.log,40,79,Black,6k1/5bp1/1pR3n1/p2p1N1Q/q2Nr2P/8/6PK/8 b - - 0 40,g6f4,16,-462,344,,,,,a4b4;a4b4;a4b4;a4b4,a4b4;a4b4;a4b4;a4b4,e4h4;e4h4;g6e7;e4h4,-287,4
ArasanX_vs_EnyoBot_Q0a5I19l.log,40,79,Black,6k1/5bp1/1pR3n1/p2p1N1Q/q2Nr2P/8/6PK/8 b - - 0 40,a4a1,17,-468,350,,,,,a4b4;a4b4;a4b4;a4b4,a4b4;a4b4;a4b4;a4b4,e4h4;e4h4;g6e7;e4h4,-287,4
ArasanX_vs_EnyoBot_Q0a5I19l.log,40,79,Black,6k1/5bp1/1pR3n1/p2p1N1Q/q2Nr2P/8/6PK/8 b - - 0 40,e4e6,18,-498,380,,,,,a4b4;a4b4;a4b4;a4b4,a4b4;a4b4;a4b4;a4b4,e4h4;e4h4;g6e7;e4h4,-287,4
ArasanX_vs_EnyoBot_Q0a5I19l.log,40,79,Black,6k1/5bp1/1pR3n1/p2p1N1Q/q2Nr2P/8/6PK/8 b - - 0 40,a4c6,19,-505,387,,,,,a4b4;a4b4;a4b4;a4b4,a4b4;a4b4;a4b4;a4b4,e4h4;e4h4;g6e7;e4h4,-287,4
ArasanX_vs_EnyoBot_Q0a5I19l.log,40,79,Black,6k1/5bp1/1pR3n1/p2p1N1Q/q2Nr2P/8/6PK/8 b - - 0 40,e4e1,20,-513,395,,,,,a4b4;a4b4;a4b4;a4b4,a4b4;a4b4;a4b4;a4b4,e4h4;e4h4;g6e7;e4h4,-287,4
ArasanX_vs_EnyoBot_Q0a5I19l.log,40,79,Black,6k1/5bp1/1pR3n1/p2p1N1Q/q2Nr2P/8/6PK/8 b - - 0 40,e4e7,21,-523,405,,,,,a4b4;a4b4;a4b4;a4b4,a4b4;a4b4;a4b4;a4b4,e4h4;e4h4;g6e7;e4h4,-287,4
ArasanX_vs_EnyoBot_Q0a5I19l.log,40,79,Black,6k1/5bp1/1pR3n1/p2p1N1Q/q2Nr2P/8/6PK/8 b - - 0 40,e4e3,22,-547,429,,,,,a4b4;a4b4;a4b4;a4b4,a4b4;a4b4;a4b4;a4b4,e4h4;e4h4;g6e7;e4h4,-287,4
ArasanX_vs_EnyoBot_Q0a5I19l.log,40,79,Black,6k1/5bp1/1pR3n1/p2p1N1Q/q2Nr2P/8/6PK/8 b - - 0 40,a4c4,23,-555,437,,,,,a4b4;a4b4;a4b4;a4b4,a4b4;a4b4;a4b4;a4b4,e4h4;e4h4;g6e7;e4h4,-287,4
ArasanX_vs_EnyoBot_Q0a5I19l.log,40,79,Black,6k1/5bp1/1pR3n1/p2p1N1Q/q2Nr2P/8/6PK/8 b - - 0 40,e4f4,24,-628,510,,,,,a4b4;a4b4;a4b4;a4b4,a4b4;a4b4;a4b4;a4b4,e4h4;e4h4;g6e7;e4h4,-287,4
ArasanX_vs_EnyoBot_Q0a5I19l.log,40,79,Black,6k1/5bp1/1pR3n1/p2p1N1Q/q2Nr2P/8/6PK/8 b - - 0 40,a4a2,25,-718,600,,,,,a4b4;a4b4;a4b4;a4b4,a4b4;a4b4;a4b4;a4b4,e4h4;e4h4;g6e7;e4h4,-287,4
ArasanX_vs_EnyoBot_Q0a5I19l.log,40,79,Black,6k1/5bp1/1pR3n1/p2p1N1Q/q2Nr2P/8/6PK/8 b - - 0 40,a4d1,26,-768,650,,,,,a4b4;a4b4;a4b4;a4b4,a4b4;a4b4;a4b4;a4b4,e4h4;e4h4;g6e7;e4h4,-287,4
ArasanX_vs_EnyoBot_Q0a5I19l.log,40,79,Black,6k1/5bp1/1pR3n1/p2p1N1Q/q2Nr2P/8/6PK/8 b - - 0 40,a4b3,27,-769,651,,,,,a4b4;a4b4;a4b4;a4b4,a4b4;a4b4;a4b4;a4b4,e4h4;e4h4;g6e7;e4h4,-287,4
ArasanX_vs_EnyoBot_Q0a5I19l.log,40,79,Black,6k1/5bp1/1pR3n1/p2p1N1Q/q2Nr2P/8/6PK/8 b - - 0 40,a4b5,28,-783,665,,,,,a4b4;a4b4;a4b4;a4b4,a4b4;a4b4;a4b4;a4b4,e4h4;e4h4;g6e7;e4h4,-287,4
ArasanX_vs_EnyoBot_Q0a5I19l.log,40,79,Black,6k1/5bp1/1pR3n1/p2p1N1Q/q2Nr2P/8/6PK/8 b - - 0 40,e4e2,29,-796,678,,,,,a4b4;a4b4;a4b4;a4b4,a4b4;a4b4;a4b4;a4b4,e4h4;e4h4;g6e7;e4h4,-287,4
ArasanX_vs_EnyoBot_Q0a5I19l.log,40,79,Black,6k1/5bp1/1pR3n1/p2p1N1Q/q2Nr2P/8/6PK/8 b - - 0 40,a4c2,30,-826,708,,,,,a4b4;a4b4;a4b4;a4b4,a4b4;a4b4;a4b4;a4b4,e4h4;e4h4;g6e7;e4h4,-287,4
ArasanX_vs_EnyoBot_Q0a5I19l.log,40,79,Black,6k1/5bp1/1pR3n1/p2p1N1Q/q2Nr2P/8/6PK/8 b - - 0 40,g6e5,31,-903,785,,,,,a4b4;a4b4;a4b4;a4b4,a4b4;a4b4;a4b4;a4b4,e4h4;e4h4;g6e7;e4h4,-287,4
ArasanX_vs_EnyoBot_Q0a5I19l.log,40,79,Black,6k1/5bp1/1pR3n1/p2p1N1Q/q2Nr2P/8/6PK/8 b - - 0 40,e4g4,32,-968,850,,,,,a4b4;a4b4;a4b4;a4b4,a4b4;a4b4;a4b4;a4b4,e4h4;e4h4;g6e7;e4h4,-287,4
caissa-x_vs_EnyoBot_0waEuGxc.log,49,97,Black,r2k4/2q3p1/1n1p1pPp/pPpPpBnP/P3P3/1N2P3/2R5/2QK4 b - - 19 49,c7b7,1,-77,0,,,,,c7b7;c7b7;c7b7,c7b7;c7b7;c7b7,c7a7;b6a4;c7a7,-209,3
caissa-x_vs_EnyoBot_0waEuGxc.log,49,97,Black,r2k4/2q3p1/1n1p1pPp/pPpPpBnP/P3P3/1N2P3/2R5/2QK4 b - - 19 49,b6d7,2,-95,18,,,,,c7b7;c7b7;c7b7,c7b7;c7b7;c7b7,c7a7;b6a4;c7a7,-209,3
caissa-x_vs_EnyoBot_0waEuGxc.log,49,97,Black,r2k4/2q3p1/1n1p1pPp/pPpPpBnP/P3P3/1N2P3/2R5/2QK4 b - - 19 49,b6a4,3,-171,94,,,,,c7b7;c7b7;c7b7,c7b7;c7b7;c7b7,c7a7;b6a4;c7a7,-209,3
caissa-x_vs_EnyoBot_0waEuGxc.log,49,97,Black,r2k4/2q3p1/1n1p1pPp/pPpPpBnP/P3P3/1N2P3/2R5/2QK4 b - - 19 49,c7e7,4,-181,104,,,,,c7b7;c7b7;c7b7,c7b7;c7b7;c7b7,c7a7;b6a4;c7a7,-209,3
caissa-x_vs_EnyoBot_0waEuGxc.log,49,97,Black,r2k4/2q3p1/1n1p1pPp/pPpPpBnP/P3P3/1N2P3/2R5/2QK4 b - - 19 49,g5e4,5,-188,111,,,,,c7b7;c7b7;c7b7,c7b7;c7b7;c7b7,c7a7;b6a4;c7a7,-209,3
caissa-x_vs_EnyoBot_0waEuGxc.log,49,97,Black,r2k4/2q3p1/1n1p1pPp/pPpPpBnP/P3P3/1N2P3/2R5/2QK4 b - - 19 49,c5c4,6,-216,139,,,,,c7b7;c7b7;c7b7,c7b7;c7b7;c7b7,c7a7;b6a4;c7a7,-209,3
caissa-x_vs_EnyoBot_0waEuGxc.log,49,97,Black,r2k4/2q3p1/1n1p1pPp/pPpPpBnP/P3P3/1N2P3/2R5/2QK4 b - - 19 49,a8c8,7,-269,192,,,,,c7b7;c7b7;c7b7,c7b7;c7b7;c7b7,c7a7;b6a4;c7a7,-209,3
caissa-x_vs_EnyoBot_0waEuGxc.log,49,97,Black,r2k4/2q3p1/1n1p1pPp/pPpPpBnP/P3P3/1N2P3/2R5/2QK4 b - - 19 49,c7a7,8,-288,211,,,,,c7b7;c7b7;c7b7,c7b7;c7b7;c7b7,c7a7;b6a4;c7a7,-209,3
caissa-x_vs_EnyoBot_0waEuGxc.log,49,97,Black,r2k4/2q3p1/1n1p1pPp/pPpPpBnP/P3P3/1N2P3/2R5/2QK4 b - - 19 49,d8e8,9,-292,215,,,,,c7b7;c7b7;c7b7,c7b7;c7b7;c7b7,c7a7;b6a4;c7a7,-209,3
caissa-x_vs_EnyoBot_0waEuGxc.log,49,97,Black,r2k4/2q3p1/1n1p1pPp/pPpPpBnP/P3P3/1N2P3/2R5/2QK4 b - - 19 49,a8b8,10,-337,260,,,,,c7b7;c7b7;c7b7,c7b7;c7b7;c7b7,c7a7;b6a4;c7a7,-209,3
caissa-x_vs_EnyoBot_0waEuGxc.log,49,97,Black,r2k4/2q3p1/1n1p1pPp/pPpPpBnP/P3P3/1N2P3/2R5/2QK4 b - - 19 49,c7b8,11,-340,263,,,,,c7b7;c7b7;c7b7,c7b7;c7b7;c7b7,c7a7;b6a4;c7a7,-209,3
caissa-x_vs_EnyoBot_0waEuGxc.log,49,97,Black,r2k4/2q3p1/1n1p1pPp/pPpPpBnP/P3P3/1N2P3/2R5/2QK4 b - - 19 49,g5f3,12,-349,272,,,,,c7b7;c7b7;c7b7,c7b7;c7b7;c7b7,c7a7;b6a4;c7a7,-209,3
caissa-x_vs_EnyoBot_0waEuGxc.log,49,97,Black,r2k4/2q3p1/1n1p1pPp/pPpPpBnP/P3P3/1N2P3/2R5/2QK4 b - - 19 49,d8e7,13,-377,300,,,,,c7b7;c7b7;c7b7,c7b7;c7b7;c7b7,c7a7;b6a4;c7a7,-209,3
caissa-x_vs_EnyoBot_0waEuGxc.log,49,97,Black,r2k4/2q3p1/1n1p1pPp/pPpPpBnP/P3P3/1N2P3/2R5/2QK4 b - - 19 49,g5e6,14,-399,322,,,,,c7b7;c7b7;c7b7,c7b7;c7b7;c7b7,c7a7;b6a4;c7a7,-209,3
caissa-x_vs_EnyoBot_0waEuGxc.log,49,97,Black,r2k4/2q3p1/1n1p1pPp/pPpPpBnP/P3P3/1N2P3/2R5/2QK4 b - - 19 49,a8a7,15,-410,333,,,,,c7b7;c7b7;c7b7,c7b7;c7b7;c7b7,c7a7;b6a4;c7a7,-209,3
caissa-x_vs_EnyoBot_0waEuGxc.log,49,97,Black,r2k4/2q3p1/1n1p1pPp/pPpPpBnP/P3P3/1N2P3/2R5/2QK4 b - - 19 49,b6d5,16,-442,365,,,,,c7b7;c7b7;c7b7,c7b7;c7b7;c7b7,c7a7;b6a4;c7a7,-209,3
caissa-x_vs_EnyoBot_0waEuGxc.log,49,97,Black,r2k4/2q3p1/1n1p1pPp/pPpPpBnP/P3P3/1N2P3/2R5/2QK4 b - - 19 49,b6c8,17,-452,375,,,,,c7b7;c7b7;c7b7,c7b7;c7b7;c7b7,c7a7;b6a4;c7a7,-209,3
caissa-x_vs_EnyoBot_0waEuGxc.log,49,97,Black,r2k4/2q3p1/1n1p1pPp/pPpPpBnP/P3P3/1N2P3/2R5/2QK4 b - - 19 49,g5h3,18,-457,380,,,,,c7b7;c7b7;c7b7,c7b7;c7b7;c7b7,c7a7;b6a4;c7a7,-209,3
caissa-x_vs_EnyoBot_0waEuGxc.log,49,97,Black,r2k4/2q3p1/1n1p1pPp/pPpPpBnP/P3P3/1N2P3/2R5/2QK4 b - - 19 49,a8a6,19,-485,408,,,,,c7b7;c7b7;c7b7,c7b7;c7b7;c7b7,c7a7;b6a4;c7a7,-209,3
caissa-x_vs_EnyoBot_0waEuGxc.log,49,97,Black,r2k4/2q3p1/1n1p1pPp/pPpPpBnP/P3P3/1N2P3/2R5/2QK4 b - - 19 49,b6c4,20,-499,422,,,,,c7b7;c7b7;c7b7,c7b7;c7b7;c7b7,c7a7;b6a4;c7a7,-209,3
caissa-x_vs_EnyoBot_0waEuGxc.log,49,97,Black,r2k4/2q3p1/1n1p1pPp/pPpPpBnP/P3P3/1N2P3/2R5/2QK4 b - - 19 49,g5f7,21,-499,422,,,,,c7b7;c7b7;c7b7,c7b7;c7b7;c7b7,c7a7;b6a4;c7a7,-209,3
caissa-x_vs_EnyoBot_0waEuGxc.log,49,97,Black,r2k4/2q3p1/1n1p1pPp/pPpPpBnP/P3P3/1N2P3/2R5/2QK4 b - - 19 49,c7d7,22,-513,436,,,,,c7b7;c7b7;c7b7,c7b7;c7b7;c7b7,c7a7;b6a4;c7a7,-209,3
caissa-x_vs_EnyoBot_0waEuGxc.log,49,97,Black,r2k4/2q3p1/1n1p1pPp/pPpPpBnP/P3P3/1N2P3/2R5/2QK4 b - - 19 49,c7c8,23,-586,509,,,,,c7b7;c7b7;c7b7,c7b7;c7b7;c7b7,c7a7;b6a4;c7a7,-209,3
caissa-x_vs_EnyoBot_0waEuGxc.log,49,97,Black,r2k4/2q3p1/1n1p1pPp/pPpPpBnP/P3P3/1N2P3/2R5/2QK4 b - - 19 49,c7f7,24,-728,651,,,,,c7b7;c7b7;c7b7,c7b7;c7b7;c7b7,c7a7;b6a4;c7a7,-209,3
caissa-x_vs_EnyoBot_0waEuGxc.log,49,97,Black,r2k4/2q3p1/1n1p1pPp/pPpPpBnP/P3P3/1N2P3/2R5/2QK4 b - - 19 49,c7c6,25,-754,677,,,,,c7b7;c7b7;c7b7,c7b7;c7b7;c7b7,c7a7;b6a4;c7a7,-209,3
caissa-x_vs_EnyoBot_0waEuGxc.log,49,97,Black,r2k4/2q3p1/1n1p1pPp/pPpPpBnP/P3P3/1N2P3/2R5/2QK4 b - - 19 49,g5h7,26,-777,700,,,,,c7b7;c7b7;c7b7,c7b7;c7b7;c7b7,c7a7;b6a4;c7a7,-209,3
caissa-x vs EnyoBot - 0waEuGxc.log,67,133,Black,q5k1/6p1/5pPp/3PpBnP/4P3/4P1K1/8/2Qn4 b - - 20 67,d1e3,1,-416,0,,,,,a8d8;a8d8,d1e3;d1e3,g8h8;g8f8,-202,2
caissa-x vs EnyoBot - 0waEuGxc.log,67,133,Black,q5k1/6p1/5pPp/3PpBnP/4P3/4P1K1/8/2Qn4 b - - 20 67,g5e4,2,-475,59,,,,,a8d8;a8d8,d1e3;d1e3,g8h8;g8f8,-202,2
caissa-x vs EnyoBot - 0waEuGxc.log,67,133,Black,q5k1/6p1/5pPp/3PpBnP/4P3/4P1K1/8/2Qn4 b - - 20 67,a8f8,3,-483,67,,,,,a8d8;a8d8,d1e3;d1e3,g8h8;g8f8,-202,2
caissa-x vs EnyoBot - 0waEuGxc.log,67,133,Black,q5k1/6p1/5pPp/3PpBnP/4P3/4P1K1/8/2Qn4 b - - 20 67,g8h8,4,-484,68,,,,,a8d8;a8d8,d1e3;d1e3,g8h8;g8f8,-202,2
caissa-x vs EnyoBot - 0waEuGxc.log,67,133,Black,q5k1/6p1/5pPp/3PpBnP/4P3/4P1K1/8/2Qn4 b - - 20 67,a8a6,5,-484,68,,,,,a8d8;a8d8,d1e3;d1e3,g8h8;g8f8,-202,2
caissa-x vs EnyoBot - 0waEuGxc.log,67,133,Black,q5k1/6p1/5pPp/3PpBnP/4P3/4P1K1/8/2Qn4 b - - 20 67,g8f8,6,-509,93,,,,,a8d8;a8d8,d1e3;d1e3,g8h8;g8f8,-202,2
caissa-x vs EnyoBot - 0waEuGxc.log,67,133,Black,q5k1/6p1/5pPp/3PpBnP/4P3/4P1K1/8/2Qn4 b - - 20 67,a8b8,7,-577,161,,,,,a8d8;a8d8,d1e3;d1e3,g8h8;g8f8,-202,2
caissa-x vs EnyoBot - 0waEuGxc.log,67,133,Black,q5k1/6p1/5pPp/3PpBnP/4P3/4P1K1/8/2Qn4 b - - 20 67,a8e8,8,-580,164,,,,,a8d8;a8d8,d1e3;d1e3,g8h8;g8f8,-202,2
caissa-x vs EnyoBot - 0waEuGxc.log,67,133,Black,q5k1/6p1/5pPp/3PpBnP/4P3/4P1K1/8/2Qn4 b - - 20 67,a8d8,9,-589,173,,,,,a8d8;a8d8,d1e3;d1e3,g8h8;g8f8,-202,2
caissa-x vs EnyoBot - 0waEuGxc.log,67,133,Black,q5k1/6p1/5pPp/3PpBnP/4P3/4P1K1/8/2Qn4 b - - 20 67,d1f2,10,-613,197,,,,,a8d8;a8d8,d1e3;d1e3,g8h8;g8f8,-202,2
caissa-x vs EnyoBot - 0waEuGxc.log,67,133,Black,q5k1/6p1/5pPp/3PpBnP/4P3/4P1K1/8/2Qn4 b - - 20 67,g5f7,11,-636,220,,,,,a8d8;a8d8,d1e3;d1e3,g8h8;g8f8,-202,2
caissa-x vs EnyoBot - 0waEuGxc.log,67,133,Black,q5k1/6p1/5pPp/3PpBnP/4P3/4P1K1/8/2Qn4 b - - 20 67,g5h3,12,-637,221,,,,,a8d8;a8d8,d1e3;d1e3,g8h8;g8f8,-202,2
caissa-x vs EnyoBot - 0waEuGxc.log,67,133,Black,q5k1/6p1/5pPp/3PpBnP/4P3/4P1K1/8/2Qn4 b - - 20 67,d1b2,13,-642,226,,,,,a8d8;a8d8,d1e3;d1e3,g8h8;g8f8,-202,2
caissa-x vs EnyoBot - 0waEuGxc.log,67,133,Black,q5k1/6p1/5pPp/3PpBnP/4P3/4P1K1/8/2Qn4 b - - 20 67,a8b7,14,-653,237,,,,,a8d8;a8d8,d1e3;d1e3,g8h8;g8f8,-202,2
caissa-x vs EnyoBot - 0waEuGxc.log,67,133,Black,q5k1/6p1/5pPp/3PpBnP/4P3/4P1K1/8/2Qn4 b - - 20 67,d1c3,15,-767,351,,,,,a8d8;a8d8,d1e3;d1e3,g8h8;g8f8,-202,2
caissa-x vs EnyoBot - 0waEuGxc.log,67,133,Black,q5k1/6p1/5pPp/3PpBnP/4P3/4P1K1/8/2Qn4 b - - 20 67,g5f3,16,-773,357,,,,,a8d8;a8d8,d1e3;d1e3,g8h8;g8f8,-202,2
caissa-x vs EnyoBot - 0waEuGxc.log,67,133,Black,q5k1/6p1/5pPp/3PpBnP/4P3/4P1K1/8/2Qn4 b - - 20 67,g5h7,17,-780,364,,,,,a8d8;a8d8,d1e3;d1e3,g8h8;g8f8,-202,2
caissa-x vs EnyoBot - 0waEuGxc.log,67,133,Black,q5k1/6p1/5pPp/3PpBnP/4P3/4P1K1/8/2Qn4 b - - 20 67,g5e6,18,-31993,31577,,,,,a8d8;a8d8,d1e3;d1e3,g8h8;g8f8,-202,2
caissa-x vs EnyoBot - 0waEuGxc.log,67,133,Black,q5k1/6p1/5pPp/3PpBnP/4P3/4P1K1/8/2Qn4 b - - 20 67,a8c6,19,-31996,31580,,,,,a8d8;a8d8,d1e3;d1e3,g8h8;g8f8,-202,2
caissa-x vs EnyoBot - 0waEuGxc.log,67,133,Black,q5k1/6p1/5pPp/3PpBnP/4P3/4P1K1/8/2Qn4 b - - 20 67,a8a3,20,-31997,31581,,,,,a8d8;a8d8,d1e3;d1e3,g8h8;g8f8,-202,2
caissa-x vs EnyoBot - 0waEuGxc.log,67,133,Black,q5k1/6p1/5pPp/3PpBnP/4P3/4P1K1/8/2Qn4 b - - 20 67,a8d5,21,-31998,31582,,,,,a8d8;a8d8,d1e3;d1e3,g8h8;g8f8,-202,2
caissa-x vs EnyoBot - 0waEuGxc.log,67,133,Black,q5k1/6p1/5pPp/3PpBnP/4P3/4P1K1/8/2Qn4 b - - 20 67,a8a5,22,-31998,31582,,,,,a8d8;a8d8,d1e3;d1e3,g8h8;g8f8,-202,2
caissa-x vs EnyoBot - 0waEuGxc.log,67,133,Black,q5k1/6p1/5pPp/3PpBnP/4P3/4P1K1/8/2Qn4 b - - 20 67,a8a4,23,-31998,31582,,,,,a8d8;a8d8,d1e3;d1e3,g8h8;g8f8,-202,2
caissa-x vs EnyoBot - 0waEuGxc.log,67,133,Black,q5k1/6p1/5pPp/3PpBnP/4P3/4P1K1/8/2Qn4 b - - 20 67,a8c8,24,-31999,31583,,,,,a8d8;a8d8,d1e3;d1e3,g8h8;g8f8,-202,2
caissa-x vs EnyoBot - 0waEuGxc.log,67,133,Black,q5k1/6p1/5pPp/3PpBnP/4P3/4P1K1/8/2Qn4 b - - 20 67,a8a7,25,-31999,31583,,,,,a8d8;a8d8,d1e3;d1e3,g8h8;g8f8,-202,2
caissa-x vs EnyoBot - 0waEuGxc.log,67,133,Black,q5k1/6p1/5pPp/3PpBnP/4P3/4P1K1/8/2Qn4 b - - 20 67,a8a2,26,-31999,31583,,,,,a8d8;a8d8,d1e3;d1e3,g8h8;g8f8,-202,2
caissa-x vs EnyoBot - 0waEuGxc.log,67,133,Black,q5k1/6p1/5pPp/3PpBnP/4P3/4P1K1/8/2Qn4 b - - 20 67,a8a1,27,-31999,31583,,,,,a8d8;a8d8,d1e3;d1e3,g8h8;g8f8,-202,2
caissa-x_vs_EnyoBot_0waEuGxc.log,46,91,Black,r2k4/q5p1/1n1p1pPp/pPpPpBnP/P3P3/1NQ1P3/8/R2K4 b - - 13 46,d8e8,1,-89,0,,,,,d8e8;d8e8,d8e7;d8e7,g5f3;g5f3,-170,2
caissa-x_vs_EnyoBot_0waEuGxc.log,46,91,Black,r2k4/q5p1/1n1p1pPp/pPpPpBnP/P3P3/1NQ1P3/8/R2K4 b - - 13 46,b6d7,2,-130,41,,,,,d8e8;d8e8,d8e7;d8e7,g5f3;g5f3,-170,2
caissa-x_vs_EnyoBot_0waEuGxc.log,46,91,Black,r2k4/q5p1/1n1p1pPp/pPpPpBnP/P3P3/1NQ1P3/8/R2K4 b - - 13 46,a7c7,3,-157,68,,,,,d8e8;d8e8,d8e7;d8e7,g5f3;g5f3,-170,2
caissa-x_vs_EnyoBot_0waEuGxc.log,46,91,Black,r2k4/q5p1/1n1p1pPp/pPpPpBnP/P3P3/1NQ1P3/8/R2K4 b - - 13 46,d8e7,4,-161,72,,,,,d8e8;d8e8,d8e7;d8e7,g5f3;g5f3,-170,2
caissa-x_vs_EnyoBot_0waEuGxc.log,46,91,Black,r2k4/q5p1/1n1p1pPp/pPpPpBnP/P3P3/1NQ1P3/8/R2K4 b - - 13 46,c5c4,5,-221,132,,,,,d8e8;d8e8,d8e7;d8e7,g5f3;g5f3,-170,2
caissa-x_vs_EnyoBot_0waEuGxc.log,46,91,Black,r2k4/q5p1/1n1p1pPp/pPpPpBnP/P3P3/1NQ1P3/8/R2K4 b - - 13 46,b6c8,6,-232,143,,,,,d8e8;d8e8,d8e7;d8e7,g5f3;g5f3,-170,2
caissa-x_vs_EnyoBot_0waEuGxc.log,46,91,Black,r2k4/q5p1/1n1p1pPp/pPpPpBnP/P3P3/1NQ1P3/8/R2K4 b - - 13 46,g5e4,7,-258,169,,,,,d8e8;d8e8,d8e7;d8e7,g5f3;g5f3,-170,2
caissa-x_vs_EnyoBot_0waEuGxc.log,46,91,Black,r2k4/q5p1/1n1p1pPp/pPpPpBnP/P3P3/1NQ1P3/8/R2K4 b - - 13 46,g5f3,8,-272,183,,,,,d8e8;d8e8,d8e7;d8e7,g5f3;g5f3,-170,2
caissa-x_vs_EnyoBot_0waEuGxc.log,46,91,Black,r2k4/q5p1/1n1p1pPp/pPpPpBnP/P3P3/1NQ1P3/8/R2K4 b - - 13 46,a8c8,9,-370,281,,,,,d8e8;d8e8,d8e7;d8e7,g5f3;g5f3,-170,2
caissa-x_vs_EnyoBot_0waEuGxc.log,46,91,Black,r2k4/q5p1/1n1p1pPp/pPpPpBnP/P3P3/1NQ1P3/8/R2K4 b - - 13 46,a7b8,10,-370,281,,,,,d8e8;d8e8,d8e7;d8e7,g5f3;g5f3,-170,2
caissa-x_vs_EnyoBot_0waEuGxc.log,46,91,Black,r2k4/q5p1/1n1p1pPp/pPpPpBnP/P3P3/1NQ1P3/8/R2K4 b - - 13 46,d8c7,11,-387,298,,,,,d8e8;d8e8,d8e7;d8e7,g5f3;g5f3,-170,2
caissa-x_vs_EnyoBot_0waEuGxc.log,46,91,Black,r2k4/q5p1/1n1p1pPp/pPpPpBnP/P3P3/1NQ1P3/8/R2K4 b - - 13 46,g5e6,12,-387,298,,,,,d8e8;d8e8,d8e7;d8e7,g5f3;g5f3,-170,2
caissa-x_vs_EnyoBot_0waEuGxc.log,46,91,Black,r2k4/q5p1/1n1p1pPp/pPpPpBnP/P3P3/1NQ1P3/8/R2K4 b - - 13 46,a7e7,13,-393,304,,,,,d8e8;d8e8,d8e7;d8e7,g5f3;g5f3,-170,2
caissa-x_vs_EnyoBot_0waEuGxc.log,46,91,Black,r2k4/q5p1/1n1p1pPp/pPpPpBnP/P3P3/1NQ1P3/8/R2K4 b - - 13 46,g5h3,14,-396,307,,,,,d8e8;d8e8,d8e7;d8e7,g5f3;g5f3,-170,2
caissa-x_vs_EnyoBot_0waEuGxc.log,46,91,Black,r2k4/q5p1/1n1p1pPp/pPpPpBnP/P3P3/1NQ1P3/8/R2K4 b - - 13 46,a7b7,15,-414,325,,,,,d8e8;d8e8,d8e7;d8e7,g5f3;g5f3,-170,2
caissa-x_vs_EnyoBot_0waEuGxc.log,46,91,Black,r2k4/q5p1/1n1p1pPp/pPpPpBnP/P3P3/1NQ1P3/8/R2K4 b - - 13 46,b6d5,16,-436,347,,,,,d8e8;d8e8,d8e7;d8e7,g5f3;g5f3,-170,2
caissa-x_vs_EnyoBot_0waEuGxc.log,46,91,Black,r2k4/q5p1/1n1p1pPp/pPpPpBnP/P3P3/1NQ1P3/8/R2K4 b - - 13 46,a8b8,17,-437,348,,,,,d8e8;d8e8,d8e7;d8e7,g5f3;g5f3,-170,2
caissa-x_vs_EnyoBot_0waEuGxc.log,46,91,Black,r2k4/q5p1/1n1p1pPp/pPpPpBnP/P3P3/1NQ1P3/8/R2K4 b - - 13 46,g5f7,18,-448,359,,,,,d8e8;d8e8,d8e7;d8e7,g5f3;g5f3,-170,2
caissa-x_vs_EnyoBot_0waEuGxc.log,46,91,Black,r2k4/q5p1/1n1p1pPp/pPpPpBnP/P3P3/1NQ1P3/8/R2K4 b - - 13 46,b6c4,19,-503,414,,,,,d8e8;d8e8,d8e7;d8e7,g5f3;g5f3,-170,2
caissa-x_vs_EnyoBot_0waEuGxc.log,46,91,Black,r2k4/q5p1/1n1p1pPp/pPpPpBnP/P3P3/1NQ1P3/8/R2K4 b - - 13 46,b6a4,20,-504,415,,,,,d8e8;d8e8,d8e7;d8e7,g5f3;g5f3,-170,2
caissa-x_vs_EnyoBot_0waEuGxc.log,46,91,Black,r2k4/q5p1/1n1p1pPp/pPpPpBnP/P3P3/1NQ1P3/8/R2K4 b - - 13 46,a7d7,21,-569,480,,,,,d8e8;d8e8,d8e7;d8e7,g5f3;g5f3,-170,2
caissa-x_vs_EnyoBot_0waEuGxc.log,46,91,Black,r2k4/q5p1/1n1p1pPp/pPpPpBnP/P3P3/1NQ1P3/8/R2K4 b - - 13 46,g5h7,22,-636,547,,,,,d8e8;d8e8,d8e7;d8e7,g5f3;g5f3,-170,2
caissa-x_vs_EnyoBot_0waEuGxc.log,46,91,Black,r2k4/q5p1/1n1p1pPp/pPpPpBnP/P3P3/1NQ1P3/8/R2K4 b - - 13 46,a7a6,23,-788,699,,,,,d8e8;d8e8,d8e7;d8e7,g5f3;g5f3,-170,2
caissa-x_vs_EnyoBot_0waEuGxc.log,46,91,Black,r2k4/q5p1/1n1p1pPp/pPpPpBnP/P3P3/1NQ1P3/8/R2K4 b - - 13 46,a7f7,24,-830,741,,,,,d8e8;d8e8,d8e7;d8e7,g5f3;g5f3,-170,2
Hypersion_vs_EnyoBot_npmgxvIO.log,49,97,Black,8/1p1k4/4p3/3pP3/4B3/2P3r1/3QK2R/q7 b - - 8 49,d7c8,1,-145,0,,,,,d7c7;d7c7,a1c3;a1c3,a1g1;g3g1,-168,2
Hypersion_vs_EnyoBot_npmgxvIO.log,49,97,Black,8/1p1k4/4p3/3pP3/4B3/2P3r1/3QK2R/q7 b - - 8 49,d7c7,2,-166,21,,,,,d7c7;d7c7,a1c3;a1c3,a1g1;g3g1,-168,2
Hypersion_vs_EnyoBot_npmgxvIO.log,49,97,Black,8/1p1k4/4p3/3pP3/4B3/2P3r1/3QK2R/q7 b - - 8 49,a1a5,3,-220,75,,,,,d7c7;d7c7,a1c3;a1c3,a1g1;g3g1,-168,2
Hypersion_vs_EnyoBot_npmgxvIO.log,49,97,Black,8/1p1k4/4p3/3pP3/4B3/2P3r1/3QK2R/q7 b - - 8 49,a1c3,4,-229,84,,,,,d7c7;d7c7,a1c3;a1c3,a1g1;g3g1,-168,2
Hypersion_vs_EnyoBot_npmgxvIO.log,49,97,Black,8/1p1k4/4p3/3pP3/4B3/2P3r1/3QK2R/q7 b - - 8 49,a1a6,5,-279,134,,,,,d7c7;d7c7,a1c3;a1c3,a1g1;g3g1,-168,2
Hypersion_vs_EnyoBot_npmgxvIO.log,49,97,Black,8/1p1k4/4p3/3pP3/4B3/2P3r1/3QK2R/q7 b - - 8 49,d7e8,6,-314,169,,,,,d7c7;d7c7,a1c3;a1c3,a1g1;g3g1,-168,2
Hypersion_vs_EnyoBot_npmgxvIO.log,49,97,Black,8/1p1k4/4p3/3pP3/4B3/2P3r1/3QK2R/q7 b - - 8 49,d7c6,7,-316,171,,,,,d7c7;d7c7,a1c3;a1c3,a1g1;g3g1,-168,2
Hypersion_vs_EnyoBot_npmgxvIO.log,49,97,Black,8/1p1k4/4p3/3pP3/4B3/2P3r1/3QK2R/q7 b - - 8 49,d7e7,8,-339,194,,,,,d7c7;d7c7,a1c3;a1c3,a1g1;g3g1,-168,2
Hypersion_vs_EnyoBot_npmgxvIO.log,49,97,Black,8/1p1k4/4p3/3pP3/4B3/2P3r1/3QK2R/q7 b - - 8 49,a1g1,9,-355,210,,,,,d7c7;d7c7,a1c3;a1c3,a1g1;g3g1,-168,2
Hypersion_vs_EnyoBot_npmgxvIO.log,49,97,Black,8/1p1k4/4p3/3pP3/4B3/2P3r1/3QK2R/q7 b - - 8 49,d7d8,10,-382,237,,,,,d7c7;d7c7,a1c3;a1c3,a1g1;g3g1,-168,2
Hypersion_vs_EnyoBot_npmgxvIO.log,49,97,Black,8/1p1k4/4p3/3pP3/4B3/2P3r1/3QK2R/q7 b - - 8 49,g3g1,11,-385,240,,,,,d7c7;d7c7,a1c3;a1c3,a1g1;g3g1,-168,2
Hypersion_vs_EnyoBot_npmgxvIO.log,49,97,Black,8/1p1k4/4p3/3pP3/4B3/2P3r1/3QK2R/q7 b - - 8 49,g3g7,12,-424,279,,,,,d7c7;d7c7,a1c3;a1c3,a1g1;g3g1,-168,2
Hypersion_vs_EnyoBot_npmgxvIO.log,49,97,Black,8/1p1k4/4p3/3pP3/4B3/2P3r1/3QK2R/q7 b - - 8 49,g3c3,13,-439,294,,,,,d7c7;d7c7,a1c3;a1c3,a1g1;g3g1,-168,2
Hypersion_vs_EnyoBot_npmgxvIO.log,49,97,Black,8/1p1k4/4p3/3pP3/4B3/2P3r1/3QK2R/q7 b - - 8 49,a1a3,14,-456,311,,,,,d7c7;d7c7,a1c3;a1c3,a1g1;g3g1,-168,2
Hypersion_vs_EnyoBot_npmgxvIO.log,49,97,Black,8/1p1k4/4p3/3pP3/4B3/2P3r1/3QK2R/q7 b - - 8 49,a1a4,15,-491,346,,,,,d7c7;d7c7,a1c3;a1c3,a1g1;g3g1,-168,2
Hypersion_vs_EnyoBot_npmgxvIO.log,49,97,Black,8/1p1k4/4p3/3pP3/4B3/2P3r1/3QK2R/q7 b - - 8 49,g3g8,16,-516,371,,,,,d7c7;d7c7,a1c3;a1c3,a1g1;g3g1,-168,2
Hypersion_vs_EnyoBot_npmgxvIO.log,49,97,Black,8/1p1k4/4p3/3pP3/4B3/2P3r1/3QK2R/q7 b - - 8 49,g3g5,17,-537,392,,,,,d7c7;d7c7,a1c3;a1c3,a1g1;g3g1,-168,2
Hypersion_vs_EnyoBot_npmgxvIO.log,49,97,Black,8/1p1k4/4p3/3pP3/4B3/2P3r1/3QK2R/q7 b - - 8 49,g3e3,18,-549,404,,,,,d7c7;d7c7,a1c3;a1c3,a1g1;g3g1,-168,2
Hypersion_vs_EnyoBot_npmgxvIO.log,49,97,Black,8/1p1k4/4p3/3pP3/4B3/2P3r1/3QK2R/q7 b - - 8 49,a1a7,19,-581,436,,,,,d7c7;d7c7,a1c3;a1c3,a1g1;g3g1,-168,2
Hypersion_vs_EnyoBot_npmgxvIO.log,49,97,Black,8/1p1k4/4p3/3pP3/4B3/2P3r1/3QK2R/q7 b - - 8 49,g3g2,20,-610,465,,,,,d7c7;d7c7,a1c3;a1c3,a1g1;g3g1,-168,2
Hypersion_vs_EnyoBot_npmgxvIO.log,49,97,Black,8/1p1k4/4p3/3pP3/4B3/2P3r1/3QK2R/q7 b - - 8 49,g3f3,21,-621,476,,,,,d7c7;d7c7,a1c3;a1c3,a1g1;g3g1,-168,2
Hypersion_vs_EnyoBot_npmgxvIO.log,49,97,Black,8/1p1k4/4p3/3pP3/4B3/2P3r1/3QK2R/q7 b - - 8 49,g3g6,22,-632,487,,,,,d7c7;d7c7,a1c3;a1c3,a1g1;g3g1,-168,2
Hypersion_vs_EnyoBot_npmgxvIO.log,49,97,Black,8/1p1k4/4p3/3pP3/4B3/2P3r1/3QK2R/q7 b - - 8 49,g3h3,23,-638,493,,,,,d7c7;d7c7,a1c3;a1c3,a1g1;g3g1,-168,2
Hypersion_vs_EnyoBot_npmgxvIO.log,49,97,Black,8/1p1k4/4p3/3pP3/4B3/2P3r1/3QK2R/q7 b - - 8 49,a1a8,24,-640,495,,,,,d7c7;d7c7,a1c3;a1c3,a1g1;g3g1,-168,2
Hypersion_vs_EnyoBot_npmgxvIO.log,49,97,Black,8/1p1k4/4p3/3pP3/4B3/2P3r1/3QK2R/q7 b - - 8 49,g3d3,25,-666,521,,,,,d7c7;d7c7,a1c3;a1c3,a1g1;g3g1,-168,2
Hypersion_vs_EnyoBot_npmgxvIO.log,49,97,Black,8/1p1k4/4p3/3pP3/4B3/2P3r1/3QK2R/q7 b - - 8 49,g3g4,26,-721,576,,,,,d7c7;d7c7,a1c3;a1c3,a1g1;g3g1,-168,2
Hypersion_vs_EnyoBot_npmgxvIO.log,49,97,Black,8/1p1k4/4p3/3pP3/4B3/2P3r1/3QK2R/q7 b - - 8 49,a1c1,27,-851,706,,,,,d7c7;d7c7,a1c3;a1c3,a1g1;g3g1,-168,2
Hypersion_vs_EnyoBot_npmgxvIO.log,49,97,Black,8/1p1k4/4p3/3pP3/4B3/2P3r1/3QK2R/q7 b - - 8 49,b7b6,28,-851,706,,,,,d7c7;d7c7,a1c3;a1c3,a1g1;g3g1,-168,2
Hypersion_vs_EnyoBot_npmgxvIO.log,49,97,Black,8/1p1k4/4p3/3pP3/4B3/2P3r1/3QK2R/q7 b - - 8 49,b7b5,29,-874,729,,,,,d7c7;d7c7,a1c3;a1c3,a1g1;g3g1,-168,2
Hypersion_vs_EnyoBot_npmgxvIO.log,49,97,Black,8/1p1k4/4p3/3pP3/4B3/2P3r1/3QK2R/q7 b - - 8 49,a1b1,30,-881,736,,,,,d7c7;d7c7,a1c3;a1c3,a1g1;g3g1,-168,2
Hypersion_vs_EnyoBot_npmgxvIO.log,49,97,Black,8/1p1k4/4p3/3pP3/4B3/2P3r1/3QK2R/q7 b - - 8 49,a1e1,31,-887,742,,,,,d7c7;d7c7,a1c3;a1c3,a1g1;g3g1,-168,2
Hypersion_vs_EnyoBot_npmgxvIO.log,49,97,Black,8/1p1k4/4p3/3pP3/4B3/2P3r1/3QK2R/q7 b - - 8 49,a1f1,32,-896,751,,,,,d7c7;d7c7,a1c3;a1c3,a1g1;g3g1,-168,2
Hypersion_vs_EnyoBot_npmgxvIO.log,49,97,Black,8/1p1k4/4p3/3pP3/4B3/2P3r1/3QK2R/q7 b - - 8 49,a1h1,33,-1025,880,,,,,d7c7;d7c7,a1c3;a1c3,a1g1;g3g1,-168,2
Hypersion_vs_EnyoBot_npmgxvIO.log,49,97,Black,8/1p1k4/4p3/3pP3/4B3/2P3r1/3QK2R/q7 b - - 8 49,a1d1,34,-1204,1059,,,,,d7c7;d7c7,a1c3;a1c3,a1g1;g3g1,-168,2
Hypersion_vs_EnyoBot_npmgxvIO.log,49,97,Black,8/1p1k4/4p3/3pP3/4B3/2P3r1/3QK2R/q7 b - - 8 49,a1a2,35,-31992,31847,,,,,d7c7;d7c7,a1c3;a1c3,a1g1;g3g1,-168,2
Hypersion_vs_EnyoBot_npmgxvIO.log,49,97,Black,8/1p1k4/4p3/3pP3/4B3/2P3r1/3QK2R/q7 b - - 8 49,a1b2,36,-31994,31849,,,,,d7c7;d7c7,a1c3;a1c3,a1g1;g3g1,-168,2
Hypersion_vs_EnyoBot_npmgxvIO.log,49,97,Black,8/1p1k4/4p3/3pP3/4B3/2P3r1/3QK2R/q7 b - - 8 49,d5d4,37,-31995,31850,,,,,d7c7;d7c7,a1c3;a1c3,a1g1;g3g1,-168,2
caissa-x_vs_EnyoBot_0waEuGxc.log,48,95,Black,r2k4/q5p1/1n1p1pPp/pPpPpBnP/P3P3/1N2P3/R7/2QK4 b - - 17 48,b6d7,1,-94,0,,,,,b6d7;b6d7,b6c8;b6c8,g5f3;a7b8,-160,2
caissa-x_vs_EnyoBot_0waEuGxc.log,48,95,Black,r2k4/q5p1/1n1p1pPp/pPpPpBnP/P3P3/1N2P3/R7/2QK4 b - - 17 48,a7c7,2,-105,11,,,,,b6d7;b6d7,b6c8;b6c8,g5f3;a7b8,-160,2
caissa-x_vs_EnyoBot_0waEuGxc.log,48,95,Black,r2k4/q5p1/1n1p1pPp/pPpPpBnP/P3P3/1N2P3/R7/2QK4 b - - 17 48,d8e8,3,-138,44,,,,,b6d7;b6d7,b6c8;b6c8,g5f3;a7b8,-160,2
caissa-x_vs_EnyoBot_0waEuGxc.log,48,95,Black,r2k4/q5p1/1n1p1pPp/pPpPpBnP/P3P3/1N2P3/R7/2QK4 b - - 17 48,b6c8,4,-161,67,,,,,b6d7;b6d7,b6c8;b6c8,g5f3;a7b8,-160,2
caissa-x_vs_EnyoBot_0waEuGxc.log,48,95,Black,r2k4/q5p1/1n1p1pPp/pPpPpBnP/P3P3/1N2P3/R7/2QK4 b - - 17 48,g5e4,5,-233,139,,,,,b6d7;b6d7,b6c8;b6c8,g5f3;a7b8,-160,2
caissa-x_vs_EnyoBot_0waEuGxc.log,48,95,Black,r2k4/q5p1/1n1p1pPp/pPpPpBnP/P3P3/1N2P3/R7/2QK4 b - - 17 48,a8c8,6,-239,145,,,,,b6d7;b6d7,b6c8;b6c8,g5f3;a7b8,-160,2
caissa-x_vs_EnyoBot_0waEuGxc.log,48,95,Black,r2k4/q5p1/1n1p1pPp/pPpPpBnP/P3P3/1N2P3/R7/2QK4 b - - 17 48,c5c4,7,-248,154,,,,,b6d7;b6d7,b6c8;b6c8,g5f3;a7b8,-160,2
caissa-x_vs_EnyoBot_0waEuGxc.log,48,95,Black,r2k4/q5p1/1n1p1pPp/pPpPpBnP/P3P3/1N2P3/R7/2QK4 b - - 17 48,a7b7,8,-253,159,,,,,b6d7;b6d7,b6c8;b6c8,g5f3;a7b8,-160,2
caissa-x_vs_EnyoBot_0waEuGxc.log,48,95,Black,r2k4/q5p1/1n1p1pPp/pPpPpBnP/P3P3/1N2P3/R7/2QK4 b - - 17 48,a7e7,9,-291,197,,,,,b6d7;b6d7,b6c8;b6c8,g5f3;a7b8,-160,2
caissa-x_vs_EnyoBot_0waEuGxc.log,48,95,Black,r2k4/q5p1/1n1p1pPp/pPpPpBnP/P3P3/1N2P3/R7/2QK4 b - - 17 48,d8e7,10,-302,208,,,,,b6d7;b6d7,b6c8;b6c8,g5f3;a7b8,-160,2
caissa-x_vs_EnyoBot_0waEuGxc.log,48,95,Black,r2k4/q5p1/1n1p1pPp/pPpPpBnP/P3P3/1N2P3/R7/2QK4 b - - 17 48,g5f3,11,-316,222,,,,,b6d7;b6d7,b6c8;b6c8,g5f3;a7b8,-160,2
caissa-x_vs_EnyoBot_0waEuGxc.log,48,95,Black,r2k4/q5p1/1n1p1pPp/pPpPpBnP/P3P3/1N2P3/R7/2QK4 b - - 17 48,a8b8,12,-336,242,,,,,b6d7;b6d7,b6c8;b6c8,g5f3;a7b8,-160,2
caissa-x_vs_EnyoBot_0waEuGxc.log,48,95,Black,r2k4/q5p1/1n1p1pPp/pPpPpBnP/P3P3/1N2P3/R7/2QK4 b - - 17 48,a7b8,13,-354,260,,,,,b6d7;b6d7,b6c8;b6c8,g5f3;a7b8,-160,2
caissa-x_vs_EnyoBot_0waEuGxc.log,48,95,Black,r2k4/q5p1/1n1p1pPp/pPpPpBnP/P3P3/1N2P3/R7/2QK4 b - - 17 48,g5e6,14,-382,288,,,,,b6d7;b6d7,b6c8;b6c8,g5f3;a7b8,-160,2
caissa-x_vs_EnyoBot_0waEuGxc.log,48,95,Black,r2k4/q5p1/1n1p1pPp/pPpPpBnP/P3P3/1N2P3/R7/2QK4 b - - 17 48,g5f7,15,-395,301,,,,,b6d7;b6d7,b6c8;b6c8,g5f3;a7b8,-160,2
caissa-x_vs_EnyoBot_0waEuGxc.log,48,95,Black,r2k4/q5p1/1n1p1pPp/pPpPpBnP/P3P3/1N2P3/R7/2QK4 b - - 17 48,d8c7,16,-402,308,,,,,b6d7;b6d7,b6c8;b6c8,g5f3;a7b8,-160,2
caissa-x_vs_EnyoBot_0waEuGxc.log,48,95,Black,r2k4/q5p1/1n1p1pPp/pPpPpBnP/P3P3/1N2P3/R7/2QK4 b - - 17 48,g5h3,17,-405,311,,,,,b6d7;b6d7,b6c8;b6c8,g5f3;a7b8,-160,2
caissa-x_vs_EnyoBot_0waEuGxc.log,48,95,Black,r2k4/q5p1/1n1p1pPp/pPpPpBnP/P3P3/1N2P3/R7/2QK4 b - - 17 48,b6d5,18,-433,339,,,,,b6d7;b6d7,b6c8;b6c8,g5f3;a7b8,-160,2
caissa-x_vs_EnyoBot_0waEuGxc.log,48,95,Black,r2k4/q5p1/1n1p1pPp/pPpPpBnP/P3P3/1N2P3/R7/2QK4 b - - 17 48,b6a4,19,-435,341,,,,,b6d7;b6d7,b6c8;b6c8,g5f3;a7b8,-160,2
caissa-x_vs_EnyoBot_0waEuGxc.log,48,95,Black,r2k4/q5p1/1n1p1pPp/pPpPpBnP/P3P3/1N2P3/R7/2QK4 b - - 17 48,a7d7,20,-516,422,,,,,b6d7;b6d7,b6c8;b6c8,g5f3;a7b8,-160,2
caissa-x_vs_EnyoBot_0waEuGxc.log,48,95,Black,r2k4/q5p1/1n1p1pPp/pPpPpBnP/P3P3/1N2P3/R7/2QK4 b - - 17 48,b6c4,21,-544,450,,,,,b6d7;b6d7,b6c8;b6c8,g5f3;a7b8,-160,2
caissa-x_vs_EnyoBot_0waEuGxc.log,48,95,Black,r2k4/q5p1/1n1p1pPp/pPpPpBnP/P3P3/1N2P3/R7/2QK4 b - - 17 48,g5h7,22,-672,578,,,,,b6d7;b6d7,b6c8;b6c8,g5f3;a7b8,-160,2
caissa-x_vs_EnyoBot_0waEuGxc.log,48,95,Black,r2k4/q5p1/1n1p1pPp/pPpPpBnP/P3P3/1N2P3/R7/2QK4 b - - 17 48,a7a6,23,-743,649,,,,,b6d7;b6d7,b6c8;b6c8,g5f3;a7b8,-160,2
caissa-x_vs_EnyoBot_0waEuGxc.log,48,95,Black,r2k4/q5p1/1n1p1pPp/pPpPpBnP/P3P3/1N2P3/R7/2QK4 b - - 17 48,a7f7,24,-825,731,,,,,b6d7;b6d7,b6c8;b6c8,g5f3;a7b8,-160,2
EnyoBot_vs_DarkOnBot_pm9SUqFN.log,70,138,White,8/2p5/1p1p2n1/1P1P2k1/4K2p/7B/8/8 w - - 4 70,e4f3,1,-463,0,,,,,e4f3;e4f3,e4f3;e4f3,h3g2;h3g2,-143,2
EnyoBot_vs_DarkOnBot_pm9SUqFN.log,70,138,White,8/2p5/1p1p2n1/1P1P2k1/4K2p/7B/8/8 w - - 4 70,h3c8,2,-500,37,,,,,e4f3;e4f3,e4f3;e4f3,h3g2;h3g2,-143,2
EnyoBot_vs_DarkOnBot_pm9SUqFN.log,70,138,White,8/2p5/1p1p2n1/1P1P2k1/4K2p/7B/8/8 w - - 4 70,h3d7,3,-538,75,,,,,e4f3;e4f3,e4f3;e4f3,h3g2;h3g2,-143,2
EnyoBot_vs_DarkOnBot_pm9SUqFN.log,70,138,White,8/2p5/1p1p2n1/1P1P2k1/4K2p/7B/8/8 w - - 4 70,e4e3,4,-549,86,,,,,e4f3;e4f3,e4f3;e4f3,h3g2;h3g2,-143,2
EnyoBot_vs_DarkOnBot_pm9SUqFN.log,70,138,White,8/2p5/1p1p2n1/1P1P2k1/4K2p/7B/8/8 w - - 4 70,h3g2,5,-562,99,,,,,e4f3;e4f3,e4f3;e4f3,h3g2;h3g2,-143,2
EnyoBot_vs_DarkOnBot_pm9SUqFN.log,70,138,White,8/2p5/1p1p2n1/1P1P2k1/4K2p/7B/8/8 w - - 4 70,h3f5,6,-574,111,,,,,e4f3;e4f3,e4f3;e4f3,h3g2;h3g2,-143,2
EnyoBot_vs_DarkOnBot_pm9SUqFN.log,70,138,White,8/2p5/1p1p2n1/1P1P2k1/4K2p/7B/8/8 w - - 4 70,e4d4,7,-596,133,,,,,e4f3;e4f3,e4f3;e4f3,h3g2;h3g2,-143,2
EnyoBot_vs_DarkOnBot_pm9SUqFN.log,70,138,White,8/2p5/1p1p2n1/1P1P2k1/4K2p/7B/8/8 w - - 4 70,h3f1,8,-597,134,,,,,e4f3;e4f3,e4f3;e4f3,h3g2;h3g2,-143,2
EnyoBot_vs_DarkOnBot_pm9SUqFN.log,70,138,White,8/2p5/1p1p2n1/1P1P2k1/4K2p/7B/8/8 w - - 4 70,h3e6,9,-680,217,,,,,e4f3;e4f3,e4f3;e4f3,h3g2;h3g2,-143,2
EnyoBot_vs_DarkOnBot_pm9SUqFN.log,70,138,White,8/2p5/1p1p2n1/1P1P2k1/4K2p/7B/8/8 w - - 4 70,e4d3,10,-1118,655,,,,,e4f3;e4f3,e4f3;e4f3,h3g2;h3g2,-143,2
EnyoBot_vs_DarkOnBot_pm9SUqFN.log,70,138,White,8/2p5/1p1p2n1/1P1P2k1/4K2p/7B/8/8 w - - 4 70,h3g4,11,-31985,31522,,,,,e4f3;e4f3,e4f3;e4f3,h3g2;h3g2,-143,2
EnyoBot_vs_Lynx_BOT_jjThVRPN.log,57,112,White,8/5p1k/3p1P1P/8/p5P1/Kb3P2/8/2r5 w - - 0 57,g4g5,1,-823,0,,,,,a3b2;a3b2;a3b2,a3b4;a3b4;a3b4,g4g5;g4g5;g4g5,-135,3
EnyoBot_vs_Lynx_BOT_jjThVRPN.log,57,112,White,8/5p1k/3p1P1P/8/p5P1/Kb3P2/8/2r5 w - - 0 57,a3b4,2,-833,10,,,,,a3b2;a3b2;a3b2,a3b4;a3b4;a3b4,g4g5;g4g5;g4g5,-135,3
EnyoBot_vs_Lynx_BOT_jjThVRPN.log,57,112,White,8/5p1k/3p1P1P/8/p5P1/Kb3P2/8/2r5 w - - 0 57,a3b2,3,-877,54,,,,,a3b2;a3b2;a3b2,a3b4;a3b4;a3b4,g4g5;g4g5;g4g5,-135,3
EnyoBot_vs_Lynx_BOT_jjThVRPN.log,57,112,White,8/5p1k/3p1P1P/8/p5P1/Kb3P2/8/2r5 w - - 0 57,f3f4,4,-958,135,,,,,a3b2;a3b2;a3b2,a3b4;a3b4;a3b4,g4g5;g4g5;g4g5,-135,3
stage270_vs_EnyoBot_kp3inZBb.log,62,123,Black,8/6k1/1R6/P2B1p2/5Pbp/4K1P1/8/8 b - - 0 62,g4h3,1,-31990,0,,,,,h4h3;h4h3;h4h3,h4h3;h4h3;h4h3,h4g3;h4g3;h4g3,-127,3
stage270_vs_EnyoBot_kp3inZBb.log,62,123,Black,8/6k1/1R6/P2B1p2/5Pbp/4K1P1/8/8 b - - 0 62,h4g3,2,-31991,1,,,,,h4h3;h4h3;h4h3,h4h3;h4h3;h4h3,h4g3;h4g3;h4g3,-127,3
stage270_vs_EnyoBot_kp3inZBb.log,62,123,Black,8/6k1/1R6/P2B1p2/5Pbp/4K1P1/8/8 b - - 0 62,g4h5,3,-31992,2,,,,,h4h3;h4h3;h4h3,h4h3;h4h3;h4h3,h4g3;h4g3;h4g3,-127,3
stage270_vs_EnyoBot_kp3inZBb.log,62,123,Black,8/6k1/1R6/P2B1p2/5Pbp/4K1P1/8/8 b - - 0 62,g4d1,4,-31992,2,,,,,h4h3;h4h3;h4h3,h4h3;h4h3;h4h3,h4g3;h4g3;h4g3,-127,3
stage270_vs_EnyoBot_kp3inZBb.log,62,123,Black,8/6k1/1R6/P2B1p2/5Pbp/4K1P1/8/8 b - - 0 62,h4h3,5,-31992,2,,,,,h4h3;h4h3;h4h3,h4h3;h4h3;h4h3,h4g3;h4g3;h4g3,-127,3
stage270_vs_EnyoBot_kp3inZBb.log,62,123,Black,8/6k1/1R6/P2B1p2/5Pbp/4K1P1/8/8 b - - 0 62,g7h7,6,-31993,3,,,,,h4h3;h4h3;h4h3,h4h3;h4h3;h4h3,h4g3;h4g3;h4g3,-127,3
stage270_vs_EnyoBot_kp3inZBb.log,62,123,Black,8/6k1/1R6/P2B1p2/5Pbp/4K1P1/8/8 b - - 0 62,g4f3,7,-31993,3,,,,,h4h3;h4h3;h4h3,h4h3;h4h3;h4h3,h4g3;h4g3;h4g3,-127,3
stage270_vs_EnyoBot_kp3inZBb.log,62,123,Black,8/6k1/1R6/P2B1p2/5Pbp/4K1P1/8/8 b - - 0 62,g4e2,8,-31993,3,,,,,h4h3;h4h3;h4h3,h4h3;h4h3;h4h3,h4g3;h4g3;h4g3,-127,3
stage270_vs_EnyoBot_kp3inZBb.log,62,123,Black,8/6k1/1R6/P2B1p2/5Pbp/4K1P1/8/8 b - - 0 62,g7h8,9,-31994,4,,,,,h4h3;h4h3;h4h3,h4h3;h4h3;h4h3,h4g3;h4g3;h4g3,-127,3
stage270_vs_EnyoBot_kp3inZBb.log,62,123,Black,8/6k1/1R6/P2B1p2/5Pbp/4K1P1/8/8 b - - 0 62,g7f8,10,-31994,4,,,,,h4h3;h4h3;h4h3,h4h3;h4h3;h4h3,h4g3;h4g3;h4g3,-127,3
