log,fullmove,ply,side,fen,move,rank,score_cp,gap_cp,target_oracle_moves,target_reference_moves,target_candidate_moves,target_worst_diff,target_hits
ArasanX_vs_EnyoBot_Q0a5I19l.log,48,95,Black,8/5Qpk/8/pp1p4/7K/3q1N2/6P1/8 b - - 1 48,d3g6,1,-105,0,d3g6;d3g6,d3g6;d3g6,d3c4;d3e4,-881,2
ArasanX_vs_EnyoBot_Q0a5I19l.log,48,95,Black,8/5Qpk/8/pp1p4/7K/3q1N2/6P1/8 b - - 1 48,d3d1,2,-244,139,d3g6;d3g6,d3g6;d3g6,d3c4;d3e4,-881,2
ArasanX_vs_EnyoBot_Q0a5I19l.log,48,95,Black,8/5Qpk/8/pp1p4/7K/3q1N2/6P1/8 b - - 1 48,d3c4,3,-749,644,d3g6;d3g6,d3g6;d3g6,d3c4;d3e4,-881,2
ArasanX_vs_EnyoBot_Q0a5I19l.log,48,95,Black,8/5Qpk/8/pp1p4/7K/3q1N2/6P1/8 b - - 1 48,d3e4,4,-31992,31887,d3g6;d3g6,d3g6;d3g6,d3c4;d3e4,-881,2
ArasanX_vs_EnyoBot_Q0a5I19l.log,48,95,Black,8/5Qpk/8/pp1p4/7K/3q1N2/6P1/8 b - - 1 48,d3e2,5,-31992,31887,d3g6;d3g6,d3g6;d3g6,d3c4;d3e4,-881,2
ArasanX_vs_EnyoBot_Q0a5I19l.log,48,95,Black,8/5Qpk/8/pp1p4/7K/3q1N2/6P1/8 b - - 1 48,d3f3,6,-31994,31889,d3g6;d3g6,d3g6;d3g6,d3c4;d3e4,-881,2
ArasanX_vs_EnyoBot_Q0a5I19l.log,48,95,Black,8/5Qpk/8/pp1p4/7K/3q1N2/6P1/8 b - - 1 48,d3e3,7,-31994,31889,d3g6;d3g6,d3g6;d3g6,d3c4;d3e4,-881,2
ArasanX_vs_EnyoBot_Q0a5I19l.log,48,95,Black,8/5Qpk/8/pp1p4/7K/3q1N2/6P1/8 b - - 1 48,d3f5,8,-31996,31891,d3g6;d3g6,d3g6;d3g6,d3c4;d3e4,-881,2
ArasanX_vs_EnyoBot_Q0a5I19l.log,48,95,Black,8/5Qpk/8/pp1p4/7K/3q1N2/6P1/8 b - - 1 48,d3d4,9,-31996,31891,d3g6;d3g6,d3g6;d3g6,d3c4;d3e4,-881,2
ArasanX_vs_EnyoBot_Q0a5I19l.log,48,95,Black,8/5Qpk/8/pp1p4/7K/3q1N2/6P1/8 b - - 1 48,d3d2,10,-31996,31891,d3g6;d3g6,d3g6;d3g6,d3c4;d3e4,-881,2
ArasanX_vs_EnyoBot_Q0a5I19l.log,48,95,Black,8/5Qpk/8/pp1p4/7K/3q1N2/6P1/8 b - - 1 48,h7h8,11,-31997,31892,d3g6;d3g6,d3g6;d3g6,d3c4;d3e4,-881,2
ArasanX_vs_EnyoBot_Q0a5I19l.log,48,95,Black,8/5Qpk/8/pp1p4/7K/3q1N2/6P1/8 b - - 1 48,d3a3,12,-31997,31892,d3g6;d3g6,d3g6;d3g6,d3c4;d3e4,-881,2
ArasanX_vs_EnyoBot_Q0a5I19l.log,48,95,Black,8/5Qpk/8/pp1p4/7K/3q1N2/6P1/8 b - - 1 48,d3f1,13,-31997,31892,d3g6;d3g6,d3g6;d3g6,d3c4;d3e4,-881,2
ArasanX_vs_EnyoBot_Q0a5I19l.log,48,95,Black,8/5Qpk/8/pp1p4/7K/3q1N2/6P1/8 b - - 1 48,d3c3,14,-31998,31893,d3g6;d3g6,d3g6;d3g6,d3c4;d3e4,-881,2
ArasanX_vs_EnyoBot_Q0a5I19l.log,48,95,Black,8/5Qpk/8/pp1p4/7K/3q1N2/6P1/8 b - - 1 48,d3b3,15,-31998,31893,d3g6;d3g6,d3g6;d3g6,d3c4;d3e4,-881,2
ArasanX_vs_EnyoBot_Q0a5I19l.log,48,95,Black,8/5Qpk/8/pp1p4/7K/3q1N2/6P1/8 b - - 1 48,d3c2,16,-31998,31893,d3g6;d3g6,d3g6;d3g6,d3c4;d3e4,-881,2
ArasanX_vs_EnyoBot_Q0a5I19l.log,48,95,Black,8/5Qpk/8/pp1p4/7K/3q1N2/6P1/8 b - - 1 48,d3b1,17,-31998,31893,d3g6;d3g6,d3g6;d3g6,d3c4;d3e4,-881,2
ArasanX_vs_EnyoBot_Q0a5I19l.log,48,95,Black,8/5Qpk/8/pp1p4/7K/3q1N2/6P1/8 b - - 1 48,d5d4,18,-31998,31893,d3g6;d3g6,d3g6;d3g6,d3c4;d3e4,-881,2
ArasanX_vs_EnyoBot_Q0a5I19l.log,48,95,Black,8/5Qpk/8/pp1p4/7K/3q1N2/6P1/8 b - - 1 48,b5b4,19,-31998,31893,d3g6;d3g6,d3g6;d3g6,d3c4;d3e4,-881,2
ArasanX_vs_EnyoBot_Q0a5I19l.log,48,95,Black,8/5Qpk/8/pp1p4/7K/3q1N2/6P1/8 b - - 1 48,a5a4,20,-31998,31893,d3g6;d3g6,d3g6;d3g6,d3c4;d3e4,-881,2
ArasanX_vs_EnyoBot_Q0a5I19l.log,48,95,Black,8/5Qpk/8/pp1p4/7K/3q1N2/6P1/8 b - - 1 48,h7h6,21,-31999,31894,d3g6;d3g6,d3g6;d3g6,d3c4;d3e4,-881,2
odonata-bot_vs_EnyoBot_u9u9wyRV_oot.log,27,53,Black,4r1k1/5pp1/2bb3p/3p4/p2P4/2P1N2P/1q1B1PP1/1R1Q2K1 b - - 1 27,b2a2,1,71,0,b2a2;b2a2,b2a2;b2a2,b2c2;b2a3,-613,2
odonata-bot_vs_EnyoBot_u9u9wyRV_oot.log,27,53,Black,4r1k1/5pp1/2bb3p/3p4/p2P4/2P1N2P/1q1B1PP1/1R1Q2K1 b - - 1 27,b2a3,2,-87,158,b2a2;b2a2,b2a2;b2a2,b2c2;b2a3,-613,2
odonata-bot_vs_EnyoBot_u9u9wyRV_oot.log,27,53,Black,4r1k1/5pp1/2bb3p/3p4/p2P4/2P1N2P/1q1B1PP1/1R1Q2K1 b - - 1 27,a4a3,3,-285,356,b2a2;b2a2,b2a2;b2a2,b2c2;b2a3,-613,2
odonata-bot_vs_EnyoBot_u9u9wyRV_oot.log,27,53,Black,4r1k1/5pp1/2bb3p/3p4/p2P4/2P1N2P/1q1B1PP1/1R1Q2K1 b - - 1 27,e8b8,4,-304,375,b2a2;b2a2,b2a2;b2a2,b2c2;b2a3,-613,2
odonata-bot_vs_EnyoBot_u9u9wyRV_oot.log,27,53,Black,4r1k1/5pp1/2bb3p/3p4/p2P4/2P1N2P/1q1B1PP1/1R1Q2K1 b - - 1 27,b2b5,5,-308,379,b2a2;b2a2,b2a2;b2a2,b2c2;b2a3,-613,2
odonata-bot_vs_EnyoBot_u9u9wyRV_oot.log,27,53,Black,4r1k1/5pp1/2bb3p/3p4/p2P4/2P1N2P/1q1B1PP1/1R1Q2K1 b - - 1 27,b2b8,6,-321,392,b2a2;b2a2,b2a2;b2a2,b2c2;b2a3,-613,2
odonata-bot_vs_EnyoBot_u9u9wyRV_oot.log,27,53,Black,4r1k1/5pp1/2bb3p/3p4/p2P4/2P1N2P/1q1B1PP1/1R1Q2K1 b - - 1 27,b2b1,7,-321,392,b2a2;b2a2,b2a2;b2a2,b2c2;b2a3,-613,2
odonata-bot_vs_EnyoBot_u9u9wyRV_oot.log,27,53,Black,4r1k1/5pp1/2bb3p/3p4/p2P4/2P1N2P/1q1B1PP1/1R1Q2K1 b - - 1 27,d6h2,8,-362,433,b2a2;b2a2,b2a2;b2a2,b2c2;b2a3,-613,2
odonata-bot_vs_EnyoBot_u9u9wyRV_oot.log,27,53,Black,4r1k1/5pp1/2bb3p/3p4/p2P4/2P1N2P/1q1B1PP1/1R1Q2K1 b - - 1 27,b2b3,9,-366,437,b2a2;b2a2,b2a2;b2a2,b2c2;b2a3,-613,2
odonata-bot_vs_EnyoBot_u9u9wyRV_oot.log,27,53,Black,4r1k1/5pp1/2bb3p/3p4/p2P4/2P1N2P/1q1B1PP1/1R1Q2K1 b - - 1 27,d6a3,10,-383,454,b2a2;b2a2,b2a2;b2a2,b2c2;b2a3,-613,2
odonata-bot_vs_EnyoBot_u9u9wyRV_oot.log,27,53,Black,4r1k1/5pp1/2bb3p/3p4/p2P4/2P1N2P/1q1B1PP1/1R1Q2K1 b - - 1 27,b2b7,11,-425,496,b2a2;b2a2,b2a2;b2a2,b2c2;b2a3,-613,2
odonata-bot_vs_EnyoBot_u9u9wyRV_oot.log,27,53,Black,4r1k1/5pp1/2bb3p/3p4/p2P4/2P1N2P/1q1B1PP1/1R1Q2K1 b - - 1 27,e8e3,12,-445,516,b2a2;b2a2,b2a2;b2a2,b2c2;b2a3,-613,2
odonata-bot_vs_EnyoBot_u9u9wyRV_oot.log,27,53,Black,4r1k1/5pp1/2bb3p/3p4/p2P4/2P1N2P/1q1B1PP1/1R1Q2K1 b - - 1 27,b2d2,13,-490,561,b2a2;b2a2,b2a2;b2a2,b2c2;b2a3,-613,2
odonata-bot_vs_EnyoBot_u9u9wyRV_oot.log,27,53,Black,4r1k1/5pp1/2bb3p/3p4/p2P4/2P1N2P/1q1B1PP1/1R1Q2K1 b - - 1 27,e8a8,14,-509,580,b2a2;b2a2,b2a2;b2a2,b2c2;b2a3,-613,2
odonata-bot_vs_EnyoBot_u9u9wyRV_oot.log,27,53,Black,4r1k1/5pp1/2bb3p/3p4/p2P4/2P1N2P/1q1B1PP1/1R1Q2K1 b - - 1 27,g8h8,15,-522,593,b2a2;b2a2,b2a2;b2a2,b2c2;b2a3,-613,2
odonata-bot_vs_EnyoBot_u9u9wyRV_oot.log,27,53,Black,4r1k1/5pp1/2bb3p/3p4/p2P4/2P1N2P/1q1B1PP1/1R1Q2K1 b - - 1 27,b2c3,16,-527,598,b2a2;b2a2,b2a2;b2a2,b2c2;b2a3,-613,2
odonata-bot_vs_EnyoBot_u9u9wyRV_oot.log,27,53,Black,4r1k1/5pp1/2bb3p/3p4/p2P4/2P1N2P/1q1B1PP1/1R1Q2K1 b - - 1 27,e8f8,17,-534,605,b2a2;b2a2,b2a2;b2a2,b2c2;b2a3,-613,2
odonata-bot_vs_EnyoBot_u9u9wyRV_oot.log,27,53,Black,4r1k1/5pp1/2bb3p/3p4/p2P4/2P1N2P/1q1B1PP1/1R1Q2K1 b - - 1 27,g8h7,18,-537,608,b2a2;b2a2,b2a2;b2a2,b2c2;b2a3,-613,2
odonata-bot_vs_EnyoBot_u9u9wyRV_oot.log,27,53,Black,4r1k1/5pp1/2bb3p/3p4/p2P4/2P1N2P/1q1B1PP1/1R1Q2K1 b - - 1 27,e8d8,19,-544,615,b2a2;b2a2,b2a2;b2a2,b2c2;b2a3,-613,2
odonata-bot_vs_EnyoBot_u9u9wyRV_oot.log,27,53,Black,4r1k1/5pp1/2bb3p/3p4/p2P4/2P1N2P/1q1B1PP1/1R1Q2K1 b - - 1 27,g7g6,20,-545,616,b2a2;b2a2,b2a2;b2a2,b2c2;b2a3,-613,2
odonata-bot_vs_EnyoBot_u9u9wyRV_oot.log,27,53,Black,4r1k1/5pp1/2bb3p/3p4/p2P4/2P1N2P/1q1B1PP1/1R1Q2K1 b - - 1 27,e8c8,21,-547,618,b2a2;b2a2,b2a2;b2a2,b2c2;b2a3,-613,2
odonata-bot_vs_EnyoBot_u9u9wyRV_oot.log,27,53,Black,4r1k1/5pp1/2bb3p/3p4/p2P4/2P1N2P/1q1B1PP1/1R1Q2K1 b - - 1 27,g7g5,22,-547,618,b2a2;b2a2,b2a2;b2a2,b2c2;b2a3,-613,2
odonata-bot_vs_EnyoBot_u9u9wyRV_oot.log,27,53,Black,4r1k1/5pp1/2bb3p/3p4/p2P4/2P1N2P/1q1B1PP1/1R1Q2K1 b - - 1 27,f7f5,23,-547,618,b2a2;b2a2,b2a2;b2a2,b2c2;b2a3,-613,2
odonata-bot_vs_EnyoBot_u9u9wyRV_oot.log,27,53,Black,4r1k1/5pp1/2bb3p/3p4/p2P4/2P1N2P/1q1B1PP1/1R1Q2K1 b - - 1 27,c6b5,24,-550,621,b2a2;b2a2,b2a2;b2a2,b2c2;b2a3,-613,2
odonata-bot_vs_EnyoBot_u9u9wyRV_oot.log,27,53,Black,4r1k1/5pp1/2bb3p/3p4/p2P4/2P1N2P/1q1B1PP1/1R1Q2K1 b - - 1 27,g8f8,25,-552,623,b2a2;b2a2,b2a2;b2a2,b2c2;b2a3,-613,2
odonata-bot_vs_EnyoBot_u9u9wyRV_oot.log,27,53,Black,4r1k1/5pp1/2bb3p/3p4/p2P4/2P1N2P/1q1B1PP1/1R1Q2K1 b - - 1 27,d6f4,26,-554,625,b2a2;b2a2,b2a2;b2a2,b2c2;b2a3,-613,2
odonata-bot_vs_EnyoBot_u9u9wyRV_oot.log,27,53,Black,4r1k1/5pp1/2bb3p/3p4/p2P4/2P1N2P/1q1B1PP1/1R1Q2K1 b - - 1 27,b2c2,27,-554,625,b2a2;b2a2,b2a2;b2a2,b2c2;b2a3,-613,2
odonata-bot_vs_EnyoBot_u9u9wyRV_oot.log,27,53,Black,4r1k1/5pp1/2bb3p/3p4/p2P4/2P1N2P/1q1B1PP1/1R1Q2K1 b - - 1 27,d6e7,28,-556,627,b2a2;b2a2,b2a2;b2a2,b2c2;b2a3,-613,2
odonata-bot_vs_EnyoBot_u9u9wyRV_oot.log,27,53,Black,4r1k1/5pp1/2bb3p/3p4/p2P4/2P1N2P/1q1B1PP1/1R1Q2K1 b - - 1 27,c6d7,29,-557,628,b2a2;b2a2,b2a2;b2a2,b2c2;b2a3,-613,2
odonata-bot_vs_EnyoBot_u9u9wyRV_oot.log,27,53,Black,4r1k1/5pp1/2bb3p/3p4/p2P4/2P1N2P/1q1B1PP1/1R1Q2K1 b - - 1 27,b2b4,30,-558,629,b2a2;b2a2,b2a2;b2a2,b2c2;b2a3,-613,2
odonata-bot_vs_EnyoBot_u9u9wyRV_oot.log,27,53,Black,4r1k1/5pp1/2bb3p/3p4/p2P4/2P1N2P/1q1B1PP1/1R1Q2K1 b - - 1 27,d6b8,31,-564,635,b2a2;b2a2,b2a2;b2a2,b2c2;b2a3,-613,2
odonata-bot_vs_EnyoBot_u9u9wyRV_oot.log,27,53,Black,4r1k1/5pp1/2bb3p/3p4/p2P4/2P1N2P/1q1B1PP1/1R1Q2K1 b - - 1 27,e8e6,32,-566,637,b2a2;b2a2,b2a2;b2a2,b2c2;b2a3,-613,2
odonata-bot_vs_EnyoBot_u9u9wyRV_oot.log,27,53,Black,4r1k1/5pp1/2bb3p/3p4/p2P4/2P1N2P/1q1B1PP1/1R1Q2K1 b - - 1 27,d6c7,33,-566,637,b2a2;b2a2,b2a2;b2a2,b2c2;b2a3,-613,2
odonata-bot_vs_EnyoBot_u9u9wyRV_oot.log,27,53,Black,4r1k1/5pp1/2bb3p/3p4/p2P4/2P1N2P/1q1B1PP1/1R1Q2K1 b - - 1 27,e8e7,34,-571,642,b2a2;b2a2,b2a2;b2a2,b2c2;b2a3,-613,2
odonata-bot_vs_EnyoBot_u9u9wyRV_oot.log,27,53,Black,4r1k1/5pp1/2bb3p/3p4/p2P4/2P1N2P/1q1B1PP1/1R1Q2K1 b - - 1 27,e8e5,35,-571,642,b2a2;b2a2,b2a2;b2a2,b2c2;b2a3,-613,2
odonata-bot_vs_EnyoBot_u9u9wyRV_oot.log,27,53,Black,4r1k1/5pp1/2bb3p/3p4/p2P4/2P1N2P/1q1B1PP1/1R1Q2K1 b - - 1 27,e8e4,36,-571,642,b2a2;b2a2,b2a2;b2a2,b2c2;b2a3,-613,2
odonata-bot_vs_EnyoBot_u9u9wyRV_oot.log,27,53,Black,4r1k1/5pp1/2bb3p/3p4/p2P4/2P1N2P/1q1B1PP1/1R1Q2K1 b - - 1 27,d6f8,37,-571,642,b2a2;b2a2,b2a2;b2a2,b2c2;b2a3,-613,2
odonata-bot_vs_EnyoBot_u9u9wyRV_oot.log,27,53,Black,4r1k1/5pp1/2bb3p/3p4/p2P4/2P1N2P/1q1B1PP1/1R1Q2K1 b - - 1 27,d6e5,38,-571,642,b2a2;b2a2,b2a2;b2a2,b2c2;b2a3,-613,2
odonata-bot_vs_EnyoBot_u9u9wyRV_oot.log,27,53,Black,4r1k1/5pp1/2bb3p/3p4/p2P4/2P1N2P/1q1B1PP1/1R1Q2K1 b - - 1 27,d6g3,39,-574,645,b2a2;b2a2,b2a2;b2a2,b2c2;b2a3,-613,2
odonata-bot_vs_EnyoBot_u9u9wyRV_oot.log,27,53,Black,4r1k1/5pp1/2bb3p/3p4/p2P4/2P1N2P/1q1B1PP1/1R1Q2K1 b - - 1 27,b2c1,40,-580,651,b2a2;b2a2,b2a2;b2a2,b2c2;b2a3,-613,2
odonata-bot_vs_EnyoBot_u9u9wyRV_oot.log,27,53,Black,4r1k1/5pp1/2bb3p/3p4/p2P4/2P1N2P/1q1B1PP1/1R1Q2K1 b - - 1 27,d6c5,41,-584,655,b2a2;b2a2,b2a2;b2a2,b2c2;b2a3,-613,2
odonata-bot_vs_EnyoBot_u9u9wyRV_oot.log,27,53,Black,4r1k1/5pp1/2bb3p/3p4/p2P4/2P1N2P/1q1B1PP1/1R1Q2K1 b - - 1 27,h6h5,42,-584,655,b2a2;b2a2,b2a2;b2a2,b2c2;b2a3,-613,2
odonata-bot_vs_EnyoBot_u9u9wyRV_oot.log,27,53,Black,4r1k1/5pp1/2bb3p/3p4/p2P4/2P1N2P/1q1B1PP1/1R1Q2K1 b - - 1 27,d6b4,43,-594,665,b2a2;b2a2,b2a2;b2a2,b2c2;b2a3,-613,2
odonata-bot_vs_EnyoBot_u9u9wyRV_oot.log,27,53,Black,4r1k1/5pp1/2bb3p/3p4/p2P4/2P1N2P/1q1B1PP1/1R1Q2K1 b - - 1 27,b2a1,44,-595,666,b2a2;b2a2,b2a2;b2a2,b2c2;b2a3,-613,2
odonata-bot_vs_EnyoBot_u9u9wyRV_oot.log,27,53,Black,4r1k1/5pp1/2bb3p/3p4/p2P4/2P1N2P/1q1B1PP1/1R1Q2K1 b - - 1 27,c6a8,45,-596,667,b2a2;b2a2,b2a2;b2a2,b2c2;b2a3,-613,2
odonata-bot_vs_EnyoBot_u9u9wyRV_oot.log,27,53,Black,4r1k1/5pp1/2bb3p/3p4/p2P4/2P1N2P/1q1B1PP1/1R1Q2K1 b - - 1 27,f7f6,46,-597,668,b2a2;b2a2,b2a2;b2a2,b2c2;b2a3,-613,2
odonata-bot_vs_EnyoBot_u9u9wyRV_oot.log,27,53,Black,4r1k1/5pp1/2bb3p/3p4/p2P4/2P1N2P/1q1B1PP1/1R1Q2K1 b - - 1 27,c6b7,47,-628,699,b2a2;b2a2,b2a2;b2a2,b2c2;b2a3,-613,2
odonata-bot_vs_EnyoBot_u9u9wyRV_oot.log,27,53,Black,4r1k1/5pp1/2bb3p/3p4/p2P4/2P1N2P/1q1B1PP1/1R1Q2K1 b - - 1 27,b2b6,48,-669,740,b2a2;b2a2,b2a2;b2a2,b2c2;b2a3,-613,2
Hypersion_vs_EnyoBot_npmgxvIO.log,14,27,Black,r1b1k2r/ppq2pnp/2n1p3/3pP2p/5PP1/2P1B3/PP1N4/R2QKB1R b KQkq - 0 14,c8d7,1,-4,0,c8d7;c8d7,h5g4;h5g4,c7e5;c6e5,-496,2
Hypersion_vs_EnyoBot_npmgxvIO.log,14,27,Black,r1b1k2r/ppq2pnp/2n1p3/3pP2p/5PP1/2P1B3/PP1N4/R2QKB1R b KQkq - 0 14,c6e7,2,-38,34,c8d7;c8d7,h5g4;h5g4,c7e5;c6e5,-496,2
Hypersion_vs_EnyoBot_npmgxvIO.log,14,27,Black,r1b1k2r/ppq2pnp/2n1p3/3pP2p/5PP1/2P1B3/PP1N4/R2QKB1R b KQkq - 0 14,h7h6,3,-52,48,c8d7;c8d7,h5g4;h5g4,c7e5;c6e5,-496,2
Hypersion_vs_EnyoBot_npmgxvIO.log,14,27,Black,r1b1k2r/ppq2pnp/2n1p3/3pP2p/5PP1/2P1B3/PP1N4/R2QKB1R b KQkq - 0 14,a7a6,4,-75,71,c8d7;c8d7,h5g4;h5g4,c7e5;c6e5,-496,2
Hypersion_vs_EnyoBot_npmgxvIO.log,14,27,Black,r1b1k2r/ppq2pnp/2n1p3/3pP2p/5PP1/2P1B3/PP1N4/R2QKB1R b KQkq - 0 14,h5g4,5,-87,83,c8d7;c8d7,h5g4;h5g4,c7e5;c6e5,-496,2
Hypersion_vs_EnyoBot_npmgxvIO.log,14,27,Black,r1b1k2r/ppq2pnp/2n1p3/3pP2p/5PP1/2P1B3/PP1N4/R2QKB1R b KQkq - 0 14,h8g8,6,-90,86,c8d7;c8d7,h5g4;h5g4,c7e5;c6e5,-496,2
Hypersion_vs_EnyoBot_npmgxvIO.log,14,27,Black,r1b1k2r/ppq2pnp/2n1p3/3pP2p/5PP1/2P1B3/PP1N4/R2QKB1R b KQkq - 0 14,b7b6,7,-91,87,c8d7;c8d7,h5g4;h5g4,c7e5;c6e5,-496,2
Hypersion_vs_EnyoBot_npmgxvIO.log,14,27,Black,r1b1k2r/ppq2pnp/2n1p3/3pP2p/5PP1/2P1B3/PP1N4/R2QKB1R b KQkq - 0 14,a7a5,8,-105,101,c8d7;c8d7,h5g4;h5g4,c7e5;c6e5,-496,2
Hypersion_vs_EnyoBot_npmgxvIO.log,14,27,Black,r1b1k2r/ppq2pnp/2n1p3/3pP2p/5PP1/2P1B3/PP1N4/R2QKB1R b KQkq - 0 14,h8f8,9,-106,102,c8d7;c8d7,h5g4;h5g4,c7e5;c6e5,-496,2
Hypersion_vs_EnyoBot_npmgxvIO.log,14,27,Black,r1b1k2r/ppq2pnp/2n1p3/3pP2p/5PP1/2P1B3/PP1N4/R2QKB1R b KQkq - 0 14,c6a5,10,-108,104,c8d7;c8d7,h5g4;h5g4,c7e5;c6e5,-496,2
Hypersion_vs_EnyoBot_npmgxvIO.log,14,27,Black,r1b1k2r/ppq2pnp/2n1p3/3pP2p/5PP1/2P1B3/PP1N4/R2QKB1R b KQkq - 0 14,c7a5,11,-123,119,c8d7;c8d7,h5g4;h5g4,c7e5;c6e5,-496,2
Hypersion_vs_EnyoBot_npmgxvIO.log,14,27,Black,r1b1k2r/ppq2pnp/2n1p3/3pP2p/5PP1/2P1B3/PP1N4/R2QKB1R b KQkq - 0 14,d5d4,12,-136,132,c8d7;c8d7,h5g4;h5g4,c7e5;c6e5,-496,2
Hypersion_vs_EnyoBot_npmgxvIO.log,14,27,Black,r1b1k2r/ppq2pnp/2n1p3/3pP2p/5PP1/2P1B3/PP1N4/R2QKB1R b KQkq - 0 14,c7d8,13,-147,143,c8d7;c8d7,h5g4;h5g4,c7e5;c6e5,-496,2
Hypersion_vs_EnyoBot_npmgxvIO.log,14,27,Black,r1b1k2r/ppq2pnp/2n1p3/3pP2p/5PP1/2P1B3/PP1N4/R2QKB1R b KQkq - 0 14,b7b5,14,-154,150,c8d7;c8d7,h5g4;h5g4,c7e5;c6e5,-496,2
Hypersion_vs_EnyoBot_npmgxvIO.log,14,27,Black,r1b1k2r/ppq2pnp/2n1p3/3pP2p/5PP1/2P1B3/PP1N4/R2QKB1R b KQkq - 0 14,c7e7,15,-155,151,c8d7;c8d7,h5g4;h5g4,c7e5;c6e5,-496,2
Hypersion_vs_EnyoBot_npmgxvIO.log,14,27,Black,r1b1k2r/ppq2pnp/2n1p3/3pP2p/5PP1/2P1B3/PP1N4/R2QKB1R b KQkq - 0 14,c6b8,16,-158,154,c8d7;c8d7,h5g4;h5g4,c7e5;c6e5,-496,2
Hypersion_vs_EnyoBot_npmgxvIO.log,14,27,Black,r1b1k2r/ppq2pnp/2n1p3/3pP2p/5PP1/2P1B3/PP1N4/R2QKB1R b KQkq - 0 14,c7b8,17,-162,158,c8d7;c8d7,h5g4;h5g4,c7e5;c6e5,-496,2
Hypersion_vs_EnyoBot_npmgxvIO.log,14,27,Black,r1b1k2r/ppq2pnp/2n1p3/3pP2p/5PP1/2P1B3/PP1N4/R2QKB1R b KQkq - 0 14,c7d7,18,-163,159,c8d7;c8d7,h5g4;h5g4,c7e5;c6e5,-496,2
Hypersion_vs_EnyoBot_npmgxvIO.log,14,27,Black,r1b1k2r/ppq2pnp/2n1p3/3pP2p/5PP1/2P1B3/PP1N4/R2QKB1R b KQkq - 0 14,c6d8,19,-164,160,c8d7;c8d7,h5g4;h5g4,c7e5;c6e5,-496,2
Hypersion_vs_EnyoBot_npmgxvIO.log,14,27,Black,r1b1k2r/ppq2pnp/2n1p3/3pP2p/5PP1/2P1B3/PP1N4/R2QKB1R b KQkq - 0 14,a8b8,20,-166,162,c8d7;c8d7,h5g4;h5g4,c7e5;c6e5,-496,2
Hypersion_vs_EnyoBot_npmgxvIO.log,14,27,Black,r1b1k2r/ppq2pnp/2n1p3/3pP2p/5PP1/2P1B3/PP1N4/R2QKB1R b KQkq - 0 14,e8f8,21,-174,170,c8d7;c8d7,h5g4;h5g4,c7e5;c6e5,-496,2
Hypersion_vs_EnyoBot_npmgxvIO.log,14,27,Black,r1b1k2r/ppq2pnp/2n1p3/3pP2p/5PP1/2P1B3/PP1N4/R2QKB1R b KQkq - 0 14,e8e7,22,-182,178,c8d7;c8d7,h5g4;h5g4,c7e5;c6e5,-496,2
Hypersion_vs_EnyoBot_npmgxvIO.log,14,27,Black,r1b1k2r/ppq2pnp/2n1p3/3pP2p/5PP1/2P1B3/PP1N4/R2QKB1R b KQkq - 0 14,e8g8,23,-215,211,c8d7;c8d7,h5g4;h5g4,c7e5;c6e5,-496,2
Hypersion_vs_EnyoBot_npmgxvIO.log,14,27,Black,r1b1k2r/ppq2pnp/2n1p3/3pP2p/5PP1/2P1B3/PP1N4/R2QKB1R b KQkq - 0 14,e8d8,24,-217,213,c8d7;c8d7,h5g4;h5g4,c7e5;c6e5,-496,2
Hypersion_vs_EnyoBot_npmgxvIO.log,14,27,Black,r1b1k2r/ppq2pnp/2n1p3/3pP2p/5PP1/2P1B3/PP1N4/R2QKB1R b KQkq - 0 14,h5h4,25,-232,228,c8d7;c8d7,h5g4;h5g4,c7e5;c6e5,-496,2
Hypersion_vs_EnyoBot_npmgxvIO.log,14,27,Black,r1b1k2r/ppq2pnp/2n1p3/3pP2p/5PP1/2P1B3/PP1N4/R2QKB1R b KQkq - 0 14,e8d7,26,-272,268,c8d7;c8d7,h5g4;h5g4,c7e5;c6e5,-496,2
Hypersion_vs_EnyoBot_npmgxvIO.log,14,27,Black,r1b1k2r/ppq2pnp/2n1p3/3pP2p/5PP1/2P1B3/PP1N4/R2QKB1R b KQkq - 0 14,c6e5,27,-282,278,c8d7;c8d7,h5g4;h5g4,c7e5;c6e5,-496,2
Hypersion_vs_EnyoBot_npmgxvIO.log,14,27,Black,r1b1k2r/ppq2pnp/2n1p3/3pP2p/5PP1/2P1B3/PP1N4/R2QKB1R b KQkq - 0 14,f7f6,28,-304,300,c8d7;c8d7,h5g4;h5g4,c7e5;c6e5,-496,2
Hypersion_vs_EnyoBot_npmgxvIO.log,14,27,Black,r1b1k2r/ppq2pnp/2n1p3/3pP2p/5PP1/2P1B3/PP1N4/R2QKB1R b KQkq - 0 14,f7f5,29,-306,302,c8d7;c8d7,h5g4;h5g4,c7e5;c6e5,-496,2
Hypersion_vs_EnyoBot_npmgxvIO.log,14,27,Black,r1b1k2r/ppq2pnp/2n1p3/3pP2p/5PP1/2P1B3/PP1N4/R2QKB1R b KQkq - 0 14,c6d4,30,-433,429,c8d7;c8d7,h5g4;h5g4,c7e5;c6e5,-496,2
Hypersion_vs_EnyoBot_npmgxvIO.log,14,27,Black,r1b1k2r/ppq2pnp/2n1p3/3pP2p/5PP1/2P1B3/PP1N4/R2QKB1R b KQkq - 0 14,c6b4,31,-452,448,c8d7;c8d7,h5g4;h5g4,c7e5;c6e5,-496,2
Hypersion_vs_EnyoBot_npmgxvIO.log,14,27,Black,r1b1k2r/ppq2pnp/2n1p3/3pP2p/5PP1/2P1B3/PP1N4/R2QKB1R b KQkq - 0 14,g7f5,32,-477,473,c8d7;c8d7,h5g4;h5g4,c7e5;c6e5,-496,2
Hypersion_vs_EnyoBot_npmgxvIO.log,14,27,Black,r1b1k2r/ppq2pnp/2n1p3/3pP2p/5PP1/2P1B3/PP1N4/R2QKB1R b KQkq - 0 14,c7b6,33,-534,530,c8d7;c8d7,h5g4;h5g4,c7e5;c6e5,-496,2
Hypersion_vs_EnyoBot_npmgxvIO.log,14,27,Black,r1b1k2r/ppq2pnp/2n1p3/3pP2p/5PP1/2P1B3/PP1N4/R2QKB1R b KQkq - 0 14,c7e5,34,-565,561,c8d7;c8d7,h5g4;h5g4,c7e5;c6e5,-496,2
Hypersion_vs_EnyoBot_npmgxvIO.log,14,27,Black,r1b1k2r/ppq2pnp/2n1p3/3pP2p/5PP1/2P1B3/PP1N4/R2QKB1R b KQkq - 0 14,c7d6,35,-635,631,c8d7;c8d7,h5g4;h5g4,c7e5;c6e5,-496,2
EnyoBot_vs_Bot1nokk_5j5IYTv6.log,13,24,White,r2q1rk1/1ppbbppp/p1n2n2/4p3/1PB4N/2PP4/P1QN1PPP/R1B2RK1 w - - 2 13,a2a4,1,31,0,a2a4;a2a4,a2a4;a2a4,d3d4;h4g6,-442,2
EnyoBot_vs_Bot1nokk_5j5IYTv6.log,13,24,White,r2q1rk1/1ppbbppp/p1n2n2/4p3/1PB4N/2PP4/P1QN1PPP/R1B2RK1 w - - 2 13,a2a3,2,-8,39,a2a4;a2a4,a2a4;a2a4,d3d4;h4g6,-442,2
EnyoBot_vs_Bot1nokk_5j5IYTv6.log,13,24,White,r2q1rk1/1ppbbppp/p1n2n2/4p3/1PB4N/2PP4/P1QN1PPP/R1B2RK1 w - - 2 13,c4b3,3,-15,46,a2a4;a2a4,a2a4;a2a4,d3d4;h4g6,-442,2
EnyoBot_vs_Bot1nokk_5j5IYTv6.log,13,24,White,r2q1rk1/1ppbbppp/p1n2n2/4p3/1PB4N/2PP4/P1QN1PPP/R1B2RK1 w - - 2 13,f1e1,4,-16,47,a2a4;a2a4,a2a4;a2a4,d3d4;h4g6,-442,2
EnyoBot_vs_Bot1nokk_5j5IYTv6.log,13,24,White,r2q1rk1/1ppbbppp/p1n2n2/4p3/1PB4N/2PP4/P1QN1PPP/R1B2RK1 w - - 2 13,h4f3,5,-25,56,a2a4;a2a4,a2a4;a2a4,d3d4;h4g6,-442,2
EnyoBot_vs_Bot1nokk_5j5IYTv6.log,13,24,White,r2q1rk1/1ppbbppp/p1n2n2/4p3/1PB4N/2PP4/P1QN1PPP/R1B2RK1 w - - 2 13,a1b1,6,-42,73,a2a4;a2a4,a2a4;a2a4,d3d4;h4g6,-442,2
EnyoBot_vs_Bot1nokk_5j5IYTv6.log,13,24,White,r2q1rk1/1ppbbppp/p1n2n2/4p3/1PB4N/2PP4/P1QN1PPP/R1B2RK1 w - - 2 13,c1b2,7,-56,87,a2a4;a2a4,a2a4;a2a4,d3d4;h4g6,-442,2
EnyoBot_vs_Bot1nokk_5j5IYTv6.log,13,24,White,r2q1rk1/1ppbbppp/p1n2n2/4p3/1PB4N/2PP4/P1QN1PPP/R1B2RK1 w - - 2 13,h2h3,8,-71,102,a2a4;a2a4,a2a4;a2a4,d3d4;h4g6,-442,2
EnyoBot_vs_Bot1nokk_5j5IYTv6.log,13,24,White,r2q1rk1/1ppbbppp/p1n2n2/4p3/1PB4N/2PP4/P1QN1PPP/R1B2RK1 w - - 2 13,c2b2,9,-79,110,a2a4;a2a4,a2a4;a2a4,d3d4;h4g6,-442,2
EnyoBot_vs_Bot1nokk_5j5IYTv6.log,13,24,White,r2q1rk1/1ppbbppp/p1n2n2/4p3/1PB4N/2PP4/P1QN1PPP/R1B2RK1 w - - 2 13,c2b1,10,-80,111,a2a4;a2a4,a2a4;a2a4,d3d4;h4g6,-442,2
EnyoBot_vs_Bot1nokk_5j5IYTv6.log,13,24,White,r2q1rk1/1ppbbppp/p1n2n2/4p3/1PB4N/2PP4/P1QN1PPP/R1B2RK1 w - - 2 13,f1d1,11,-83,114,a2a4;a2a4,a2a4;a2a4,d3d4;h4g6,-442,2
EnyoBot_vs_Bot1nokk_5j5IYTv6.log,13,24,White,r2q1rk1/1ppbbppp/p1n2n2/4p3/1PB4N/2PP4/P1QN1PPP/R1B2RK1 w - - 2 13,d2f3,12,-105,136,a2a4;a2a4,a2a4;a2a4,d3d4;h4g6,-442,2
EnyoBot_vs_Bot1nokk_5j5IYTv6.log,13,24,White,r2q1rk1/1ppbbppp/p1n2n2/4p3/1PB4N/2PP4/P1QN1PPP/R1B2RK1 w - - 2 13,g1h1,13,-119,150,a2a4;a2a4,a2a4;a2a4,d3d4;h4g6,-442,2
EnyoBot_vs_Bot1nokk_5j5IYTv6.log,13,24,White,r2q1rk1/1ppbbppp/p1n2n2/4p3/1PB4N/2PP4/P1QN1PPP/R1B2RK1 w - - 2 13,g2g3,14,-136,167,a2a4;a2a4,a2a4;a2a4,d3d4;h4g6,-442,2
EnyoBot_vs_Bot1nokk_5j5IYTv6.log,13,24,White,r2q1rk1/1ppbbppp/p1n2n2/4p3/1PB4N/2PP4/P1QN1PPP/R1B2RK1 w - - 2 13,d2b1,15,-148,179,a2a4;a2a4,a2a4;a2a4,d3d4;h4g6,-442,2
EnyoBot_vs_Bot1nokk_5j5IYTv6.log,13,24,White,r2q1rk1/1ppbbppp/p1n2n2/4p3/1PB4N/2PP4/P1QN1PPP/R1B2RK1 w - - 2 13,c2d1,16,-151,182,a2a4;a2a4,a2a4;a2a4,d3d4;h4g6,-442,2
EnyoBot_vs_Bot1nokk_5j5IYTv6.log,13,24,White,r2q1rk1/1ppbbppp/p1n2n2/4p3/1PB4N/2PP4/P1QN1PPP/R1B2RK1 w - - 2 13,c1a3,17,-166,197,a2a4;a2a4,a2a4;a2a4,d3d4;h4g6,-442,2
EnyoBot_vs_Bot1nokk_5j5IYTv6.log,13,24,White,r2q1rk1/1ppbbppp/p1n2n2/4p3/1PB4N/2PP4/P1QN1PPP/R1B2RK1 w - - 2 13,d3d4,18,-187,218,a2a4;a2a4,a2a4;a2a4,d3d4;h4g6,-442,2
EnyoBot_vs_Bot1nokk_5j5IYTv6.log,13,24,White,r2q1rk1/1ppbbppp/p1n2n2/4p3/1PB4N/2PP4/P1QN1PPP/R1B2RK1 w - - 2 13,b4b5,19,-206,237,a2a4;a2a4,a2a4;a2a4,d3d4;h4g6,-442,2
EnyoBot_vs_Bot1nokk_5j5IYTv6.log,13,24,White,r2q1rk1/1ppbbppp/p1n2n2/4p3/1PB4N/2PP4/P1QN1PPP/R1B2RK1 w - - 2 13,f2f4,20,-257,288,a2a4;a2a4,a2a4;a2a4,d3d4;h4g6,-442,2
EnyoBot_vs_Bot1nokk_5j5IYTv6.log,13,24,White,r2q1rk1/1ppbbppp/p1n2n2/4p3/1PB4N/2PP4/P1QN1PPP/R1B2RK1 w - - 2 13,g2g4,21,-266,297,a2a4;a2a4,a2a4;a2a4,d3d4;h4g6,-442,2
EnyoBot_vs_Bot1nokk_5j5IYTv6.log,13,24,White,r2q1rk1/1ppbbppp/p1n2n2/4p3/1PB4N/2PP4/P1QN1PPP/R1B2RK1 w - - 2 13,f2f3,22,-317,348,a2a4;a2a4,a2a4;a2a4,d3d4;h4g6,-442,2
EnyoBot_vs_Bot1nokk_5j5IYTv6.log,13,24,White,r2q1rk1/1ppbbppp/p1n2n2/4p3/1PB4N/2PP4/P1QN1PPP/R1B2RK1 w - - 2 13,c2b3,23,-359,390,a2a4;a2a4,a2a4;a2a4,d3d4;h4g6,-442,2
EnyoBot_vs_Bot1nokk_5j5IYTv6.log,13,24,White,r2q1rk1/1ppbbppp/p1n2n2/4p3/1PB4N/2PP4/P1QN1PPP/R1B2RK1 w - - 2 13,d2b3,24,-379,410,a2a4;a2a4,a2a4;a2a4,d3d4;h4g6,-442,2
EnyoBot_vs_Bot1nokk_5j5IYTv6.log,13,24,White,r2q1rk1/1ppbbppp/p1n2n2/4p3/1PB4N/2PP4/P1QN1PPP/R1B2RK1 w - - 2 13,c4a6,25,-411,442,a2a4;a2a4,a2a4;a2a4,d3d4;h4g6,-442,2
EnyoBot_vs_Bot1nokk_5j5IYTv6.log,13,24,White,r2q1rk1/1ppbbppp/p1n2n2/4p3/1PB4N/2PP4/P1QN1PPP/R1B2RK1 w - - 2 13,d2e4,26,-417,448,a2a4;a2a4,a2a4;a2a4,d3d4;h4g6,-442,2
EnyoBot_vs_Bot1nokk_5j5IYTv6.log,13,24,White,r2q1rk1/1ppbbppp/p1n2n2/4p3/1PB4N/2PP4/P1QN1PPP/R1B2RK1 w - - 2 13,h4g6,27,-418,449,a2a4;a2a4,a2a4;a2a4,d3d4;h4g6,-442,2
EnyoBot_vs_Bot1nokk_5j5IYTv6.log,13,24,White,r2q1rk1/1ppbbppp/p1n2n2/4p3/1PB4N/2PP4/P1QN1PPP/R1B2RK1 w - - 2 13,c2a4,28,-419,450,a2a4;a2a4,a2a4;a2a4,d3d4;h4g6,-442,2
EnyoBot_vs_Bot1nokk_5j5IYTv6.log,13,24,White,r2q1rk1/1ppbbppp/p1n2n2/4p3/1PB4N/2PP4/P1QN1PPP/R1B2RK1 w - - 2 13,c4f7,29,-420,451,a2a4;a2a4,a2a4;a2a4,d3d4;h4g6,-442,2
EnyoBot_vs_Bot1nokk_5j5IYTv6.log,13,24,White,r2q1rk1/1ppbbppp/p1n2n2/4p3/1PB4N/2PP4/P1QN1PPP/R1B2RK1 w - - 2 13,h4f5,30,-465,496,a2a4;a2a4,a2a4;a2a4,d3d4;h4g6,-442,2
EnyoBot_vs_Bot1nokk_5j5IYTv6.log,13,24,White,r2q1rk1/1ppbbppp/p1n2n2/4p3/1PB4N/2PP4/P1QN1PPP/R1B2RK1 w - - 2 13,c4b5,31,-514,545,a2a4;a2a4,a2a4;a2a4,d3d4;h4g6,-442,2
EnyoBot_vs_Bot1nokk_5j5IYTv6.log,13,24,White,r2q1rk1/1ppbbppp/p1n2n2/4p3/1PB4N/2PP4/P1QN1PPP/R1B2RK1 w - - 2 13,c4e6,32,-522,553,a2a4;a2a4,a2a4;a2a4,d3d4;h4g6,-442,2
EnyoBot_vs_Bot1nokk_5j5IYTv6.log,13,24,White,r2q1rk1/1ppbbppp/p1n2n2/4p3/1PB4N/2PP4/P1QN1PPP/R1B2RK1 w - - 2 13,c4d5,33,-533,564,a2a4;a2a4,a2a4;a2a4,d3d4;h4g6,-442,2
caissa-x_vs_EnyoBot_0waEuGxc.log,62,123,Black,4q1k1/6p1/5pPp/3PpBnP/nQ2P3/4P3/8/4K3 b - - 10 62,e8a8,1,-127,0,e8a8;e8a8,e8a8;e8a8,g8h8;a4b2,-398,2
caissa-x_vs_EnyoBot_0waEuGxc.log,62,123,Black,4q1k1/6p1/5pPp/3PpBnP/nQ2P3/4P3/8/4K3 b - - 10 62,g5f3,2,-304,177,e8a8;e8a8,e8a8;e8a8,g8h8;a4b2,-398,2
caissa-x_vs_EnyoBot_0waEuGxc.log,62,123,Black,4q1k1/6p1/5pPp/3PpBnP/nQ2P3/4P3/8/4K3 b - - 10 62,e8f8,3,-400,273,e8a8;e8a8,e8a8;e8a8,g8h8;a4b2,-398,2
caissa-x_vs_EnyoBot_0waEuGxc.log,62,123,Black,4q1k1/6p1/5pPp/3PpBnP/nQ2P3/4P3/8/4K3 b - - 10 62,g8h8,4,-422,295,e8a8;e8a8,e8a8;e8a8,g8h8;a4b2,-398,2
caissa-x_vs_EnyoBot_0waEuGxc.log,62,123,Black,4q1k1/6p1/5pPp/3PpBnP/nQ2P3/4P3/8/4K3 b - - 10 62,g5e4,5,-434,307,e8a8;e8a8,e8a8;e8a8,g8h8;a4b2,-398,2
caissa-x_vs_EnyoBot_0waEuGxc.log,62,123,Black,4q1k1/6p1/5pPp/3PpBnP/nQ2P3/4P3/8/4K3 b - - 10 62,e8d8,6,-442,315,e8a8;e8a8,e8a8;e8a8,g8h8;a4b2,-398,2
caissa-x_vs_EnyoBot_0waEuGxc.log,62,123,Black,4q1k1/6p1/5pPp/3PpBnP/nQ2P3/4P3/8/4K3 b - - 10 62,a4c3,7,-534,407,e8a8;e8a8,e8a8;e8a8,g8h8;a4b2,-398,2
caissa-x_vs_EnyoBot_0waEuGxc.log,62,123,Black,4q1k1/6p1/5pPp/3PpBnP/nQ2P3/4P3/8/4K3 b - - 10 62,a4b2,8,-561,434,e8a8;e8a8,e8a8;e8a8,g8h8;a4b2,-398,2
caissa-x_vs_EnyoBot_0waEuGxc.log,62,123,Black,4q1k1/6p1/5pPp/3PpBnP/nQ2P3/4P3/8/4K3 b - - 10 62,a4b6,9,-614,487,e8a8;e8a8,e8a8;e8a8,g8h8;a4b2,-398,2
caissa-x_vs_EnyoBot_0waEuGxc.log,62,123,Black,4q1k1/6p1/5pPp/3PpBnP/nQ2P3/4P3/8/4K3 b - - 10 62,a4c5,10,-717,590,e8a8;e8a8,e8a8;e8a8,g8h8;a4b2,-398,2
caissa-x_vs_EnyoBot_0waEuGxc.log,62,123,Black,4q1k1/6p1/5pPp/3PpBnP/nQ2P3/4P3/8/4K3 b - - 10 62,g5h3,11,-754,627,e8a8;e8a8,e8a8;e8a8,g8h8;a4b2,-398,2
caissa-x_vs_EnyoBot_0waEuGxc.log,62,123,Black,4q1k1/6p1/5pPp/3PpBnP/nQ2P3/4P3/8/4K3 b - - 10 62,g5h7,12,-774,647,e8a8;e8a8,e8a8;e8a8,g8h8;a4b2,-398,2
caissa-x_vs_EnyoBot_0waEuGxc.log,62,123,Black,4q1k1/6p1/5pPp/3PpBnP/nQ2P3/4P3/8/4K3 b - - 10 62,g5e6,13,-31989,31862,e8a8;e8a8,e8a8;e8a8,g8h8;a4b2,-398,2
caissa-x_vs_EnyoBot_0waEuGxc.log,62,123,Black,4q1k1/6p1/5pPp/3PpBnP/nQ2P3/4P3/8/4K3 b - - 10 62,g5f7,14,-31992,31865,e8a8;e8a8,e8a8;e8a8,g8h8;a4b2,-398,2
caissa-x_vs_EnyoBot_0waEuGxc.log,62,123,Black,4q1k1/6p1/5pPp/3PpBnP/nQ2P3/4P3/8/4K3 b - - 10 62,e8c8,15,-31994,31867,e8a8;e8a8,e8a8;e8a8,g8h8;a4b2,-398,2
caissa-x_vs_EnyoBot_0waEuGxc.log,62,123,Black,4q1k1/6p1/5pPp/3PpBnP/nQ2P3/4P3/8/4K3 b - - 10 62,e8f7,16,-31996,31869,e8a8;e8a8,e8a8;e8a8,g8h8;a4b2,-398,2
caissa-x_vs_EnyoBot_0waEuGxc.log,62,123,Black,4q1k1/6p1/5pPp/3PpBnP/nQ2P3/4P3/8/4K3 b - - 10 62,e8b5,17,-31996,31869,e8a8;e8a8,e8a8;e8a8,g8h8;a4b2,-398,2
caissa-x_vs_EnyoBot_0waEuGxc.log,62,123,Black,4q1k1/6p1/5pPp/3PpBnP/nQ2P3/4P3/8/4K3 b - - 10 62,e8e7,18,-31997,31870,e8a8;e8a8,e8a8;e8a8,g8h8;a4b2,-398,2
caissa-x_vs_EnyoBot_0waEuGxc.log,62,123,Black,4q1k1/6p1/5pPp/3PpBnP/nQ2P3/4P3/8/4K3 b - - 10 62,e8g6,19,-31997,31870,e8a8;e8a8,e8a8;e8a8,g8h8;a4b2,-398,2
caissa-x_vs_EnyoBot_0waEuGxc.log,62,123,Black,4q1k1/6p1/5pPp/3PpBnP/nQ2P3/4P3/8/4K3 b - - 10 62,e8d7,20,-31998,31871,e8a8;e8a8,e8a8;e8a8,g8h8;a4b2,-398,2
caissa-x_vs_EnyoBot_0waEuGxc.log,62,123,Black,4q1k1/6p1/5pPp/3PpBnP/nQ2P3/4P3/8/4K3 b - - 10 62,e8e6,21,-31998,31871,e8a8;e8a8,e8a8;e8a8,g8h8;a4b2,-398,2
caissa-x_vs_EnyoBot_0waEuGxc.log,62,123,Black,4q1k1/6p1/5pPp/3PpBnP/nQ2P3/4P3/8/4K3 b - - 10 62,e8c6,22,-31998,31871,e8a8;e8a8,e8a8;e8a8,g8h8;a4b2,-398,2
caissa-x_vs_EnyoBot_0waEuGxc.log,62,123,Black,4q1k1/6p1/5pPp/3PpBnP/nQ2P3/4P3/8/4K3 b - - 10 62,e8b8,23,-31999,31872,e8a8;e8a8,e8a8;e8a8,g8h8;a4b2,-398,2
odonata-bot_vs_EnyoBot_u9u9wyRV_oot.log,14,27,Black,r2q1rk1/1b3ppp/p1pb4/1p1B4/8/2P2Q2/PP1PRPPP/RNB3K1 b - - 1 14,c6d5,1,-34,0,c6d5;c6d5,c6d5;c6d5,d8h4;d6h2,-371,2
odonata-bot_vs_EnyoBot_u9u9wyRV_oot.log,14,27,Black,r2q1rk1/1b3ppp/p1pb4/1p1B4/8/2P2Q2/PP1PRPPP/RNB3K1 b - - 1 14,d8d7,2,-206,172,c6d5;c6d5,c6d5;c6d5,d8h4;d6h2,-371,2
odonata-bot_vs_EnyoBot_u9u9wyRV_oot.log,14,27,Black,r2q1rk1/1b3ppp/p1pb4/1p1B4/8/2P2Q2/PP1PRPPP/RNB3K1 b - - 1 14,d8c7,3,-238,204,c6d5;c6d5,c6d5;c6d5,d8h4;d6h2,-371,2
odonata-bot_vs_EnyoBot_u9u9wyRV_oot.log,14,27,Black,r2q1rk1/1b3ppp/p1pb4/1p1B4/8/2P2Q2/PP1PRPPP/RNB3K1 b - - 1 14,d8g5,4,-253,219,c6d5;c6d5,c6d5;c6d5,d8h4;d6h2,-371,2
odonata-bot_vs_EnyoBot_u9u9wyRV_oot.log,14,27,Black,r2q1rk1/1b3ppp/p1pb4/1p1B4/8/2P2Q2/PP1PRPPP/RNB3K1 b - - 1 14,d8b6,5,-257,223,c6d5;c6d5,c6d5;c6d5,d8h4;d6h2,-371,2
odonata-bot_vs_EnyoBot_u9u9wyRV_oot.log,14,27,Black,r2q1rk1/1b3ppp/p1pb4/1p1B4/8/2P2Q2/PP1PRPPP/RNB3K1 b - - 1 14,d8c8,6,-267,233,c6d5;c6d5,c6d5;c6d5,d8h4;d6h2,-371,2
odonata-bot_vs_EnyoBot_u9u9wyRV_oot.log,14,27,Black,r2q1rk1/1b3ppp/p1pb4/1p1B4/8/2P2Q2/PP1PRPPP/RNB3K1 b - - 1 14,a8a7,7,-269,235,c6d5;c6d5,c6d5;c6d5,d8h4;d6h2,-371,2
odonata-bot_vs_EnyoBot_u9u9wyRV_oot.log,14,27,Black,r2q1rk1/1b3ppp/p1pb4/1p1B4/8/2P2Q2/PP1PRPPP/RNB3K1 b - - 1 14,a8b8,8,-272,238,c6d5;c6d5,c6d5;c6d5,d8h4;d6h2,-371,2
odonata-bot_vs_EnyoBot_u9u9wyRV_oot.log,14,27,Black,r2q1rk1/1b3ppp/p1pb4/1p1B4/8/2P2Q2/PP1PRPPP/RNB3K1 b - - 1 14,d6c7,9,-280,246,c6d5;c6d5,c6d5;c6d5,d8h4;d6h2,-371,2
odonata-bot_vs_EnyoBot_u9u9wyRV_oot.log,14,27,Black,r2q1rk1/1b3ppp/p1pb4/1p1B4/8/2P2Q2/PP1PRPPP/RNB3K1 b - - 1 14,a6a5,10,-288,254,c6d5;c6d5,c6d5;c6d5,d8h4;d6h2,-371,2
odonata-bot_vs_EnyoBot_u9u9wyRV_oot.log,14,27,Black,r2q1rk1/1b3ppp/p1pb4/1p1B4/8/2P2Q2/PP1PRPPP/RNB3K1 b - - 1 14,h7h5,11,-290,256,c6d5;c6d5,c6d5;c6d5,d8h4;d6h2,-371,2
odonata-bot_vs_EnyoBot_u9u9wyRV_oot.log,14,27,Black,r2q1rk1/1b3ppp/p1pb4/1p1B4/8/2P2Q2/PP1PRPPP/RNB3K1 b - - 1 14,g7g6,12,-298,264,c6d5;c6d5,c6d5;c6d5,d8h4;d6h2,-371,2
odonata-bot_vs_EnyoBot_u9u9wyRV_oot.log,14,27,Black,r2q1rk1/1b3ppp/p1pb4/1p1B4/8/2P2Q2/PP1PRPPP/RNB3K1 b - - 1 14,a8c8,13,-301,267,c6d5;c6d5,c6d5;c6d5,d8h4;d6h2,-371,2
odonata-bot_vs_EnyoBot_u9u9wyRV_oot.log,14,27,Black,r2q1rk1/1b3ppp/p1pb4/1p1B4/8/2P2Q2/PP1PRPPP/RNB3K1 b - - 1 14,h7h6,14,-307,273,c6d5;c6d5,c6d5;c6d5,d8h4;d6h2,-371,2
odonata-bot_vs_EnyoBot_u9u9wyRV_oot.log,14,27,Black,r2q1rk1/1b3ppp/p1pb4/1p1B4/8/2P2Q2/PP1PRPPP/RNB3K1 b - - 1 14,b5b4,15,-307,273,c6d5;c6d5,c6d5;c6d5,d8h4;d6h2,-371,2
odonata-bot_vs_EnyoBot_u9u9wyRV_oot.log,14,27,Black,r2q1rk1/1b3ppp/p1pb4/1p1B4/8/2P2Q2/PP1PRPPP/RNB3K1 b - - 1 14,g8h8,16,-313,279,c6d5;c6d5,c6d5;c6d5,d8h4;d6h2,-371,2
odonata-bot_vs_EnyoBot_u9u9wyRV_oot.log,14,27,Black,r2q1rk1/1b3ppp/p1pb4/1p1B4/8/2P2Q2/PP1PRPPP/RNB3K1 b - - 1 14,d8a5,17,-317,283,c6d5;c6d5,c6d5;c6d5,d8h4;d6h2,-371,2
odonata-bot_vs_EnyoBot_u9u9wyRV_oot.log,14,27,Black,r2q1rk1/1b3ppp/p1pb4/1p1B4/8/2P2Q2/PP1PRPPP/RNB3K1 b - - 1 14,d6b8,18,-322,288,c6d5;c6d5,c6d5;c6d5,d8h4;d6h2,-371,2
odonata-bot_vs_EnyoBot_u9u9wyRV_oot.log,14,27,Black,r2q1rk1/1b3ppp/p1pb4/1p1B4/8/2P2Q2/PP1PRPPP/RNB3K1 b - - 1 14,d8b8,19,-333,299,c6d5;c6d5,c6d5;c6d5,d8h4;d6h2,-371,2
odonata-bot_vs_EnyoBot_u9u9wyRV_oot.log,14,27,Black,r2q1rk1/1b3ppp/p1pb4/1p1B4/8/2P2Q2/PP1PRPPP/RNB3K1 b - - 1 14,d8h4,20,-333,299,c6d5;c6d5,c6d5;c6d5,d8h4;d6h2,-371,2
odonata-bot_vs_EnyoBot_u9u9wyRV_oot.log,14,27,Black,r2q1rk1/1b3ppp/p1pb4/1p1B4/8/2P2Q2/PP1PRPPP/RNB3K1 b - - 1 14,d6c5,21,-354,320,c6d5;c6d5,c6d5;c6d5,d8h4;d6h2,-371,2
odonata-bot_vs_EnyoBot_u9u9wyRV_oot.log,14,27,Black,r2q1rk1/1b3ppp/p1pb4/1p1B4/8/2P2Q2/PP1PRPPP/RNB3K1 b - - 1 14,g7g5,22,-354,320,c6d5;c6d5,c6d5;c6d5,d8h4;d6h2,-371,2
odonata-bot_vs_EnyoBot_u9u9wyRV_oot.log,14,27,Black,r2q1rk1/1b3ppp/p1pb4/1p1B4/8/2P2Q2/PP1PRPPP/RNB3K1 b - - 1 14,b7c8,23,-361,327,c6d5;c6d5,c6d5;c6d5,d8h4;d6h2,-371,2
odonata-bot_vs_EnyoBot_u9u9wyRV_oot.log,14,27,Black,r2q1rk1/1b3ppp/p1pb4/1p1B4/8/2P2Q2/PP1PRPPP/RNB3K1 b - - 1 14,d6f4,24,-362,328,c6d5;c6d5,c6d5;c6d5,d8h4;d6h2,-371,2
odonata-bot_vs_EnyoBot_u9u9wyRV_oot.log,14,27,Black,r2q1rk1/1b3ppp/p1pb4/1p1B4/8/2P2Q2/PP1PRPPP/RNB3K1 b - - 1 14,d6h2,25,-408,374,c6d5;c6d5,c6d5;c6d5,d8h4;d6h2,-371,2
odonata-bot_vs_EnyoBot_u9u9wyRV_oot.log,14,27,Black,r2q1rk1/1b3ppp/p1pb4/1p1B4/8/2P2Q2/PP1PRPPP/RNB3K1 b - - 1 14,d8e8,26,-413,379,c6d5;c6d5,c6d5;c6d5,d8h4;d6h2,-371,2
odonata-bot_vs_EnyoBot_u9u9wyRV_oot.log,14,27,Black,r2q1rk1/1b3ppp/p1pb4/1p1B4/8/2P2Q2/PP1PRPPP/RNB3K1 b - - 1 14,d6e7,27,-421,387,c6d5;c6d5,c6d5;c6d5,d8h4;d6h2,-371,2
odonata-bot_vs_EnyoBot_u9u9wyRV_oot.log,14,27,Black,r2q1rk1/1b3ppp/p1pb4/1p1B4/8/2P2Q2/PP1PRPPP/RNB3K1 b - - 1 14,d6g3,28,-433,399,c6d5;c6d5,c6d5;c6d5,d8h4;d6h2,-371,2
odonata-bot_vs_EnyoBot_u9u9wyRV_oot.log,14,27,Black,r2q1rk1/1b3ppp/p1pb4/1p1B4/8/2P2Q2/PP1PRPPP/RNB3K1 b - - 1 14,d6e5,29,-436,402,c6d5;c6d5,c6d5;c6d5,d8h4;d6h2,-371,2
odonata-bot_vs_EnyoBot_u9u9wyRV_oot.log,14,27,Black,r2q1rk1/1b3ppp/p1pb4/1p1B4/8/2P2Q2/PP1PRPPP/RNB3K1 b - - 1 14,d6a3,30,-438,404,c6d5;c6d5,c6d5;c6d5,d8h4;d6h2,-371,2
odonata-bot_vs_EnyoBot_u9u9wyRV_oot.log,14,27,Black,r2q1rk1/1b3ppp/p1pb4/1p1B4/8/2P2Q2/PP1PRPPP/RNB3K1 b - - 1 14,d6b4,31,-439,405,c6d5;c6d5,c6d5;c6d5,d8h4;d6h2,-371,2
odonata-bot_vs_EnyoBot_u9u9wyRV_oot.log,14,27,Black,r2q1rk1/1b3ppp/p1pb4/1p1B4/8/2P2Q2/PP1PRPPP/RNB3K1 b - - 1 14,d8f6,32,-461,427,c6d5;c6d5,c6d5;c6d5,d8h4;d6h2,-371,2
odonata-bot_vs_EnyoBot_u9u9wyRV_oot.log,14,27,Black,r2q1rk1/1b3ppp/p1pb4/1p1B4/8/2P2Q2/PP1PRPPP/RNB3K1 b - - 1 14,d8e7,33,-530,496,c6d5;c6d5,c6d5;c6d5,d8h4;d6h2,-371,2
odonata-bot_vs_EnyoBot_u9u9wyRV_oot.log,14,27,Black,r2q1rk1/1b3ppp/p1pb4/1p1B4/8/2P2Q2/PP1PRPPP/RNB3K1 b - - 1 14,f8e8,34,-551,517,c6d5;c6d5,c6d5;c6d5,d8h4;d6h2,-371,2
odonata-bot_vs_EnyoBot_u9u9wyRV_oot.log,14,27,Black,r2q1rk1/1b3ppp/p1pb4/1p1B4/8/2P2Q2/PP1PRPPP/RNB3K1 b - - 1 14,c6c5,35,-563,529,c6d5;c6d5,c6d5;c6d5,d8h4;d6h2,-371,2
EnyoBot_vs_Lynx_BOT_jjThVRPN.log,30,58,White,1r6/2p1Rp1k/p2pbP2/2p3B1/3b2PP/3N1P2/P5K1/8 w - - 4 30,h4h5,1,20,0,h4h5;h4h5,g2g3;g2g3,d3c5;d3c1,-341,2
EnyoBot_vs_Lynx_BOT_jjThVRPN.log,30,58,White,1r6/2p1Rp1k/p2pbP2/2p3B1/3b2PP/3N1P2/P5K1/8 w - - 4 30,g2g3,2,-14,34,h4h5;h4h5,g2g3;g2g3,d3c5;d3c1,-341,2
EnyoBot_vs_Lynx_BOT_jjThVRPN.log,30,58,White,1r6/2p1Rp1k/p2pbP2/2p3B1/3b2PP/3N1P2/P5K1/8 w - - 4 30,e7c7,3,-15,35,h4h5;h4h5,g2g3;g2g3,d3c5;d3c1,-341,2
EnyoBot_vs_Lynx_BOT_jjThVRPN.log,30,58,White,1r6/2p1Rp1k/p2pbP2/2p3B1/3b2PP/3N1P2/P5K1/8 w - - 4 30,d3f4,4,-40,60,h4h5;h4h5,g2g3;g2g3,d3c5;d3c1,-341,2
EnyoBot_vs_Lynx_BOT_jjThVRPN.log,30,58,White,1r6/2p1Rp1k/p2pbP2/2p3B1/3b2PP/3N1P2/P5K1/8 w - - 4 30,a2a4,5,-57,77,h4h5;h4h5,g2g3;g2g3,d3c5;d3c1,-341,2
EnyoBot_vs_Lynx_BOT_jjThVRPN.log,30,58,White,1r6/2p1Rp1k/p2pbP2/2p3B1/3b2PP/3N1P2/P5K1/8 w - - 4 30,a2a3,6,-76,96,h4h5;h4h5,g2g3;g2g3,d3c5;d3c1,-341,2
EnyoBot_vs_Lynx_BOT_jjThVRPN.log,30,58,White,1r6/2p1Rp1k/p2pbP2/2p3B1/3b2PP/3N1P2/P5K1/8 w - - 4 30,g5c1,7,-86,106,h4h5;h4h5,g2g3;g2g3,d3c5;d3c1,-341,2
EnyoBot_vs_Lynx_BOT_jjThVRPN.log,30,58,White,1r6/2p1Rp1k/p2pbP2/2p3B1/3b2PP/3N1P2/P5K1/8 w - - 4 30,g2h3,8,-89,109,h4h5;h4h5,g2g3;g2g3,d3c5;d3c1,-341,2
EnyoBot_vs_Lynx_BOT_jjThVRPN.log,30,58,White,1r6/2p1Rp1k/p2pbP2/2p3B1/3b2PP/3N1P2/P5K1/8 w - - 4 30,g2h2,9,-114,134,h4h5;h4h5,g2g3;g2g3,d3c5;d3c1,-341,2
EnyoBot_vs_Lynx_BOT_jjThVRPN.log,30,58,White,1r6/2p1Rp1k/p2pbP2/2p3B1/3b2PP/3N1P2/P5K1/8 w - - 4 30,d3e1,10,-119,139,h4h5;h4h5,g2g3;g2g3,d3c5;d3c1,-341,2
EnyoBot_vs_Lynx_BOT_jjThVRPN.log,30,58,White,1r6/2p1Rp1k/p2pbP2/2p3B1/3b2PP/3N1P2/P5K1/8 w - - 4 30,g5d2,11,-126,146,h4h5;h4h5,g2g3;g2g3,d3c5;d3c1,-341,2
EnyoBot_vs_Lynx_BOT_jjThVRPN.log,30,58,White,1r6/2p1Rp1k/p2pbP2/2p3B1/3b2PP/3N1P2/P5K1/8 w - - 4 30,f3f4,12,-157,177,h4h5;h4h5,g2g3;g2g3,d3c5;d3c1,-341,2
EnyoBot_vs_Lynx_BOT_jjThVRPN.log,30,58,White,1r6/2p1Rp1k/p2pbP2/2p3B1/3b2PP/3N1P2/P5K1/8 w - - 4 30,g2h1,13,-169,189,h4h5;h4h5,g2g3;g2g3,d3c5;d3c1,-341,2
EnyoBot_vs_Lynx_BOT_jjThVRPN.log,30,58,White,1r6/2p1Rp1k/p2pbP2/2p3B1/3b2PP/3N1P2/P5K1/8 w - - 4 30,d3c1,14,-180,200,h4h5;h4h5,g2g3;g2g3,d3c5;d3c1,-341,2
EnyoBot_vs_Lynx_BOT_jjThVRPN.log,30,58,White,1r6/2p1Rp1k/p2pbP2/2p3B1/3b2PP/3N1P2/P5K1/8 w - - 4 30,g2f1,15,-194,214,h4h5;h4h5,g2g3;g2g3,d3c5;d3c1,-341,2
EnyoBot_vs_Lynx_BOT_jjThVRPN.log,30,58,White,1r6/2p1Rp1k/p2pbP2/2p3B1/3b2PP/3N1P2/P5K1/8 w - - 4 30,e7e6,16,-216,236,h4h5;h4h5,g2g3;g2g3,d3c5;d3c1,-341,2
EnyoBot_vs_Lynx_BOT_jjThVRPN.log,30,58,White,1r6/2p1Rp1k/p2pbP2/2p3B1/3b2PP/3N1P2/P5K1/8 w - - 4 30,g5f4,17,-256,276,h4h5;h4h5,g2g3;g2g3,d3c5;d3c1,-341,2
EnyoBot_vs_Lynx_BOT_jjThVRPN.log,30,58,White,1r6/2p1Rp1k/p2pbP2/2p3B1/3b2PP/3N1P2/P5K1/8 w - - 4 30,g5h6,18,-351,371,h4h5;h4h5,g2g3;g2g3,d3c5;d3c1,-341,2
EnyoBot_vs_Lynx_BOT_jjThVRPN.log,30,58,White,1r6/2p1Rp1k/p2pbP2/2p3B1/3b2PP/3N1P2/P5K1/8 w - - 4 30,d3c5,19,-380,400,h4h5;h4h5,g2g3;g2g3,d3c5;d3c1,-341,2
EnyoBot_vs_Lynx_BOT_jjThVRPN.log,30,58,White,1r6/2p1Rp1k/p2pbP2/2p3B1/3b2PP/3N1P2/P5K1/8 w - - 4 30,g5e3,20,-392,412,h4h5;h4h5,g2g3;g2g3,d3c5;d3c1,-341,2
EnyoBot_vs_Lynx_BOT_jjThVRPN.log,30,58,White,1r6/2p1Rp1k/p2pbP2/2p3B1/3b2PP/3N1P2/P5K1/8 w - - 4 30,d3e5,21,-401,421,h4h5;h4h5,g2g3;g2g3,d3c5;d3c1,-341,2
EnyoBot_vs_Lynx_BOT_jjThVRPN.log,30,58,White,1r6/2p1Rp1k/p2pbP2/2p3B1/3b2PP/3N1P2/P5K1/8 w - - 4 30,d3f2,22,-406,426,h4h5;h4h5,g2g3;g2g3,d3c5;d3c1,-341,2
EnyoBot_vs_Lynx_BOT_jjThVRPN.log,30,58,White,1r6/2p1Rp1k/p2pbP2/2p3B1/3b2PP/3N1P2/P5K1/8 w - - 4 30,d3b2,23,-411,431,h4h5;h4h5,g2g3;g2g3,d3c5;d3c1,-341,2
EnyoBot_vs_Lynx_BOT_jjThVRPN.log,30,58,White,1r6/2p1Rp1k/p2pbP2/2p3B1/3b2PP/3N1P2/P5K1/8 w - - 4 30,d3b4,24,-446,466,h4h5;h4h5,g2g3;g2g3,d3c5;d3c1,-341,2
EnyoBot_vs_Lynx_BOT_jjThVRPN.log,30,58,White,1r6/2p1Rp1k/p2pbP2/2p3B1/3b2PP/3N1P2/P5K1/8 w - - 4 30,e7f7,25,-512,532,h4h5;h4h5,g2g3;g2g3,d3c5;d3c1,-341,2
EnyoBot_vs_Lynx_BOT_jjThVRPN.log,30,58,White,1r6/2p1Rp1k/p2pbP2/2p3B1/3b2PP/3N1P2/P5K1/8 w - - 4 30,e7e8,26,-572,592,h4h5;h4h5,g2g3;g2g3,d3c5;d3c1,-341,2
EnyoBot_vs_Lynx_BOT_jjThVRPN.log,30,58,White,1r6/2p1Rp1k/p2pbP2/2p3B1/3b2PP/3N1P2/P5K1/8 w - - 4 30,e7d7,27,-574,594,h4h5;h4h5,g2g3;g2g3,d3c5;d3c1,-341,2
caissa-x_vs_EnyoBot_0waEuGxc.log,43,85,Black,1r2k3/4q1p1/1n1p1pPp/pPpPpBnP/P3P3/2Q1P3/1K1N4/R7 b - - 7 43,e7a7,1,-54,0,e7a7;e7a7,e7a7;e7a7,b6a4;b6a4,-304,2
caissa-x_vs_EnyoBot_0waEuGxc.log,43,85,Black,1r2k3/4q1p1/1n1p1pPp/pPpPpBnP/P3P3/2Q1P3/1K1N4/R7 b - - 7 43,b8a8,2,-75,21,e7a7;e7a7,e7a7;e7a7,b6a4;b6a4,-304,2
caissa-x_vs_EnyoBot_0waEuGxc.log,43,85,Black,1r2k3/4q1p1/1n1p1pPp/pPpPpBnP/P3P3/2Q1P3/1K1N4/R7 b - - 7 43,e7c7,3,-86,32,e7a7;e7a7,e7a7;e7a7,b6a4;b6a4,-304,2
caissa-x_vs_EnyoBot_0waEuGxc.log,43,85,Black,1r2k3/4q1p1/1n1p1pPp/pPpPpBnP/P3P3/2Q1P3/1K1N4/R7 b - - 7 43,e7b7,4,-94,40,e7a7;e7a7,e7a7;e7a7,b6a4;b6a4,-304,2
caissa-x_vs_EnyoBot_0waEuGxc.log,43,85,Black,1r2k3/4q1p1/1n1p1pPp/pPpPpBnP/P3P3/2Q1P3/1K1N4/R7 b - - 7 43,e8f8,5,-151,97,e7a7;e7a7,e7a7;e7a7,b6a4;b6a4,-304,2
caissa-x_vs_EnyoBot_0waEuGxc.log,43,85,Black,1r2k3/4q1p1/1n1p1pPp/pPpPpBnP/P3P3/2Q1P3/1K1N4/R7 b - - 7 43,e7d8,6,-156,102,e7a7;e7a7,e7a7;e7a7,b6a4;b6a4,-304,2
caissa-x_vs_EnyoBot_0waEuGxc.log,43,85,Black,1r2k3/4q1p1/1n1p1pPp/pPpPpBnP/P3P3/2Q1P3/1K1N4/R7 b - - 7 43,b8b7,7,-264,210,e7a7;e7a7,e7a7;e7a7,b6a4;b6a4,-304,2
caissa-x_vs_EnyoBot_0waEuGxc.log,43,85,Black,1r2k3/4q1p1/1n1p1pPp/pPpPpBnP/P3P3/2Q1P3/1K1N4/R7 b - - 7 43,e8d8,8,-318,264,e7a7;e7a7,e7a7;e7a7,b6a4;b6a4,-304,2
caissa-x_vs_EnyoBot_0waEuGxc.log,43,85,Black,1r2k3/4q1p1/1n1p1pPp/pPpPpBnP/P3P3/2Q1P3/1K1N4/R7 b - - 7 43,g5e4,9,-337,283,e7a7;e7a7,e7a7;e7a7,b6a4;b6a4,-304,2
caissa-x_vs_EnyoBot_0waEuGxc.log,43,85,Black,1r2k3/4q1p1/1n1p1pPp/pPpPpBnP/P3P3/2Q1P3/1K1N4/R7 b - - 7 43,g5f3,10,-350,296,e7a7;e7a7,e7a7;e7a7,b6a4;b6a4,-304,2
caissa-x_vs_EnyoBot_0waEuGxc.log,43,85,Black,1r2k3/4q1p1/1n1p1pPp/pPpPpBnP/P3P3/2Q1P3/1K1N4/R7 b - - 7 43,g5h3,11,-351,297,e7a7;e7a7,e7a7;e7a7,b6a4;b6a4,-304,2
caissa-x_vs_EnyoBot_0waEuGxc.log,43,85,Black,1r2k3/4q1p1/1n1p1pPp/pPpPpBnP/P3P3/2Q1P3/1K1N4/R7 b - - 7 43,b6a4,12,-354,300,e7a7;e7a7,e7a7;e7a7,b6a4;b6a4,-304,2
caissa-x_vs_EnyoBot_0waEuGxc.log,43,85,Black,1r2k3/4q1p1/1n1p1pPp/pPpPpBnP/P3P3/2Q1P3/1K1N4/R7 b - - 7 43,b6c8,13,-369,315,e7a7;e7a7,e7a7;e7a7,b6a4;b6a4,-304,2
caissa-x_vs_EnyoBot_0waEuGxc.log,43,85,Black,1r2k3/4q1p1/1n1p1pPp/pPpPpBnP/P3P3/2Q1P3/1K1N4/R7 b - - 7 43,e7f8,14,-376,322,e7a7;e7a7,e7a7;e7a7,b6a4;b6a4,-304,2
caissa-x_vs_EnyoBot_0waEuGxc.log,43,85,Black,1r2k3/4q1p1/1n1p1pPp/pPpPpBnP/P3P3/2Q1P3/1K1N4/R7 b - - 7 43,b8d8,15,-378,324,e7a7;e7a7,e7a7;e7a7,b6a4;b6a4,-304,2
caissa-x_vs_EnyoBot_0waEuGxc.log,43,85,Black,1r2k3/4q1p1/1n1p1pPp/pPpPpBnP/P3P3/2Q1P3/1K1N4/R7 b - - 7 43,g5e6,16,-378,324,e7a7;e7a7,e7a7;e7a7,b6a4;b6a4,-304,2
caissa-x_vs_EnyoBot_0waEuGxc.log,43,85,Black,1r2k3/4q1p1/1n1p1pPp/pPpPpBnP/P3P3/2Q1P3/1K1N4/R7 b - - 7 43,b6d7,17,-386,332,e7a7;e7a7,e7a7;e7a7,b6a4;b6a4,-304,2
caissa-x_vs_EnyoBot_0waEuGxc.log,43,85,Black,1r2k3/4q1p1/1n1p1pPp/pPpPpBnP/P3P3/2Q1P3/1K1N4/R7 b - - 7 43,b6a8,18,-388,334,e7a7;e7a7,e7a7;e7a7,b6a4;b6a4,-304,2
caissa-x_vs_EnyoBot_0waEuGxc.log,43,85,Black,1r2k3/4q1p1/1n1p1pPp/pPpPpBnP/P3P3/2Q1P3/1K1N4/R7 b - - 7 43,c5c4,19,-390,336,e7a7;e7a7,e7a7;e7a7,b6a4;b6a4,-304,2
caissa-x_vs_EnyoBot_0waEuGxc.log,43,85,Black,1r2k3/4q1p1/1n1p1pPp/pPpPpBnP/P3P3/2Q1P3/1K1N4/R7 b - - 7 43,g5f7,20,-474,420,e7a7;e7a7,e7a7;e7a7,b6a4;b6a4,-304,2
caissa-x_vs_EnyoBot_0waEuGxc.log,43,85,Black,1r2k3/4q1p1/1n1p1pPp/pPpPpBnP/P3P3/2Q1P3/1K1N4/R7 b - - 7 43,b8c8,21,-486,432,e7a7;e7a7,e7a7;e7a7,b6a4;b6a4,-304,2
caissa-x_vs_EnyoBot_0waEuGxc.log,43,85,Black,1r2k3/4q1p1/1n1p1pPp/pPpPpBnP/P3P3/2Q1P3/1K1N4/R7 b - - 7 43,b6d5,22,-498,444,e7a7;e7a7,e7a7;e7a7,b6a4;b6a4,-304,2
caissa-x_vs_EnyoBot_0waEuGxc.log,43,85,Black,1r2k3/4q1p1/1n1p1pPp/pPpPpBnP/P3P3/2Q1P3/1K1N4/R7 b - - 7 43,b6c4,23,-563,509,e7a7;e7a7,e7a7;e7a7,b6a4;b6a4,-304,2
caissa-x_vs_EnyoBot_0waEuGxc.log,43,85,Black,1r2k3/4q1p1/1n1p1pPp/pPpPpBnP/P3P3/2Q1P3/1K1N4/R7 b - - 7 43,e7d7,24,-633,579,e7a7;e7a7,e7a7;e7a7,b6a4;b6a4,-304,2
caissa-x_vs_EnyoBot_0waEuGxc.log,43,85,Black,1r2k3/4q1p1/1n1p1pPp/pPpPpBnP/P3P3/2Q1P3/1K1N4/R7 b - - 7 43,e7f7,25,-736,682,e7a7;e7a7,e7a7;e7a7,b6a4;b6a4,-304,2
caissa-x_vs_EnyoBot_0waEuGxc.log,43,85,Black,1r2k3/4q1p1/1n1p1pPp/pPpPpBnP/P3P3/2Q1P3/1K1N4/R7 b - - 7 43,e7e6,26,-764,710,e7a7;e7a7,e7a7;e7a7,b6a4;b6a4,-304,2
caissa-x_vs_EnyoBot_0waEuGxc.log,43,85,Black,1r2k3/4q1p1/1n1p1pPp/pPpPpBnP/P3P3/2Q1P3/1K1N4/R7 b - - 7 43,g5h7,27,-810,756,e7a7;e7a7,e7a7;e7a7,b6a4;b6a4,-304,2
CloudNetBot_vs_EnyoBot_KTS7zzI9.log,87,173,Black,8/8/1n6/6R1/N2k4/2p5/1p6/1K6 b - - 5 87,b6d5,1,-267,0,b6d5;b6d5,b6d5;b6d5,b6a4;b6a4,-287,2
CloudNetBot_vs_EnyoBot_KTS7zzI9.log,87,173,Black,8/8/1n6/6R1/N2k4/2p5/1p6/1K6 b - - 5 87,c3c2,2,-268,1,b6d5;b6d5,b6d5;b6d5,b6a4;b6a4,-287,2
CloudNetBot_vs_EnyoBot_KTS7zzI9.log,87,173,Black,8/8/1n6/6R1/N2k4/2p5/1p6/1K6 b - - 5 87,b6c8,3,-277,10,b6d5;b6d5,b6d5;b6d5,b6a4;b6a4,-287,2
CloudNetBot_vs_EnyoBot_KTS7zzI9.log,87,173,Black,8/8/1n6/6R1/N2k4/2p5/1p6/1K6 b - - 5 87,b6d7,4,-279,12,b6d5;b6d5,b6d5;b6d5,b6a4;b6a4,-287,2
CloudNetBot_vs_EnyoBot_KTS7zzI9.log,87,173,Black,8/8/1n6/6R1/N2k4/2p5/1p6/1K6 b - - 5 87,b6c4,5,-297,30,b6d5;b6d5,b6d5;b6d5,b6a4;b6a4,-287,2
CloudNetBot_vs_EnyoBot_KTS7zzI9.log,87,173,Black,8/8/1n6/6R1/N2k4/2p5/1p6/1K6 b - - 5 87,b6a8,6,-458,191,b6d5;b6d5,b6d5;b6d5,b6a4;b6a4,-287,2
CloudNetBot_vs_EnyoBot_KTS7zzI9.log,87,173,Black,8/8/1n6/6R1/N2k4/2p5/1p6/1K6 b - - 5 87,d4e4,7,-494,227,b6d5;b6d5,b6d5;b6d5,b6a4;b6a4,-287,2
CloudNetBot_vs_EnyoBot_KTS7zzI9.log,87,173,Black,8/8/1n6/6R1/N2k4/2p5/1p6/1K6 b - - 5 87,d4e3,8,-511,244,b6d5;b6d5,b6d5;b6d5,b6a4;b6a4,-287,2
CloudNetBot_vs_EnyoBot_KTS7zzI9.log,87,173,Black,8/8/1n6/6R1/N2k4/2p5/1p6/1K6 b - - 5 87,d4d3,9,-525,258,b6d5;b6d5,b6d5;b6d5,b6a4;b6a4,-287,2
CloudNetBot_vs_EnyoBot_KTS7zzI9.log,87,173,Black,8/8/1n6/6R1/N2k4/2p5/1p6/1K6 b - - 5 87,d4c4,10,-539,272,b6d5;b6d5,b6d5;b6d5,b6a4;b6a4,-287,2
CloudNetBot_vs_EnyoBot_KTS7zzI9.log,87,173,Black,8/8/1n6/6R1/N2k4/2p5/1p6/1K6 b - - 5 87,b6a4,11,-550,283,b6d5;b6d5,b6d5;b6d5,b6a4;b6a4,-287,2
caissa-x_vs_EnyoBot_0waEuGxc.log,34,67,Black,3r1r1k/3nqpp1/3p2Pp/p1pPpB1P/P1P1P3/2N1Pn2/K1Q2R2/7R b - - 1 34,f3g5,1,-109,0,f3g5;f3g5,f3g5;f3g5,d8b8;f3d4,-268,2
caissa-x_vs_EnyoBot_0waEuGxc.log,34,67,Black,3r1r1k/3nqpp1/3p2Pp/p1pPpB1P/P1P1P3/2N1Pn2/K1Q2R2/7R b - - 1 34,f7g6,2,-220,111,f3g5;f3g5,f3g5;f3g5,d8b8;f3d4,-268,2
caissa-x_vs_EnyoBot_0waEuGxc.log,34,67,Black,3r1r1k/3nqpp1/3p2Pp/p1pPpB1P/P1P1P3/2N1Pn2/K1Q2R2/7R b - - 1 34,f3h4,3,-247,138,f3g5;f3g5,f3g5;f3g5,d8b8;f3d4,-268,2
caissa-x_vs_EnyoBot_0waEuGxc.log,34,67,Black,3r1r1k/3nqpp1/3p2Pp/p1pPpB1P/P1P1P3/2N1Pn2/K1Q2R2/7R b - - 1 34,f3d4,4,-295,186,f3g5;f3g5,f3g5;f3g5,d8b8;f3d4,-268,2
caissa-x_vs_EnyoBot_0waEuGxc.log,34,67,Black,3r1r1k/3nqpp1/3p2Pp/p1pPpB1P/P1P1P3/2N1Pn2/K1Q2R2/7R b - - 1 34,d8b8,5,-354,245,f3g5;f3g5,f3g5;f3g5,d8b8;f3d4,-268,2
caissa-x_vs_EnyoBot_0waEuGxc.log,34,67,Black,3r1r1k/3nqpp1/3p2Pp/p1pPpB1P/P1P1P3/2N1Pn2/K1Q2R2/7R b - - 1 34,d7b8,6,-370,261,f3g5;f3g5,f3g5;f3g5,d8b8;f3d4,-268,2
caissa-x_vs_EnyoBot_0waEuGxc.log,34,67,Black,3r1r1k/3nqpp1/3p2Pp/p1pPpB1P/P1P1P3/2N1Pn2/K1Q2R2/7R b - - 1 34,f7f6,7,-371,262,f3g5;f3g5,f3g5;f3g5,d8b8;f3d4,-268,2
caissa-x_vs_EnyoBot_0waEuGxc.log,34,67,Black,3r1r1k/3nqpp1/3p2Pp/p1pPpB1P/P1P1P3/2N1Pn2/K1Q2R2/7R b - - 1 34,e7g5,8,-372,263,f3g5;f3g5,f3g5;f3g5,d8b8;f3d4,-268,2
caissa-x_vs_EnyoBot_0waEuGxc.log,34,67,Black,3r1r1k/3nqpp1/3p2Pp/p1pPpB1P/P1P1P3/2N1Pn2/K1Q2R2/7R b - - 1 34,d7b6,9,-372,263,f3g5;f3g5,f3g5;f3g5,d8b8;f3d4,-268,2
caissa-x_vs_EnyoBot_0waEuGxc.log,34,67,Black,3r1r1k/3nqpp1/3p2Pp/p1pPpB1P/P1P1P3/2N1Pn2/K1Q2R2/7R b - - 1 34,f3e1,10,-374,265,f3g5;f3g5,f3g5;f3g5,d8b8;f3d4,-268,2
caissa-x_vs_EnyoBot_0waEuGxc.log,34,67,Black,3r1r1k/3nqpp1/3p2Pp/p1pPpB1P/P1P1P3/2N1Pn2/K1Q2R2/7R b - - 1 34,d8e8,11,-381,272,f3g5;f3g5,f3g5;f3g5,d8b8;f3d4,-268,2
caissa-x_vs_EnyoBot_0waEuGxc.log,34,67,Black,3r1r1k/3nqpp1/3p2Pp/p1pPpB1P/P1P1P3/2N1Pn2/K1Q2R2/7R b - - 1 34,d8a8,12,-381,272,f3g5;f3g5,f3g5;f3g5,d8b8;f3d4,-268,2
caissa-x_vs_EnyoBot_0waEuGxc.log,34,67,Black,3r1r1k/3nqpp1/3p2Pp/p1pPpB1P/P1P1P3/2N1Pn2/K1Q2R2/7R b - - 1 34,e7f6,13,-388,279,f3g5;f3g5,f3g5;f3g5,d8b8;f3d4,-268,2
caissa-x_vs_EnyoBot_0waEuGxc.log,34,67,Black,3r1r1k/3nqpp1/3p2Pp/p1pPpB1P/P1P1P3/2N1Pn2/K1Q2R2/7R b - - 1 34,d8c8,14,-389,280,f3g5;f3g5,f3g5;f3g5,d8b8;f3d4,-268,2
caissa-x_vs_EnyoBot_0waEuGxc.log,34,67,Black,3r1r1k/3nqpp1/3p2Pp/p1pPpB1P/P1P1P3/2N1Pn2/K1Q2R2/7R b - - 1 34,d7f6,15,-392,283,f3g5;f3g5,f3g5;f3g5,d8b8;f3d4,-268,2
caissa-x_vs_EnyoBot_0waEuGxc.log,34,67,Black,3r1r1k/3nqpp1/3p2Pp/p1pPpB1P/P1P1P3/2N1Pn2/K1Q2R2/7R b - - 1 34,f3g1,16,-394,285,f3g5;f3g5,f3g5;f3g5,d8b8;f3d4,-268,2
caissa-x_vs_EnyoBot_0waEuGxc.log,34,67,Black,3r1r1k/3nqpp1/3p2Pp/p1pPpB1P/P1P1P3/2N1Pn2/K1Q2R2/7R b - - 1 34,f3d2,17,-396,287,f3g5;f3g5,f3g5;f3g5,d8b8;f3d4,-268,2
caissa-x_vs_EnyoBot_0waEuGxc.log,34,67,Black,3r1r1k/3nqpp1/3p2Pp/p1pPpB1P/P1P1P3/2N1Pn2/K1Q2R2/7R b - - 1 34,f3h2,18,-397,288,f3g5;f3g5,f3g5;f3g5,d8b8;f3d4,-268,2
caissa-x_vs_EnyoBot_0waEuGxc.log,34,67,Black,3r1r1k/3nqpp1/3p2Pp/p1pPpB1P/P1P1P3/2N1Pn2/K1Q2R2/7R b - - 1 34,h8g8,19,-403,294,f3g5;f3g5,f3g5;f3g5,d8b8;f3d4,-268,2
caissa-x_vs_EnyoBot_0waEuGxc.log,34,67,Black,3r1r1k/3nqpp1/3p2Pp/p1pPpB1P/P1P1P3/2N1Pn2/K1Q2R2/7R b - - 1 34,f8e8,20,-406,297,f3g5;f3g5,f3g5;f3g5,d8b8;f3d4,-268,2
caissa-x_vs_EnyoBot_0waEuGxc.log,34,67,Black,3r1r1k/3nqpp1/3p2Pp/p1pPpB1P/P1P1P3/2N1Pn2/K1Q2R2/7R b - - 1 34,e7e8,21,-406,297,f3g5;f3g5,f3g5;f3g5,d8b8;f3d4,-268,2
caissa-x_vs_EnyoBot_0waEuGxc.log,34,67,Black,3r1r1k/3nqpp1/3p2Pp/p1pPpB1P/P1P1P3/2N1Pn2/K1Q2R2/7R b - - 1 34,f8g8,22,-414,305,f3g5;f3g5,f3g5;f3g5,d8b8;f3d4,-268,2
caissa-x_vs_EnyoBot_0waEuGxc.log,34,67,Black,3r1r1k/3nqpp1/3p2Pp/p1pPpB1P/P1P1P3/2N1Pn2/K1Q2R2/7R b - - 1 34,e7h4,23,-541,432,f3g5;f3g5,f3g5;f3g5,d8b8;f3d4,-268,2
caissa-x_vs_EnyoBot_0waEuGxc.log,34,67,Black,3r1r1k/3nqpp1/3p2Pp/p1pPpB1P/P1P1P3/2N1Pn2/K1Q2R2/7R b - - 1 34,e7e6,24,-675,566,f3g5;f3g5,f3g5;f3g5,d8b8;f3d4,-268,2
odonata-bot_vs_EnyoBot_u9u9wyRV_oot.log,13,25,Black,r2q1rk1/1bp2ppp/p2b4/1p1BR3/8/2P2Q2/PP1P1PPP/RNB3K1 b - - 0 13,c7c6,1,-44,0,c7c6;c7c6,c7c6;c7c6,b7d5;d6e5,-255,2
odonata-bot_vs_EnyoBot_u9u9wyRV_oot.log,13,25,Black,r2q1rk1/1bp2ppp/p2b4/1p1BR3/8/2P2Q2/PP1P1PPP/RNB3K1 b - - 0 13,b7d5,2,-214,170,c7c6;c7c6,c7c6;c7c6,b7d5;d6e5,-255,2
odonata-bot_vs_EnyoBot_u9u9wyRV_oot.log,13,25,Black,r2q1rk1/1bp2ppp/p2b4/1p1BR3/8/2P2Q2/PP1P1PPP/RNB3K1 b - - 0 13,d6e5,3,-285,241,c7c6;c7c6,c7c6;c7c6,b7d5;d6e5,-255,2
odonata-bot_vs_EnyoBot_u9u9wyRV_oot.log,13,25,Black,r2q1rk1/1bp2ppp/p2b4/1p1BR3/8/2P2Q2/PP1P1PPP/RNB3K1 b - - 0 13,a8b8,4,-319,275,c7c6;c7c6,c7c6;c7c6,b7d5;d6e5,-255,2
odonata-bot_vs_EnyoBot_u9u9wyRV_oot.log,13,25,Black,r2q1rk1/1bp2ppp/p2b4/1p1BR3/8/2P2Q2/PP1P1PPP/RNB3K1 b - - 0 13,f8e8,5,-342,298,c7c6;c7c6,c7c6;c7c6,b7d5;d6e5,-255,2
odonata-bot_vs_EnyoBot_u9u9wyRV_oot.log,13,25,Black,r2q1rk1/1bp2ppp/p2b4/1p1BR3/8/2P2Q2/PP1P1PPP/RNB3K1 b - - 0 13,a8a7,6,-399,355,c7c6;c7c6,c7c6;c7c6,b7d5;d6e5,-255,2
odonata-bot_vs_EnyoBot_u9u9wyRV_oot.log,13,25,Black,r2q1rk1/1bp2ppp/p2b4/1p1BR3/8/2P2Q2/PP1P1PPP/RNB3K1 b - - 0 13,b7c8,7,-402,358,c7c6;c7c6,c7c6;c7c6,b7d5;d6e5,-255,2
odonata-bot_vs_EnyoBot_u9u9wyRV_oot.log,13,25,Black,r2q1rk1/1bp2ppp/p2b4/1p1BR3/8/2P2Q2/PP1P1PPP/RNB3K1 b - - 0 13,g8h8,8,-427,383,c7c6;c7c6,c7c6;c7c6,b7d5;d6e5,-255,2
odonata-bot_vs_EnyoBot_u9u9wyRV_oot.log,13,25,Black,r2q1rk1/1bp2ppp/p2b4/1p1BR3/8/2P2Q2/PP1P1PPP/RNB3K1 b - - 0 13,c7c5,9,-428,384,c7c6;c7c6,c7c6;c7c6,b7d5;d6e5,-255,2
odonata-bot_vs_EnyoBot_u9u9wyRV_oot.log,13,25,Black,r2q1rk1/1bp2ppp/p2b4/1p1BR3/8/2P2Q2/PP1P1PPP/RNB3K1 b - - 0 13,h7h5,10,-440,396,c7c6;c7c6,c7c6;c7c6,b7d5;d6e5,-255,2
odonata-bot_vs_EnyoBot_u9u9wyRV_oot.log,13,25,Black,r2q1rk1/1bp2ppp/p2b4/1p1BR3/8/2P2Q2/PP1P1PPP/RNB3K1 b - - 0 13,g7g6,11,-445,401,c7c6;c7c6,c7c6;c7c6,b7d5;d6e5,-255,2
odonata-bot_vs_EnyoBot_u9u9wyRV_oot.log,13,25,Black,r2q1rk1/1bp2ppp/p2b4/1p1BR3/8/2P2Q2/PP1P1PPP/RNB3K1 b - - 0 13,a8c8,12,-447,403,c7c6;c7c6,c7c6;c7c6,b7d5;d6e5,-255,2
odonata-bot_vs_EnyoBot_u9u9wyRV_oot.log,13,25,Black,r2q1rk1/1bp2ppp/p2b4/1p1BR3/8/2P2Q2/PP1P1PPP/RNB3K1 b - - 0 13,d8e8,13,-453,409,c7c6;c7c6,c7c6;c7c6,b7d5;d6e5,-255,2
odonata-bot_vs_EnyoBot_u9u9wyRV_oot.log,13,25,Black,r2q1rk1/1bp2ppp/p2b4/1p1BR3/8/2P2Q2/PP1P1PPP/RNB3K1 b - - 0 13,d8f6,14,-464,420,c7c6;c7c6,c7c6;c7c6,b7d5;d6e5,-255,2
odonata-bot_vs_EnyoBot_u9u9wyRV_oot.log,13,25,Black,r2q1rk1/1bp2ppp/p2b4/1p1BR3/8/2P2Q2/PP1P1PPP/RNB3K1 b - - 0 13,h7h6,15,-473,429,c7c6;c7c6,c7c6;c7c6,b7d5;d6e5,-255,2
odonata-bot_vs_EnyoBot_u9u9wyRV_oot.log,13,25,Black,r2q1rk1/1bp2ppp/p2b4/1p1BR3/8/2P2Q2/PP1P1PPP/RNB3K1 b - - 0 13,b5b4,16,-473,429,c7c6;c7c6,c7c6;c7c6,b7d5;d6e5,-255,2
odonata-bot_vs_EnyoBot_u9u9wyRV_oot.log,13,25,Black,r2q1rk1/1bp2ppp/p2b4/1p1BR3/8/2P2Q2/PP1P1PPP/RNB3K1 b - - 0 13,a6a5,17,-476,432,c7c6;c7c6,c7c6;c7c6,b7d5;d6e5,-255,2
odonata-bot_vs_EnyoBot_u9u9wyRV_oot.log,13,25,Black,r2q1rk1/1bp2ppp/p2b4/1p1BR3/8/2P2Q2/PP1P1PPP/RNB3K1 b - - 0 13,g7g5,18,-482,438,c7c6;c7c6,c7c6;c7c6,b7d5;d6e5,-255,2
odonata-bot_vs_EnyoBot_u9u9wyRV_oot.log,13,25,Black,r2q1rk1/1bp2ppp/p2b4/1p1BR3/8/2P2Q2/PP1P1PPP/RNB3K1 b - - 0 13,b7c6,19,-485,441,c7c6;c7c6,c7c6;c7c6,b7d5;d6e5,-255,2
odonata-bot_vs_EnyoBot_u9u9wyRV_oot.log,13,25,Black,r2q1rk1/1bp2ppp/p2b4/1p1BR3/8/2P2Q2/PP1P1PPP/RNB3K1 b - - 0 13,d8b8,20,-489,445,c7c6;c7c6,c7c6;c7c6,b7d5;d6e5,-255,2
odonata-bot_vs_EnyoBot_u9u9wyRV_oot.log,13,25,Black,r2q1rk1/1bp2ppp/p2b4/1p1BR3/8/2P2Q2/PP1P1PPP/RNB3K1 b - - 0 13,d8h4,21,-503,459,c7c6;c7c6,c7c6;c7c6,b7d5;d6e5,-255,2
odonata-bot_vs_EnyoBot_u9u9wyRV_oot.log,13,25,Black,r2q1rk1/1bp2ppp/p2b4/1p1BR3/8/2P2Q2/PP1P1PPP/RNB3K1 b - - 0 13,d8d7,22,-529,485,c7c6;c7c6,c7c6;c7c6,b7d5;d6e5,-255,2
odonata-bot_vs_EnyoBot_u9u9wyRV_oot.log,13,25,Black,r2q1rk1/1bp2ppp/p2b4/1p1BR3/8/2P2Q2/PP1P1PPP/RNB3K1 b - - 0 13,d8e7,23,-581,537,c7c6;c7c6,c7c6;c7c6,b7d5;d6e5,-255,2
odonata-bot_vs_EnyoBot_u9u9wyRV_oot.log,13,25,Black,r2q1rk1/1bp2ppp/p2b4/1p1BR3/8/2P2Q2/PP1P1PPP/RNB3K1 b - - 0 13,d8c8,24,-594,550,c7c6;c7c6,c7c6;c7c6,b7d5;d6e5,-255,2
odonata-bot_vs_EnyoBot_u9u9wyRV_oot.log,13,25,Black,r2q1rk1/1bp2ppp/p2b4/1p1BR3/8/2P2Q2/PP1P1PPP/RNB3K1 b - - 0 13,d6e7,25,-608,564,c7c6;c7c6,c7c6;c7c6,b7d5;d6e5,-255,2
odonata-bot_vs_EnyoBot_u9u9wyRV_oot.log,13,25,Black,r2q1rk1/1bp2ppp/p2b4/1p1BR3/8/2P2Q2/PP1P1PPP/RNB3K1 b - - 0 13,d6a3,26,-612,568,c7c6;c7c6,c7c6;c7c6,b7d5;d6e5,-255,2
odonata-bot_vs_EnyoBot_u9u9wyRV_oot.log,13,25,Black,r2q1rk1/1bp2ppp/p2b4/1p1BR3/8/2P2Q2/PP1P1PPP/RNB3K1 b - - 0 13,d6c5,27,-617,573,c7c6;c7c6,c7c6;c7c6,b7d5;d6e5,-255,2
odonata-bot_vs_EnyoBot_u9u9wyRV_oot.log,13,25,Black,r2q1rk1/1bp2ppp/p2b4/1p1BR3/8/2P2Q2/PP1P1PPP/RNB3K1 b - - 0 13,d6b4,28,-619,575,c7c6;c7c6,c7c6;c7c6,b7d5;d6e5,-255,2
odonata-bot_vs_EnyoBot_u9u9wyRV_oot.log,13,25,Black,r2q1rk1/1bp2ppp/p2b4/1p1BR3/8/2P2Q2/PP1P1PPP/RNB3K1 b - - 0 13,d8g5,29,-633,589,c7c6;c7c6,c7c6;c7c6,b7d5;d6e5,-255,2
EnyoBot_vs_Lynx_BOT_jjThVRPN.log,17,32,White,r1b2r2/b1pq1p2/p1pp1nk1/6B1/3PP2P/3Q4/PP3PP1/RN2R1K1 w - - 1 17,e4e5,1,37,0,e4e5;e4e5,e4e5;e4e5,d3f3;g5f6,-240,2
EnyoBot_vs_Lynx_BOT_jjThVRPN.log,17,32,White,r1b2r2/b1pq1p2/p1pp1nk1/6B1/3PP2P/3Q4/PP3PP1/RN2R1K1 w - - 1 17,b1d2,2,-66,103,e4e5;e4e5,e4e5;e4e5,d3f3;g5f6,-240,2
EnyoBot_vs_Lynx_BOT_jjThVRPN.log,17,32,White,r1b2r2/b1pq1p2/p1pp1nk1/6B1/3PP2P/3Q4/PP3PP1/RN2R1K1 w - - 1 17,b1c3,3,-102,139,e4e5;e4e5,e4e5;e4e5,d3f3;g5f6,-240,2
EnyoBot_vs_Lynx_BOT_jjThVRPN.log,17,32,White,r1b2r2/b1pq1p2/p1pp1nk1/6B1/3PP2P/3Q4/PP3PP1/RN2R1K1 w - - 1 17,f2f3,4,-115,152,e4e5;e4e5,e4e5;e4e5,d3f3;g5f6,-240,2
EnyoBot_vs_Lynx_BOT_jjThVRPN.log,17,32,White,r1b2r2/b1pq1p2/p1pp1nk1/6B1/3PP2P/3Q4/PP3PP1/RN2R1K1 w - - 1 17,f2f4,5,-121,158,e4e5;e4e5,e4e5;e4e5,d3f3;g5f6,-240,2
EnyoBot_vs_Lynx_BOT_jjThVRPN.log,17,32,White,r1b2r2/b1pq1p2/p1pp1nk1/6B1/3PP2P/3Q4/PP3PP1/RN2R1K1 w - - 1 17,b1a3,6,-135,172,e4e5;e4e5,e4e5;e4e5,d3f3;g5f6,-240,2
EnyoBot_vs_Lynx_BOT_jjThVRPN.log,17,32,White,r1b2r2/b1pq1p2/p1pp1nk1/6B1/3PP2P/3Q4/PP3PP1/RN2R1K1 w - - 1 17,g5f6,7,-142,179,e4e5;e4e5,e4e5;e4e5,d3f3;g5f6,-240,2
EnyoBot_vs_Lynx_BOT_jjThVRPN.log,17,32,White,r1b2r2/b1pq1p2/p1pp1nk1/6B1/3PP2P/3Q4/PP3PP1/RN2R1K1 w - - 1 17,d3c3,8,-143,180,e4e5;e4e5,e4e5;e4e5,d3f3;g5f6,-240,2
EnyoBot_vs_Lynx_BOT_jjThVRPN.log,17,32,White,r1b2r2/b1pq1p2/p1pp1nk1/6B1/3PP2P/3Q4/PP3PP1/RN2R1K1 w - - 1 17,e1e3,9,-146,183,e4e5;e4e5,e4e5;e4e5,d3f3;g5f6,-240,2
EnyoBot_vs_Lynx_BOT_jjThVRPN.log,17,32,White,r1b2r2/b1pq1p2/p1pp1nk1/6B1/3PP2P/3Q4/PP3PP1/RN2R1K1 w - - 1 17,d3c4,10,-152,189,e4e5;e4e5,e4e5;e4e5,d3f3;g5f6,-240,2
EnyoBot_vs_Lynx_BOT_jjThVRPN.log,17,32,White,r1b2r2/b1pq1p2/p1pp1nk1/6B1/3PP2P/3Q4/PP3PP1/RN2R1K1 w - - 1 17,a2a4,11,-154,191,e4e5;e4e5,e4e5;e4e5,d3f3;g5f6,-240,2
EnyoBot_vs_Lynx_BOT_jjThVRPN.log,17,32,White,r1b2r2/b1pq1p2/p1pp1nk1/6B1/3PP2P/3Q4/PP3PP1/RN2R1K1 w - - 1 17,d3d2,12,-157,194,e4e5;e4e5,e4e5;e4e5,d3f3;g5f6,-240,2
EnyoBot_vs_Lynx_BOT_jjThVRPN.log,17,32,White,r1b2r2/b1pq1p2/p1pp1nk1/6B1/3PP2P/3Q4/PP3PP1/RN2R1K1 w - - 1 17,b2b3,13,-163,200,e4e5;e4e5,e4e5;e4e5,d3f3;g5f6,-240,2
EnyoBot_vs_Lynx_BOT_jjThVRPN.log,17,32,White,r1b2r2/b1pq1p2/p1pp1nk1/6B1/3PP2P/3Q4/PP3PP1/RN2R1K1 w - - 1 17,b2b4,14,-179,216,e4e5;e4e5,e4e5;e4e5,d3f3;g5f6,-240,2
EnyoBot_vs_Lynx_BOT_jjThVRPN.log,17,32,White,r1b2r2/b1pq1p2/p1pp1nk1/6B1/3PP2P/3Q4/PP3PP1/RN2R1K1 w - - 1 17,a2a3,15,-180,217,e4e5;e4e5,e4e5;e4e5,d3f3;g5f6,-240,2
EnyoBot_vs_Lynx_BOT_jjThVRPN.log,17,32,White,r1b2r2/b1pq1p2/p1pp1nk1/6B1/3PP2P/3Q4/PP3PP1/RN2R1K1 w - - 1 17,e1c1,16,-184,221,e4e5;e4e5,e4e5;e4e5,d3f3;g5f6,-240,2
EnyoBot_vs_Lynx_BOT_jjThVRPN.log,17,32,White,r1b2r2/b1pq1p2/p1pp1nk1/6B1/3PP2P/3Q4/PP3PP1/RN2R1K1 w - - 1 17,d3e3,17,-186,223,e4e5;e4e5,e4e5;e4e5,d3f3;g5f6,-240,2
EnyoBot_vs_Lynx_BOT_jjThVRPN.log,17,32,White,r1b2r2/b1pq1p2/p1pp1nk1/6B1/3PP2P/3Q4/PP3PP1/RN2R1K1 w - - 1 17,d3d1,18,-190,227,e4e5;e4e5,e4e5;e4e5,d3f3;g5f6,-240,2
EnyoBot_vs_Lynx_BOT_jjThVRPN.log,17,32,White,r1b2r2/b1pq1p2/p1pp1nk1/6B1/3PP2P/3Q4/PP3PP1/RN2R1K1 w - - 1 17,e1d1,19,-191,228,e4e5;e4e5,e4e5;e4e5,d3f3;g5f6,-240,2
EnyoBot_vs_Lynx_BOT_jjThVRPN.log,17,32,White,r1b2r2/b1pq1p2/p1pp1nk1/6B1/3PP2P/3Q4/PP3PP1/RN2R1K1 w - - 1 17,g5e3,20,-192,229,e4e5;e4e5,e4e5;e4e5,d3f3;g5f6,-240,2
EnyoBot_vs_Lynx_BOT_jjThVRPN.log,17,32,White,r1b2r2/b1pq1p2/p1pp1nk1/6B1/3PP2P/3Q4/PP3PP1/RN2R1K1 w - - 1 17,e1e2,21,-197,234,e4e5;e4e5,e4e5;e4e5,d3f3;g5f6,-240,2
EnyoBot_vs_Lynx_BOT_jjThVRPN.log,17,32,White,r1b2r2/b1pq1p2/p1pp1nk1/6B1/3PP2P/3Q4/PP3PP1/RN2R1K1 w - - 1 17,g2g3,22,-204,241,e4e5;e4e5,e4e5;e4e5,d3f3;g5f6,-240,2
EnyoBot_vs_Lynx_BOT_jjThVRPN.log,17,32,White,r1b2r2/b1pq1p2/p1pp1nk1/6B1/3PP2P/3Q4/PP3PP1/RN2R1K1 w - - 1 17,g5d2,23,-206,243,e4e5;e4e5,e4e5;e4e5,d3f3;g5f6,-240,2
EnyoBot_vs_Lynx_BOT_jjThVRPN.log,17,32,White,r1b2r2/b1pq1p2/p1pp1nk1/6B1/3PP2P/3Q4/PP3PP1/RN2R1K1 w - - 1 17,d3c2,24,-209,246,e4e5;e4e5,e4e5;e4e5,d3f3;g5f6,-240,2
EnyoBot_vs_Lynx_BOT_jjThVRPN.log,17,32,White,r1b2r2/b1pq1p2/p1pp1nk1/6B1/3PP2P/3Q4/PP3PP1/RN2R1K1 w - - 1 17,g1h1,25,-219,256,e4e5;e4e5,e4e5;e4e5,d3f3;g5f6,-240,2
EnyoBot_vs_Lynx_BOT_jjThVRPN.log,17,32,White,r1b2r2/b1pq1p2/p1pp1nk1/6B1/3PP2P/3Q4/PP3PP1/RN2R1K1 w - - 1 17,g5f4,26,-222,259,e4e5;e4e5,e4e5;e4e5,d3f3;g5f6,-240,2
EnyoBot_vs_Lynx_BOT_jjThVRPN.log,17,32,White,r1b2r2/b1pq1p2/p1pp1nk1/6B1/3PP2P/3Q4/PP3PP1/RN2R1K1 w - - 1 17,g1f1,27,-222,259,e4e5;e4e5,e4e5;e4e5,d3f3;g5f6,-240,2
EnyoBot_vs_Lynx_BOT_jjThVRPN.log,17,32,White,r1b2r2/b1pq1p2/p1pp1nk1/6B1/3PP2P/3Q4/PP3PP1/RN2R1K1 w - - 1 17,g5c1,28,-223,260,e4e5;e4e5,e4e5;e4e5,d3f3;g5f6,-240,2
EnyoBot_vs_Lynx_BOT_jjThVRPN.log,17,32,White,r1b2r2/b1pq1p2/p1pp1nk1/6B1/3PP2P/3Q4/PP3PP1/RN2R1K1 w - - 1 17,d3f3,29,-226,263,e4e5;e4e5,e4e5;e4e5,d3f3;g5f6,-240,2
EnyoBot_vs_Lynx_BOT_jjThVRPN.log,17,32,White,r1b2r2/b1pq1p2/p1pp1nk1/6B1/3PP2P/3Q4/PP3PP1/RN2R1K1 w - - 1 17,g1h2,30,-226,263,e4e5;e4e5,e4e5;e4e5,d3f3;g5f6,-240,2
EnyoBot_vs_Lynx_BOT_jjThVRPN.log,17,32,White,r1b2r2/b1pq1p2/p1pp1nk1/6B1/3PP2P/3Q4/PP3PP1/RN2R1K1 w - - 1 17,e1f1,31,-230,267,e4e5;e4e5,e4e5;e4e5,d3f3;g5f6,-240,2
EnyoBot_vs_Lynx_BOT_jjThVRPN.log,17,32,White,r1b2r2/b1pq1p2/p1pp1nk1/6B1/3PP2P/3Q4/PP3PP1/RN2R1K1 w - - 1 17,d3a3,32,-233,270,e4e5;e4e5,e4e5;e4e5,d3f3;g5f6,-240,2
EnyoBot_vs_Lynx_BOT_jjThVRPN.log,17,32,White,r1b2r2/b1pq1p2/p1pp1nk1/6B1/3PP2P/3Q4/PP3PP1/RN2R1K1 w - - 1 17,d3g3,33,-240,277,e4e5;e4e5,e4e5;e4e5,d3f3;g5f6,-240,2
EnyoBot_vs_Lynx_BOT_jjThVRPN.log,17,32,White,r1b2r2/b1pq1p2/p1pp1nk1/6B1/3PP2P/3Q4/PP3PP1/RN2R1K1 w - - 1 17,d3b3,34,-246,283,e4e5;e4e5,e4e5;e4e5,d3f3;g5f6,-240,2
EnyoBot_vs_Lynx_BOT_jjThVRPN.log,17,32,White,r1b2r2/b1pq1p2/p1pp1nk1/6B1/3PP2P/3Q4/PP3PP1/RN2R1K1 w - - 1 17,d3e2,35,-253,290,e4e5;e4e5,e4e5;e4e5,d3f3;g5f6,-240,2
EnyoBot_vs_Lynx_BOT_jjThVRPN.log,17,32,White,r1b2r2/b1pq1p2/p1pp1nk1/6B1/3PP2P/3Q4/PP3PP1/RN2R1K1 w - - 1 17,d3f1,36,-269,306,e4e5;e4e5,e4e5;e4e5,d3f3;g5f6,-240,2
EnyoBot_vs_Lynx_BOT_jjThVRPN.log,17,32,White,r1b2r2/b1pq1p2/p1pp1nk1/6B1/3PP2P/3Q4/PP3PP1/RN2R1K1 w - - 1 17,g2g4,37,-280,317,e4e5;e4e5,e4e5;e4e5,d3f3;g5f6,-240,2
EnyoBot_vs_Lynx_BOT_jjThVRPN.log,17,32,White,r1b2r2/b1pq1p2/p1pp1nk1/6B1/3PP2P/3Q4/PP3PP1/RN2R1K1 w - - 1 17,h4h5,38,-292,329,e4e5;e4e5,e4e5;e4e5,d3f3;g5f6,-240,2
EnyoBot_vs_Lynx_BOT_jjThVRPN.log,17,32,White,r1b2r2/b1pq1p2/p1pp1nk1/6B1/3PP2P/3Q4/PP3PP1/RN2R1K1 w - - 1 17,d4d5,39,-334,371,e4e5;e4e5,e4e5;e4e5,d3f3;g5f6,-240,2
EnyoBot_vs_Lynx_BOT_jjThVRPN.log,17,32,White,r1b2r2/b1pq1p2/p1pp1nk1/6B1/3PP2P/3Q4/PP3PP1/RN2R1K1 w - - 1 17,g5h6,40,-337,374,e4e5;e4e5,e4e5;e4e5,d3f3;g5f6,-240,2
EnyoBot_vs_Lynx_BOT_jjThVRPN.log,17,32,White,r1b2r2/b1pq1p2/p1pp1nk1/6B1/3PP2P/3Q4/PP3PP1/RN2R1K1 w - - 1 17,d3h3,41,-391,428,e4e5;e4e5,e4e5;e4e5,d3f3;g5f6,-240,2
EnyoBot_vs_Lynx_BOT_jjThVRPN.log,17,32,White,r1b2r2/b1pq1p2/p1pp1nk1/6B1/3PP2P/3Q4/PP3PP1/RN2R1K1 w - - 1 17,d3b5,42,-611,648,e4e5;e4e5,e4e5;e4e5,d3f3;g5f6,-240,2
EnyoBot_vs_Lynx_BOT_jjThVRPN.log,17,32,White,r1b2r2/b1pq1p2/p1pp1nk1/6B1/3PP2P/3Q4/PP3PP1/RN2R1K1 w - - 1 17,d3a6,43,-615,652,e4e5;e4e5,e4e5;e4e5,d3f3;g5f6,-240,2
EnyoBot_vs_DarkOnBot_pm9SUqFN.log,11,20,White,rn2k2r/pbp1qpp1/1p1p1n1p/4p3/P1PP3B/2PBPN2/5PPP/R2QK2R w KQkq - 0 11,d3c2,1,-5,0,d3c2;d3c2;d3c2,d3f5;d3f5;d3f5,a4a5;a4a5;e1g1,-219,3
EnyoBot_vs_DarkOnBot_pm9SUqFN.log,11,20,White,rn2k2r/pbp1qpp1/1p1p1n1p/4p3/P1PP3B/2PBPN2/5PPP/R2QK2R w KQkq - 0 11,h4f6,2,-15,10,d3c2;d3c2;d3c2,d3f5;d3f5;d3f5,a4a5;a4a5;e1g1,-219,3
EnyoBot_vs_DarkOnBot_pm9SUqFN.log,11,20,White,rn2k2r/pbp1qpp1/1p1p1n1p/4p3/P1PP3B/2PBPN2/5PPP/R2QK2R w KQkq - 0 11,d3f5,3,-17,12,d3c2;d3c2;d3c2,d3f5;d3f5;d3f5,a4a5;a4a5;e1g1,-219,3
EnyoBot_vs_DarkOnBot_pm9SUqFN.log,11,20,White,rn2k2r/pbp1qpp1/1p1p1n1p/4p3/P1PP3B/2PBPN2/5PPP/R2QK2R w KQkq - 0 11,e3e4,4,-30,25,d3c2;d3c2;d3c2,d3f5;d3f5;d3f5,a4a5;a4a5;e1g1,-219,3
EnyoBot_vs_DarkOnBot_pm9SUqFN.log,11,20,White,rn2k2r/pbp1qpp1/1p1p1n1p/4p3/P1PP3B/2PBPN2/5PPP/R2QK2R w KQkq - 0 11,d3b1,5,-31,26,d3c2;d3c2;d3c2,d3f5;d3f5;d3f5,a4a5;a4a5;e1g1,-219,3
EnyoBot_vs_DarkOnBot_pm9SUqFN.log,11,20,White,rn2k2r/pbp1qpp1/1p1p1n1p/4p3/P1PP3B/2PBPN2/5PPP/R2QK2R w KQkq - 0 11,f3d2,6,-32,27,d3c2;d3c2;d3c2,d3f5;d3f5;d3f5,a4a5;a4a5;e1g1,-219,3
EnyoBot_vs_DarkOnBot_pm9SUqFN.log,11,20,White,rn2k2r/pbp1qpp1/1p1p1n1p/4p3/P1PP3B/2PBPN2/5PPP/R2QK2R w KQkq - 0 11,d3e2,7,-47,42,d3c2;d3c2;d3c2,d3f5;d3f5;d3f5,a4a5;a4a5;e1g1,-219,3
EnyoBot_vs_DarkOnBot_pm9SUqFN.log,11,20,White,rn2k2r/pbp1qpp1/1p1p1n1p/4p3/P1PP3B/2PBPN2/5PPP/R2QK2R w KQkq - 0 11,d3f1,8,-64,59,d3c2;d3c2;d3c2,d3f5;d3f5;d3f5,a4a5;a4a5;e1g1,-219,3
EnyoBot_vs_DarkOnBot_pm9SUqFN.log,11,20,White,rn2k2r/pbp1qpp1/1p1p1n1p/4p3/P1PP3B/2PBPN2/5PPP/R2QK2R w KQkq - 0 11,d4e5,9,-108,103,d3c2;d3c2;d3c2,d3f5;d3f5;d3f5,a4a5;a4a5;e1g1,-219,3
EnyoBot_vs_DarkOnBot_pm9SUqFN.log,11,20,White,rn2k2r/pbp1qpp1/1p1p1n1p/4p3/P1PP3B/2PBPN2/5PPP/R2QK2R w KQkq - 0 11,e1g1,10,-234,229,d3c2;d3c2;d3c2,d3f5;d3f5;d3f5,a4a5;a4a5;e1g1,-219,3
EnyoBot_vs_DarkOnBot_pm9SUqFN.log,11,20,White,rn2k2r/pbp1qpp1/1p1p1n1p/4p3/P1PP3B/2PBPN2/5PPP/R2QK2R w KQkq - 0 11,f3e5,11,-237,232,d3c2;d3c2;d3c2,d3f5;d3f5;d3f5,a4a5;a4a5;e1g1,-219,3
EnyoBot_vs_DarkOnBot_pm9SUqFN.log,11,20,White,rn2k2r/pbp1qpp1/1p1p1n1p/4p3/P1PP3B/2PBPN2/5PPP/R2QK2R w KQkq - 0 11,c4c5,12,-245,240,d3c2;d3c2;d3c2,d3f5;d3f5;d3f5,a4a5;a4a5;e1g1,-219,3
EnyoBot_vs_DarkOnBot_pm9SUqFN.log,11,20,White,rn2k2r/pbp1qpp1/1p1p1n1p/4p3/P1PP3B/2PBPN2/5PPP/R2QK2R w KQkq - 0 11,a4a5,13,-245,240,d3c2;d3c2;d3c2,d3f5;d3f5;d3f5,a4a5;a4a5;e1g1,-219,3
EnyoBot_vs_DarkOnBot_pm9SUqFN.log,11,20,White,rn2k2r/pbp1qpp1/1p1p1n1p/4p3/P1PP3B/2PBPN2/5PPP/R2QK2R w KQkq - 0 11,d4d5,14,-254,249,d3c2;d3c2;d3c2,d3f5;d3f5;d3f5,a4a5;a4a5;e1g1,-219,3
EnyoBot_vs_DarkOnBot_pm9SUqFN.log,11,20,White,rn2k2r/pbp1qpp1/1p1p1n1p/4p3/P1PP3B/2PBPN2/5PPP/R2QK2R w KQkq - 0 11,h1g1,15,-288,283,d3c2;d3c2;d3c2,d3f5;d3f5;d3f5,a4a5;a4a5;e1g1,-219,3
EnyoBot_vs_DarkOnBot_pm9SUqFN.log,11,20,White,rn2k2r/pbp1qpp1/1p1p1n1p/4p3/P1PP3B/2PBPN2/5PPP/R2QK2R w KQkq - 0 11,d1c2,16,-292,287,d3c2;d3c2;d3c2,d3f5;d3f5;d3f5,a4a5;a4a5;e1g1,-219,3
EnyoBot_vs_DarkOnBot_pm9SUqFN.log,11,20,White,rn2k2r/pbp1qpp1/1p1p1n1p/4p3/P1PP3B/2PBPN2/5PPP/R2QK2R w KQkq - 0 11,d1b1,17,-297,292,d3c2;d3c2;d3c2,d3f5;d3f5;d3f5,a4a5;a4a5;e1g1,-219,3
EnyoBot_vs_DarkOnBot_pm9SUqFN.log,11,20,White,rn2k2r/pbp1qpp1/1p1p1n1p/4p3/P1PP3B/2PBPN2/5PPP/R2QK2R w KQkq - 0 11,h2h3,18,-297,292,d3c2;d3c2;d3c2,d3f5;d3f5;d3f5,a4a5;a4a5;e1g1,-219,3
EnyoBot_vs_DarkOnBot_pm9SUqFN.log,11,20,White,rn2k2r/pbp1qpp1/1p1p1n1p/4p3/P1PP3B/2PBPN2/5PPP/R2QK2R w KQkq - 0 11,g2g4,19,-304,299,d3c2;d3c2;d3c2,d3f5;d3f5;d3f5,a4a5;a4a5;e1g1,-219,3
EnyoBot_vs_DarkOnBot_pm9SUqFN.log,11,20,White,rn2k2r/pbp1qpp1/1p1p1n1p/4p3/P1PP3B/2PBPN2/5PPP/R2QK2R w KQkq - 0 11,a1b1,20,-311,306,d3c2;d3c2;d3c2,d3f5;d3f5;d3f5,a4a5;a4a5;e1g1,-219,3
EnyoBot_vs_DarkOnBot_pm9SUqFN.log,11,20,White,rn2k2r/pbp1qpp1/1p1p1n1p/4p3/P1PP3B/2PBPN2/5PPP/R2QK2R w KQkq - 0 11,a1a2,21,-315,310,d3c2;d3c2;d3c2,d3f5;d3f5;d3f5,a4a5;a4a5;e1g1,-219,3
EnyoBot_vs_DarkOnBot_pm9SUqFN.log,11,20,White,rn2k2r/pbp1qpp1/1p1p1n1p/4p3/P1PP3B/2PBPN2/5PPP/R2QK2R w KQkq - 0 11,d1b3,22,-321,316,d3c2;d3c2;d3c2,d3f5;d3f5;d3f5,a4a5;a4a5;e1g1,-219,3
EnyoBot_vs_DarkOnBot_pm9SUqFN.log,11,20,White,rn2k2r/pbp1qpp1/1p1p1n1p/4p3/P1PP3B/2PBPN2/5PPP/R2QK2R w KQkq - 0 11,h1f1,23,-322,317,d3c2;d3c2;d3c2,d3f5;d3f5;d3f5,a4a5;a4a5;e1g1,-219,3
EnyoBot_vs_DarkOnBot_pm9SUqFN.log,11,20,White,rn2k2r/pbp1qpp1/1p1p1n1p/4p3/P1PP3B/2PBPN2/5PPP/R2QK2R w KQkq - 0 11,d1c1,24,-327,322,d3c2;d3c2;d3c2,d3f5;d3f5;d3f5,a4a5;a4a5;e1g1,-219,3
EnyoBot_vs_DarkOnBot_pm9SUqFN.log,11,20,White,rn2k2r/pbp1qpp1/1p1p1n1p/4p3/P1PP3B/2PBPN2/5PPP/R2QK2R w KQkq - 0 11,a1c1,25,-332,327,d3c2;d3c2;d3c2,d3f5;d3f5;d3f5,a4a5;a4a5;e1g1,-219,3
EnyoBot_vs_DarkOnBot_pm9SUqFN.log,11,20,White,rn2k2r/pbp1qpp1/1p1p1n1p/4p3/P1PP3B/2PBPN2/5PPP/R2QK2R w KQkq - 0 11,d1e2,26,-340,335,d3c2;d3c2;d3c2,d3f5;d3f5;d3f5,a4a5;a4a5;e1g1,-219,3
EnyoBot_vs_DarkOnBot_pm9SUqFN.log,11,20,White,rn2k2r/pbp1qpp1/1p1p1n1p/4p3/P1PP3B/2PBPN2/5PPP/R2QK2R w KQkq - 0 11,d1d2,27,-342,337,d3c2;d3c2;d3c2,d3f5;d3f5;d3f5,a4a5;a4a5;e1g1,-219,3
EnyoBot_vs_DarkOnBot_pm9SUqFN.log,11,20,White,rn2k2r/pbp1qpp1/1p1p1n1p/4p3/P1PP3B/2PBPN2/5PPP/R2QK2R w KQkq - 0 11,a1a3,28,-342,337,d3c2;d3c2;d3c2,d3f5;d3f5;d3f5,a4a5;a4a5;e1g1,-219,3
EnyoBot_vs_DarkOnBot_pm9SUqFN.log,11,20,White,rn2k2r/pbp1qpp1/1p1p1n1p/4p3/P1PP3B/2PBPN2/5PPP/R2QK2R w KQkq - 0 11,d3h7,29,-345,340,d3c2;d3c2;d3c2,d3f5;d3f5;d3f5,a4a5;a4a5;e1g1,-219,3
EnyoBot_vs_DarkOnBot_pm9SUqFN.log,11,20,White,rn2k2r/pbp1qpp1/1p1p1n1p/4p3/P1PP3B/2PBPN2/5PPP/R2QK2R w KQkq - 0 11,h4g3,30,-346,341,d3c2;d3c2;d3c2,d3f5;d3f5;d3f5,a4a5;a4a5;e1g1,-219,3
EnyoBot_vs_DarkOnBot_pm9SUqFN.log,11,20,White,rn2k2r/pbp1qpp1/1p1p1n1p/4p3/P1PP3B/2PBPN2/5PPP/R2QK2R w KQkq - 0 11,f3g5,31,-347,342,d3c2;d3c2;d3c2,d3f5;d3f5;d3f5,a4a5;a4a5;e1g1,-219,3
EnyoBot_vs_DarkOnBot_pm9SUqFN.log,11,20,White,rn2k2r/pbp1qpp1/1p1p1n1p/4p3/P1PP3B/2PBPN2/5PPP/R2QK2R w KQkq - 0 11,e1d2,32,-347,342,d3c2;d3c2;d3c2,d3f5;d3f5;d3f5,a4a5;a4a5;e1g1,-219,3
EnyoBot_vs_DarkOnBot_pm9SUqFN.log,11,20,White,rn2k2r/pbp1qpp1/1p1p1n1p/4p3/P1PP3B/2PBPN2/5PPP/R2QK2R w KQkq - 0 11,e1f1,33,-347,342,d3c2;d3c2;d3c2,d3f5;d3f5;d3f5,a4a5;a4a5;e1g1,-219,3
EnyoBot_vs_DarkOnBot_pm9SUqFN.log,11,20,White,rn2k2r/pbp1qpp1/1p1p1n1p/4p3/P1PP3B/2PBPN2/5PPP/R2QK2R w KQkq - 0 11,g2g3,34,-356,351,d3c2;d3c2;d3c2,d3f5;d3f5;d3f5,a4a5;a4a5;e1g1,-219,3
EnyoBot_vs_DarkOnBot_pm9SUqFN.log,11,20,White,rn2k2r/pbp1qpp1/1p1p1n1p/4p3/P1PP3B/2PBPN2/5PPP/R2QK2R w KQkq - 0 11,e1e2,35,-379,374,d3c2;d3c2;d3c2,d3f5;d3f5;d3f5,a4a5;a4a5;e1g1,-219,3
EnyoBot_vs_DarkOnBot_pm9SUqFN.log,11,20,White,rn2k2r/pbp1qpp1/1p1p1n1p/4p3/P1PP3B/2PBPN2/5PPP/R2QK2R w KQkq - 0 11,f3g1,36,-382,377,d3c2;d3c2;d3c2,d3f5;d3f5;d3f5,a4a5;a4a5;e1g1,-219,3
EnyoBot_vs_DarkOnBot_pm9SUqFN.log,11,20,White,rn2k2r/pbp1qpp1/1p1p1n1p/4p3/P1PP3B/2PBPN2/5PPP/R2QK2R w KQkq - 0 11,d3e4,37,-396,391,d3c2;d3c2;d3c2,d3f5;d3f5;d3f5,a4a5;a4a5;e1g1,-219,3
EnyoBot_vs_DarkOnBot_pm9SUqFN.log,11,20,White,rn2k2r/pbp1qpp1/1p1p1n1p/4p3/P1PP3B/2PBPN2/5PPP/R2QK2R w KQkq - 0 11,h4g5,38,-412,407,d3c2;d3c2;d3c2,d3f5;d3f5;d3f5,a4a5;a4a5;e1g1,-219,3
EnyoBot_vs_DarkOnBot_pm9SUqFN.log,11,20,White,rn2k2r/pbp1qpp1/1p1p1n1p/4p3/P1PP3B/2PBPN2/5PPP/R2QK2R w KQkq - 0 11,d3g6,39,-444,439,d3c2;d3c2;d3c2,d3f5;d3f5;d3f5,a4a5;a4a5;e1g1,-219,3
EnyoBot_vs_Lynx_BOT_jjThVRPN.log,16,30,White,r1bq1r2/b1p2p2/p1pp1nk1/6B1/3PP3/3Q4/PP3PPP/RN2R1K1 w - - 3 16,f2f4,1,83,0,f2f4;f2f4;f2f4,h2h4;h2h4;h2h4,d3d2;e4e5;b1d2,-206,3
EnyoBot_vs_Lynx_BOT_jjThVRPN.log,16,30,White,r1bq1r2/b1p2p2/p1pp1nk1/6B1/3PP3/3Q4/PP3PPP/RN2R1K1 w - - 3 16,g5h4,2,1,82,f2f4;f2f4;f2f4,h2h4;h2h4;h2h4,d3d2;e4e5;b1d2,-206,3
EnyoBot_vs_Lynx_BOT_jjThVRPN.log,16,30,White,r1bq1r2/b1p2p2/p1pp1nk1/6B1/3PP3/3Q4/PP3PPP/RN2R1K1 w - - 3 16,h2h4,3,-11,94,f2f4;f2f4;f2f4,h2h4;h2h4;h2h4,d3d2;e4e5;b1d2,-206,3
EnyoBot_vs_Lynx_BOT_jjThVRPN.log,16,30,White,r1bq1r2/b1p2p2/p1pp1nk1/6B1/3PP3/3Q4/PP3PPP/RN2R1K1 w - - 3 16,g5d2,4,-86,169,f2f4;f2f4;f2f4,h2h4;h2h4;h2h4,d3d2;e4e5;b1d2,-206,3
EnyoBot_vs_Lynx_BOT_jjThVRPN.log,16,30,White,r1bq1r2/b1p2p2/p1pp1nk1/6B1/3PP3/3Q4/PP3PPP/RN2R1K1 w - - 3 16,g5e3,5,-109,192,f2f4;f2f4;f2f4,h2h4;h2h4;h2h4,d3d2;e4e5;b1d2,-206,3
EnyoBot_vs_Lynx_BOT_jjThVRPN.log,16,30,White,r1bq1r2/b1p2p2/p1pp1nk1/6B1/3PP3/3Q4/PP3PPP/RN2R1K1 w - - 3 16,g5c1,6,-140,223,f2f4;f2f4;f2f4,h2h4;h2h4;h2h4,d3d2;e4e5;b1d2,-206,3
EnyoBot_vs_Lynx_BOT_jjThVRPN.log,16,30,White,r1bq1r2/b1p2p2/p1pp1nk1/6B1/3PP3/3Q4/PP3PPP/RN2R1K1 w - - 3 16,e4e5,7,-175,258,f2f4;f2f4;f2f4,h2h4;h2h4;h2h4,d3d2;e4e5;b1d2,-206,3
EnyoBot_vs_Lynx_BOT_jjThVRPN.log,16,30,White,r1bq1r2/b1p2p2/p1pp1nk1/6B1/3PP3/3Q4/PP3PPP/RN2R1K1 w - - 3 16,g5f4,8,-181,264,f2f4;f2f4;f2f4,h2h4;h2h4;h2h4,d3d2;e4e5;b1d2,-206,3
EnyoBot_vs_Lynx_BOT_jjThVRPN.log,16,30,White,r1bq1r2/b1p2p2/p1pp1nk1/6B1/3PP3/3Q4/PP3PPP/RN2R1K1 w - - 3 16,g5f6,9,-200,283,f2f4;f2f4;f2f4,h2h4;h2h4;h2h4,d3d2;e4e5;b1d2,-206,3
EnyoBot_vs_Lynx_BOT_jjThVRPN.log,16,30,White,r1bq1r2/b1p2p2/p1pp1nk1/6B1/3PP3/3Q4/PP3PPP/RN2R1K1 w - - 3 16,e1e3,10,-223,306,f2f4;f2f4;f2f4,h2h4;h2h4;h2h4,d3d2;e4e5;b1d2,-206,3
EnyoBot_vs_Lynx_BOT_jjThVRPN.log,16,30,White,r1bq1r2/b1p2p2/p1pp1nk1/6B1/3PP3/3Q4/PP3PPP/RN2R1K1 w - - 3 16,b1c3,11,-223,306,f2f4;f2f4;f2f4,h2h4;h2h4;h2h4,d3d2;e4e5;b1d2,-206,3
EnyoBot_vs_Lynx_BOT_jjThVRPN.log,16,30,White,r1bq1r2/b1p2p2/p1pp1nk1/6B1/3PP3/3Q4/PP3PPP/RN2R1K1 w - - 3 16,d3d2,12,-232,315,f2f4;f2f4;f2f4,h2h4;h2h4;h2h4,d3d2;e4e5;b1d2,-206,3
EnyoBot_vs_Lynx_BOT_jjThVRPN.log,16,30,White,r1bq1r2/b1p2p2/p1pp1nk1/6B1/3PP3/3Q4/PP3PPP/RN2R1K1 w - - 3 16,b1d2,13,-235,318,f2f4;f2f4;f2f4,h2h4;h2h4;h2h4,d3d2;e4e5;b1d2,-206,3
EnyoBot_vs_Lynx_BOT_jjThVRPN.log,16,30,White,r1bq1r2/b1p2p2/p1pp1nk1/6B1/3PP3/3Q4/PP3PPP/RN2R1K1 w - - 3 16,d3g3,14,-241,324,f2f4;f2f4;f2f4,h2h4;h2h4;h2h4,d3d2;e4e5;b1d2,-206,3
EnyoBot_vs_Lynx_BOT_jjThVRPN.log,16,30,White,r1bq1r2/b1p2p2/p1pp1nk1/6B1/3PP3/3Q4/PP3PPP/RN2R1K1 w - - 3 16,b1a3,15,-279,362,f2f4;f2f4;f2f4,h2h4;h2h4;h2h4,d3d2;e4e5;b1d2,-206,3
EnyoBot_vs_Lynx_BOT_jjThVRPN.log,16,30,White,r1bq1r2/b1p2p2/p1pp1nk1/6B1/3PP3/3Q4/PP3PPP/RN2R1K1 w - - 3 16,d3e3,16,-286,369,f2f4;f2f4;f2f4,h2h4;h2h4;h2h4,d3d2;e4e5;b1d2,-206,3
EnyoBot_vs_Lynx_BOT_jjThVRPN.log,16,30,White,r1bq1r2/b1p2p2/p1pp1nk1/6B1/3PP3/3Q4/PP3PPP/RN2R1K1 w - - 3 16,d3a3,17,-286,369,f2f4;f2f4;f2f4,h2h4;h2h4;h2h4,d3d2;e4e5;b1d2,-206,3
EnyoBot_vs_Lynx_BOT_jjThVRPN.log,16,30,White,r1bq1r2/b1p2p2/p1pp1nk1/6B1/3PP3/3Q4/PP3PPP/RN2R1K1 w - - 3 16,h2h3,18,-289,372,f2f4;f2f4;f2f4,h2h4;h2h4;h2h4,d3d2;e4e5;b1d2,-206,3
EnyoBot_vs_Lynx_BOT_jjThVRPN.log,16,30,White,r1bq1r2/b1p2p2/p1pp1nk1/6B1/3PP3/3Q4/PP3PPP/RN2R1K1 w - - 3 16,e1c1,19,-291,374,f2f4;f2f4;f2f4,h2h4;h2h4;h2h4,d3d2;e4e5;b1d2,-206,3
EnyoBot_vs_Lynx_BOT_jjThVRPN.log,16,30,White,r1bq1r2/b1p2p2/p1pp1nk1/6B1/3PP3/3Q4/PP3PPP/RN2R1K1 w - - 3 16,d3c4,20,-293,376,f2f4;f2f4;f2f4,h2h4;h2h4;h2h4,d3d2;e4e5;b1d2,-206,3
EnyoBot_vs_Lynx_BOT_jjThVRPN.log,16,30,White,r1bq1r2/b1p2p2/p1pp1nk1/6B1/3PP3/3Q4/PP3PPP/RN2R1K1 w - - 3 16,d3c3,21,-296,379,f2f4;f2f4;f2f4,h2h4;h2h4;h2h4,d3d2;e4e5;b1d2,-206,3
EnyoBot_vs_Lynx_BOT_jjThVRPN.log,16,30,White,r1bq1r2/b1p2p2/p1pp1nk1/6B1/3PP3/3Q4/PP3PPP/RN2R1K1 w - - 3 16,d3f3,22,-297,380,f2f4;f2f4;f2f4,h2h4;h2h4;h2h4,d3d2;e4e5;b1d2,-206,3
EnyoBot_vs_Lynx_BOT_jjThVRPN.log,16,30,White,r1bq1r2/b1p2p2/p1pp1nk1/6B1/3PP3/3Q4/PP3PPP/RN2R1K1 w - - 3 16,g1f1,23,-300,383,f2f4;f2f4;f2f4,h2h4;h2h4;h2h4,d3d2;e4e5;b1d2,-206,3
EnyoBot_vs_Lynx_BOT_jjThVRPN.log,16,30,White,r1bq1r2/b1p2p2/p1pp1nk1/6B1/3PP3/3Q4/PP3PPP/RN2R1K1 w - - 3 16,a2a3,24,-304,387,f2f4;f2f4;f2f4,h2h4;h2h4;h2h4,d3d2;e4e5;b1d2,-206,3
EnyoBot_vs_Lynx_BOT_jjThVRPN.log,16,30,White,r1bq1r2/b1p2p2/p1pp1nk1/6B1/3PP3/3Q4/PP3PPP/RN2R1K1 w - - 3 16,b2b4,25,-306,389,f2f4;f2f4;f2f4,h2h4;h2h4;h2h4,d3d2;e4e5;b1d2,-206,3
EnyoBot_vs_Lynx_BOT_jjThVRPN.log,16,30,White,r1bq1r2/b1p2p2/p1pp1nk1/6B1/3PP3/3Q4/PP3PPP/RN2R1K1 w - - 3 16,a2a4,26,-307,390,f2f4;f2f4;f2f4,h2h4;h2h4;h2h4,d3d2;e4e5;b1d2,-206,3
EnyoBot_vs_Lynx_BOT_jjThVRPN.log,16,30,White,r1bq1r2/b1p2p2/p1pp1nk1/6B1/3PP3/3Q4/PP3PPP/RN2R1K1 w - - 3 16,d3b3,27,-308,391,f2f4;f2f4;f2f4,h2h4;h2h4;h2h4,d3d2;e4e5;b1d2,-206,3
EnyoBot_vs_Lynx_BOT_jjThVRPN.log,16,30,White,r1bq1r2/b1p2p2/p1pp1nk1/6B1/3PP3/3Q4/PP3PPP/RN2R1K1 w - - 3 16,d3d1,28,-314,397,f2f4;f2f4;f2f4,h2h4;h2h4;h2h4,d3d2;e4e5;b1d2,-206,3
EnyoBot_vs_Lynx_BOT_jjThVRPN.log,16,30,White,r1bq1r2/b1p2p2/p1pp1nk1/6B1/3PP3/3Q4/PP3PPP/RN2R1K1 w - - 3 16,e1e2,29,-315,398,f2f4;f2f4;f2f4,h2h4;h2h4;h2h4,d3d2;e4e5;b1d2,-206,3
EnyoBot_vs_Lynx_BOT_jjThVRPN.log,16,30,White,r1bq1r2/b1p2p2/p1pp1nk1/6B1/3PP3/3Q4/PP3PPP/RN2R1K1 w - - 3 16,d3e2,30,-320,403,f2f4;f2f4;f2f4,h2h4;h2h4;h2h4,d3d2;e4e5;b1d2,-206,3
EnyoBot_vs_Lynx_BOT_jjThVRPN.log,16,30,White,r1bq1r2/b1p2p2/p1pp1nk1/6B1/3PP3/3Q4/PP3PPP/RN2R1K1 w - - 3 16,d3c2,31,-321,404,f2f4;f2f4;f2f4,h2h4;h2h4;h2h4,d3d2;e4e5;b1d2,-206,3
EnyoBot_vs_Lynx_BOT_jjThVRPN.log,16,30,White,r1bq1r2/b1p2p2/p1pp1nk1/6B1/3PP3/3Q4/PP3PPP/RN2R1K1 w - - 3 16,b2b3,32,-324,407,f2f4;f2f4;f2f4,h2h4;h2h4;h2h4,d3d2;e4e5;b1d2,-206,3
EnyoBot_vs_Lynx_BOT_jjThVRPN.log,16,30,White,r1bq1r2/b1p2p2/p1pp1nk1/6B1/3PP3/3Q4/PP3PPP/RN2R1K1 w - - 3 16,e1f1,33,-329,412,f2f4;f2f4;f2f4,h2h4;h2h4;h2h4,d3d2;e4e5;b1d2,-206,3
EnyoBot_vs_Lynx_BOT_jjThVRPN.log,16,30,White,r1bq1r2/b1p2p2/p1pp1nk1/6B1/3PP3/3Q4/PP3PPP/RN2R1K1 w - - 3 16,g2g4,34,-329,412,f2f4;f2f4;f2f4,h2h4;h2h4;h2h4,d3d2;e4e5;b1d2,-206,3
EnyoBot_vs_Lynx_BOT_jjThVRPN.log,16,30,White,r1bq1r2/b1p2p2/p1pp1nk1/6B1/3PP3/3Q4/PP3PPP/RN2R1K1 w - - 3 16,g2g3,35,-339,422,f2f4;f2f4;f2f4,h2h4;h2h4;h2h4,d3d2;e4e5;b1d2,-206,3
EnyoBot_vs_Lynx_BOT_jjThVRPN.log,16,30,White,r1bq1r2/b1p2p2/p1pp1nk1/6B1/3PP3/3Q4/PP3PPP/RN2R1K1 w - - 3 16,e1d1,36,-341,424,f2f4;f2f4;f2f4,h2h4;h2h4;h2h4,d3d2;e4e5;b1d2,-206,3
EnyoBot_vs_Lynx_BOT_jjThVRPN.log,16,30,White,r1bq1r2/b1p2p2/p1pp1nk1/6B1/3PP3/3Q4/PP3PPP/RN2R1K1 w - - 3 16,d4d5,37,-342,425,f2f4;f2f4;f2f4,h2h4;h2h4;h2h4,d3d2;e4e5;b1d2,-206,3
EnyoBot_vs_Lynx_BOT_jjThVRPN.log,16,30,White,r1bq1r2/b1p2p2/p1pp1nk1/6B1/3PP3/3Q4/PP3PPP/RN2R1K1 w - - 3 16,g5h6,38,-363,446,f2f4;f2f4;f2f4,h2h4;h2h4;h2h4,d3d2;e4e5;b1d2,-206,3
EnyoBot_vs_Lynx_BOT_jjThVRPN.log,16,30,White,r1bq1r2/b1p2p2/p1pp1nk1/6B1/3PP3/3Q4/PP3PPP/RN2R1K1 w - - 3 16,d3f1,39,-364,447,f2f4;f2f4;f2f4,h2h4;h2h4;h2h4,d3d2;e4e5;b1d2,-206,3
EnyoBot_vs_Lynx_BOT_jjThVRPN.log,16,30,White,r1bq1r2/b1p2p2/p1pp1nk1/6B1/3PP3/3Q4/PP3PPP/RN2R1K1 w - - 3 16,f2f3,40,-373,456,f2f4;f2f4;f2f4,h2h4;h2h4;h2h4,d3d2;e4e5;b1d2,-206,3
EnyoBot_vs_Lynx_BOT_jjThVRPN.log,16,30,White,r1bq1r2/b1p2p2/p1pp1nk1/6B1/3PP3/3Q4/PP3PPP/RN2R1K1 w - - 3 16,g1h1,41,-398,481,f2f4;f2f4;f2f4,h2h4;h2h4;h2h4,d3d2;e4e5;b1d2,-206,3
EnyoBot_vs_Lynx_BOT_jjThVRPN.log,16,30,White,r1bq1r2/b1p2p2/p1pp1nk1/6B1/3PP3/3Q4/PP3PPP/RN2R1K1 w - - 3 16,d3h3,42,-631,714,f2f4;f2f4;f2f4,h2h4;h2h4;h2h4,d3d2;e4e5;b1d2,-206,3
EnyoBot_vs_Lynx_BOT_jjThVRPN.log,16,30,White,r1bq1r2/b1p2p2/p1pp1nk1/6B1/3PP3/3Q4/PP3PPP/RN2R1K1 w - - 3 16,d3a6,43,-632,715,f2f4;f2f4;f2f4,h2h4;h2h4;h2h4,d3d2;e4e5;b1d2,-206,3
EnyoBot_vs_Lynx_BOT_jjThVRPN.log,16,30,White,r1bq1r2/b1p2p2/p1pp1nk1/6B1/3PP3/3Q4/PP3PPP/RN2R1K1 w - - 3 16,d3b5,44,-655,738,f2f4;f2f4;f2f4,h2h4;h2h4;h2h4,d3d2;e4e5;b1d2,-206,3
Hypersion_vs_EnyoBot_npmgxvIO.log,48,95,Black,8/1p1k4/4p3/3pP3/8/2PB2r1/1q1QK2R/8 b - - 6 48,b2a1,1,-114,0,b2a1;b2a1,b2a1;b2a1,b2b3;b2d2,-181,2
Hypersion_vs_EnyoBot_npmgxvIO.log,48,95,Black,8/1p1k4/4p3/3pP3/8/2PB2r1/1q1QK2R/8 b - - 6 48,b2a3,2,-163,49,b2a1;b2a1,b2a1;b2a1,b2b3;b2d2,-181,2
Hypersion_vs_EnyoBot_npmgxvIO.log,48,95,Black,8/1p1k4/4p3/3pP3/8/2PB2r1/1q1QK2R/8 b - - 6 48,b2b6,3,-225,111,b2a1;b2a1,b2a1;b2a1,b2b3;b2d2,-181,2
Hypersion_vs_EnyoBot_npmgxvIO.log,48,95,Black,8/1p1k4/4p3/3pP3/8/2PB2r1/1q1QK2R/8 b - - 6 48,b2d2,4,-250,136,b2a1;b2a1,b2a1;b2a1,b2b3;b2d2,-181,2
Hypersion_vs_EnyoBot_npmgxvIO.log,48,95,Black,8/1p1k4/4p3/3pP3/8/2PB2r1/1q1QK2R/8 b - - 6 48,b2b3,5,-266,152,b2a1;b2a1,b2a1;b2a1,b2b3;b2d2,-181,2
Hypersion_vs_EnyoBot_npmgxvIO.log,48,95,Black,8/1p1k4/4p3/3pP3/8/2PB2r1/1q1QK2R/8 b - - 6 48,g3e3,6,-634,520,b2a1;b2a1,b2a1;b2a1,b2b3;b2d2,-181,2
Hypersion_vs_EnyoBot_npmgxvIO.log,48,95,Black,8/1p1k4/4p3/3pP3/8/2PB2r1/1q1QK2R/8 b - - 6 48,g3h3,7,-644,530,b2a1;b2a1,b2a1;b2a1,b2b3;b2d2,-181,2
Hypersion_vs_EnyoBot_npmgxvIO.log,48,95,Black,8/1p1k4/4p3/3pP3/8/2PB2r1/1q1QK2R/8 b - - 6 48,g3g2,8,-673,559,b2a1;b2a1,b2a1;b2a1,b2b3;b2d2,-181,2
Hypersion_vs_EnyoBot_npmgxvIO.log,48,95,Black,8/1p1k4/4p3/3pP3/8/2PB2r1/1q1QK2R/8 b - - 6 48,b2c2,9,-941,827,b2a1;b2a1,b2a1;b2a1,b2b3;b2d2,-181,2
Hypersion_vs_EnyoBot_npmgxvIO.log,48,95,Black,8/1p1k4/4p3/3pP3/8/2PB2r1/1q1QK2R/8 b - - 6 48,b2b1,10,-976,862,b2a1;b2a1,b2a1;b2a1,b2b3;b2d2,-181,2
Hypersion_vs_EnyoBot_npmgxvIO.log,48,95,Black,8/1p1k4/4p3/3pP3/8/2PB2r1/1q1QK2R/8 b - - 6 48,b2b5,11,-1111,997,b2a1;b2a1,b2a1;b2a1,b2b3;b2d2,-181,2
Hypersion_vs_EnyoBot_npmgxvIO.log,48,95,Black,8/1p1k4/4p3/3pP3/8/2PB2r1/1q1QK2R/8 b - - 6 48,g3g5,12,-31992,31878,b2a1;b2a1,b2a1;b2a1,b2b3;b2d2,-181,2
Hypersion_vs_EnyoBot_npmgxvIO.log,48,95,Black,8/1p1k4/4p3/3pP3/8/2PB2r1/1q1QK2R/8 b - - 6 48,d7c7,13,-31993,31879,b2a1;b2a1,b2a1;b2a1,b2b3;b2d2,-181,2
Hypersion_vs_EnyoBot_npmgxvIO.log,48,95,Black,8/1p1k4/4p3/3pP3/8/2PB2r1/1q1QK2R/8 b - - 6 48,g3g7,14,-31993,31879,b2a1;b2a1,b2a1;b2a1,b2b3;b2d2,-181,2
Hypersion_vs_EnyoBot_npmgxvIO.log,48,95,Black,8/1p1k4/4p3/3pP3/8/2PB2r1/1q1QK2R/8 b - - 6 48,g3d3,15,-31993,31879,b2a1;b2a1,b2a1;b2a1,b2b3;b2d2,-181,2
Hypersion_vs_EnyoBot_npmgxvIO.log,48,95,Black,8/1p1k4/4p3/3pP3/8/2PB2r1/1q1QK2R/8 b - - 6 48,b2b4,16,-31993,31879,b2a1;b2a1,b2a1;b2a1,b2b3;b2d2,-181,2
Hypersion_vs_EnyoBot_npmgxvIO.log,48,95,Black,8/1p1k4/4p3/3pP3/8/2PB2r1/1q1QK2R/8 b - - 6 48,b2a2,17,-31993,31879,b2a1;b2a1,b2a1;b2a1,b2b3;b2d2,-181,2
Hypersion_vs_EnyoBot_npmgxvIO.log,48,95,Black,8/1p1k4/4p3/3pP3/8/2PB2r1/1q1QK2R/8 b - - 6 48,b2c1,18,-31993,31879,b2a1;b2a1,b2a1;b2a1,b2b3;b2d2,-181,2
Hypersion_vs_EnyoBot_npmgxvIO.log,48,95,Black,8/1p1k4/4p3/3pP3/8/2PB2r1/1q1QK2R/8 b - - 6 48,b7b5,19,-31993,31879,b2a1;b2a1,b2a1;b2a1,b2b3;b2d2,-181,2
Hypersion_vs_EnyoBot_npmgxvIO.log,48,95,Black,8/1p1k4/4p3/3pP3/8/2PB2r1/1q1QK2R/8 b - - 6 48,d7e8,20,-31994,31880,b2a1;b2a1,b2a1;b2a1,b2b3;b2d2,-181,2
Hypersion_vs_EnyoBot_npmgxvIO.log,48,95,Black,8/1p1k4/4p3/3pP3/8/2PB2r1/1q1QK2R/8 b - - 6 48,d7d8,21,-31994,31880,b2a1;b2a1,b2a1;b2a1,b2b3;b2d2,-181,2
Hypersion_vs_EnyoBot_npmgxvIO.log,48,95,Black,8/1p1k4/4p3/3pP3/8/2PB2r1/1q1QK2R/8 b - - 6 48,d7c8,22,-31994,31880,b2a1;b2a1,b2a1;b2a1,b2b3;b2d2,-181,2
Hypersion_vs_EnyoBot_npmgxvIO.log,48,95,Black,8/1p1k4/4p3/3pP3/8/2PB2r1/1q1QK2R/8 b - - 6 48,d7e7,23,-31994,31880,b2a1;b2a1,b2a1;b2a1,b2b3;b2d2,-181,2
Hypersion_vs_EnyoBot_npmgxvIO.log,48,95,Black,8/1p1k4/4p3/3pP3/8/2PB2r1/1q1QK2R/8 b - - 6 48,d7c6,24,-31994,31880,b2a1;b2a1,b2a1;b2a1,b2b3;b2d2,-181,2
Hypersion_vs_EnyoBot_npmgxvIO.log,48,95,Black,8/1p1k4/4p3/3pP3/8/2PB2r1/1q1QK2R/8 b - - 6 48,g3g8,25,-31994,31880,b2a1;b2a1,b2a1;b2a1,b2b3;b2d2,-181,2
Hypersion_vs_EnyoBot_npmgxvIO.log,48,95,Black,8/1p1k4/4p3/3pP3/8/2PB2r1/1q1QK2R/8 b - - 6 48,g3g6,26,-31994,31880,b2a1;b2a1,b2a1;b2a1,b2b3;b2d2,-181,2
Hypersion_vs_EnyoBot_npmgxvIO.log,48,95,Black,8/1p1k4/4p3/3pP3/8/2PB2r1/1q1QK2R/8 b - - 6 48,g3g4,27,-31994,31880,b2a1;b2a1,b2a1;b2a1,b2b3;b2d2,-181,2
Hypersion_vs_EnyoBot_npmgxvIO.log,48,95,Black,8/1p1k4/4p3/3pP3/8/2PB2r1/1q1QK2R/8 b - - 6 48,g3f3,28,-31994,31880,b2a1;b2a1,b2a1;b2a1,b2b3;b2d2,-181,2
Hypersion_vs_EnyoBot_npmgxvIO.log,48,95,Black,8/1p1k4/4p3/3pP3/8/2PB2r1/1q1QK2R/8 b - - 6 48,g3g1,29,-31994,31880,b2a1;b2a1,b2a1;b2a1,b2b3;b2d2,-181,2
Hypersion_vs_EnyoBot_npmgxvIO.log,48,95,Black,8/1p1k4/4p3/3pP3/8/2PB2r1/1q1QK2R/8 b - - 6 48,b2c3,30,-31994,31880,b2a1;b2a1,b2a1;b2a1,b2b3;b2d2,-181,2
Hypersion_vs_EnyoBot_npmgxvIO.log,48,95,Black,8/1p1k4/4p3/3pP3/8/2PB2r1/1q1QK2R/8 b - - 6 48,b7b6,31,-31994,31880,b2a1;b2a1,b2a1;b2a1,b2b3;b2d2,-181,2
Hypersion_vs_EnyoBot_npmgxvIO.log,48,95,Black,8/1p1k4/4p3/3pP3/8/2PB2r1/1q1QK2R/8 b - - 6 48,d5d4,32,-31994,31880,b2a1;b2a1,b2a1;b2a1,b2b3;b2d2,-181,2
caissa-x_vs_EnyoBot_0waEuGxc.log,66,131,Black,q5k1/2Q3p1/5pPp/3PpBnP/4P3/4P1K1/1n6/8 b - - 18 66,b2d1,1,-189,0,b2d1;b2d1;b2d1,b2d1;b2d1;b2d1,b2a4;b2c4;a8f8,-841,3
caissa-x_vs_EnyoBot_0waEuGxc.log,66,131,Black,q5k1/2Q3p1/5pPp/3PpBnP/4P3/4P1K1/1n6/8 b - - 18 66,b2c4,2,-725,536,b2d1;b2d1;b2d1,b2d1;b2d1;b2d1,b2a4;b2c4;a8f8,-841,3
caissa-x_vs_EnyoBot_0waEuGxc.log,66,131,Black,q5k1/2Q3p1/5pPp/3PpBnP/4P3/4P1K1/1n6/8 b - - 18 66,a8a3,3,-824,635,b2d1;b2d1;b2d1,b2d1;b2d1;b2d1,b2a4;b2c4;a8f8,-841,3
caissa-x_vs_EnyoBot_0waEuGxc.log,66,131,Black,q5k1/2Q3p1/5pPp/3PpBnP/4P3/4P1K1/1n6/8 b - - 18 66,b2a4,4,-888,699,b2d1;b2d1;b2d1,b2d1;b2d1;b2d1,b2a4;b2c4;a8f8,-841,3
caissa-x_vs_EnyoBot_0waEuGxc.log,66,131,Black,q5k1/2Q3p1/5pPp/3PpBnP/4P3/4P1K1/1n6/8 b - - 18 66,b2d3,5,-1022,833,b2d1;b2d1;b2d1,b2d1;b2d1;b2d1,b2a4;b2c4;a8f8,-841,3
caissa-x_vs_EnyoBot_0waEuGxc.log,66,131,Black,q5k1/2Q3p1/5pPp/3PpBnP/4P3/4P1K1/1n6/8 b - - 18 66,a8f8,6,-31992,31803,b2d1;b2d1;b2d1,b2d1;b2d1;b2d1,b2a4;b2c4;a8f8,-841,3
caissa-x_vs_EnyoBot_0waEuGxc.log,66,131,Black,q5k1/2Q3p1/5pPp/3PpBnP/4P3/4P1K1/1n6/8 b - - 18 66,g5e4,7,-31992,31803,b2d1;b2d1;b2d1,b2d1;b2d1;b2d1,b2a4;b2c4;a8f8,-841,3
caissa-x_vs_EnyoBot_0waEuGxc.log,66,131,Black,q5k1/2Q3p1/5pPp/3PpBnP/4P3/4P1K1/1n6/8 b - - 18 66,g8h8,8,-31993,31804,b2d1;b2d1;b2d1,b2d1;b2d1;b2d1,b2a4;b2c4;a8f8,-841,3
caissa-x_vs_EnyoBot_0waEuGxc.log,66,131,Black,q5k1/2Q3p1/5pPp/3PpBnP/4P3/4P1K1/1n6/8 b - - 18 66,g8f8,9,-31993,31804,b2d1;b2d1;b2d1,b2d1;b2d1;b2d1,b2a4;b2c4;a8f8,-841,3
caissa-x_vs_EnyoBot_0waEuGxc.log,66,131,Black,q5k1/2Q3p1/5pPp/3PpBnP/4P3/4P1K1/1n6/8 b - - 18 66,a8e8,10,-31993,31804,b2d1;b2d1;b2d1,b2d1;b2d1;b2d1,b2a4;b2c4;a8f8,-841,3
caissa-x_vs_EnyoBot_0waEuGxc.log,66,131,Black,q5k1/2Q3p1/5pPp/3PpBnP/4P3/4P1K1/1n6/8 b - - 18 66,g5h7,11,-31993,31804,b2d1;b2d1;b2d1,b2d1;b2d1;b2d1,b2a4;b2c4;a8f8,-841,3
caissa-x_vs_EnyoBot_0waEuGxc.log,66,131,Black,q5k1/2Q3p1/5pPp/3PpBnP/4P3/4P1K1/1n6/8 b - - 18 66,g5f7,12,-31996,31807,b2d1;b2d1;b2d1,b2d1;b2d1;b2d1,b2a4;b2c4;a8f8,-841,3
caissa-x_vs_EnyoBot_0waEuGxc.log,66,131,Black,q5k1/2Q3p1/5pPp/3PpBnP/4P3/4P1K1/1n6/8 b - - 18 66,g5e6,13,-31996,31807,b2d1;b2d1;b2d1,b2d1;b2d1;b2d1,b2a4;b2c4;a8f8,-841,3
caissa-x_vs_EnyoBot_0waEuGxc.log,66,131,Black,q5k1/2Q3p1/5pPp/3PpBnP/4P3/4P1K1/1n6/8 b - - 18 66,g5h3,14,-31996,31807,b2d1;b2d1;b2d1,b2d1;b2d1;b2d1,b2a4;b2c4;a8f8,-841,3
caissa-x_vs_EnyoBot_0waEuGxc.log,66,131,Black,q5k1/2Q3p1/5pPp/3PpBnP/4P3/4P1K1/1n6/8 b - - 18 66,g5f3,15,-31996,31807,b2d1;b2d1;b2d1,b2d1;b2d1;b2d1,b2a4;b2c4;a8f8,-841,3
caissa-x_vs_EnyoBot_0waEuGxc.log,66,131,Black,q5k1/2Q3p1/5pPp/3PpBnP/4P3/4P1K1/1n6/8 b - - 18 66,a8c6,16,-31998,31809,b2d1;b2d1;b2d1,b2d1;b2d1;b2d1,b2a4;b2c4;a8f8,-841,3
caissa-x_vs_EnyoBot_0waEuGxc.log,66,131,Black,q5k1/2Q3p1/5pPp/3PpBnP/4P3/4P1K1/1n6/8 b - - 18 66,a8d5,17,-31998,31809,b2d1;b2d1;b2d1,b2d1;b2d1;b2d1,b2a4;b2c4;a8f8,-841,3
caissa-x_vs_EnyoBot_0waEuGxc.log,66,131,Black,q5k1/2Q3p1/5pPp/3PpBnP/4P3/4P1K1/1n6/8 b - - 18 66,a8a5,18,-31998,31809,b2d1;b2d1;b2d1,b2d1;b2d1;b2d1,b2a4;b2c4;a8f8,-841,3
caissa-x_vs_EnyoBot_0waEuGxc.log,66,131,Black,q5k1/2Q3p1/5pPp/3PpBnP/4P3/4P1K1/1n6/8 b - - 18 66,a8a4,19,-31998,31809,b2d1;b2d1;b2d1,b2d1;b2d1;b2d1,b2a4;b2c4;a8f8,-841,3
caissa-x_vs_EnyoBot_0waEuGxc.log,66,131,Black,q5k1/2Q3p1/5pPp/3PpBnP/4P3/4P1K1/1n6/8 b - - 18 66,a8d8,20,-31999,31810,b2d1;b2d1;b2d1,b2d1;b2d1;b2d1,b2a4;b2c4;a8f8,-841,3
caissa-x_vs_EnyoBot_0waEuGxc.log,66,131,Black,q5k1/2Q3p1/5pPp/3PpBnP/4P3/4P1K1/1n6/8 b - - 18 66,a8c8,21,-31999,31810,b2d1;b2d1;b2d1,b2d1;b2d1;b2d1,b2a4;b2c4;a8f8,-841,3
caissa-x_vs_EnyoBot_0waEuGxc.log,66,131,Black,q5k1/2Q3p1/5pPp/3PpBnP/4P3/4P1K1/1n6/8 b - - 18 66,a8b8,22,-31999,31810,b2d1;b2d1;b2d1,b2d1;b2d1;b2d1,b2a4;b2c4;a8f8,-841,3
caissa-x_vs_EnyoBot_0waEuGxc.log,66,131,Black,q5k1/2Q3p1/5pPp/3PpBnP/4P3/4P1K1/1n6/8 b - - 18 66,a8b7,23,-31999,31810,b2d1;b2d1;b2d1,b2d1;b2d1;b2d1,b2a4;b2c4;a8f8,-841,3
caissa-x_vs_EnyoBot_0waEuGxc.log,66,131,Black,q5k1/2Q3p1/5pPp/3PpBnP/4P3/4P1K1/1n6/8 b - - 18 66,a8a7,24,-31999,31810,b2d1;b2d1;b2d1,b2d1;b2d1;b2d1,b2a4;b2c4;a8f8,-841,3
caissa-x_vs_EnyoBot_0waEuGxc.log,66,131,Black,q5k1/2Q3p1/5pPp/3PpBnP/4P3/4P1K1/1n6/8 b - - 18 66,a8a6,25,-31999,31810,b2d1;b2d1;b2d1,b2d1;b2d1;b2d1,b2a4;b2c4;a8f8,-841,3
caissa-x_vs_EnyoBot_0waEuGxc.log,66,131,Black,q5k1/2Q3p1/5pPp/3PpBnP/4P3/4P1K1/1n6/8 b - - 18 66,a8a2,26,-31999,31810,b2d1;b2d1;b2d1,b2d1;b2d1;b2d1,b2a4;b2c4;a8f8,-841,3
caissa-x_vs_EnyoBot_0waEuGxc.log,66,131,Black,q5k1/2Q3p1/5pPp/3PpBnP/4P3/4P1K1/1n6/8 b - - 18 66,a8a1,27,-31999,31810,b2d1;b2d1;b2d1,b2d1;b2d1;b2d1,b2a4;b2c4;a8f8,-841,3
EnyoBot_vs_Lynx_BOT_jjThVRPN.log,18,34,White,r1b2r2/b1p2p2/p1pp1nk1/4PqB1/3P3P/3Q4/PP3PP1/RN2R1K1 w - - 1 18,d3f5,1,13,0,d3f5;d3f5,d3f5;d3f5,e1e2;d3d2,-589,2
EnyoBot_vs_Lynx_BOT_jjThVRPN.log,18,34,White,r1b2r2/b1p2p2/p1pp1nk1/4PqB1/3P3P/3Q4/PP3PP1/RN2R1K1 w - - 1 18,d3d2,2,-228,241,d3f5;d3f5,d3f5;d3f5,e1e2;d3d2,-589,2
EnyoBot_vs_Lynx_BOT_jjThVRPN.log,18,34,White,r1b2r2/b1p2p2/p1pp1nk1/4PqB1/3P3P/3Q4/PP3PP1/RN2R1K1 w - - 1 18,d3d1,3,-247,260,d3f5;d3f5,d3f5;d3f5,e1e2;d3d2,-589,2
EnyoBot_vs_Lynx_BOT_jjThVRPN.log,18,34,White,r1b2r2/b1p2p2/p1pp1nk1/4PqB1/3P3P/3Q4/PP3PP1/RN2R1K1 w - - 1 18,d3c3,4,-262,275,d3f5;d3f5,d3f5;d3f5,e1e2;d3d2,-589,2
EnyoBot_vs_Lynx_BOT_jjThVRPN.log,18,34,White,r1b2r2/b1p2p2/p1pp1nk1/4PqB1/3P3P/3Q4/PP3PP1/RN2R1K1 w - - 1 18,d3g3,5,-291,304,d3f5;d3f5,d3f5;d3f5,e1e2;d3d2,-589,2
EnyoBot_vs_Lynx_BOT_jjThVRPN.log,18,34,White,r1b2r2/b1p2p2/p1pp1nk1/4PqB1/3P3P/3Q4/PP3PP1/RN2R1K1 w - - 1 18,e1d1,6,-313,326,d3f5;d3f5,d3f5;d3f5,e1e2;d3d2,-589,2
EnyoBot_vs_Lynx_BOT_jjThVRPN.log,18,34,White,r1b2r2/b1p2p2/p1pp1nk1/4PqB1/3P3P/3Q4/PP3PP1/RN2R1K1 w - - 1 18,d3e2,7,-318,331,d3f5;d3f5,d3f5;d3f5,e1e2;d3d2,-589,2
EnyoBot_vs_Lynx_BOT_jjThVRPN.log,18,34,White,r1b2r2/b1p2p2/p1pp1nk1/4PqB1/3P3P/3Q4/PP3PP1/RN2R1K1 w - - 1 18,d3e3,8,-319,332,d3f5;d3f5,d3f5;d3f5,e1e2;d3d2,-589,2
EnyoBot_vs_Lynx_BOT_jjThVRPN.log,18,34,White,r1b2r2/b1p2p2/p1pp1nk1/4PqB1/3P3P/3Q4/PP3PP1/RN2R1K1 w - - 1 18,e1e3,9,-322,335,d3f5;d3f5,d3f5;d3f5,e1e2;d3d2,-589,2
EnyoBot_vs_Lynx_BOT_jjThVRPN.log,18,34,White,r1b2r2/b1p2p2/p1pp1nk1/4PqB1/3P3P/3Q4/PP3PP1/RN2R1K1 w - - 1 18,d3a3,10,-326,339,d3f5;d3f5,d3f5;d3f5,e1e2;d3d2,-589,2
EnyoBot_vs_Lynx_BOT_jjThVRPN.log,18,34,White,r1b2r2/b1p2p2/p1pp1nk1/4PqB1/3P3P/3Q4/PP3PP1/RN2R1K1 w - - 1 18,d3b3,11,-329,342,d3f5;d3f5,d3f5;d3f5,e1e2;d3d2,-589,2
EnyoBot_vs_Lynx_BOT_jjThVRPN.log,18,34,White,r1b2r2/b1p2p2/p1pp1nk1/4PqB1/3P3P/3Q4/PP3PP1/RN2R1K1 w - - 1 18,d3c4,12,-344,357,d3f5;d3f5,d3f5;d3f5,e1e2;d3d2,-589,2
EnyoBot_vs_Lynx_BOT_jjThVRPN.log,18,34,White,r1b2r2/b1p2p2/p1pp1nk1/4PqB1/3P3P/3Q4/PP3PP1/RN2R1K1 w - - 1 18,h4h5,13,-346,359,d3f5;d3f5,d3f5;d3f5,e1e2;d3d2,-589,2
EnyoBot_vs_Lynx_BOT_jjThVRPN.log,18,34,White,r1b2r2/b1p2p2/p1pp1nk1/4PqB1/3P3P/3Q4/PP3PP1/RN2R1K1 w - - 1 18,d3f1,14,-350,363,d3f5;d3f5,d3f5;d3f5,e1e2;d3d2,-589,2
EnyoBot_vs_Lynx_BOT_jjThVRPN.log,18,34,White,r1b2r2/b1p2p2/p1pp1nk1/4PqB1/3P3P/3Q4/PP3PP1/RN2R1K1 w - - 1 18,d3h3,15,-380,393,d3f5;d3f5,d3f5;d3f5,e1e2;d3d2,-589,2
EnyoBot_vs_Lynx_BOT_jjThVRPN.log,18,34,White,r1b2r2/b1p2p2/p1pp1nk1/4PqB1/3P3P/3Q4/PP3PP1/RN2R1K1 w - - 1 18,d3f3,16,-380,393,d3f5;d3f5,d3f5;d3f5,e1e2;d3d2,-589,2
EnyoBot_vs_Lynx_BOT_jjThVRPN.log,18,34,White,r1b2r2/b1p2p2/p1pp1nk1/4PqB1/3P3P/3Q4/PP3PP1/RN2R1K1 w - - 1 18,b1c3,17,-433,446,d3f5;d3f5,d3f5;d3f5,e1e2;d3d2,-589,2
EnyoBot_vs_Lynx_BOT_jjThVRPN.log,18,34,White,r1b2r2/b1p2p2/p1pp1nk1/4PqB1/3P3P/3Q4/PP3PP1/RN2R1K1 w - - 1 18,g5f6,18,-442,455,d3f5;d3f5,d3f5;d3f5,e1e2;d3d2,-589,2
EnyoBot_vs_Lynx_BOT_jjThVRPN.log,18,34,White,r1b2r2/b1p2p2/p1pp1nk1/4PqB1/3P3P/3Q4/PP3PP1/RN2R1K1 w - - 1 18,b1d2,19,-461,474,d3f5;d3f5,d3f5;d3f5,e1e2;d3d2,-589,2
EnyoBot_vs_Lynx_BOT_jjThVRPN.log,18,34,White,r1b2r2/b1p2p2/p1pp1nk1/4PqB1/3P3P/3Q4/PP3PP1/RN2R1K1 w - - 1 18,e5f6,20,-483,496,d3f5;d3f5,d3f5;d3f5,e1e2;d3d2,-589,2
EnyoBot_vs_Lynx_BOT_jjThVRPN.log,18,34,White,r1b2r2/b1p2p2/p1pp1nk1/4PqB1/3P3P/3Q4/PP3PP1/RN2R1K1 w - - 1 18,d3c2,21,-495,508,d3f5;d3f5,d3f5;d3f5,e1e2;d3d2,-589,2
EnyoBot_vs_Lynx_BOT_jjThVRPN.log,18,34,White,r1b2r2/b1p2p2/p1pp1nk1/4PqB1/3P3P/3Q4/PP3PP1/RN2R1K1 w - - 1 18,e1f1,22,-496,509,d3f5;d3f5,d3f5;d3f5,e1e2;d3d2,-589,2
EnyoBot_vs_Lynx_BOT_jjThVRPN.log,18,34,White,r1b2r2/b1p2p2/p1pp1nk1/4PqB1/3P3P/3Q4/PP3PP1/RN2R1K1 w - - 1 18,e1e4,23,-520,533,d3f5;d3f5,d3f5;d3f5,e1e2;d3d2,-589,2
EnyoBot_vs_Lynx_BOT_jjThVRPN.log,18,34,White,r1b2r2/b1p2p2/p1pp1nk1/4PqB1/3P3P/3Q4/PP3PP1/RN2R1K1 w - - 1 18,e1c1,24,-525,538,d3f5;d3f5,d3f5;d3f5,e1e2;d3d2,-589,2
EnyoBot_vs_Lynx_BOT_jjThVRPN.log,18,34,White,r1b2r2/b1p2p2/p1pp1nk1/4PqB1/3P3P/3Q4/PP3PP1/RN2R1K1 w - - 1 18,b1a3,25,-528,541,d3f5;d3f5,d3f5;d3f5,e1e2;d3d2,-589,2
EnyoBot_vs_Lynx_BOT_jjThVRPN.log,18,34,White,r1b2r2/b1p2p2/p1pp1nk1/4PqB1/3P3P/3Q4/PP3PP1/RN2R1K1 w - - 1 18,a2a4,26,-534,547,d3f5;d3f5,d3f5;d3f5,e1e2;d3d2,-589,2
EnyoBot_vs_Lynx_BOT_jjThVRPN.log,18,34,White,r1b2r2/b1p2p2/p1pp1nk1/4PqB1/3P3P/3Q4/PP3PP1/RN2R1K1 w - - 1 18,g5e3,27,-536,549,d3f5;d3f5,d3f5;d3f5,e1e2;d3d2,-589,2
EnyoBot_vs_Lynx_BOT_jjThVRPN.log,18,34,White,r1b2r2/b1p2p2/p1pp1nk1/4PqB1/3P3P/3Q4/PP3PP1/RN2R1K1 w - - 1 18,e5d6,28,-536,549,d3f5;d3f5,d3f5;d3f5,e1e2;d3d2,-589,2
EnyoBot_vs_Lynx_BOT_jjThVRPN.log,18,34,White,r1b2r2/b1p2p2/p1pp1nk1/4PqB1/3P3P/3Q4/PP3PP1/RN2R1K1 w - - 1 18,g1h1,29,-543,556,d3f5;d3f5,d3f5;d3f5,e1e2;d3d2,-589,2
EnyoBot_vs_Lynx_BOT_jjThVRPN.log,18,34,White,r1b2r2/b1p2p2/p1pp1nk1/4PqB1/3P3P/3Q4/PP3PP1/RN2R1K1 w - - 1 18,a2a3,30,-558,571,d3f5;d3f5,d3f5;d3f5,e1e2;d3d2,-589,2
EnyoBot_vs_Lynx_BOT_jjThVRPN.log,18,34,White,r1b2r2/b1p2p2/p1pp1nk1/4PqB1/3P3P/3Q4/PP3PP1/RN2R1K1 w - - 1 18,d3a6,31,-567,580,d3f5;d3f5,d3f5;d3f5,e1e2;d3d2,-589,2
EnyoBot_vs_Lynx_BOT_jjThVRPN.log,18,34,White,r1b2r2/b1p2p2/p1pp1nk1/4PqB1/3P3P/3Q4/PP3PP1/RN2R1K1 w - - 1 18,d3b5,32,-576,589,d3f5;d3f5,d3f5;d3f5,e1e2;d3d2,-589,2
EnyoBot_vs_Lynx_BOT_jjThVRPN.log,18,34,White,r1b2r2/b1p2p2/p1pp1nk1/4PqB1/3P3P/3Q4/PP3PP1/RN2R1K1 w - - 1 18,e5e6,33,-578,591,d3f5;d3f5,d3f5;d3f5,e1e2;d3d2,-589,2
EnyoBot_vs_Lynx_BOT_jjThVRPN.log,18,34,White,r1b2r2/b1p2p2/p1pp1nk1/4PqB1/3P3P/3Q4/PP3PP1/RN2R1K1 w - - 1 18,e1e2,34,-582,595,d3f5;d3f5,d3f5;d3f5,e1e2;d3d2,-589,2
EnyoBot_vs_Lynx_BOT_jjThVRPN.log,18,34,White,r1b2r2/b1p2p2/p1pp1nk1/4PqB1/3P3P/3Q4/PP3PP1/RN2R1K1 w - - 1 18,g5d2,35,-609,622,d3f5;d3f5,d3f5;d3f5,e1e2;d3d2,-589,2
EnyoBot_vs_Lynx_BOT_jjThVRPN.log,18,34,White,r1b2r2/b1p2p2/p1pp1nk1/4PqB1/3P3P/3Q4/PP3PP1/RN2R1K1 w - - 1 18,b2b4,36,-619,632,d3f5;d3f5,d3f5;d3f5,e1e2;d3d2,-589,2
EnyoBot_vs_Lynx_BOT_jjThVRPN.log,18,34,White,r1b2r2/b1p2p2/p1pp1nk1/4PqB1/3P3P/3Q4/PP3PP1/RN2R1K1 w - - 1 18,g5f4,37,-620,633,d3f5;d3f5,d3f5;d3f5,e1e2;d3d2,-589,2
EnyoBot_vs_Lynx_BOT_jjThVRPN.log,18,34,White,r1b2r2/b1p2p2/p1pp1nk1/4PqB1/3P3P/3Q4/PP3PP1/RN2R1K1 w - - 1 18,b2b3,38,-622,635,d3f5;d3f5,d3f5;d3f5,e1e2;d3d2,-589,2
EnyoBot_vs_Lynx_BOT_jjThVRPN.log,18,34,White,r1b2r2/b1p2p2/p1pp1nk1/4PqB1/3P3P/3Q4/PP3PP1/RN2R1K1 w - - 1 18,g2g3,39,-628,641,d3f5;d3f5,d3f5;d3f5,e1e2;d3d2,-589,2
EnyoBot_vs_Lynx_BOT_jjThVRPN.log,18,34,White,r1b2r2/b1p2p2/p1pp1nk1/4PqB1/3P3P/3Q4/PP3PP1/RN2R1K1 w - - 1 18,f2f3,40,-630,643,d3f5;d3f5,d3f5;d3f5,e1e2;d3d2,-589,2
EnyoBot_vs_Lynx_BOT_jjThVRPN.log,18,34,White,r1b2r2/b1p2p2/p1pp1nk1/4PqB1/3P3P/3Q4/PP3PP1/RN2R1K1 w - - 1 18,g2g4,41,-642,655,d3f5;d3f5,d3f5;d3f5,e1e2;d3d2,-589,2
EnyoBot_vs_Lynx_BOT_jjThVRPN.log,18,34,White,r1b2r2/b1p2p2/p1pp1nk1/4PqB1/3P3P/3Q4/PP3PP1/RN2R1K1 w - - 1 18,f2f4,42,-642,655,d3f5;d3f5,d3f5;d3f5,e1e2;d3d2,-589,2
EnyoBot_vs_Lynx_BOT_jjThVRPN.log,18,34,White,r1b2r2/b1p2p2/p1pp1nk1/4PqB1/3P3P/3Q4/PP3PP1/RN2R1K1 w - - 1 18,g5c1,43,-646,659,d3f5;d3f5,d3f5;d3f5,e1e2;d3d2,-589,2
EnyoBot_vs_Lynx_BOT_jjThVRPN.log,18,34,White,r1b2r2/b1p2p2/p1pp1nk1/4PqB1/3P3P/3Q4/PP3PP1/RN2R1K1 w - - 1 18,g5h6,44,-660,673,d3f5;d3f5,d3f5;d3f5,e1e2;d3d2,-589,2
EnyoBot_vs_Lynx_BOT_jjThVRPN.log,18,34,White,r1b2r2/b1p2p2/p1pp1nk1/4PqB1/3P3P/3Q4/PP3PP1/RN2R1K1 w - - 1 18,g1h2,45,-673,686,d3f5;d3f5,d3f5;d3f5,e1e2;d3d2,-589,2
EnyoBot_vs_Lynx_BOT_jjThVRPN.log,18,34,White,r1b2r2/b1p2p2/p1pp1nk1/4PqB1/3P3P/3Q4/PP3PP1/RN2R1K1 w - - 1 18,d4d5,46,-676,689,d3f5;d3f5,d3f5;d3f5,e1e2;d3d2,-589,2
EnyoBot_vs_Lynx_BOT_jjThVRPN.log,18,34,White,r1b2r2/b1p2p2/p1pp1nk1/4PqB1/3P3P/3Q4/PP3PP1/RN2R1K1 w - - 1 18,g1f1,47,-684,697,d3f5;d3f5,d3f5;d3f5,e1e2;d3d2,-589,2
EnyoBot_vs_Lynx_BOT_jjThVRPN.log,18,34,White,r1b2r2/b1p2p2/p1pp1nk1/4PqB1/3P3P/3Q4/PP3PP1/RN2R1K1 w - - 1 18,d3e4,48,-686,699,d3f5;d3f5,d3f5;d3f5,e1e2;d3d2,-589,2
SF_Bot1nok_vs_EnyoBot_SbzD89kx.log,16,31,Black,r3k2r/1nq1bpp1/p2pbn1p/4p3/4P1PP/1NN1BP2/1PPQ4/R3KB1R b Kkq - 4 16,e8g8,1,-39,0,e8g8;e8g8,e8g8;e8g8,c7c3;e6g4,-470,2
SF_Bot1nok_vs_EnyoBot_SbzD89kx.log,16,31,Black,r3k2r/1nq1bpp1/p2pbn1p/4p3/4P1PP/1NN1BP2/1PPQ4/R3KB1R b Kkq - 4 16,b7c5,2,-88,49,e8g8;e8g8,e8g8;e8g8,c7c3;e6g4,-470,2
SF_Bot1nok_vs_EnyoBot_SbzD89kx.log,16,31,Black,r3k2r/1nq1bpp1/p2pbn1p/4p3/4P1PP/1NN1BP2/1PPQ4/R3KB1R b Kkq - 4 16,a6a5,3,-102,63,e8g8;e8g8,e8g8;e8g8,c7c3;e6g4,-470,2
SF_Bot1nok_vs_EnyoBot_SbzD89kx.log,16,31,Black,r3k2r/1nq1bpp1/p2pbn1p/4p3/4P1PP/1NN1BP2/1PPQ4/R3KB1R b Kkq - 4 16,c7b8,4,-105,66,e8g8;e8g8,e8g8;e8g8,c7c3;e6g4,-470,2
SF_Bot1nok_vs_EnyoBot_SbzD89kx.log,16,31,Black,r3k2r/1nq1bpp1/p2pbn1p/4p3/4P1PP/1NN1BP2/1PPQ4/R3KB1R b Kkq - 4 16,f6d7,5,-111,72,e8g8;e8g8,e8g8;e8g8,c7c3;e6g4,-470,2
SF_Bot1nok_vs_EnyoBot_SbzD89kx.log,16,31,Black,r3k2r/1nq1bpp1/p2pbn1p/4p3/4P1PP/1NN1BP2/1PPQ4/R3KB1R b Kkq - 4 16,e6c4,6,-127,88,e8g8;e8g8,e8g8;e8g8,c7c3;e6g4,-470,2
SF_Bot1nok_vs_EnyoBot_SbzD89kx.log,16,31,Black,r3k2r/1nq1bpp1/p2pbn1p/4p3/4P1PP/1NN1BP2/1PPQ4/R3KB1R b Kkq - 4 16,a8b8,7,-135,96,e8g8;e8g8,e8g8;e8g8,c7c3;e6g4,-470,2
SF_Bot1nok_vs_EnyoBot_SbzD89kx.log,16,31,Black,r3k2r/1nq1bpp1/p2pbn1p/4p3/4P1PP/1NN1BP2/1PPQ4/R3KB1R b Kkq - 4 16,e8f8,8,-136,97,e8g8;e8g8,e8g8;e8g8,c7c3;e6g4,-470,2
SF_Bot1nok_vs_EnyoBot_SbzD89kx.log,16,31,Black,r3k2r/1nq1bpp1/p2pbn1p/4p3/4P1PP/1NN1BP2/1PPQ4/R3KB1R b Kkq - 4 16,c7c8,9,-143,104,e8g8;e8g8,e8g8;e8g8,c7c3;e6g4,-470,2
SF_Bot1nok_vs_EnyoBot_SbzD89kx.log,16,31,Black,r3k2r/1nq1bpp1/p2pbn1p/4p3/4P1PP/1NN1BP2/1PPQ4/R3KB1R b Kkq - 4 16,b7d8,10,-143,104,e8g8;e8g8,e8g8;e8g8,c7c3;e6g4,-470,2
SF_Bot1nok_vs_EnyoBot_SbzD89kx.log,16,31,Black,r3k2r/1nq1bpp1/p2pbn1p/4p3/4P1PP/1NN1BP2/1PPQ4/R3KB1R b Kkq - 4 16,h6h5,11,-145,106,e8g8;e8g8,e8g8;e8g8,c7c3;e6g4,-470,2
SF_Bot1nok_vs_EnyoBot_SbzD89kx.log,16,31,Black,r3k2r/1nq1bpp1/p2pbn1p/4p3/4P1PP/1NN1BP2/1PPQ4/R3KB1R b Kkq - 4 16,e6b3,12,-154,115,e8g8;e8g8,e8g8;e8g8,c7c3;e6g4,-470,2
SF_Bot1nok_vs_EnyoBot_SbzD89kx.log,16,31,Black,r3k2r/1nq1bpp1/p2pbn1p/4p3/4P1PP/1NN1BP2/1PPQ4/R3KB1R b Kkq - 4 16,d6d5,13,-156,117,e8g8;e8g8,e8g8;e8g8,c7c3;e6g4,-470,2
SF_Bot1nok_vs_EnyoBot_SbzD89kx.log,16,31,Black,r3k2r/1nq1bpp1/p2pbn1p/4p3/4P1PP/1NN1BP2/1PPQ4/R3KB1R b Kkq - 4 16,e7d8,14,-164,125,e8g8;e8g8,e8g8;e8g8,c7c3;e6g4,-470,2
SF_Bot1nok_vs_EnyoBot_SbzD89kx.log,16,31,Black,r3k2r/1nq1bpp1/p2pbn1p/4p3/4P1PP/1NN1BP2/1PPQ4/R3KB1R b Kkq - 4 16,a8d8,15,-172,133,e8g8;e8g8,e8g8;e8g8,c7c3;e6g4,-470,2
SF_Bot1nok_vs_EnyoBot_SbzD89kx.log,16,31,Black,r3k2r/1nq1bpp1/p2pbn1p/4p3/4P1PP/1NN1BP2/1PPQ4/R3KB1R b Kkq - 4 16,e6d7,16,-186,147,e8g8;e8g8,e8g8;e8g8,c7c3;e6g4,-470,2
SF_Bot1nok_vs_EnyoBot_SbzD89kx.log,16,31,Black,r3k2r/1nq1bpp1/p2pbn1p/4p3/4P1PP/1NN1BP2/1PPQ4/R3KB1R b Kkq - 4 16,c7d8,17,-202,163,e8g8;e8g8,e8g8;e8g8,c7c3;e6g4,-470,2
SF_Bot1nok_vs_EnyoBot_SbzD89kx.log,16,31,Black,r3k2r/1nq1bpp1/p2pbn1p/4p3/4P1PP/1NN1BP2/1PPQ4/R3KB1R b Kkq - 4 16,e6c8,18,-210,171,e8g8;e8g8,e8g8;e8g8,c7c3;e6g4,-470,2
SF_Bot1nok_vs_EnyoBot_SbzD89kx.log,16,31,Black,r3k2r/1nq1bpp1/p2pbn1p/4p3/4P1PP/1NN1BP2/1PPQ4/R3KB1R b Kkq - 4 16,a8c8,19,-211,172,e8g8;e8g8,e8g8;e8g8,c7c3;e6g4,-470,2
SF_Bot1nok_vs_EnyoBot_SbzD89kx.log,16,31,Black,r3k2r/1nq1bpp1/p2pbn1p/4p3/4P1PP/1NN1BP2/1PPQ4/R3KB1R b Kkq - 4 16,g7g6,20,-215,176,e8g8;e8g8,e8g8;e8g8,c7c3;e6g4,-470,2
SF_Bot1nok_vs_EnyoBot_SbzD89kx.log,16,31,Black,r3k2r/1nq1bpp1/p2pbn1p/4p3/4P1PP/1NN1BP2/1PPQ4/R3KB1R b Kkq - 4 16,f6h7,21,-217,178,e8g8;e8g8,e8g8;e8g8,c7c3;e6g4,-470,2
SF_Bot1nok_vs_EnyoBot_SbzD89kx.log,16,31,Black,r3k2r/1nq1bpp1/p2pbn1p/4p3/4P1PP/1NN1BP2/1PPQ4/R3KB1R b Kkq - 4 16,h8g8,22,-234,195,e8g8;e8g8,e8g8;e8g8,c7c3;e6g4,-470,2
SF_Bot1nok_vs_EnyoBot_SbzD89kx.log,16,31,Black,r3k2r/1nq1bpp1/p2pbn1p/4p3/4P1PP/1NN1BP2/1PPQ4/R3KB1R b Kkq - 4 16,c7c6,23,-235,196,e8g8;e8g8,e8g8;e8g8,c7c3;e6g4,-470,2
SF_Bot1nok_vs_EnyoBot_SbzD89kx.log,16,31,Black,r3k2r/1nq1bpp1/p2pbn1p/4p3/4P1PP/1NN1BP2/1PPQ4/R3KB1R b Kkq - 4 16,e8d7,24,-241,202,e8g8;e8g8,e8g8;e8g8,c7c3;e6g4,-470,2
SF_Bot1nok_vs_EnyoBot_SbzD89kx.log,16,31,Black,r3k2r/1nq1bpp1/p2pbn1p/4p3/4P1PP/1NN1BP2/1PPQ4/R3KB1R b Kkq - 4 16,h8h7,25,-254,215,e8g8;e8g8,e8g8;e8g8,c7c3;e6g4,-470,2
SF_Bot1nok_vs_EnyoBot_SbzD89kx.log,16,31,Black,r3k2r/1nq1bpp1/p2pbn1p/4p3/4P1PP/1NN1BP2/1PPQ4/R3KB1R b Kkq - 4 16,f6g8,26,-259,220,e8g8;e8g8,e8g8;e8g8,c7c3;e6g4,-470,2
SF_Bot1nok_vs_EnyoBot_SbzD89kx.log,16,31,Black,r3k2r/1nq1bpp1/p2pbn1p/4p3/4P1PP/1NN1BP2/1PPQ4/R3KB1R b Kkq - 4 16,c7d7,27,-282,243,e8g8;e8g8,e8g8;e8g8,c7c3;e6g4,-470,2
SF_Bot1nok_vs_EnyoBot_SbzD89kx.log,16,31,Black,r3k2r/1nq1bpp1/p2pbn1p/4p3/4P1PP/1NN1BP2/1PPQ4/R3KB1R b Kkq - 4 16,e7f8,28,-292,253,e8g8;e8g8,e8g8;e8g8,c7c3;e6g4,-470,2
SF_Bot1nok_vs_EnyoBot_SbzD89kx.log,16,31,Black,r3k2r/1nq1bpp1/p2pbn1p/4p3/4P1PP/1NN1BP2/1PPQ4/R3KB1R b Kkq - 4 16,e8d8,29,-293,254,e8g8;e8g8,e8g8;e8g8,c7c3;e6g4,-470,2
SF_Bot1nok_vs_EnyoBot_SbzD89kx.log,16,31,Black,r3k2r/1nq1bpp1/p2pbn1p/4p3/4P1PP/1NN1BP2/1PPQ4/R3KB1R b Kkq - 4 16,h8f8,30,-295,256,e8g8;e8g8,e8g8;e8g8,c7c3;e6g4,-470,2
SF_Bot1nok_vs_EnyoBot_SbzD89kx.log,16,31,Black,r3k2r/1nq1bpp1/p2pbn1p/4p3/4P1PP/1NN1BP2/1PPQ4/R3KB1R b Kkq - 4 16,f6e4,31,-305,266,e8g8;e8g8,e8g8;e8g8,c7c3;e6g4,-470,2
SF_Bot1nok_vs_EnyoBot_SbzD89kx.log,16,31,Black,r3k2r/1nq1bpp1/p2pbn1p/4p3/4P1PP/1NN1BP2/1PPQ4/R3KB1R b Kkq - 4 16,f6g4,32,-319,280,e8g8;e8g8,e8g8;e8g8,c7c3;e6g4,-470,2
SF_Bot1nok_vs_EnyoBot_SbzD89kx.log,16,31,Black,r3k2r/1nq1bpp1/p2pbn1p/4p3/4P1PP/1NN1BP2/1PPQ4/R3KB1R b Kkq - 4 16,b7a5,33,-356,317,e8g8;e8g8,e8g8;e8g8,c7c3;e6g4,-470,2
SF_Bot1nok_vs_EnyoBot_SbzD89kx.log,16,31,Black,r3k2r/1nq1bpp1/p2pbn1p/4p3/4P1PP/1NN1BP2/1PPQ4/R3KB1R b Kkq - 4 16,a8a7,34,-363,324,e8g8;e8g8,e8g8;e8g8,c7c3;e6g4,-470,2
SF_Bot1nok_vs_EnyoBot_SbzD89kx.log,16,31,Black,r3k2r/1nq1bpp1/p2pbn1p/4p3/4P1PP/1NN1BP2/1PPQ4/R3KB1R b Kkq - 4 16,f6h5,35,-377,338,e8g8;e8g8,e8g8;e8g8,c7c3;e6g4,-470,2
SF_Bot1nok_vs_EnyoBot_SbzD89kx.log,16,31,Black,r3k2r/1nq1bpp1/p2pbn1p/4p3/4P1PP/1NN1BP2/1PPQ4/R3KB1R b Kkq - 4 16,g7g5,36,-385,346,e8g8;e8g8,e8g8;e8g8,c7c3;e6g4,-470,2
SF_Bot1nok_vs_EnyoBot_SbzD89kx.log,16,31,Black,r3k2r/1nq1bpp1/p2pbn1p/4p3/4P1PP/1NN1BP2/1PPQ4/R3KB1R b Kkq - 4 16,e6g4,37,-395,356,e8g8;e8g8,e8g8;e8g8,c7c3;e6g4,-470,2
SF_Bot1nok_vs_EnyoBot_SbzD89kx.log,16,31,Black,r3k2r/1nq1bpp1/p2pbn1p/4p3/4P1PP/1NN1BP2/1PPQ4/R3KB1R b Kkq - 4 16,e6d5,38,-430,391,e8g8;e8g8,e8g8;e8g8,c7c3;e6g4,-470,2
SF_Bot1nok_vs_EnyoBot_SbzD89kx.log,16,31,Black,r3k2r/1nq1bpp1/p2pbn1p/4p3/4P1PP/1NN1BP2/1PPQ4/R3KB1R b Kkq - 4 16,e6f5,39,-452,413,e8g8;e8g8,e8g8;e8g8,c7c3;e6g4,-470,2
SF_Bot1nok_vs_EnyoBot_SbzD89kx.log,16,31,Black,r3k2r/1nq1bpp1/p2pbn1p/4p3/4P1PP/1NN1BP2/1PPQ4/R3KB1R b Kkq - 4 16,e8c8,40,-459,420,e8g8;e8g8,e8g8;e8g8,c7c3;e6g4,-470,2
SF_Bot1nok_vs_EnyoBot_SbzD89kx.log,16,31,Black,r3k2r/1nq1bpp1/p2pbn1p/4p3/4P1PP/1NN1BP2/1PPQ4/R3KB1R b Kkq - 4 16,f6d5,41,-464,425,e8g8;e8g8,e8g8;e8g8,c7c3;e6g4,-470,2
SF_Bot1nok_vs_EnyoBot_SbzD89kx.log,16,31,Black,r3k2r/1nq1bpp1/p2pbn1p/4p3/4P1PP/1NN1BP2/1PPQ4/R3KB1R b Kkq - 4 16,c7c3,42,-529,490,e8g8;e8g8,e8g8;e8g8,c7c3;e6g4,-470,2
SF_Bot1nok_vs_EnyoBot_SbzD89kx.log,16,31,Black,r3k2r/1nq1bpp1/p2pbn1p/4p3/4P1PP/1NN1BP2/1PPQ4/R3KB1R b Kkq - 4 16,c7c4,43,-590,551,e8g8;e8g8,e8g8;e8g8,c7c3;e6g4,-470,2
SF_Bot1nok_vs_EnyoBot_SbzD89kx.log,16,31,Black,r3k2r/1nq1bpp1/p2pbn1p/4p3/4P1PP/1NN1BP2/1PPQ4/R3KB1R b Kkq - 4 16,c7c5,44,-612,573,e8g8;e8g8,e8g8;e8g8,c7c3;e6g4,-470,2
SF_Bot1nok_vs_EnyoBot_SbzD89kx.log,16,31,Black,r3k2r/1nq1bpp1/p2pbn1p/4p3/4P1PP/1NN1BP2/1PPQ4/R3KB1R b Kkq - 4 16,c7a5,45,-672,633,e8g8;e8g8,e8g8;e8g8,c7c3;e6g4,-470,2
SF_Bot1nok_vs_EnyoBot_SbzD89kx.log,16,31,Black,r3k2r/1nq1bpp1/p2pbn1p/4p3/4P1PP/1NN1BP2/1PPQ4/R3KB1R b Kkq - 4 16,c7b6,46,-707,668,e8g8;e8g8,e8g8;e8g8,c7c3;e6g4,-470,2
stage270_vs_EnyoBot_kp3inZBb.log,19,37,Black,1r1r2k1/2p2ppp/8/p2B4/1b4b1/1P2BP2/P5PP/R2R2K1 b - - 0 19,g4e6,1,-25,0,g4f5;g4f5,g4f5;g4f5,g4f3;d8e8,-436,2
stage270_vs_EnyoBot_kp3inZBb.log,19,37,Black,1r1r2k1/2p2ppp/8/p2B4/1b4b1/1P2BP2/P5PP/R2R2K1 b - - 0 19,g4f5,2,-42,17,g4f5;g4f5,g4f5;g4f5,g4f3;d8e8,-436,2
stage270_vs_EnyoBot_kp3inZBb.log,19,37,Black,1r1r2k1/2p2ppp/8/p2B4/1b4b1/1P2BP2/P5PP/R2R2K1 b - - 0 19,g4h5,3,-99,74,g4f5;g4f5,g4f5;g4f5,g4f3;d8e8,-436,2
stage270_vs_EnyoBot_kp3inZBb.log,19,37,Black,1r1r2k1/2p2ppp/8/p2B4/1b4b1/1P2BP2/P5PP/R2R2K1 b - - 0 19,c7c6,4,-138,113,g4f5;g4f5,g4f5;g4f5,g4f3;d8e8,-436,2
stage270_vs_EnyoBot_kp3inZBb.log,19,37,Black,1r1r2k1/2p2ppp/8/p2B4/1b4b1/1P2BP2/P5PP/R2R2K1 b - - 0 19,b4c3,5,-169,144,g4f5;g4f5,g4f5;g4f5,g4f3;d8e8,-436,2
stage270_vs_EnyoBot_kp3inZBb.log,19,37,Black,1r1r2k1/2p2ppp/8/p2B4/1b4b1/1P2BP2/P5PP/R2R2K1 b - - 0 19,g4d7,6,-200,175,g4f5;g4f5,g4f5;g4f5,g4f3;d8e8,-436,2
stage270_vs_EnyoBot_kp3inZBb.log,19,37,Black,1r1r2k1/2p2ppp/8/p2B4/1b4b1/1P2BP2/P5PP/R2R2K1 b - - 0 19,d8e8,7,-233,208,g4f5;g4f5,g4f5;g4f5,g4f3;d8e8,-436,2
stage270_vs_EnyoBot_kp3inZBb.log,19,37,Black,1r1r2k1/2p2ppp/8/p2B4/1b4b1/1P2BP2/P5PP/R2R2K1 b - - 0 19,d8d5,8,-276,251,g4f5;g4f5,g4f5;g4f5,g4f3;d8e8,-436,2
stage270_vs_EnyoBot_kp3inZBb.log,19,37,Black,1r1r2k1/2p2ppp/8/p2B4/1b4b1/1P2BP2/P5PP/R2R2K1 b - - 0 19,g4c8,9,-431,406,g4f5;g4f5,g4f5;g4f5,g4f3;d8e8,-436,2
stage270_vs_EnyoBot_kp3inZBb.log,19,37,Black,1r1r2k1/2p2ppp/8/p2B4/1b4b1/1P2BP2/P5PP/R2R2K1 b - - 0 19,h7h5,10,-466,441,g4f5;g4f5,g4f5;g4f5,g4f3;d8e8,-436,2
stage270_vs_EnyoBot_kp3inZBb.log,19,37,Black,1r1r2k1/2p2ppp/8/p2B4/1b4b1/1P2BP2/P5PP/R2R2K1 b - - 0 19,g4f3,11,-468,443,g4f5;g4f5,g4f5;g4f5,g4f3;d8e8,-436,2
stage270_vs_EnyoBot_kp3inZBb.log,19,37,Black,1r1r2k1/2p2ppp/8/p2B4/1b4b1/1P2BP2/P5PP/R2R2K1 b - - 0 19,d8d7,12,-476,451,g4f5;g4f5,g4f5;g4f5,g4f3;d8e8,-436,2
stage270_vs_EnyoBot_kp3inZBb.log,19,37,Black,1r1r2k1/2p2ppp/8/p2B4/1b4b1/1P2BP2/P5PP/R2R2K1 b - - 0 19,g4h3,13,-477,452,g4f5;g4f5,g4f5;g4f5,g4f3;d8e8,-436,2
stage270_vs_EnyoBot_kp3inZBb.log,19,37,Black,1r1r2k1/2p2ppp/8/p2B4/1b4b1/1P2BP2/P5PP/R2R2K1 b - - 0 19,h7h6,14,-481,456,g4f5;g4f5,g4f5;g4f5,g4f3;d8e8,-436,2
stage270_vs_EnyoBot_kp3inZBb.log,19,37,Black,1r1r2k1/2p2ppp/8/p2B4/1b4b1/1P2BP2/P5PP/R2R2K1 b - - 0 19,a5a4,15,-481,456,g4f5;g4f5,g4f5;g4f5,g4f3;d8e8,-436,2
stage270_vs_EnyoBot_kp3inZBb.log,19,37,Black,1r1r2k1/2p2ppp/8/p2B4/1b4b1/1P2BP2/P5PP/R2R2K1 b - - 0 19,d8f8,16,-482,457,g4f5;g4f5,g4f5;g4f5,g4f3;d8e8,-436,2
stage270_vs_EnyoBot_kp3inZBb.log,19,37,Black,1r1r2k1/2p2ppp/8/p2B4/1b4b1/1P2BP2/P5PP/R2R2K1 b - - 0 19,d8d6,17,-483,458,g4f5;g4f5,g4f5;g4f5,g4f3;d8e8,-436,2
stage270_vs_EnyoBot_kp3inZBb.log,19,37,Black,1r1r2k1/2p2ppp/8/p2B4/1b4b1/1P2BP2/P5PP/R2R2K1 b - - 0 19,g7g6,18,-484,459,g4f5;g4f5,g4f5;g4f5,g4f3;d8e8,-436,2
stage270_vs_EnyoBot_kp3inZBb.log,19,37,Black,1r1r2k1/2p2ppp/8/p2B4/1b4b1/1P2BP2/P5PP/R2R2K1 b - - 0 19,g7g5,19,-490,465,g4f5;g4f5,g4f5;g4f5,g4f3;d8e8,-436,2
stage270_vs_EnyoBot_kp3inZBb.log,19,37,Black,1r1r2k1/2p2ppp/8/p2B4/1b4b1/1P2BP2/P5PP/R2R2K1 b - - 0 19,b4f8,20,-493,468,g4f5;g4f5,g4f5;g4f5,g4f3;d8e8,-436,2
stage270_vs_EnyoBot_kp3inZBb.log,19,37,Black,1r1r2k1/2p2ppp/8/p2B4/1b4b1/1P2BP2/P5PP/R2R2K1 b - - 0 19,d8c8,21,-494,469,g4f5;g4f5,g4f5;g4f5,g4f3;d8e8,-436,2
stage270_vs_EnyoBot_kp3inZBb.log,19,37,Black,1r1r2k1/2p2ppp/8/p2B4/1b4b1/1P2BP2/P5PP/R2R2K1 b - - 0 19,g8h8,22,-495,470,g4f5;g4f5,g4f5;g4f5,g4f3;d8e8,-436,2
stage270_vs_EnyoBot_kp3inZBb.log,19,37,Black,1r1r2k1/2p2ppp/8/p2B4/1b4b1/1P2BP2/P5PP/R2R2K1 b - - 0 19,b8c8,23,-495,470,g4f5;g4f5,g4f5;g4f5,g4f3;d8e8,-436,2
stage270_vs_EnyoBot_kp3inZBb.log,19,37,Black,1r1r2k1/2p2ppp/8/p2B4/1b4b1/1P2BP2/P5PP/R2R2K1 b - - 0 19,b4a3,24,-497,472,g4f5;g4f5,g4f5;g4f5,g4f3;d8e8,-436,2
stage270_vs_EnyoBot_kp3inZBb.log,19,37,Black,1r1r2k1/2p2ppp/8/p2B4/1b4b1/1P2BP2/P5PP/R2R2K1 b - - 0 19,b4d6,25,-498,473,g4f5;g4f5,g4f5;g4f5,g4f3;d8e8,-436,2
stage270_vs_EnyoBot_kp3inZBb.log,19,37,Black,1r1r2k1/2p2ppp/8/p2B4/1b4b1/1P2BP2/P5PP/R2R2K1 b - - 0 19,c7c5,26,-498,473,g4f5;g4f5,g4f5;g4f5,g4f3;d8e8,-436,2
stage270_vs_EnyoBot_kp3inZBb.log,19,37,Black,1r1r2k1/2p2ppp/8/p2B4/1b4b1/1P2BP2/P5PP/R2R2K1 b - - 0 19,b4e7,27,-499,474,g4f5;g4f5,g4f5;g4f5,g4f3;d8e8,-436,2
stage270_vs_EnyoBot_kp3inZBb.log,19,37,Black,1r1r2k1/2p2ppp/8/p2B4/1b4b1/1P2BP2/P5PP/R2R2K1 b - - 0 19,g8f8,28,-502,477,g4f5;g4f5,g4f5;g4f5,g4f3;d8e8,-436,2
stage270_vs_EnyoBot_kp3inZBb.log,19,37,Black,1r1r2k1/2p2ppp/8/p2B4/1b4b1/1P2BP2/P5PP/R2R2K1 b - - 0 19,b8b5,29,-508,483,g4f5;g4f5,g4f5;g4f5,g4f3;d8e8,-436,2
stage270_vs_EnyoBot_kp3inZBb.log,19,37,Black,1r1r2k1/2p2ppp/8/p2B4/1b4b1/1P2BP2/P5PP/R2R2K1 b - - 0 19,b4e1,30,-511,486,g4f5;g4f5,g4f5;g4f5,g4f3;d8e8,-436,2
stage270_vs_EnyoBot_kp3inZBb.log,19,37,Black,1r1r2k1/2p2ppp/8/p2B4/1b4b1/1P2BP2/P5PP/R2R2K1 b - - 0 19,b4d2,31,-532,507,g4f5;g4f5,g4f5;g4f5,g4f3;d8e8,-436,2
stage270_vs_EnyoBot_kp3inZBb.log,19,37,Black,1r1r2k1/2p2ppp/8/p2B4/1b4b1/1P2BP2/P5PP/R2R2K1 b - - 0 19,b4c5,32,-534,509,g4f5;g4f5,g4f5;g4f5,g4f3;d8e8,-436,2
stage270_vs_EnyoBot_kp3inZBb.log,19,37,Black,1r1r2k1/2p2ppp/8/p2B4/1b4b1/1P2BP2/P5PP/R2R2K1 b - - 0 19,b8a8,33,-557,532,g4f5;g4f5,g4f5;g4f5,g4f3;d8e8,-436,2
stage270_vs_EnyoBot_kp3inZBb.log,19,37,Black,1r1r2k1/2p2ppp/8/p2B4/1b4b1/1P2BP2/P5PP/R2R2K1 b - - 0 19,b8b6,34,-572,547,g4f5;g4f5,g4f5;g4f5,g4f3;d8e8,-436,2
stage270_vs_EnyoBot_kp3inZBb.log,19,37,Black,1r1r2k1/2p2ppp/8/p2B4/1b4b1/1P2BP2/P5PP/R2R2K1 b - - 0 19,b8b7,35,-613,588,g4f5;g4f5,g4f5;g4f5,g4f3;d8e8,-436,2
ArasanX_vs_EnyoBot_Q0a5I19l.log,25,49,Black,4r1k1/1pqn1pp1/4b2p/p2pP3/P2N4/4Q2P/1P1N1PP1/4R1K1 b - - 0 25,f7f6,1,-21,0,f7f6;f7f6,f7f6;f7f6,d7e5;e6h3,-390,2
ArasanX_vs_EnyoBot_Q0a5I19l.log,25,49,Black,4r1k1/1pqn1pp1/4b2p/p2pP3/P2N4/4Q2P/1P1N1PP1/4R1K1 b - - 0 25,c7b6,2,-49,28,f7f6;f7f6,f7f6;f7f6,d7e5;e6h3,-390,2
ArasanX_vs_EnyoBot_Q0a5I19l.log,25,49,Black,4r1k1/1pqn1pp1/4b2p/p2pP3/P2N4/4Q2P/1P1N1PP1/4R1K1 b - - 0 25,d7f8,3,-57,36,f7f6;f7f6,f7f6;f7f6,d7e5;e6h3,-390,2
ArasanX_vs_EnyoBot_Q0a5I19l.log,25,49,Black,4r1k1/1pqn1pp1/4b2p/p2pP3/P2N4/4Q2P/1P1N1PP1/4R1K1 b - - 0 25,b7b6,4,-63,42,f7f6;f7f6,f7f6;f7f6,d7e5;e6h3,-390,2
ArasanX_vs_EnyoBot_Q0a5I19l.log,25,49,Black,4r1k1/1pqn1pp1/4b2p/p2pP3/P2N4/4Q2P/1P1N1PP1/4R1K1 b - - 0 25,d7c5,5,-70,49,f7f6;f7f6,f7f6;f7f6,d7e5;e6h3,-390,2
ArasanX_vs_EnyoBot_Q0a5I19l.log,25,49,Black,4r1k1/1pqn1pp1/4b2p/p2pP3/P2N4/4Q2P/1P1N1PP1/4R1K1 b - - 0 25,c7c5,6,-75,54,f7f6;f7f6,f7f6;f7f6,d7e5;e6h3,-390,2
ArasanX_vs_EnyoBot_Q0a5I19l.log,25,49,Black,4r1k1/1pqn1pp1/4b2p/p2pP3/P2N4/4Q2P/1P1N1PP1/4R1K1 b - - 0 25,e8c8,7,-78,57,f7f6;f7f6,f7f6;f7f6,d7e5;e6h3,-390,2
ArasanX_vs_EnyoBot_Q0a5I19l.log,25,49,Black,4r1k1/1pqn1pp1/4b2p/p2pP3/P2N4/4Q2P/1P1N1PP1/4R1K1 b - - 0 25,d7b8,8,-78,57,f7f6;f7f6,f7f6;f7f6,d7e5;e6h3,-390,2
ArasanX_vs_EnyoBot_Q0a5I19l.log,25,49,Black,4r1k1/1pqn1pp1/4b2p/p2pP3/P2N4/4Q2P/1P1N1PP1/4R1K1 b - - 0 25,e8f8,9,-95,74,f7f6;f7f6,f7f6;f7f6,d7e5;e6h3,-390,2
ArasanX_vs_EnyoBot_Q0a5I19l.log,25,49,Black,4r1k1/1pqn1pp1/4b2p/p2pP3/P2N4/4Q2P/1P1N1PP1/4R1K1 b - - 0 25,e8b8,10,-102,81,f7f6;f7f6,f7f6;f7f6,d7e5;e6h3,-390,2
ArasanX_vs_EnyoBot_Q0a5I19l.log,25,49,Black,4r1k1/1pqn1pp1/4b2p/p2pP3/P2N4/4Q2P/1P1N1PP1/4R1K1 b - - 0 25,e8d8,11,-104,83,f7f6;f7f6,f7f6;f7f6,d7e5;e6h3,-390,2
ArasanX_vs_EnyoBot_Q0a5I19l.log,25,49,Black,4r1k1/1pqn1pp1/4b2p/p2pP3/P2N4/4Q2P/1P1N1PP1/4R1K1 b - - 0 25,e8a8,12,-108,87,f7f6;f7f6,f7f6;f7f6,d7e5;e6h3,-390,2
ArasanX_vs_EnyoBot_Q0a5I19l.log,25,49,Black,4r1k1/1pqn1pp1/4b2p/p2pP3/P2N4/4Q2P/1P1N1PP1/4R1K1 b - - 0 25,c7d8,13,-111,90,f7f6;f7f6,f7f6;f7f6,d7e5;e6h3,-390,2
ArasanX_vs_EnyoBot_Q0a5I19l.log,25,49,Black,4r1k1/1pqn1pp1/4b2p/p2pP3/P2N4/4Q2P/1P1N1PP1/4R1K1 b - - 0 25,d7b6,14,-112,91,f7f6;f7f6,f7f6;f7f6,d7e5;e6h3,-390,2
ArasanX_vs_EnyoBot_Q0a5I19l.log,25,49,Black,4r1k1/1pqn1pp1/4b2p/p2pP3/P2N4/4Q2P/1P1N1PP1/4R1K1 b - - 0 25,g8h7,15,-122,101,f7f6;f7f6,f7f6;f7f6,d7e5;e6h3,-390,2
ArasanX_vs_EnyoBot_Q0a5I19l.log,25,49,Black,4r1k1/1pqn1pp1/4b2p/p2pP3/P2N4/4Q2P/1P1N1PP1/4R1K1 b - - 0 25,c7c8,16,-125,104,f7f6;f7f6,f7f6;f7f6,d7e5;e6h3,-390,2
ArasanX_vs_EnyoBot_Q0a5I19l.log,25,49,Black,4r1k1/1pqn1pp1/4b2p/p2pP3/P2N4/4Q2P/1P1N1PP1/4R1K1 b - - 0 25,g8h8,17,-129,108,f7f6;f7f6,f7f6;f7f6,d7e5;e6h3,-390,2
ArasanX_vs_EnyoBot_Q0a5I19l.log,25,49,Black,4r1k1/1pqn1pp1/4b2p/p2pP3/P2N4/4Q2P/1P1N1PP1/4R1K1 b - - 0 25,e6f5,18,-132,111,f7f6;f7f6,f7f6;f7f6,d7e5;e6h3,-390,2
ArasanX_vs_EnyoBot_Q0a5I19l.log,25,49,Black,4r1k1/1pqn1pp1/4b2p/p2pP3/P2N4/4Q2P/1P1N1PP1/4R1K1 b - - 0 25,e8e7,19,-133,112,f7f6;f7f6,f7f6;f7f6,d7e5;e6h3,-390,2
ArasanX_vs_EnyoBot_Q0a5I19l.log,25,49,Black,4r1k1/1pqn1pp1/4b2p/p2pP3/P2N4/4Q2P/1P1N1PP1/4R1K1 b - - 0 25,c7b8,20,-141,120,f7f6;f7f6,f7f6;f7f6,d7e5;e6h3,-390,2
ArasanX_vs_EnyoBot_Q0a5I19l.log,25,49,Black,4r1k1/1pqn1pp1/4b2p/p2pP3/P2N4/4Q2P/1P1N1PP1/4R1K1 b - - 0 25,g8f8,21,-156,135,f7f6;f7f6,f7f6;f7f6,d7e5;e6h3,-390,2
ArasanX_vs_EnyoBot_Q0a5I19l.log,25,49,Black,4r1k1/1pqn1pp1/4b2p/p2pP3/P2N4/4Q2P/1P1N1PP1/4R1K1 b - - 0 25,g7g5,22,-158,137,f7f6;f7f6,f7f6;f7f6,d7e5;e6h3,-390,2
ArasanX_vs_EnyoBot_Q0a5I19l.log,25,49,Black,4r1k1/1pqn1pp1/4b2p/p2pP3/P2N4/4Q2P/1P1N1PP1/4R1K1 b - - 0 25,h6h5,23,-160,139,f7f6;f7f6,f7f6;f7f6,d7e5;e6h3,-390,2
ArasanX_vs_EnyoBot_Q0a5I19l.log,25,49,Black,4r1k1/1pqn1pp1/4b2p/p2pP3/P2N4/4Q2P/1P1N1PP1/4R1K1 b - - 0 25,g7g6,24,-187,166,f7f6;f7f6,f7f6;f7f6,d7e5;e6h3,-390,2
ArasanX_vs_EnyoBot_Q0a5I19l.log,25,49,Black,4r1k1/1pqn1pp1/4b2p/p2pP3/P2N4/4Q2P/1P1N1PP1/4R1K1 b - - 0 25,e6g4,25,-190,169,f7f6;f7f6,f7f6;f7f6,d7e5;e6h3,-390,2
ArasanX_vs_EnyoBot_Q0a5I19l.log,25,49,Black,4r1k1/1pqn1pp1/4b2p/p2pP3/P2N4/4Q2P/1P1N1PP1/4R1K1 b - - 0 25,f7f5,26,-190,169,f7f6;f7f6,f7f6;f7f6,d7e5;e6h3,-390,2
ArasanX_vs_EnyoBot_Q0a5I19l.log,25,49,Black,4r1k1/1pqn1pp1/4b2p/p2pP3/P2N4/4Q2P/1P1N1PP1/4R1K1 b - - 0 25,b7b5,27,-193,172,f7f6;f7f6,f7f6;f7f6,d7e5;e6h3,-390,2
ArasanX_vs_EnyoBot_Q0a5I19l.log,25,49,Black,4r1k1/1pqn1pp1/4b2p/p2pP3/P2N4/4Q2P/1P1N1PP1/4R1K1 b - - 0 25,d7f6,28,-247,226,f7f6;f7f6,f7f6;f7f6,d7e5;e6h3,-390,2
ArasanX_vs_EnyoBot_Q0a5I19l.log,25,49,Black,4r1k1/1pqn1pp1/4b2p/p2pP3/P2N4/4Q2P/1P1N1PP1/4R1K1 b - - 0 25,e6h3,29,-348,327,f7f6;f7f6,f7f6;f7f6,d7e5;e6h3,-390,2
ArasanX_vs_EnyoBot_Q0a5I19l.log,25,49,Black,4r1k1/1pqn1pp1/4b2p/p2pP3/P2N4/4Q2P/1P1N1PP1/4R1K1 b - - 0 25,d7e5,30,-418,397,f7f6;f7f6,f7f6;f7f6,d7e5;e6h3,-390,2
ArasanX_vs_EnyoBot_Q0a5I19l.log,25,49,Black,4r1k1/1pqn1pp1/4b2p/p2pP3/P2N4/4Q2P/1P1N1PP1/4R1K1 b - - 0 25,c7e5,31,-423,402,f7f6;f7f6,f7f6;f7f6,d7e5;e6h3,-390,2
ArasanX_vs_EnyoBot_Q0a5I19l.log,25,49,Black,4r1k1/1pqn1pp1/4b2p/p2pP3/P2N4/4Q2P/1P1N1PP1/4R1K1 b - - 0 25,c7c6,32,-561,540,f7f6;f7f6,f7f6;f7f6,d7e5;e6h3,-390,2
ArasanX_vs_EnyoBot_Q0a5I19l.log,25,49,Black,4r1k1/1pqn1pp1/4b2p/p2pP3/P2N4/4Q2P/1P1N1PP1/4R1K1 b - - 0 25,c7c4,33,-600,579,f7f6;f7f6,f7f6;f7f6,d7e5;e6h3,-390,2
ArasanX_vs_EnyoBot_Q0a5I19l.log,25,49,Black,4r1k1/1pqn1pp1/4b2p/p2pP3/P2N4/4Q2P/1P1N1PP1/4R1K1 b - - 0 25,c7c2,34,-673,652,f7f6;f7f6,f7f6;f7f6,d7e5;e6h3,-390,2
ArasanX_vs_EnyoBot_Q0a5I19l.log,25,49,Black,4r1k1/1pqn1pp1/4b2p/p2pP3/P2N4/4Q2P/1P1N1PP1/4R1K1 b - - 0 25,c7c1,35,-691,670,f7f6;f7f6,f7f6;f7f6,d7e5;e6h3,-390,2
ArasanX_vs_EnyoBot_Q0a5I19l.log,25,49,Black,4r1k1/1pqn1pp1/4b2p/p2pP3/P2N4/4Q2P/1P1N1PP1/4R1K1 b - - 0 25,c7c3,36,-712,691,f7f6;f7f6,f7f6;f7f6,d7e5;e6h3,-390,2
ArasanX_vs_EnyoBot_Q0a5I19l.log,25,49,Black,4r1k1/1pqn1pp1/4b2p/p2pP3/P2N4/4Q2P/1P1N1PP1/4R1K1 b - - 0 25,c7d6,37,-736,715,f7f6;f7f6,f7f6;f7f6,d7e5;e6h3,-390,2
ArasanX_vs_EnyoBot_Q0a5I19l.log,88,175,Black,8/8/8/5K2/k3N1P1/8/8/8 b - - 2 88,a4b5,1,-31990,0,a4b3;a4b3,a4b3;a4b3,a4b5;a4b5,-362,2
ArasanX_vs_EnyoBot_Q0a5I19l.log,88,175,Black,8/8/8/5K2/k3N1P1/8/8/8 b - - 2 88,a4a5,2,-31990,0,a4b3;a4b3,a4b3;a4b3,a4b5;a4b5,-362,2
ArasanX_vs_EnyoBot_Q0a5I19l.log,88,175,Black,8/8/8/5K2/k3N1P1/8/8/8 b - - 2 88,a4b4,3,-31990,0,a4b3;a4b3,a4b3;a4b3,a4b5;a4b5,-362,2
ArasanX_vs_EnyoBot_Q0a5I19l.log,88,175,Black,8/8/8/5K2/k3N1P1/8/8/8 b - - 2 88,a4b3,4,-31990,0,a4b3;a4b3,a4b3;a4b3,a4b5;a4b5,-362,2
ArasanX_vs_EnyoBot_Q0a5I19l.log,88,175,Black,8/8/8/5K2/k3N1P1/8/8/8 b - - 2 88,a4a3,5,-31990,0,a4b3;a4b3,a4b3;a4b3,a4b5;a4b5,-362,2
ArasanX_vs_EnyoBot_Q0a5I19l.log,23,45,Black,3qr1k1/1p1n1pp1/1b2b2p/p2pP3/P2B4/2Q4P/1P1NNPP1/4R1K1 b - - 0 23,f7f6,1,-20,0,d7b8;d7b8;d7b8,d8c7;d8c7;d8c7,d8g5;d7e5;d7e5,-334,3
ArasanX_vs_EnyoBot_Q0a5I19l.log,23,45,Black,3qr1k1/1p1n1pp1/1b2b2p/p2pP3/P2B4/2Q4P/1P1NNPP1/4R1K1 b - - 0 23,d8c7,2,-22,2,d7b8;d7b8;d7b8,d8c7;d8c7;d8c7,d8g5;d7e5;d7e5,-334,3
ArasanX_vs_EnyoBot_Q0a5I19l.log,23,45,Black,3qr1k1/1p1n1pp1/1b2b2p/p2pP3/P2B4/2Q4P/1P1NNPP1/4R1K1 b - - 0 23,d7b8,3,-30,10,d7b8;d7b8;d7b8,d8c7;d8c7;d8c7,d8g5;d7e5;d7e5,-334,3
ArasanX_vs_EnyoBot_Q0a5I19l.log,23,45,Black,3qr1k1/1p1n1pp1/1b2b2p/p2pP3/P2B4/2Q4P/1P1NNPP1/4R1K1 b - - 0 23,e6f5,4,-31,11,d7b8;d7b8;d7b8,d8c7;d8c7;d8c7,d8g5;d7e5;d7e5,-334,3
ArasanX_vs_EnyoBot_Q0a5I19l.log,23,45,Black,3qr1k1/1p1n1pp1/1b2b2p/p2pP3/P2B4/2Q4P/1P1NNPP1/4R1K1 b - - 0 23,d8c8,5,-32,12,d7b8;d7b8;d7b8,d8c7;d8c7;d8c7,d8g5;d7e5;d7e5,-334,3
ArasanX_vs_EnyoBot_Q0a5I19l.log,23,45,Black,3qr1k1/1p1n1pp1/1b2b2p/p2pP3/P2B4/2Q4P/1P1NNPP1/4R1K1 b - - 0 23,d7f8,6,-33,13,d7b8;d7b8;d7b8,d8c7;d8c7;d8c7,d8g5;d7e5;d7e5,-334,3
ArasanX_vs_EnyoBot_Q0a5I19l.log,23,45,Black,3qr1k1/1p1n1pp1/1b2b2p/p2pP3/P2B4/2Q4P/1P1NNPP1/4R1K1 b - - 0 23,b6c7,7,-37,17,d7b8;d7b8;d7b8,d8c7;d8c7;d8c7,d8g5;d7e5;d7e5,-334,3
ArasanX_vs_EnyoBot_Q0a5I19l.log,23,45,Black,3qr1k1/1p1n1pp1/1b2b2p/p2pP3/P2B4/2Q4P/1P1NNPP1/4R1K1 b - - 0 23,b6d4,8,-41,21,d7b8;d7b8;d7b8,d8c7;d8c7;d8c7,d8g5;d7e5;d7e5,-334,3
ArasanX_vs_EnyoBot_Q0a5I19l.log,23,45,Black,3qr1k1/1p1n1pp1/1b2b2p/p2pP3/P2B4/2Q4P/1P1NNPP1/4R1K1 b - - 0 23,e8f8,9,-58,38,d7b8;d7b8;d7b8,d8c7;d8c7;d8c7,d8g5;d7e5;d7e5,-334,3
ArasanX_vs_EnyoBot_Q0a5I19l.log,23,45,Black,3qr1k1/1p1n1pp1/1b2b2p/p2pP3/P2B4/2Q4P/1P1NNPP1/4R1K1 b - - 0 23,e8e7,10,-58,38,d7b8;d7b8;d7b8,d8c7;d8c7;d8c7,d8g5;d7e5;d7e5,-334,3
ArasanX_vs_EnyoBot_Q0a5I19l.log,23,45,Black,3qr1k1/1p1n1pp1/1b2b2p/p2pP3/P2B4/2Q4P/1P1NNPP1/4R1K1 b - - 0 23,g8h8,11,-61,41,d7b8;d7b8;d7b8,d8c7;d8c7;d8c7,d8g5;d7e5;d7e5,-334,3
ArasanX_vs_EnyoBot_Q0a5I19l.log,23,45,Black,3qr1k1/1p1n1pp1/1b2b2p/p2pP3/P2B4/2Q4P/1P1NNPP1/4R1K1 b - - 0 23,h6h5,12,-65,45,d7b8;d7b8;d7b8,d8c7;d8c7;d8c7,d8g5;d7e5;d7e5,-334,3
ArasanX_vs_EnyoBot_Q0a5I19l.log,23,45,Black,3qr1k1/1p1n1pp1/1b2b2p/p2pP3/P2B4/2Q4P/1P1NNPP1/4R1K1 b - - 0 23,g8h7,13,-67,47,d7b8;d7b8;d7b8,d8c7;d8c7;d8c7,d8g5;d7e5;d7e5,-334,3
ArasanX_vs_EnyoBot_Q0a5I19l.log,23,45,Black,3qr1k1/1p1n1pp1/1b2b2p/p2pP3/P2B4/2Q4P/1P1NNPP1/4R1K1 b - - 0 23,g8f8,14,-74,54,d7b8;d7b8;d7b8,d8c7;d8c7;d8c7,d8g5;d7e5;d7e5,-334,3
ArasanX_vs_EnyoBot_Q0a5I19l.log,23,45,Black,3qr1k1/1p1n1pp1/1b2b2p/p2pP3/P2B4/2Q4P/1P1NNPP1/4R1K1 b - - 0 23,d8a8,15,-80,60,d7b8;d7b8;d7b8,d8c7;d8c7;d8c7,d8g5;d7e5;d7e5,-334,3
ArasanX_vs_EnyoBot_Q0a5I19l.log,23,45,Black,3qr1k1/1p1n1pp1/1b2b2p/p2pP3/P2B4/2Q4P/1P1NNPP1/4R1K1 b - - 0 23,g7g6,16,-82,62,d7b8;d7b8;d7b8,d8c7;d8c7;d8c7,d8g5;d7e5;d7e5,-334,3
ArasanX_vs_EnyoBot_Q0a5I19l.log,23,45,Black,3qr1k1/1p1n1pp1/1b2b2p/p2pP3/P2B4/2Q4P/1P1NNPP1/4R1K1 b - - 0 23,g7g5,17,-85,65,d7b8;d7b8;d7b8,d8c7;d8c7;d8c7,d8g5;d7e5;d7e5,-334,3
ArasanX_vs_EnyoBot_Q0a5I19l.log,23,45,Black,3qr1k1/1p1n1pp1/1b2b2p/p2pP3/P2B4/2Q4P/1P1NNPP1/4R1K1 b - - 0 23,d8e7,18,-101,81,d7b8;d7b8;d7b8,d8c7;d8c7;d8c7,d8g5;d7e5;d7e5,-334,3
ArasanX_vs_EnyoBot_Q0a5I19l.log,23,45,Black,3qr1k1/1p1n1pp1/1b2b2p/p2pP3/P2B4/2Q4P/1P1NNPP1/4R1K1 b - - 0 23,d8b8,19,-152,132,d7b8;d7b8;d7b8,d8c7;d8c7;d8c7,d8g5;d7e5;d7e5,-334,3
ArasanX_vs_EnyoBot_Q0a5I19l.log,23,45,Black,3qr1k1/1p1n1pp1/1b2b2p/p2pP3/P2B4/2Q4P/1P1NNPP1/4R1K1 b - - 0 23,d8h4,20,-152,132,d7b8;d7b8;d7b8,d8c7;d8c7;d8c7,d8g5;d7e5;d7e5,-334,3
ArasanX_vs_EnyoBot_Q0a5I19l.log,23,45,Black,3qr1k1/1p1n1pp1/1b2b2p/p2pP3/P2B4/2Q4P/1P1NNPP1/4R1K1 b - - 0 23,f7f5,21,-169,149,d7b8;d7b8;d7b8,d8c7;d8c7;d8c7,d8g5;d7e5;d7e5,-334,3
ArasanX_vs_EnyoBot_Q0a5I19l.log,23,45,Black,3qr1k1/1p1n1pp1/1b2b2p/p2pP3/P2B4/2Q4P/1P1NNPP1/4R1K1 b - - 0 23,d8g5,22,-206,186,d7b8;d7b8;d7b8,d8c7;d8c7;d8c7,d8g5;d7e5;d7e5,-334,3
ArasanX_vs_EnyoBot_Q0a5I19l.log,23,45,Black,3qr1k1/1p1n1pp1/1b2b2p/p2pP3/P2B4/2Q4P/1P1NNPP1/4R1K1 b - - 0 23,e6h3,23,-315,295,d7b8;d7b8;d7b8,d8c7;d8c7;d8c7,d8g5;d7e5;d7e5,-334,3
ArasanX_vs_EnyoBot_Q0a5I19l.log,23,45,Black,3qr1k1/1p1n1pp1/1b2b2p/p2pP3/P2B4/2Q4P/1P1NNPP1/4R1K1 b - - 0 23,b6a7,24,-346,326,d7b8;d7b8;d7b8,d8c7;d8c7;d8c7,d8g5;d7e5;d7e5,-334,3
ArasanX_vs_EnyoBot_Q0a5I19l.log,23,45,Black,3qr1k1/1p1n1pp1/1b2b2p/p2pP3/P2B4/2Q4P/1P1NNPP1/4R1K1 b - - 0 23,d7e5,25,-352,332,d7b8;d7b8;d7b8,d8c7;d8c7;d8c7,d8g5;d7e5;d7e5,-334,3
ArasanX_vs_EnyoBot_Q0a5I19l.log,23,45,Black,3qr1k1/1p1n1pp1/1b2b2p/p2pP3/P2B4/2Q4P/1P1NNPP1/4R1K1 b - - 0 23,e6g4,26,-424,404,d7b8;d7b8;d7b8,d8c7;d8c7;d8c7,d8g5;d7e5;d7e5,-334,3
ArasanX_vs_EnyoBot_Q0a5I19l.log,23,45,Black,3qr1k1/1p1n1pp1/1b2b2p/p2pP3/P2B4/2Q4P/1P1NNPP1/4R1K1 b - - 0 23,b6c5,27,-435,415,d7b8;d7b8;d7b8,d8c7;d8c7;d8c7,d8g5;d7e5;d7e5,-334,3
ArasanX_vs_EnyoBot_Q0a5I19l.log,23,45,Black,3qr1k1/1p1n1pp1/1b2b2p/p2pP3/P2B4/2Q4P/1P1NNPP1/4R1K1 b - - 0 23,d7c5,28,-457,437,d7b8;d7b8;d7b8,d8c7;d8c7;d8c7,d8g5;d7e5;d7e5,-334,3
ArasanX_vs_EnyoBot_Q0a5I19l.log,23,45,Black,3qr1k1/1p1n1pp1/1b2b2p/p2pP3/P2B4/2Q4P/1P1NNPP1/4R1K1 b - - 0 23,d7f6,29,-473,453,d7b8;d7b8;d7b8,d8c7;d8c7;d8c7,d8g5;d7e5;d7e5,-334,3
ArasanX_vs_EnyoBot_Q0a5I19l.log,23,45,Black,3qr1k1/1p1n1pp1/1b2b2p/p2pP3/P2B4/2Q4P/1P1NNPP1/4R1K1 b - - 0 23,d8f6,30,-661,641,d7b8;d7b8;d7b8,d8c7;d8c7;d8c7,d8g5;d7e5;d7e5,-334,3
SF_Bot1nok_vs_EnyoBot_SbzD89kx.log,51,101,Black,8/8/6k1/5r2/2P5/3NK3/8/Q7 b - - 6 51,g6h7,1,-655,0,g6h7;g6h7;g6h7,g6f7;g6f7;g6f7,f5g5;f5f8;f5g5,-294,3
SF_Bot1nok_vs_EnyoBot_SbzD89kx.log,51,101,Black,8/8/6k1/5r2/2P5/3NK3/8/Q7 b - - 6 51,g6f7,2,-727,72,g6h7;g6h7;g6h7,g6f7;g6f7;g6f7,f5g5;f5f8;f5g5,-294,3
SF_Bot1nok_vs_EnyoBot_SbzD89kx.log,51,101,Black,8/8/6k1/5r2/2P5/3NK3/8/Q7 b - - 6 51,f5f8,3,-797,142,g6h7;g6h7;g6h7,g6f7;g6f7;g6f7,f5g5;f5f8;f5g5,-294,3
SF_Bot1nok_vs_EnyoBot_SbzD89kx.log,51,101,Black,8/8/6k1/5r2/2P5/3NK3/8/Q7 b - - 6 51,f5g5,4,-860,205,g6h7;g6h7;g6h7,g6f7;g6f7;g6f7,f5g5;f5f8;f5g5,-294,3
SF_Bot1nok_vs_EnyoBot_SbzD89kx.log,51,101,Black,8/8/6k1/5r2/2P5/3NK3/8/Q7 b - - 6 51,f5f6,5,-878,223,g6h7;g6h7;g6h7,g6f7;g6f7;g6f7,f5g5;f5f8;f5g5,-294,3
SF_Bot1nok_vs_EnyoBot_SbzD89kx.log,51,101,Black,8/8/6k1/5r2/2P5/3NK3/8/Q7 b - - 6 51,g6h6,6,-31987,31332,g6h7;g6h7;g6h7,g6f7;g6f7;g6f7,f5g5;f5f8;f5g5,-294,3
SF_Bot1nok_vs_EnyoBot_SbzD89kx.log,51,101,Black,8/8/6k1/5r2/2P5/3NK3/8/Q7 b - - 6 51,f5f7,7,-31990,31335,g6h7;g6h7;g6h7,g6f7;g6f7;g6f7,f5g5;f5f8;f5g5,-294,3
SF_Bot1nok_vs_EnyoBot_SbzD89kx.log,51,101,Black,8/8/6k1/5r2/2P5/3NK3/8/Q7 b - - 6 51,g6h5,8,-31992,31337,g6h7;g6h7;g6h7,g6f7;g6f7;g6f7,f5g5;f5f8;f5g5,-294,3
SF_Bot1nok_vs_EnyoBot_SbzD89kx.log,51,101,Black,8/8/6k1/5r2/2P5/3NK3/8/Q7 b - - 6 51,f5h5,9,-31992,31337,g6h7;g6h7;g6h7,g6f7;g6f7;g6f7,f5g5;f5f8;f5g5,-294,3
SF_Bot1nok_vs_EnyoBot_SbzD89kx.log,51,101,Black,8/8/6k1/5r2/2P5/3NK3/8/Q7 b - - 6 51,g6g5,10,-31993,31338,g6h7;g6h7;g6h7,g6f7;g6f7;g6f7,f5g5;f5f8;f5g5,-294,3
SF_Bot1nok_vs_EnyoBot_SbzD89kx.log,51,101,Black,8/8/6k1/5r2/2P5/3NK3/8/Q7 b - - 6 51,f5b5,11,-31993,31338,g6h7;g6h7;g6h7,g6f7;g6f7;g6f7,f5g5;f5f8;f5g5,-294,3
SF_Bot1nok_vs_EnyoBot_SbzD89kx.log,51,101,Black,8/8/6k1/5r2/2P5/3NK3/8/Q7 b - - 6 51,f5a5,12,-31993,31338,g6h7;g6h7;g6h7,g6f7;g6f7;g6f7,f5g5;f5f8;f5g5,-294,3
SF_Bot1nok_vs_EnyoBot_SbzD89kx.log,51,101,Black,8/8/6k1/5r2/2P5/3NK3/8/Q7 b - - 6 51,f5f3,13,-31993,31338,g6h7;g6h7;g6h7,g6f7;g6f7;g6f7,f5g5;f5f8;f5g5,-294,3
SF_Bot1nok_vs_EnyoBot_SbzD89kx.log,51,101,Black,8/8/6k1/5r2/2P5/3NK3/8/Q7 b - - 6 51,f5f2,14,-31993,31338,g6h7;g6h7;g6h7,g6f7;g6f7;g6f7,f5g5;f5f8;f5g5,-294,3
SF_Bot1nok_vs_EnyoBot_SbzD89kx.log,51,101,Black,8/8/6k1/5r2/2P5/3NK3/8/Q7 b - - 6 51,f5e5,15,-31994,31339,g6h7;g6h7;g6h7,g6f7;g6f7;g6f7,f5g5;f5f8;f5g5,-294,3
SF_Bot1nok_vs_EnyoBot_SbzD89kx.log,51,101,Black,8/8/6k1/5r2/2P5/3NK3/8/Q7 b - - 6 51,f5d5,16,-31994,31339,g6h7;g6h7;g6h7,g6f7;g6f7;g6f7,f5g5;f5f8;f5g5,-294,3
SF_Bot1nok_vs_EnyoBot_SbzD89kx.log,51,101,Black,8/8/6k1/5r2/2P5/3NK3/8/Q7 b - - 6 51,f5c5,17,-31994,31339,g6h7;g6h7;g6h7,g6f7;g6f7;g6f7,f5g5;f5f8;f5g5,-294,3
SF_Bot1nok_vs_EnyoBot_SbzD89kx.log,51,101,Black,8/8/6k1/5r2/2P5/3NK3/8/Q7 b - - 6 51,f5f4,18,-31994,31339,g6h7;g6h7;g6h7,g6f7;g6f7;g6f7,f5g5;f5f8;f5g5,-294,3
SF_Bot1nok_vs_EnyoBot_SbzD89kx.log,51,101,Black,8/8/6k1/5r2/2P5/3NK3/8/Q7 b - - 6 51,f5f1,19,-31995,31340,g6h7;g6h7;g6h7,g6f7;g6f7;g6f7,f5g5;f5f8;f5g5,-294,3
CloudNetBot_vs_EnyoBot_KTS7zzI9.log,8,15,Black,r1bqk2r/ppp2ppp/2n2P2/2bp4/8/2Pp1N2/PP2BPPP/RNBQK2R b KQkq - 0 8,d3e2,1,-17,0,d3e2;d3e2,d3e2;d3e2,d8f6;d8f6,-280,2
CloudNetBot_vs_EnyoBot_KTS7zzI9.log,8,15,Black,r1bqk2r/ppp2ppp/2n2P2/2bp4/8/2Pp1N2/PP2BPPP/RNBQK2R b KQkq - 0 8,e8g8,2,-331,314,d3e2;d3e2,d3e2;d3e2,d8f6;d8f6,-280,2
CloudNetBot_vs_EnyoBot_KTS7zzI9.log,8,15,Black,r1bqk2r/ppp2ppp/2n2P2/2bp4/8/2Pp1N2/PP2BPPP/RNBQK2R b KQkq - 0 8,d8f6,3,-343,326,d3e2;d3e2,d3e2;d3e2,d8f6;d8f6,-280,2
CloudNetBot_vs_EnyoBot_KTS7zzI9.log,8,15,Black,r1bqk2r/ppp2ppp/2n2P2/2bp4/8/2Pp1N2/PP2BPPP/RNBQK2R b KQkq - 0 8,c8f5,4,-352,335,d3e2;d3e2,d3e2;d3e2,d8f6;d8f6,-280,2
CloudNetBot_vs_EnyoBot_KTS7zzI9.log,8,15,Black,r1bqk2r/ppp2ppp/2n2P2/2bp4/8/2Pp1N2/PP2BPPP/RNBQK2R b KQkq - 0 8,c8g4,5,-357,340,d3e2;d3e2,d3e2;d3e2,d8f6;d8f6,-280,2
CloudNetBot_vs_EnyoBot_KTS7zzI9.log,8,15,Black,r1bqk2r/ppp2ppp/2n2P2/2bp4/8/2Pp1N2/PP2BPPP/RNBQK2R b KQkq - 0 8,g7g5,6,-362,345,d3e2;d3e2,d3e2;d3e2,d8f6;d8f6,-280,2
CloudNetBot_vs_EnyoBot_KTS7zzI9.log,8,15,Black,r1bqk2r/ppp2ppp/2n2P2/2bp4/8/2Pp1N2/PP2BPPP/RNBQK2R b KQkq - 0 8,d8d6,7,-369,352,d3e2;d3e2,d3e2;d3e2,d8f6;d8f6,-280,2
CloudNetBot_vs_EnyoBot_KTS7zzI9.log,8,15,Black,r1bqk2r/ppp2ppp/2n2P2/2bp4/8/2Pp1N2/PP2BPPP/RNBQK2R b KQkq - 0 8,h7h6,8,-370,353,d3e2;d3e2,d3e2;d3e2,d8f6;d8f6,-280,2
CloudNetBot_vs_EnyoBot_KTS7zzI9.log,8,15,Black,r1bqk2r/ppp2ppp/2n2P2/2bp4/8/2Pp1N2/PP2BPPP/RNBQK2R b KQkq - 0 8,c5b6,9,-376,359,d3e2;d3e2,d3e2;d3e2,d8f6;d8f6,-280,2
CloudNetBot_vs_EnyoBot_KTS7zzI9.log,8,15,Black,r1bqk2r/ppp2ppp/2n2P2/2bp4/8/2Pp1N2/PP2BPPP/RNBQK2R b KQkq - 0 8,g7f6,10,-376,359,d3e2;d3e2,d3e2;d3e2,d8f6;d8f6,-280,2
CloudNetBot_vs_EnyoBot_KTS7zzI9.log,8,15,Black,r1bqk2r/ppp2ppp/2n2P2/2bp4/8/2Pp1N2/PP2BPPP/RNBQK2R b KQkq - 0 8,c8e6,11,-384,367,d3e2;d3e2,d3e2;d3e2,d8f6;d8f6,-280,2
CloudNetBot_vs_EnyoBot_KTS7zzI9.log,8,15,Black,r1bqk2r/ppp2ppp/2n2P2/2bp4/8/2Pp1N2/PP2BPPP/RNBQK2R b KQkq - 0 8,c5d6,12,-387,370,d3e2;d3e2,d3e2;d3e2,d8f6;d8f6,-280,2
CloudNetBot_vs_EnyoBot_KTS7zzI9.log,8,15,Black,r1bqk2r/ppp2ppp/2n2P2/2bp4/8/2Pp1N2/PP2BPPP/RNBQK2R b KQkq - 0 8,a7a5,13,-391,374,d3e2;d3e2,d3e2;d3e2,d8f6;d8f6,-280,2
CloudNetBot_vs_EnyoBot_KTS7zzI9.log,8,15,Black,r1bqk2r/ppp2ppp/2n2P2/2bp4/8/2Pp1N2/PP2BPPP/RNBQK2R b KQkq - 0 8,g7g6,14,-395,378,d3e2;d3e2,d3e2;d3e2,d8f6;d8f6,-280,2
CloudNetBot_vs_EnyoBot_KTS7zzI9.log,8,15,Black,r1bqk2r/ppp2ppp/2n2P2/2bp4/8/2Pp1N2/PP2BPPP/RNBQK2R b KQkq - 0 8,a7a6,15,-395,378,d3e2;d3e2,d3e2;d3e2,d8f6;d8f6,-280,2
CloudNetBot_vs_EnyoBot_KTS7zzI9.log,8,15,Black,r1bqk2r/ppp2ppp/2n2P2/2bp4/8/2Pp1N2/PP2BPPP/RNBQK2R b KQkq - 0 8,h7h5,16,-395,378,d3e2;d3e2,d3e2;d3e2,d8f6;d8f6,-280,2
CloudNetBot_vs_EnyoBot_KTS7zzI9.log,8,15,Black,r1bqk2r/ppp2ppp/2n2P2/2bp4/8/2Pp1N2/PP2BPPP/RNBQK2R b KQkq - 0 8,c8d7,17,-396,379,d3e2;d3e2,d3e2;d3e2,d8f6;d8f6,-280,2
CloudNetBot_vs_EnyoBot_KTS7zzI9.log,8,15,Black,r1bqk2r/ppp2ppp/2n2P2/2bp4/8/2Pp1N2/PP2BPPP/RNBQK2R b KQkq - 0 8,h8g8,18,-399,382,d3e2;d3e2,d3e2;d3e2,d8f6;d8f6,-280,2
CloudNetBot_vs_EnyoBot_KTS7zzI9.log,8,15,Black,r1bqk2r/ppp2ppp/2n2P2/2bp4/8/2Pp1N2/PP2BPPP/RNBQK2R b KQkq - 0 8,d8d7,19,-409,392,d3e2;d3e2,d3e2;d3e2,d8f6;d8f6,-280,2
CloudNetBot_vs_EnyoBot_KTS7zzI9.log,8,15,Black,r1bqk2r/ppp2ppp/2n2P2/2bp4/8/2Pp1N2/PP2BPPP/RNBQK2R b KQkq - 0 8,d5d4,20,-410,393,d3e2;d3e2,d3e2;d3e2,d8f6;d8f6,-280,2
CloudNetBot_vs_EnyoBot_KTS7zzI9.log,8,15,Black,r1bqk2r/ppp2ppp/2n2P2/2bp4/8/2Pp1N2/PP2BPPP/RNBQK2R b KQkq - 0 8,d3d2,21,-410,393,d3e2;d3e2,d3e2;d3e2,d8f6;d8f6,-280,2
CloudNetBot_vs_EnyoBot_KTS7zzI9.log,8,15,Black,r1bqk2r/ppp2ppp/2n2P2/2bp4/8/2Pp1N2/PP2BPPP/RNBQK2R b KQkq - 0 8,b7b6,22,-412,395,d3e2;d3e2,d3e2;d3e2,d8f6;d8f6,-280,2
CloudNetBot_vs_EnyoBot_KTS7zzI9.log,8,15,Black,r1bqk2r/ppp2ppp/2n2P2/2bp4/8/2Pp1N2/PP2BPPP/RNBQK2R b KQkq - 0 8,c6e5,23,-424,407,d3e2;d3e2,d3e2;d3e2,d8f6;d8f6,-280,2
CloudNetBot_vs_EnyoBot_KTS7zzI9.log,8,15,Black,r1bqk2r/ppp2ppp/2n2P2/2bp4/8/2Pp1N2/PP2BPPP/RNBQK2R b KQkq - 0 8,c5f8,24,-427,410,d3e2;d3e2,d3e2;d3e2,d8f6;d8f6,-280,2
CloudNetBot_vs_EnyoBot_KTS7zzI9.log,8,15,Black,r1bqk2r/ppp2ppp/2n2P2/2bp4/8/2Pp1N2/PP2BPPP/RNBQK2R b KQkq - 0 8,c8h3,25,-428,411,d3e2;d3e2,d3e2;d3e2,d8f6;d8f6,-280,2
CloudNetBot_vs_EnyoBot_KTS7zzI9.log,8,15,Black,r1bqk2r/ppp2ppp/2n2P2/2bp4/8/2Pp1N2/PP2BPPP/RNBQK2R b KQkq - 0 8,a8b8,26,-433,416,d3e2;d3e2,d3e2;d3e2,d8f6;d8f6,-280,2
CloudNetBot_vs_EnyoBot_KTS7zzI9.log,8,15,Black,r1bqk2r/ppp2ppp/2n2P2/2bp4/8/2Pp1N2/PP2BPPP/RNBQK2R b KQkq - 0 8,h8f8,27,-434,417,d3e2;d3e2,d3e2;d3e2,d8f6;d8f6,-280,2
CloudNetBot_vs_EnyoBot_KTS7zzI9.log,8,15,Black,r1bqk2r/ppp2ppp/2n2P2/2bp4/8/2Pp1N2/PP2BPPP/RNBQK2R b KQkq - 0 8,c5e3,28,-436,419,d3e2;d3e2,d3e2;d3e2,d8f6;d8f6,-280,2
CloudNetBot_vs_EnyoBot_KTS7zzI9.log,8,15,Black,r1bqk2r/ppp2ppp/2n2P2/2bp4/8/2Pp1N2/PP2BPPP/RNBQK2R b KQkq - 0 8,c5f2,29,-436,419,d3e2;d3e2,d3e2;d3e2,d8f6;d8f6,-280,2
CloudNetBot_vs_EnyoBot_KTS7zzI9.log,8,15,Black,r1bqk2r/ppp2ppp/2n2P2/2bp4/8/2Pp1N2/PP2BPPP/RNBQK2R b KQkq - 0 8,e8f8,30,-450,433,d3e2;d3e2,d3e2;d3e2,d8f6;d8f6,-280,2
CloudNetBot_vs_EnyoBot_KTS7zzI9.log,8,15,Black,r1bqk2r/ppp2ppp/2n2P2/2bp4/8/2Pp1N2/PP2BPPP/RNBQK2R b KQkq - 0 8,b7b5,31,-462,445,d3e2;d3e2,d3e2;d3e2,d8f6;d8f6,-280,2
CloudNetBot_vs_EnyoBot_KTS7zzI9.log,8,15,Black,r1bqk2r/ppp2ppp/2n2P2/2bp4/8/2Pp1N2/PP2BPPP/RNBQK2R b KQkq - 0 8,c5d4,32,-470,453,d3e2;d3e2,d3e2;d3e2,d8f6;d8f6,-280,2
CloudNetBot_vs_EnyoBot_KTS7zzI9.log,8,15,Black,r1bqk2r/ppp2ppp/2n2P2/2bp4/8/2Pp1N2/PP2BPPP/RNBQK2R b KQkq - 0 8,c6b8,33,-483,466,d3e2;d3e2,d3e2;d3e2,d8f6;d8f6,-280,2
CloudNetBot_vs_EnyoBot_KTS7zzI9.log,8,15,Black,r1bqk2r/ppp2ppp/2n2P2/2bp4/8/2Pp1N2/PP2BPPP/RNBQK2R b KQkq - 0 8,c6e7,34,-512,495,d3e2;d3e2,d3e2;d3e2,d8f6;d8f6,-280,2
CloudNetBot_vs_EnyoBot_KTS7zzI9.log,8,15,Black,r1bqk2r/ppp2ppp/2n2P2/2bp4/8/2Pp1N2/PP2BPPP/RNBQK2R b KQkq - 0 8,c6d4,35,-531,514,d3e2;d3e2,d3e2;d3e2,d8f6;d8f6,-280,2
CloudNetBot_vs_EnyoBot_KTS7zzI9.log,8,15,Black,r1bqk2r/ppp2ppp/2n2P2/2bp4/8/2Pp1N2/PP2BPPP/RNBQK2R b KQkq - 0 8,c6b4,36,-534,517,d3e2;d3e2,d3e2;d3e2,d8f6;d8f6,-280,2
CloudNetBot_vs_EnyoBot_KTS7zzI9.log,8,15,Black,r1bqk2r/ppp2ppp/2n2P2/2bp4/8/2Pp1N2/PP2BPPP/RNBQK2R b KQkq - 0 8,c5b4,37,-536,519,d3e2;d3e2,d3e2;d3e2,d8f6;d8f6,-280,2
CloudNetBot_vs_EnyoBot_KTS7zzI9.log,8,15,Black,r1bqk2r/ppp2ppp/2n2P2/2bp4/8/2Pp1N2/PP2BPPP/RNBQK2R b KQkq - 0 8,e8d7,38,-537,520,d3e2;d3e2,d3e2;d3e2,d8f6;d8f6,-280,2
CloudNetBot_vs_EnyoBot_KTS7zzI9.log,8,15,Black,r1bqk2r/ppp2ppp/2n2P2/2bp4/8/2Pp1N2/PP2BPPP/RNBQK2R b KQkq - 0 8,c6a5,39,-550,533,d3e2;d3e2,d3e2;d3e2,d8f6;d8f6,-280,2
CloudNetBot_vs_EnyoBot_KTS7zzI9.log,8,15,Black,r1bqk2r/ppp2ppp/2n2P2/2bp4/8/2Pp1N2/PP2BPPP/RNBQK2R b KQkq - 0 8,c5e7,40,-550,533,d3e2;d3e2,d3e2;d3e2,d8f6;d8f6,-280,2
CloudNetBot_vs_EnyoBot_KTS7zzI9.log,8,15,Black,r1bqk2r/ppp2ppp/2n2P2/2bp4/8/2Pp1N2/PP2BPPP/RNBQK2R b KQkq - 0 8,c5a3,41,-582,565,d3e2;d3e2,d3e2;d3e2,d8f6;d8f6,-280,2
CloudNetBot_vs_EnyoBot_KTS7zzI9.log,8,15,Black,r1bqk2r/ppp2ppp/2n2P2/2bp4/8/2Pp1N2/PP2BPPP/RNBQK2R b KQkq - 0 8,d8e7,42,-607,590,d3e2;d3e2,d3e2;d3e2,d8f6;d8f6,-280,2
ArasanX_vs_EnyoBot_5Pms0ZXh.log,9,17,Black,r1bqkb1r/ppp3pp/2npp3/1P6/8/5N2/1PP2PPP/RNBQ1RK1 b kq - 0 9,c6e7,1,-36,0,c6e7;c6e7,c6e7;c6e7,c6e5;f8e7,-261,2
ArasanX_vs_EnyoBot_5Pms0ZXh.log,9,17,Black,r1bqkb1r/ppp3pp/2npp3/1P6/8/5N2/1PP2PPP/RNBQ1RK1 b kq - 0 9,c6b4,2,-56,20,c6e7;c6e7,c6e7;c6e7,c6e5;f8e7,-261,2
ArasanX_vs_EnyoBot_5Pms0ZXh.log,9,17,Black,r1bqkb1r/ppp3pp/2npp3/1P6/8/5N2/1PP2PPP/RNBQ1RK1 b kq - 0 9,c6b8,3,-80,44,c6e7;c6e7,c6e7;c6e7,c6e5;f8e7,-261,2
ArasanX_vs_EnyoBot_5Pms0ZXh.log,9,17,Black,r1bqkb1r/ppp3pp/2npp3/1P6/8/5N2/1PP2PPP/RNBQ1RK1 b kq - 0 9,c6e5,4,-227,191,c6e7;c6e7,c6e7;c6e7,c6e5;f8e7,-261,2
ArasanX_vs_EnyoBot_5Pms0ZXh.log,9,17,Black,r1bqkb1r/ppp3pp/2npp3/1P6/8/5N2/1PP2PPP/RNBQ1RK1 b kq - 0 9,f8e7,5,-285,249,c6e7;c6e7,c6e7;c6e7,c6e5;f8e7,-261,2
ArasanX_vs_EnyoBot_5Pms0ZXh.log,9,17,Black,r1bqkb1r/ppp3pp/2npp3/1P6/8/5N2/1PP2PPP/RNBQ1RK1 b kq - 0 9,c8d7,6,-317,281,c6e7;c6e7,c6e7;c6e7,c6e5;f8e7,-261,2
ArasanX_vs_EnyoBot_5Pms0ZXh.log,9,17,Black,r1bqkb1r/ppp3pp/2npp3/1P6/8/5N2/1PP2PPP/RNBQ1RK1 b kq - 0 9,d8f6,7,-329,293,c6e7;c6e7,c6e7;c6e7,c6e5;f8e7,-261,2
ArasanX_vs_EnyoBot_5Pms0ZXh.log,9,17,Black,r1bqkb1r/ppp3pp/2npp3/1P6/8/5N2/1PP2PPP/RNBQ1RK1 b kq - 0 9,a7a5,8,-353,317,c6e7;c6e7,c6e7;c6e7,c6e5;f8e7,-261,2
ArasanX_vs_EnyoBot_5Pms0ZXh.log,9,17,Black,r1bqkb1r/ppp3pp/2npp3/1P6/8/5N2/1PP2PPP/RNBQ1RK1 b kq - 0 9,a8b8,9,-356,320,c6e7;c6e7,c6e7;c6e7,c6e5;f8e7,-261,2
ArasanX_vs_EnyoBot_5Pms0ZXh.log,9,17,Black,r1bqkb1r/ppp3pp/2npp3/1P6/8/5N2/1PP2PPP/RNBQ1RK1 b kq - 0 9,c6a5,10,-356,320,c6e7;c6e7,c6e7;c6e7,c6e5;f8e7,-261,2
ArasanX_vs_EnyoBot_5Pms0ZXh.log,9,17,Black,r1bqkb1r/ppp3pp/2npp3/1P6/8/5N2/1PP2PPP/RNBQ1RK1 b kq - 0 9,a7a6,11,-358,322,c6e7;c6e7,c6e7;c6e7,c6e5;f8e7,-261,2
ArasanX_vs_EnyoBot_5Pms0ZXh.log,9,17,Black,r1bqkb1r/ppp3pp/2npp3/1P6/8/5N2/1PP2PPP/RNBQ1RK1 b kq - 0 9,e6e5,12,-361,325,c6e7;c6e7,c6e7;c6e7,c6e5;f8e7,-261,2
ArasanX_vs_EnyoBot_5Pms0ZXh.log,9,17,Black,r1bqkb1r/ppp3pp/2npp3/1P6/8/5N2/1PP2PPP/RNBQ1RK1 b kq - 0 9,b7b6,13,-362,326,c6e7;c6e7,c6e7;c6e7,c6e5;f8e7,-261,2
ArasanX_vs_EnyoBot_5Pms0ZXh.log,9,17,Black,r1bqkb1r/ppp3pp/2npp3/1P6/8/5N2/1PP2PPP/RNBQ1RK1 b kq - 0 9,d8d7,14,-365,329,c6e7;c6e7,c6e7;c6e7,c6e5;f8e7,-261,2
ArasanX_vs_EnyoBot_5Pms0ZXh.log,9,17,Black,r1bqkb1r/ppp3pp/2npp3/1P6/8/5N2/1PP2PPP/RNBQ1RK1 b kq - 0 9,h7h6,15,-368,332,c6e7;c6e7,c6e7;c6e7,c6e5;f8e7,-261,2
ArasanX_vs_EnyoBot_5Pms0ZXh.log,9,17,Black,r1bqkb1r/ppp3pp/2npp3/1P6/8/5N2/1PP2PPP/RNBQ1RK1 b kq - 0 9,d8e7,16,-369,333,c6e7;c6e7,c6e7;c6e7,c6e5;f8e7,-261,2
ArasanX_vs_EnyoBot_5Pms0ZXh.log,9,17,Black,r1bqkb1r/ppp3pp/2npp3/1P6/8/5N2/1PP2PPP/RNBQ1RK1 b kq - 0 9,d6d5,17,-395,359,c6e7;c6e7,c6e7;c6e7,c6e5;f8e7,-261,2
ArasanX_vs_EnyoBot_5Pms0ZXh.log,9,17,Black,r1bqkb1r/ppp3pp/2npp3/1P6/8/5N2/1PP2PPP/RNBQ1RK1 b kq - 0 9,g7g6,18,-408,372,c6e7;c6e7,c6e7;c6e7,c6e5;f8e7,-261,2
ArasanX_vs_EnyoBot_5Pms0ZXh.log,9,17,Black,r1bqkb1r/ppp3pp/2npp3/1P6/8/5N2/1PP2PPP/RNBQ1RK1 b kq - 0 9,h8g8,19,-414,378,c6e7;c6e7,c6e7;c6e7,c6e5;f8e7,-261,2
ArasanX_vs_EnyoBot_5Pms0ZXh.log,9,17,Black,r1bqkb1r/ppp3pp/2npp3/1P6/8/5N2/1PP2PPP/RNBQ1RK1 b kq - 0 9,e8f7,20,-419,383,c6e7;c6e7,c6e7;c6e7,c6e5;f8e7,-261,2
ArasanX_vs_EnyoBot_5Pms0ZXh.log,9,17,Black,r1bqkb1r/ppp3pp/2npp3/1P6/8/5N2/1PP2PPP/RNBQ1RK1 b kq - 0 9,c6d4,21,-420,384,c6e7;c6e7,c6e7;c6e7,c6e5;f8e7,-261,2
ArasanX_vs_EnyoBot_5Pms0ZXh.log,9,17,Black,r1bqkb1r/ppp3pp/2npp3/1P6/8/5N2/1PP2PPP/RNBQ1RK1 b kq - 0 9,g7g5,22,-425,389,c6e7;c6e7,c6e7;c6e7,c6e5;f8e7,-261,2
ArasanX_vs_EnyoBot_5Pms0ZXh.log,9,17,Black,r1bqkb1r/ppp3pp/2npp3/1P6/8/5N2/1PP2PPP/RNBQ1RK1 b kq - 0 9,h7h5,23,-427,391,c6e7;c6e7,c6e7;c6e7,c6e5;f8e7,-261,2
ArasanX_vs_EnyoBot_5Pms0ZXh.log,9,17,Black,r1bqkb1r/ppp3pp/2npp3/1P6/8/5N2/1PP2PPP/RNBQ1RK1 b kq - 0 9,e8d7,24,-467,431,c6e7;c6e7,c6e7;c6e7,c6e5;f8e7,-261,2
ArasanX_vs_EnyoBot_5Pms0ZXh.log,9,17,Black,r1bqkb1r/ppp3pp/2npp3/1P6/8/5N2/1PP2PPP/RNBQ1RK1 b kq - 0 9,e8e7,25,-613,577,c6e7;c6e7,c6e7;c6e7,c6e5;f8e7,-261,2
ArasanX_vs_EnyoBot_5Pms0ZXh.log,9,17,Black,r1bqkb1r/ppp3pp/2npp3/1P6/8/5N2/1PP2PPP/RNBQ1RK1 b kq - 0 9,d8h4,26,-708,672,c6e7;c6e7,c6e7;c6e7,c6e5;f8e7,-261,2
ArasanX_vs_EnyoBot_5Pms0ZXh.log,9,17,Black,r1bqkb1r/ppp3pp/2npp3/1P6/8/5N2/1PP2PPP/RNBQ1RK1 b kq - 0 9,d8g5,27,-743,707,c6e7;c6e7,c6e7;c6e7,c6e5;f8e7,-261,2
caissa-x_vs_EnyoBot_0waEuGxc.log,44,87,Black,1r2k3/q5p1/1n1p1pPp/pPpPpBnP/P3P3/1NQ1P3/1K6/R7 b - - 9 44,b8d8,1,-74,0,b8a8;b8a8,b8a8;b8a8,g5e4;e8e7,-246,2
caissa-x_vs_EnyoBot_0waEuGxc.log,44,87,Black,1r2k3/q5p1/1n1p1pPp/pPpPpBnP/P3P3/1NQ1P3/1K6/R7 b - - 9 44,b8a8,2,-84,10,b8a8;b8a8,b8a8;b8a8,g5e4;e8e7,-246,2
caissa-x_vs_EnyoBot_0waEuGxc.log,44,87,Black,1r2k3/q5p1/1n1p1pPp/pPpPpBnP/P3P3/1NQ1P3/1K6/R7 b - - 9 44,e8f8,3,-158,84,b8a8;b8a8,b8a8;b8a8,g5e4;e8e7,-246,2
caissa-x_vs_EnyoBot_0waEuGxc.log,44,87,Black,1r2k3/q5p1/1n1p1pPp/pPpPpBnP/P3P3/1NQ1P3/1K6/R7 b - - 9 44,g5f3,4,-173,99,b8a8;b8a8,b8a8;b8a8,g5e4;e8e7,-246,2
caissa-x_vs_EnyoBot_0waEuGxc.log,44,87,Black,1r2k3/q5p1/1n1p1pPp/pPpPpBnP/P3P3/1NQ1P3/1K6/R7 b - - 9 44,e8e7,5,-201,127,b8a8;b8a8,b8a8;b8a8,g5e4;e8e7,-246,2
caissa-x_vs_EnyoBot_0waEuGxc.log,44,87,Black,1r2k3/q5p1/1n1p1pPp/pPpPpBnP/P3P3/1NQ1P3/1K6/R7 b - - 9 44,a7b7,6,-264,190,b8a8;b8a8,b8a8;b8a8,g5e4;e8e7,-246,2
caissa-x_vs_EnyoBot_0waEuGxc.log,44,87,Black,1r2k3/q5p1/1n1p1pPp/pPpPpBnP/P3P3/1NQ1P3/1K6/R7 b - - 9 44,a7c7,7,-272,198,b8a8;b8a8,b8a8;b8a8,g5e4;e8e7,-246,2
caissa-x_vs_EnyoBot_0waEuGxc.log,44,87,Black,1r2k3/q5p1/1n1p1pPp/pPpPpBnP/P3P3/1NQ1P3/1K6/R7 b - - 9 44,b8b7,8,-285,211,b8a8;b8a8,b8a8;b8a8,g5e4;e8e7,-246,2
caissa-x_vs_EnyoBot_0waEuGxc.log,44,87,Black,1r2k3/q5p1/1n1p1pPp/pPpPpBnP/P3P3/1NQ1P3/1K6/R7 b - - 9 44,a7a8,9,-288,214,b8a8;b8a8,b8a8;b8a8,g5e4;e8e7,-246,2
caissa-x_vs_EnyoBot_0waEuGxc.log,44,87,Black,1r2k3/q5p1/1n1p1pPp/pPpPpBnP/P3P3/1NQ1P3/1K6/R7 b - - 9 44,e8d8,10,-302,228,b8a8;b8a8,b8a8;b8a8,g5e4;e8e7,-246,2
caissa-x_vs_EnyoBot_0waEuGxc.log,44,87,Black,1r2k3/q5p1/1n1p1pPp/pPpPpBnP/P3P3/1NQ1P3/1K6/R7 b - - 9 44,b8c8,11,-332,258,b8a8;b8a8,b8a8;b8a8,g5e4;e8e7,-246,2
caissa-x_vs_EnyoBot_0waEuGxc.log,44,87,Black,1r2k3/q5p1/1n1p1pPp/pPpPpBnP/P3P3/1NQ1P3/1K6/R7 b - - 9 44,g5e4,12,-333,259,b8a8;b8a8,b8a8;b8a8,g5e4;e8e7,-246,2
caissa-x_vs_EnyoBot_0waEuGxc.log,44,87,Black,1r2k3/q5p1/1n1p1pPp/pPpPpBnP/P3P3/1NQ1P3/1K6/R7 b - - 9 44,c5c4,13,-334,260,b8a8;b8a8,b8a8;b8a8,g5e4;e8e7,-246,2
caissa-x_vs_EnyoBot_0waEuGxc.log,44,87,Black,1r2k3/q5p1/1n1p1pPp/pPpPpBnP/P3P3/1NQ1P3/1K6/R7 b - - 9 44,a7e7,14,-335,261,b8a8;b8a8,b8a8;b8a8,g5e4;e8e7,-246,2
caissa-x_vs_EnyoBot_0waEuGxc.log,44,87,Black,1r2k3/q5p1/1n1p1pPp/pPpPpBnP/P3P3/1NQ1P3/1K6/R7 b - - 9 44,b6a8,15,-341,267,b8a8;b8a8,b8a8;b8a8,g5e4;e8e7,-246,2
caissa-x_vs_EnyoBot_0waEuGxc.log,44,87,Black,1r2k3/q5p1/1n1p1pPp/pPpPpBnP/P3P3/1NQ1P3/1K6/R7 b - - 9 44,b6c8,16,-350,276,b8a8;b8a8,b8a8;b8a8,g5e4;e8e7,-246,2
caissa-x_vs_EnyoBot_0waEuGxc.log,44,87,Black,1r2k3/q5p1/1n1p1pPp/pPpPpBnP/P3P3/1NQ1P3/1K6/R7 b - - 9 44,b6d7,17,-356,282,b8a8;b8a8,b8a8;b8a8,g5e4;e8e7,-246,2
caissa-x_vs_EnyoBot_0waEuGxc.log,44,87,Black,1r2k3/q5p1/1n1p1pPp/pPpPpBnP/P3P3/1NQ1P3/1K6/R7 b - - 9 44,g5e6,18,-390,316,b8a8;b8a8,b8a8;b8a8,g5e4;e8e7,-246,2
caissa-x_vs_EnyoBot_0waEuGxc.log,44,87,Black,1r2k3/q5p1/1n1p1pPp/pPpPpBnP/P3P3/1NQ1P3/1K6/R7 b - - 9 44,g5h3,19,-393,319,b8a8;b8a8,b8a8;b8a8,g5e4;e8e7,-246,2
caissa-x_vs_EnyoBot_0waEuGxc.log,44,87,Black,1r2k3/q5p1/1n1p1pPp/pPpPpBnP/P3P3/1NQ1P3/1K6/R7 b - - 9 44,b6a4,20,-401,327,b8a8;b8a8,b8a8;b8a8,g5e4;e8e7,-246,2
caissa-x_vs_EnyoBot_0waEuGxc.log,44,87,Black,1r2k3/q5p1/1n1p1pPp/pPpPpBnP/P3P3/1NQ1P3/1K6/R7 b - - 9 44,g5f7,21,-402,328,b8a8;b8a8,b8a8;b8a8,g5e4;e8e7,-246,2
caissa-x_vs_EnyoBot_0waEuGxc.log,44,87,Black,1r2k3/q5p1/1n1p1pPp/pPpPpBnP/P3P3/1NQ1P3/1K6/R7 b - - 9 44,b6c4,22,-491,417,b8a8;b8a8,b8a8;b8a8,g5e4;e8e7,-246,2
caissa-x_vs_EnyoBot_0waEuGxc.log,44,87,Black,1r2k3/q5p1/1n1p1pPp/pPpPpBnP/P3P3/1NQ1P3/1K6/R7 b - - 9 44,b6d5,23,-492,418,b8a8;b8a8,b8a8;b8a8,g5e4;e8e7,-246,2
caissa-x_vs_EnyoBot_0waEuGxc.log,44,87,Black,1r2k3/q5p1/1n1p1pPp/pPpPpBnP/P3P3/1NQ1P3/1K6/R7 b - - 9 44,a7d7,24,-546,472,b8a8;b8a8,b8a8;b8a8,g5e4;e8e7,-246,2
caissa-x_vs_EnyoBot_0waEuGxc.log,44,87,Black,1r2k3/q5p1/1n1p1pPp/pPpPpBnP/P3P3/1NQ1P3/1K6/R7 b - - 9 44,g5h7,25,-596,522,b8a8;b8a8,b8a8;b8a8,g5e4;e8e7,-246,2
caissa-x_vs_EnyoBot_0waEuGxc.log,44,87,Black,1r2k3/q5p1/1n1p1pPp/pPpPpBnP/P3P3/1NQ1P3/1K6/R7 b - - 9 44,a7f7,26,-667,593,b8a8;b8a8,b8a8;b8a8,g5e4;e8e7,-246,2
caissa-x_vs_EnyoBot_0waEuGxc.log,44,87,Black,1r2k3/q5p1/1n1p1pPp/pPpPpBnP/P3P3/1NQ1P3/1K6/R7 b - - 9 44,a7a6,27,-722,648,b8a8;b8a8,b8a8;b8a8,g5e4;e8e7,-246,2
ArasanX_vs_EnyoBot_Q0a5I19l.log,18,35,Black,2rqr1k1/1p3pp1/1bppbn1p/p7/P2PP3/R1N1B2P/1PQN1PP1/4R1K1 b - - 5 18,f6d7,1,-22,0,f6d7;f6d7,f6d7;f6d7,f6e4;e6h3,-239,2
ArasanX_vs_EnyoBot_Q0a5I19l.log,18,35,Black,2rqr1k1/1p3pp1/1bppbn1p/p7/P2PP3/R1N1B2P/1PQN1PP1/4R1K1 b - - 5 18,b6a7,2,-34,12,f6d7;f6d7,f6d7;f6d7,f6e4;e6h3,-239,2
ArasanX_vs_EnyoBot_Q0a5I19l.log,18,35,Black,2rqr1k1/1p3pp1/1bppbn1p/p7/P2PP3/R1N1B2P/1PQN1PP1/4R1K1 b - - 5 18,f6h7,3,-40,18,f6d7;f6d7,f6d7;f6d7,f6e4;e6h3,-239,2
ArasanX_vs_EnyoBot_Q0a5I19l.log,18,35,Black,2rqr1k1/1p3pp1/1bppbn1p/p7/P2PP3/R1N1B2P/1PQN1PP1/4R1K1 b - - 5 18,d6d5,4,-46,24,f6d7;f6d7,f6d7;f6d7,f6e4;e6h3,-239,2
ArasanX_vs_EnyoBot_Q0a5I19l.log,18,35,Black,2rqr1k1/1p3pp1/1bppbn1p/p7/P2PP3/R1N1B2P/1PQN1PP1/4R1K1 b - - 5 18,c8c7,5,-49,27,f6d7;f6d7,f6d7;f6d7,f6e4;e6h3,-239,2
ArasanX_vs_EnyoBot_Q0a5I19l.log,18,35,Black,2rqr1k1/1p3pp1/1bppbn1p/p7/P2PP3/R1N1B2P/1PQN1PP1/4R1K1 b - - 5 18,b6c7,6,-52,30,f6d7;f6d7,f6d7;f6d7,f6e4;e6h3,-239,2
ArasanX_vs_EnyoBot_Q0a5I19l.log,18,35,Black,2rqr1k1/1p3pp1/1bppbn1p/p7/P2PP3/R1N1B2P/1PQN1PP1/4R1K1 b - - 5 18,g8h8,7,-53,31,f6d7;f6d7,f6d7;f6d7,f6e4;e6h3,-239,2
ArasanX_vs_EnyoBot_Q0a5I19l.log,18,35,Black,2rqr1k1/1p3pp1/1bppbn1p/p7/P2PP3/R1N1B2P/1PQN1PP1/4R1K1 b - - 5 18,f6h5,8,-58,36,f6d7;f6d7,f6d7;f6d7,f6e4;e6h3,-239,2
ArasanX_vs_EnyoBot_Q0a5I19l.log,18,35,Black,2rqr1k1/1p3pp1/1bppbn1p/p7/P2PP3/R1N1B2P/1PQN1PP1/4R1K1 b - - 5 18,e6d7,9,-60,38,f6d7;f6d7,f6d7;f6d7,f6e4;e6h3,-239,2
ArasanX_vs_EnyoBot_Q0a5I19l.log,18,35,Black,2rqr1k1/1p3pp1/1bppbn1p/p7/P2PP3/R1N1B2P/1PQN1PP1/4R1K1 b - - 5 18,c8b8,10,-66,44,f6d7;f6d7,f6d7;f6d7,f6e4;e6h3,-239,2
ArasanX_vs_EnyoBot_Q0a5I19l.log,18,35,Black,2rqr1k1/1p3pp1/1bppbn1p/p7/P2PP3/R1N1B2P/1PQN1PP1/4R1K1 b - - 5 18,c8a8,11,-72,50,f6d7;f6d7,f6d7;f6d7,f6e4;e6h3,-239,2
ArasanX_vs_EnyoBot_Q0a5I19l.log,18,35,Black,2rqr1k1/1p3pp1/1bppbn1p/p7/P2PP3/R1N1B2P/1PQN1PP1/4R1K1 b - - 5 18,d8c7,12,-74,52,f6d7;f6d7,f6d7;f6d7,f6e4;e6h3,-239,2
ArasanX_vs_EnyoBot_Q0a5I19l.log,18,35,Black,2rqr1k1/1p3pp1/1bppbn1p/p7/P2PP3/R1N1B2P/1PQN1PP1/4R1K1 b - - 5 18,e8e7,13,-76,54,f6d7;f6d7,f6d7;f6d7,f6e4;e6h3,-239,2
ArasanX_vs_EnyoBot_Q0a5I19l.log,18,35,Black,2rqr1k1/1p3pp1/1bppbn1p/p7/P2PP3/R1N1B2P/1PQN1PP1/4R1K1 b - - 5 18,d8e7,14,-81,59,f6d7;f6d7,f6d7;f6d7,f6e4;e6h3,-239,2
ArasanX_vs_EnyoBot_Q0a5I19l.log,18,35,Black,2rqr1k1/1p3pp1/1bppbn1p/p7/P2PP3/R1N1B2P/1PQN1PP1/4R1K1 b - - 5 18,e8f8,15,-84,62,f6d7;f6d7,f6d7;f6d7,f6e4;e6h3,-239,2
ArasanX_vs_EnyoBot_Q0a5I19l.log,18,35,Black,2rqr1k1/1p3pp1/1bppbn1p/p7/P2PP3/R1N1B2P/1PQN1PP1/4R1K1 b - - 5 18,g8f8,16,-103,81,f6d7;f6d7,f6d7;f6d7,f6e4;e6h3,-239,2
ArasanX_vs_EnyoBot_Q0a5I19l.log,18,35,Black,2rqr1k1/1p3pp1/1bppbn1p/p7/P2PP3/R1N1B2P/1PQN1PP1/4R1K1 b - - 5 18,h6h5,17,-112,90,f6d7;f6d7,f6d7;f6d7,f6e4;e6h3,-239,2
ArasanX_vs_EnyoBot_Q0a5I19l.log,18,35,Black,2rqr1k1/1p3pp1/1bppbn1p/p7/P2PP3/R1N1B2P/1PQN1PP1/4R1K1 b - - 5 18,g7g5,18,-113,91,f6d7;f6d7,f6d7;f6d7,f6e4;e6h3,-239,2
ArasanX_vs_EnyoBot_Q0a5I19l.log,18,35,Black,2rqr1k1/1p3pp1/1bppbn1p/p7/P2PP3/R1N1B2P/1PQN1PP1/4R1K1 b - - 5 18,g7g6,19,-129,107,f6d7;f6d7,f6d7;f6d7,f6e4;e6h3,-239,2
ArasanX_vs_EnyoBot_Q0a5I19l.log,18,35,Black,2rqr1k1/1p3pp1/1bppbn1p/p7/P2PP3/R1N1B2P/1PQN1PP1/4R1K1 b - - 5 18,d8d7,20,-191,169,f6d7;f6d7,f6d7;f6d7,f6e4;e6h3,-239,2
ArasanX_vs_EnyoBot_Q0a5I19l.log,18,35,Black,2rqr1k1/1p3pp1/1bppbn1p/p7/P2PP3/R1N1B2P/1PQN1PP1/4R1K1 b - - 5 18,c6c5,21,-225,203,f6d7;f6d7,f6d7;f6d7,f6e4;e6h3,-239,2
ArasanX_vs_EnyoBot_Q0a5I19l.log,18,35,Black,2rqr1k1/1p3pp1/1bppbn1p/p7/P2PP3/R1N1B2P/1PQN1PP1/4R1K1 b - - 5 18,f6e4,22,-266,244,f6d7;f6d7,f6d7;f6d7,f6e4;e6h3,-239,2
ArasanX_vs_EnyoBot_Q0a5I19l.log,18,35,Black,2rqr1k1/1p3pp1/1bppbn1p/p7/P2PP3/R1N1B2P/1PQN1PP1/4R1K1 b - - 5 18,e6h3,23,-277,255,f6d7;f6d7,f6d7;f6d7,f6e4;e6h3,-239,2
ArasanX_vs_EnyoBot_Q0a5I19l.log,18,35,Black,2rqr1k1/1p3pp1/1bppbn1p/p7/P2PP3/R1N1B2P/1PQN1PP1/4R1K1 b - - 5 18,e6f5,24,-312,290,f6d7;f6d7,f6d7;f6d7,f6e4;e6h3,-239,2
ArasanX_vs_EnyoBot_Q0a5I19l.log,18,35,Black,2rqr1k1/1p3pp1/1bppbn1p/p7/P2PP3/R1N1B2P/1PQN1PP1/4R1K1 b - - 5 18,g8h7,25,-339,317,f6d7;f6d7,f6d7;f6d7,f6e4;e6h3,-239,2
ArasanX_vs_EnyoBot_Q0a5I19l.log,18,35,Black,2rqr1k1/1p3pp1/1bppbn1p/p7/P2PP3/R1N1B2P/1PQN1PP1/4R1K1 b - - 5 18,e6d5,26,-352,330,f6d7;f6d7,f6d7;f6d7,f6e4;e6h3,-239,2
ArasanX_vs_EnyoBot_Q0a5I19l.log,18,35,Black,2rqr1k1/1p3pp1/1bppbn1p/p7/P2PP3/R1N1B2P/1PQN1PP1/4R1K1 b - - 5 18,f6g4,27,-358,336,f6d7;f6d7,f6d7;f6d7,f6e4;e6h3,-239,2
ArasanX_vs_EnyoBot_Q0a5I19l.log,18,35,Black,2rqr1k1/1p3pp1/1bppbn1p/p7/P2PP3/R1N1B2P/1PQN1PP1/4R1K1 b - - 5 18,e6g4,28,-364,342,f6d7;f6d7,f6d7;f6d7,f6e4;e6h3,-239,2
ArasanX_vs_EnyoBot_Q0a5I19l.log,18,35,Black,2rqr1k1/1p3pp1/1bppbn1p/p7/P2PP3/R1N1B2P/1PQN1PP1/4R1K1 b - - 5 18,b6d4,29,-386,364,f6d7;f6d7,f6d7;f6d7,f6e4;e6h3,-239,2
ArasanX_vs_EnyoBot_Q0a5I19l.log,18,35,Black,2rqr1k1/1p3pp1/1bppbn1p/p7/P2PP3/R1N1B2P/1PQN1PP1/4R1K1 b - - 5 18,f6d5,30,-391,369,f6d7;f6d7,f6d7;f6d7,f6e4;e6h3,-239,2
ArasanX_vs_EnyoBot_Q0a5I19l.log,18,35,Black,2rqr1k1/1p3pp1/1bppbn1p/p7/P2PP3/R1N1B2P/1PQN1PP1/4R1K1 b - - 5 18,e6a2,31,-417,395,f6d7;f6d7,f6d7;f6d7,f6e4;e6h3,-239,2
ArasanX_vs_EnyoBot_Q0a5I19l.log,18,35,Black,2rqr1k1/1p3pp1/1bppbn1p/p7/P2PP3/R1N1B2P/1PQN1PP1/4R1K1 b - - 5 18,e6c4,32,-431,409,f6d7;f6d7,f6d7;f6d7,f6e4;e6h3,-239,2
ArasanX_vs_EnyoBot_Q0a5I19l.log,18,35,Black,2rqr1k1/1p3pp1/1bppbn1p/p7/P2PP3/R1N1B2P/1PQN1PP1/4R1K1 b - - 5 18,b6c5,33,-436,414,f6d7;f6d7,f6d7;f6d7,f6e4;e6h3,-239,2
ArasanX_vs_EnyoBot_Q0a5I19l.log,18,35,Black,2rqr1k1/1p3pp1/1bppbn1p/p7/P2PP3/R1N1B2P/1PQN1PP1/4R1K1 b - - 5 18,e6b3,34,-451,429,f6d7;f6d7,f6d7;f6d7,f6e4;e6h3,-239,2
SF_Bot1nok_vs_EnyoBot_SbzD89kx.log,14,27,Black,r3k2r/2qnbpp1/p2pbn1p/N3p3/R3P1PP/2N1BP2/1PPQ4/4KB1R b Kkq - 0 14,d7c5,1,-48,0,d7c5;d7c5,d7b6;d7b6,f6e4;f6e4,-217,2
SF_Bot1nok_vs_EnyoBot_SbzD89kx.log,14,27,Black,r3k2r/2qnbpp1/p2pbn1p/N3p3/R3P1PP/2N1BP2/1PPQ4/4KB1R b Kkq - 0 14,d7b6,2,-72,24,d7c5;d7c5,d7b6;d7b6,f6e4;f6e4,-217,2
SF_Bot1nok_vs_EnyoBot_SbzD89kx.log,14,27,Black,r3k2r/2qnbpp1/p2pbn1p/N3p3/R3P1PP/2N1BP2/1PPQ4/4KB1R b Kkq - 0 14,e8f8,3,-82,34,d7c5;d7c5,d7b6;d7b6,f6e4;f6e4,-217,2
SF_Bot1nok_vs_EnyoBot_SbzD89kx.log,14,27,Black,r3k2r/2qnbpp1/p2pbn1p/N3p3/R3P1PP/2N1BP2/1PPQ4/4KB1R b Kkq - 0 14,a8b8,4,-105,57,d7c5;d7c5,d7b6;d7b6,f6e4;f6e4,-217,2
SF_Bot1nok_vs_EnyoBot_SbzD89kx.log,14,27,Black,r3k2r/2qnbpp1/p2pbn1p/N3p3/R3P1PP/2N1BP2/1PPQ4/4KB1R b Kkq - 0 14,g7g6,5,-114,66,d7c5;d7c5,d7b6;d7b6,f6e4;f6e4,-217,2
SF_Bot1nok_vs_EnyoBot_SbzD89kx.log,14,27,Black,r3k2r/2qnbpp1/p2pbn1p/N3p3/R3P1PP/2N1BP2/1PPQ4/4KB1R b Kkq - 0 14,e8g8,6,-118,70,d7c5;d7c5,d7b6;d7b6,f6e4;f6e4,-217,2
SF_Bot1nok_vs_EnyoBot_SbzD89kx.log,14,27,Black,r3k2r/2qnbpp1/p2pbn1p/N3p3/R3P1PP/2N1BP2/1PPQ4/4KB1R b Kkq - 0 14,c7c8,7,-120,72,d7c5;d7c5,d7b6;d7b6,f6e4;f6e4,-217,2
SF_Bot1nok_vs_EnyoBot_SbzD89kx.log,14,27,Black,r3k2r/2qnbpp1/p2pbn1p/N3p3/R3P1PP/2N1BP2/1PPQ4/4KB1R b Kkq - 0 14,c7b8,8,-124,76,d7c5;d7c5,d7b6;d7b6,f6e4;f6e4,-217,2
SF_Bot1nok_vs_EnyoBot_SbzD89kx.log,14,27,Black,r3k2r/2qnbpp1/p2pbn1p/N3p3/R3P1PP/2N1BP2/1PPQ4/4KB1R b Kkq - 0 14,d7f8,9,-131,83,d7c5;d7c5,d7b6;d7b6,f6e4;f6e4,-217,2
SF_Bot1nok_vs_EnyoBot_SbzD89kx.log,14,27,Black,r3k2r/2qnbpp1/p2pbn1p/N3p3/R3P1PP/2N1BP2/1PPQ4/4KB1R b Kkq - 0 14,h8h7,10,-147,99,d7c5;d7c5,d7b6;d7b6,f6e4;f6e4,-217,2
SF_Bot1nok_vs_EnyoBot_SbzD89kx.log,14,27,Black,r3k2r/2qnbpp1/p2pbn1p/N3p3/R3P1PP/2N1BP2/1PPQ4/4KB1R b Kkq - 0 14,c7d8,11,-148,100,d7c5;d7c5,d7b6;d7b6,f6e4;f6e4,-217,2
SF_Bot1nok_vs_EnyoBot_SbzD89kx.log,14,27,Black,r3k2r/2qnbpp1/p2pbn1p/N3p3/R3P1PP/2N1BP2/1PPQ4/4KB1R b Kkq - 0 14,e7d8,12,-155,107,d7c5;d7c5,d7b6;d7b6,f6e4;f6e4,-217,2
SF_Bot1nok_vs_EnyoBot_SbzD89kx.log,14,27,Black,r3k2r/2qnbpp1/p2pbn1p/N3p3/R3P1PP/2N1BP2/1PPQ4/4KB1R b Kkq - 0 14,e7f8,13,-157,109,d7c5;d7c5,d7b6;d7b6,f6e4;f6e4,-217,2
SF_Bot1nok_vs_EnyoBot_SbzD89kx.log,14,27,Black,r3k2r/2qnbpp1/p2pbn1p/N3p3/R3P1PP/2N1BP2/1PPQ4/4KB1R b Kkq - 0 14,d7b8,14,-182,134,d7c5;d7c5,d7b6;d7b6,f6e4;f6e4,-217,2
SF_Bot1nok_vs_EnyoBot_SbzD89kx.log,14,27,Black,r3k2r/2qnbpp1/p2pbn1p/N3p3/R3P1PP/2N1BP2/1PPQ4/4KB1R b Kkq - 0 14,f6h7,15,-184,136,d7c5;d7c5,d7b6;d7b6,f6e4;f6e4,-217,2
SF_Bot1nok_vs_EnyoBot_SbzD89kx.log,14,27,Black,r3k2r/2qnbpp1/p2pbn1p/N3p3/R3P1PP/2N1BP2/1PPQ4/4KB1R b Kkq - 0 14,e8d8,16,-196,148,d7c5;d7c5,d7b6;d7b6,f6e4;f6e4,-217,2
SF_Bot1nok_vs_EnyoBot_SbzD89kx.log,14,27,Black,r3k2r/2qnbpp1/p2pbn1p/N3p3/R3P1PP/2N1BP2/1PPQ4/4KB1R b Kkq - 0 14,a8d8,17,-198,150,d7c5;d7c5,d7b6;d7b6,f6e4;f6e4,-217,2
SF_Bot1nok_vs_EnyoBot_SbzD89kx.log,14,27,Black,r3k2r/2qnbpp1/p2pbn1p/N3p3/R3P1PP/2N1BP2/1PPQ4/4KB1R b Kkq - 0 14,f6g8,18,-233,185,d7c5;d7c5,d7b6;d7b6,f6e4;f6e4,-217,2
SF_Bot1nok_vs_EnyoBot_SbzD89kx.log,14,27,Black,r3k2r/2qnbpp1/p2pbn1p/N3p3/R3P1PP/2N1BP2/1PPQ4/4KB1R b Kkq - 0 14,h8f8,19,-239,191,d7c5;d7c5,d7b6;d7b6,f6e4;f6e4,-217,2
SF_Bot1nok_vs_EnyoBot_SbzD89kx.log,14,27,Black,r3k2r/2qnbpp1/p2pbn1p/N3p3/R3P1PP/2N1BP2/1PPQ4/4KB1R b Kkq - 0 14,d6d5,20,-245,197,d7c5;d7c5,d7b6;d7b6,f6e4;f6e4,-217,2
SF_Bot1nok_vs_EnyoBot_SbzD89kx.log,14,27,Black,r3k2r/2qnbpp1/p2pbn1p/N3p3/R3P1PP/2N1BP2/1PPQ4/4KB1R b Kkq - 0 14,a8c8,21,-250,202,d7c5;d7c5,d7b6;d7b6,f6e4;f6e4,-217,2
SF_Bot1nok_vs_EnyoBot_SbzD89kx.log,14,27,Black,r3k2r/2qnbpp1/p2pbn1p/N3p3/R3P1PP/2N1BP2/1PPQ4/4KB1R b Kkq - 0 14,f6e4,22,-283,235,d7c5;d7c5,d7b6;d7b6,f6e4;f6e4,-217,2
SF_Bot1nok_vs_EnyoBot_SbzD89kx.log,14,27,Black,r3k2r/2qnbpp1/p2pbn1p/N3p3/R3P1PP/2N1BP2/1PPQ4/4KB1R b Kkq - 0 14,h8g8,23,-286,238,d7c5;d7c5,d7b6;d7b6,f6e4;f6e4,-217,2
SF_Bot1nok_vs_EnyoBot_SbzD89kx.log,14,27,Black,r3k2r/2qnbpp1/p2pbn1p/N3p3/R3P1PP/2N1BP2/1PPQ4/4KB1R b Kkq - 0 14,f6g4,24,-292,244,d7c5;d7c5,d7b6;d7b6,f6e4;f6e4,-217,2
SF_Bot1nok_vs_EnyoBot_SbzD89kx.log,14,27,Black,r3k2r/2qnbpp1/p2pbn1p/N3p3/R3P1PP/2N1BP2/1PPQ4/4KB1R b Kkq - 0 14,h6h5,25,-301,253,d7c5;d7c5,d7b6;d7b6,f6e4;f6e4,-217,2
SF_Bot1nok_vs_EnyoBot_SbzD89kx.log,14,27,Black,r3k2r/2qnbpp1/p2pbn1p/N3p3/R3P1PP/2N1BP2/1PPQ4/4KB1R b Kkq - 0 14,g7g5,26,-338,290,d7c5;d7c5,d7b6;d7b6,f6e4;f6e4,-217,2
SF_Bot1nok_vs_EnyoBot_SbzD89kx.log,14,27,Black,r3k2r/2qnbpp1/p2pbn1p/N3p3/R3P1PP/2N1BP2/1PPQ4/4KB1R b Kkq - 0 14,a8a7,27,-360,312,d7c5;d7c5,d7b6;d7b6,f6e4;f6e4,-217,2
SF_Bot1nok_vs_EnyoBot_SbzD89kx.log,14,27,Black,r3k2r/2qnbpp1/p2pbn1p/N3p3/R3P1PP/2N1BP2/1PPQ4/4KB1R b Kkq - 0 14,e6g4,28,-364,316,d7c5;d7c5,d7b6;d7b6,f6e4;f6e4,-217,2
SF_Bot1nok_vs_EnyoBot_SbzD89kx.log,14,27,Black,r3k2r/2qnbpp1/p2pbn1p/N3p3/R3P1PP/2N1BP2/1PPQ4/4KB1R b Kkq - 0 14,f6h5,29,-370,322,d7c5;d7c5,d7b6;d7b6,f6e4;f6e4,-217,2
SF_Bot1nok_vs_EnyoBot_SbzD89kx.log,14,27,Black,r3k2r/2qnbpp1/p2pbn1p/N3p3/R3P1PP/2N1BP2/1PPQ4/4KB1R b Kkq - 0 14,e6f5,30,-399,351,d7c5;d7c5,d7b6;d7b6,f6e4;f6e4,-217,2
SF_Bot1nok_vs_EnyoBot_SbzD89kx.log,14,27,Black,r3k2r/2qnbpp1/p2pbn1p/N3p3/R3P1PP/2N1BP2/1PPQ4/4KB1R b Kkq - 0 14,e6a2,31,-434,386,d7c5;d7c5,d7b6;d7b6,f6e4;f6e4,-217,2
SF_Bot1nok_vs_EnyoBot_SbzD89kx.log,14,27,Black,r3k2r/2qnbpp1/p2pbn1p/N3p3/R3P1PP/2N1BP2/1PPQ4/4KB1R b Kkq - 0 14,e6d5,32,-454,406,d7c5;d7c5,d7b6;d7b6,f6e4;f6e4,-217,2
SF_Bot1nok_vs_EnyoBot_SbzD89kx.log,14,27,Black,r3k2r/2qnbpp1/p2pbn1p/N3p3/R3P1PP/2N1BP2/1PPQ4/4KB1R b Kkq - 0 14,e6b3,33,-459,411,d7c5;d7c5,d7b6;d7b6,f6e4;f6e4,-217,2
SF_Bot1nok_vs_EnyoBot_SbzD89kx.log,14,27,Black,r3k2r/2qnbpp1/p2pbn1p/N3p3/R3P1PP/2N1BP2/1PPQ4/4KB1R b Kkq - 0 14,e6c4,34,-486,438,d7c5;d7c5,d7b6;d7b6,f6e4;f6e4,-217,2
SF_Bot1nok_vs_EnyoBot_SbzD89kx.log,14,27,Black,r3k2r/2qnbpp1/p2pbn1p/N3p3/R3P1PP/2N1BP2/1PPQ4/4KB1R b Kkq - 0 14,c7c3,35,-490,442,d7c5;d7c5,d7b6;d7b6,f6e4;f6e4,-217,2
SF_Bot1nok_vs_EnyoBot_SbzD89kx.log,14,27,Black,r3k2r/2qnbpp1/p2pbn1p/N3p3/R3P1PP/2N1BP2/1PPQ4/4KB1R b Kkq - 0 14,f6d5,36,-516,468,d7c5;d7c5,d7b6;d7b6,f6e4;f6e4,-217,2
SF_Bot1nok_vs_EnyoBot_SbzD89kx.log,14,27,Black,r3k2r/2qnbpp1/p2pbn1p/N3p3/R3P1PP/2N1BP2/1PPQ4/4KB1R b Kkq - 0 14,c7a5,37,-524,476,d7c5;d7c5,d7b6;d7b6,f6e4;f6e4,-217,2
SF_Bot1nok_vs_EnyoBot_SbzD89kx.log,14,27,Black,r3k2r/2qnbpp1/p2pbn1p/N3p3/R3P1PP/2N1BP2/1PPQ4/4KB1R b Kkq - 0 14,c7b6,38,-529,481,d7c5;d7c5,d7b6;d7b6,f6e4;f6e4,-217,2
SF_Bot1nok_vs_EnyoBot_SbzD89kx.log,14,27,Black,r3k2r/2qnbpp1/p2pbn1p/N3p3/R3P1PP/2N1BP2/1PPQ4/4KB1R b Kkq - 0 14,c7c5,39,-535,487,d7c5;d7c5,d7b6;d7b6,f6e4;f6e4,-217,2
SF_Bot1nok_vs_EnyoBot_SbzD89kx.log,14,27,Black,r3k2r/2qnbpp1/p2pbn1p/N3p3/R3P1PP/2N1BP2/1PPQ4/4KB1R b Kkq - 0 14,c7a7,40,-647,599,d7c5;d7c5,d7b6;d7b6,f6e4;f6e4,-217,2
SF_Bot1nok_vs_EnyoBot_SbzD89kx.log,14,27,Black,r3k2r/2qnbpp1/p2pbn1p/N3p3/R3P1PP/2N1BP2/1PPQ4/4KB1R b Kkq - 0 14,c7b7,41,-648,600,d7c5;d7c5,d7b6;d7b6,f6e4;f6e4,-217,2
SF_Bot1nok_vs_EnyoBot_SbzD89kx.log,14,27,Black,r3k2r/2qnbpp1/p2pbn1p/N3p3/R3P1PP/2N1BP2/1PPQ4/4KB1R b Kkq - 0 14,c7c4,42,-739,691,d7c5;d7c5,d7b6;d7b6,f6e4;f6e4,-217,2
SF_Bot1nok_vs_EnyoBot_SbzD89kx.log,14,27,Black,r3k2r/2qnbpp1/p2pbn1p/N3p3/R3P1PP/2N1BP2/1PPQ4/4KB1R b Kkq - 0 14,e8c8,43,-750,702,d7c5;d7c5,d7b6;d7b6,f6e4;f6e4,-217,2
SF_Bot1nok_vs_EnyoBot_SbzD89kx.log,14,27,Black,r3k2r/2qnbpp1/p2pbn1p/N3p3/R3P1PP/2N1BP2/1PPQ4/4KB1R b Kkq - 0 14,c7c6,44,-783,735,d7c5;d7c5,d7b6;d7b6,f6e4;f6e4,-217,2
EnyoBot_vs_Lynx_BOT_jjThVRPN.log,28,54,White,1r6/2pb1p1k/p2p1P2/2p1b1B1/5NPP/5P2/P5K1/4R3 w - - 0 28,f4d3,1,21,0,f4d3;f4d3;f4d3,f4d3;f4d3;f4d3,g2g3;h4h5;g2h3,-191,3
EnyoBot_vs_Lynx_BOT_jjThVRPN.log,28,54,White,1r6/2pb1p1k/p2p1P2/2p1b1B1/5NPP/5P2/P5K1/4R3 w - - 0 28,g2h3,2,-153,174,f4d3;f4d3;f4d3,f4d3;f4d3;f4d3,g2g3;h4h5;g2h3,-191,3
EnyoBot_vs_Lynx_BOT_jjThVRPN.log,28,54,White,1r6/2pb1p1k/p2p1P2/2p1b1B1/5NPP/5P2/P5K1/4R3 w - - 0 28,g2f2,3,-170,191,f4d3;f4d3;f4d3,f4d3;f4d3;f4d3,g2g3;h4h5;g2h3,-191,3
EnyoBot_vs_Lynx_BOT_jjThVRPN.log,28,54,White,1r6/2pb1p1k/p2p1P2/2p1b1B1/5NPP/5P2/P5K1/4R3 w - - 0 28,e1e2,4,-179,200,f4d3;f4d3;f4d3,f4d3;f4d3;f4d3,g2g3;h4h5;g2h3,-191,3
EnyoBot_vs_Lynx_BOT_jjThVRPN.log,28,54,White,1r6/2pb1p1k/p2p1P2/2p1b1B1/5NPP/5P2/P5K1/4R3 w - - 0 28,h4h5,5,-183,204,f4d3;f4d3;f4d3,f4d3;f4d3;f4d3,g2g3;h4h5;g2h3,-191,3
EnyoBot_vs_Lynx_BOT_jjThVRPN.log,28,54,White,1r6/2pb1p1k/p2p1P2/2p1b1B1/5NPP/5P2/P5K1/4R3 w - - 0 28,f4e2,6,-189,210,f4d3;f4d3;f4d3,f4d3;f4d3;f4d3,g2g3;h4h5;g2h3,-191,3
EnyoBot_vs_Lynx_BOT_jjThVRPN.log,28,54,White,1r6/2pb1p1k/p2p1P2/2p1b1B1/5NPP/5P2/P5K1/4R3 w - - 0 28,g2g1,7,-197,218,f4d3;f4d3;f4d3,f4d3;f4d3;f4d3,g2g3;h4h5;g2h3,-191,3
EnyoBot_vs_Lynx_BOT_jjThVRPN.log,28,54,White,1r6/2pb1p1k/p2p1P2/2p1b1B1/5NPP/5P2/P5K1/4R3 w - - 0 28,g2g3,8,-199,220,f4d3;f4d3;f4d3,f4d3;f4d3;f4d3,g2g3;h4h5;g2h3,-191,3
EnyoBot_vs_Lynx_BOT_jjThVRPN.log,28,54,White,1r6/2pb1p1k/p2p1P2/2p1b1B1/5NPP/5P2/P5K1/4R3 w - - 0 28,e1e3,9,-212,233,f4d3;f4d3;f4d3,f4d3;f4d3;f4d3,g2g3;h4h5;g2h3,-191,3
EnyoBot_vs_Lynx_BOT_jjThVRPN.log,28,54,White,1r6/2pb1p1k/p2p1P2/2p1b1B1/5NPP/5P2/P5K1/4R3 w - - 0 28,g2h2,10,-226,247,f4d3;f4d3;f4d3,f4d3;f4d3;f4d3,g2g3;h4h5;g2h3,-191,3
EnyoBot_vs_Lynx_BOT_jjThVRPN.log,28,54,White,1r6/2pb1p1k/p2p1P2/2p1b1B1/5NPP/5P2/P5K1/4R3 w - - 0 28,e1e4,11,-226,247,f4d3;f4d3;f4d3,f4d3;f4d3;f4d3,g2g3;h4h5;g2h3,-191,3
EnyoBot_vs_Lynx_BOT_jjThVRPN.log,28,54,White,1r6/2pb1p1k/p2p1P2/2p1b1B1/5NPP/5P2/P5K1/4R3 w - - 0 28,f4h3,12,-231,252,f4d3;f4d3;f4d3,f4d3;f4d3;f4d3,g2g3;h4h5;g2h3,-191,3
EnyoBot_vs_Lynx_BOT_jjThVRPN.log,28,54,White,1r6/2pb1p1k/p2p1P2/2p1b1B1/5NPP/5P2/P5K1/4R3 w - - 0 28,e1e5,13,-233,254,f4d3;f4d3;f4d3,f4d3;f4d3;f4d3,g2g3;h4h5;g2h3,-191,3
EnyoBot_vs_Lynx_BOT_jjThVRPN.log,28,54,White,1r6/2pb1p1k/p2p1P2/2p1b1B1/5NPP/5P2/P5K1/4R3 w - - 0 28,g2f1,14,-234,255,f4d3;f4d3;f4d3,f4d3;f4d3;f4d3,g2g3;h4h5;g2h3,-191,3
EnyoBot_vs_Lynx_BOT_jjThVRPN.log,28,54,White,1r6/2pb1p1k/p2p1P2/2p1b1B1/5NPP/5P2/P5K1/4R3 w - - 0 28,e1f1,15,-237,258,f4d3;f4d3;f4d3,f4d3;f4d3;f4d3,g2g3;h4h5;g2h3,-191,3
EnyoBot_vs_Lynx_BOT_jjThVRPN.log,28,54,White,1r6/2pb1p1k/p2p1P2/2p1b1B1/5NPP/5P2/P5K1/4R3 w - - 0 28,g2h1,16,-248,269,f4d3;f4d3;f4d3,f4d3;f4d3;f4d3,g2g3;h4h5;g2h3,-191,3
EnyoBot_vs_Lynx_BOT_jjThVRPN.log,28,54,White,1r6/2pb1p1k/p2p1P2/2p1b1B1/5NPP/5P2/P5K1/4R3 w - - 0 28,a2a4,17,-259,280,f4d3;f4d3;f4d3,f4d3;f4d3;f4d3,g2g3;h4h5;g2h3,-191,3
EnyoBot_vs_Lynx_BOT_jjThVRPN.log,28,54,White,1r6/2pb1p1k/p2p1P2/2p1b1B1/5NPP/5P2/P5K1/4R3 w - - 0 28,a2a3,18,-267,288,f4d3;f4d3;f4d3,f4d3;f4d3;f4d3,g2g3;h4h5;g2h3,-191,3
EnyoBot_vs_Lynx_BOT_jjThVRPN.log,28,54,White,1r6/2pb1p1k/p2p1P2/2p1b1B1/5NPP/5P2/P5K1/4R3 w - - 0 28,e1h1,19,-284,305,f4d3;f4d3;f4d3,f4d3;f4d3;f4d3,g2g3;h4h5;g2h3,-191,3
EnyoBot_vs_Lynx_BOT_jjThVRPN.log,28,54,White,1r6/2pb1p1k/p2p1P2/2p1b1B1/5NPP/5P2/P5K1/4R3 w - - 0 28,e1g1,20,-293,314,f4d3;f4d3;f4d3,f4d3;f4d3;f4d3,g2g3;h4h5;g2h3,-191,3
EnyoBot_vs_Lynx_BOT_jjThVRPN.log,28,54,White,1r6/2pb1p1k/p2p1P2/2p1b1B1/5NPP/5P2/P5K1/4R3 w - - 0 28,e1d1,21,-306,327,f4d3;f4d3;f4d3,f4d3;f4d3;f4d3,g2g3;h4h5;g2h3,-191,3
EnyoBot_vs_Lynx_BOT_jjThVRPN.log,28,54,White,1r6/2pb1p1k/p2p1P2/2p1b1B1/5NPP/5P2/P5K1/4R3 w - - 0 28,f4h5,22,-308,329,f4d3;f4d3;f4d3,f4d3;f4d3;f4d3,g2g3;h4h5;g2h3,-191,3
EnyoBot_vs_Lynx_BOT_jjThVRPN.log,28,54,White,1r6/2pb1p1k/p2p1P2/2p1b1B1/5NPP/5P2/P5K1/4R3 w - - 0 28,e1c1,23,-320,341,f4d3;f4d3;f4d3,f4d3;f4d3;f4d3,g2g3;h4h5;g2h3,-191,3
EnyoBot_vs_Lynx_BOT_jjThVRPN.log,28,54,White,1r6/2pb1p1k/p2p1P2/2p1b1B1/5NPP/5P2/P5K1/4R3 w - - 0 28,g5h6,24,-360,381,f4d3;f4d3;f4d3,f4d3;f4d3;f4d3,g2g3;h4h5;g2h3,-191,3
EnyoBot_vs_Lynx_BOT_jjThVRPN.log,28,54,White,1r6/2pb1p1k/p2p1P2/2p1b1B1/5NPP/5P2/P5K1/4R3 w - - 0 28,f4d5,25,-366,387,f4d3;f4d3;f4d3,f4d3;f4d3;f4d3,g2g3;h4h5;g2h3,-191,3
EnyoBot_vs_Lynx_BOT_jjThVRPN.log,28,54,White,1r6/2pb1p1k/p2p1P2/2p1b1B1/5NPP/5P2/P5K1/4R3 w - - 0 28,f4g6,26,-504,525,f4d3;f4d3;f4d3,f4d3;f4d3;f4d3,g2g3;h4h5;g2h3,-191,3
EnyoBot_vs_Lynx_BOT_jjThVRPN.log,28,54,White,1r6/2pb1p1k/p2p1P2/2p1b1B1/5NPP/5P2/P5K1/4R3 w - - 0 28,f4e6,27,-531,552,f4d3;f4d3;f4d3,f4d3;f4d3;f4d3,g2g3;h4h5;g2h3,-191,3
EnyoBot_vs_Lynx_BOT_jjThVRPN.log,28,54,White,1r6/2pb1p1k/p2p1P2/2p1b1B1/5NPP/5P2/P5K1/4R3 w - - 0 28,e1a1,28,-559,580,f4d3;f4d3;f4d3,f4d3;f4d3;f4d3,g2g3;h4h5;g2h3,-191,3
EnyoBot_vs_Lynx_BOT_jjThVRPN.log,28,54,White,1r6/2pb1p1k/p2p1P2/2p1b1B1/5NPP/5P2/P5K1/4R3 w - - 0 28,e1b1,29,-626,647,f4d3;f4d3;f4d3,f4d3;f4d3;f4d3,g2g3;h4h5;g2h3,-191,3
ArasanX_vs_EnyoBot_Q0a5I19l.log,54,107,Black,4q3/6k1/6p1/1p6/p3N2K/2Q5/6P1/8 b - - 3 54,g7h6,1,-191,0,g7f8;g7f8,g7f8;g7f8,g7h6;g7h6,-176,2
ArasanX_vs_EnyoBot_Q0a5I19l.log,54,107,Black,4q3/6k1/6p1/1p6/p3N2K/2Q5/6P1/8 b - - 3 54,g7f8,2,-245,54,g7f8;g7f8,g7f8;g7f8,g7h6;g7h6,-176,2
ArasanX_vs_EnyoBot_Q0a5I19l.log,54,107,Black,4q3/6k1/6p1/1p6/p3N2K/2Q5/6P1/8 b - - 3 54,g7g8,3,-767,576,g7f8;g7f8,g7f8;g7f8,g7h6;g7h6,-176,2
ArasanX_vs_EnyoBot_Q0a5I19l.log,54,107,Black,4q3/6k1/6p1/1p6/p3N2K/2Q5/6P1/8 b - - 3 54,g7f7,4,-1314,1123,g7f8;g7f8,g7f8;g7f8,g7h6;g7h6,-176,2
ArasanX_vs_EnyoBot_Q0a5I19l.log,54,107,Black,4q3/6k1/6p1/1p6/p3N2K/2Q5/6P1/8 b - - 3 54,e8e5,5,-31995,31804,g7f8;g7f8,g7f8;g7f8,g7h6;g7h6,-176,2
ArasanX_vs_EnyoBot_Q0a5I19l.log,54,107,Black,4q3/6k1/6p1/1p6/p3N2K/2Q5/6P1/8 b - - 3 54,g7h7,6,-31996,31805,g7f8;g7f8,g7f8;g7f8,g7h6;g7h6,-176,2
ArasanX_vs_EnyoBot_5Pms0ZXh.log,16,31,Black,r1bq1b1r/1pp3pp/p2p2k1/1P1Q4/8/R7/1PP2PPP/2B1R1K1 b - - 2 16,h7h6,1,-156,0,h7h6;h7h6,h7h6;h7h6,c8d7;c8g4,-780,2
ArasanX_vs_EnyoBot_5Pms0ZXh.log,16,31,Black,r1bq1b1r/1pp3pp/p2p2k1/1P1Q4/8/R7/1PP2PPP/2B1R1K1 b - - 2 16,c8g4,2,-672,516,h7h6;h7h6,h7h6;h7h6,c8d7;c8g4,-780,2
ArasanX_vs_EnyoBot_5Pms0ZXh.log,16,31,Black,r1bq1b1r/1pp3pp/p2p2k1/1P1Q4/8/R7/1PP2PPP/2B1R1K1 b - - 2 16,h7h5,3,-758,602,h7h6;h7h6,h7h6;h7h6,c8d7;c8g4,-780,2
ArasanX_vs_EnyoBot_5Pms0ZXh.log,16,31,Black,r1bq1b1r/1pp3pp/p2p2k1/1P1Q4/8/R7/1PP2PPP/2B1R1K1 b - - 2 16,d8h4,4,-31993,31837,h7h6;h7h6,h7h6;h7h6,c8d7;c8g4,-780,2
ArasanX_vs_EnyoBot_5Pms0ZXh.log,16,31,Black,r1bq1b1r/1pp3pp/p2p2k1/1P1Q4/8/R7/1PP2PPP/2B1R1K1 b - - 2 16,f8e7,5,-31994,31838,h7h6;h7h6,h7h6;h7h6,c8d7;c8g4,-780,2
ArasanX_vs_EnyoBot_5Pms0ZXh.log,16,31,Black,r1bq1b1r/1pp3pp/p2p2k1/1P1Q4/8/R7/1PP2PPP/2B1R1K1 b - - 2 16,d8d7,6,-31994,31838,h7h6;h7h6,h7h6;h7h6,c8d7;c8g4,-780,2
ArasanX_vs_EnyoBot_5Pms0ZXh.log,16,31,Black,r1bq1b1r/1pp3pp/p2p2k1/1P1Q4/8/R7/1PP2PPP/2B1R1K1 b - - 2 16,d8e7,7,-31995,31839,h7h6;h7h6,h7h6;h7h6,c8d7;c8g4,-780,2
ArasanX_vs_EnyoBot_5Pms0ZXh.log,16,31,Black,r1bq1b1r/1pp3pp/p2p2k1/1P1Q4/8/R7/1PP2PPP/2B1R1K1 b - - 2 16,d8f6,8,-31995,31839,h7h6;h7h6,h7h6;h7h6,c8d7;c8g4,-780,2
ArasanX_vs_EnyoBot_5Pms0ZXh.log,16,31,Black,r1bq1b1r/1pp3pp/p2p2k1/1P1Q4/8/R7/1PP2PPP/2B1R1K1 b - - 2 16,c8d7,9,-31995,31839,h7h6;h7h6,h7h6;h7h6,c8d7;c8g4,-780,2
ArasanX_vs_EnyoBot_5Pms0ZXh.log,16,31,Black,r1bq1b1r/1pp3pp/p2p2k1/1P1Q4/8/R7/1PP2PPP/2B1R1K1 b - - 2 16,c8f5,10,-31995,31839,h7h6;h7h6,h7h6;h7h6,c8d7;c8g4,-780,2
ArasanX_vs_EnyoBot_5Pms0ZXh.log,16,31,Black,r1bq1b1r/1pp3pp/p2p2k1/1P1Q4/8/R7/1PP2PPP/2B1R1K1 b - - 2 16,a8b8,11,-31995,31839,h7h6;h7h6,h7h6;h7h6,c8d7;c8g4,-780,2
ArasanX_vs_EnyoBot_5Pms0ZXh.log,16,31,Black,r1bq1b1r/1pp3pp/p2p2k1/1P1Q4/8/R7/1PP2PPP/2B1R1K1 b - - 2 16,a8a7,12,-31995,31839,h7h6;h7h6,h7h6;h7h6,c8d7;c8g4,-780,2
ArasanX_vs_EnyoBot_5Pms0ZXh.log,16,31,Black,r1bq1b1r/1pp3pp/p2p2k1/1P1Q4/8/R7/1PP2PPP/2B1R1K1 b - - 2 16,a6b5,13,-31995,31839,h7h6;h7h6,h7h6;h7h6,c8d7;c8g4,-780,2
ArasanX_vs_EnyoBot_5Pms0ZXh.log,16,31,Black,r1bq1b1r/1pp3pp/p2p2k1/1P1Q4/8/R7/1PP2PPP/2B1R1K1 b - - 2 16,c7c6,14,-31995,31839,h7h6;h7h6,h7h6;h7h6,c8d7;c8g4,-780,2
ArasanX_vs_EnyoBot_5Pms0ZXh.log,16,31,Black,r1bq1b1r/1pp3pp/p2p2k1/1P1Q4/8/R7/1PP2PPP/2B1R1K1 b - - 2 16,b7b6,15,-31995,31839,h7h6;h7h6,h7h6;h7h6,c8d7;c8g4,-780,2
ArasanX_vs_EnyoBot_5Pms0ZXh.log,16,31,Black,r1bq1b1r/1pp3pp/p2p2k1/1P1Q4/8/R7/1PP2PPP/2B1R1K1 b - - 2 16,a6a5,16,-31995,31839,h7h6;h7h6,h7h6;h7h6,c8d7;c8g4,-780,2
ArasanX_vs_EnyoBot_5Pms0ZXh.log,16,31,Black,r1bq1b1r/1pp3pp/p2p2k1/1P1Q4/8/R7/1PP2PPP/2B1R1K1 b - - 2 16,c7c5,17,-31995,31839,h7h6;h7h6,h7h6;h7h6,c8d7;c8g4,-780,2
ArasanX_vs_EnyoBot_5Pms0ZXh.log,16,31,Black,r1bq1b1r/1pp3pp/p2p2k1/1P1Q4/8/R7/1PP2PPP/2B1R1K1 b - - 2 16,h8g8,18,-31996,31840,h7h6;h7h6,h7h6;h7h6,c8d7;c8g4,-780,2
ArasanX_vs_EnyoBot_5Pms0ZXh.log,16,31,Black,r1bq1b1r/1pp3pp/p2p2k1/1P1Q4/8/R7/1PP2PPP/2B1R1K1 b - - 2 16,d8g5,19,-31996,31840,h7h6;h7h6,h7h6;h7h6,c8d7;c8g4,-780,2
ArasanX_vs_EnyoBot_5Pms0ZXh.log,16,31,Black,r1bq1b1r/1pp3pp/p2p2k1/1P1Q4/8/R7/1PP2PPP/2B1R1K1 b - - 2 16,c8h3,20,-31996,31840,h7h6;h7h6,h7h6;h7h6,c8d7;c8g4,-780,2
ArasanX_vs_EnyoBot_5Pms0ZXh.log,16,31,Black,r1bq1b1r/1pp3pp/p2p2k1/1P1Q4/8/R7/1PP2PPP/2B1R1K1 b - - 2 16,d8e8,21,-31997,31841,h7h6;h7h6,h7h6;h7h6,c8d7;c8g4,-780,2
ArasanX_vs_EnyoBot_5Pms0ZXh.log,16,31,Black,r1bq1b1r/1pp3pp/p2p2k1/1P1Q4/8/R7/1PP2PPP/2B1R1K1 b - - 2 16,c8e6,22,-31997,31841,h7h6;h7h6,h7h6;h7h6,c8d7;c8g4,-780,2
ArasanX_vs_EnyoBot_5Pms0ZXh.log,16,31,Black,r1bq1b1r/1pp3pp/p2p2k1/1P1Q4/8/R7/1PP2PPP/2B1R1K1 b - - 2 16,g6f6,23,-31998,31842,h7h6;h7h6,h7h6;h7h6,c8d7;c8g4,-780,2
ArasanX_vs_EnyoBot_7pzXRQFZ.log,32,63,Black,r4k2/1p3r2/p6Q/8/2R5/2nP4/3N1P1P/q2BK3 b - - 2 32,f8e7,1,-178,0,f8e7;f8e7;f8e7,f8e7;f8e7;f8e7,f7g7;f8e8;f7g7,-563,3
ArasanX_vs_EnyoBot_7pzXRQFZ.log,32,63,Black,r4k2/1p3r2/p6Q/8/2R5/2nP4/3N1P1P/q2BK3 b - - 2 32,f8e8,2,-420,242,f8e7;f8e7;f8e7,f8e7;f8e7;f8e7,f7g7;f8e8;f7g7,-563,3
ArasanX_vs_EnyoBot_7pzXRQFZ.log,32,63,Black,r4k2/1p3r2/p6Q/8/2R5/2nP4/3N1P1P/q2BK3 b - - 2 32,f7g7,3,-31992,31814,f8e7;f8e7;f8e7,f8e7;f8e7;f8e7,f7g7;f8e8;f7g7,-563,3
ArasanX_vs_EnyoBot_7pzXRQFZ.log,32,63,Black,r4k2/1p3r2/p6Q/8/2R5/2nP4/3N1P1P/q2BK3 b - - 2 32,f8g8,4,-31998,31820,f8e7;f8e7;f8e7,f8e7;f8e7;f8e7,f7g7;f8e8;f7g7,-563,3
odonata-bot_vs_EnyoBot_u9u9wyRV_oot.log,28,55,Black,4r1k1/5pp1/1Rbb3p/3p4/p2P4/2P1N2P/q2B1PP1/3Q2K1 b - - 3 28,e8b8,1,114,0,e8b8;e8b8,e8b8;e8b8,a4a3;d6g3,-460,2
odonata-bot_vs_EnyoBot_u9u9wyRV_oot.log,28,55,Black,4r1k1/5pp1/1Rbb3p/3p4/p2P4/2P1N2P/q2B1PP1/3Q2K1 b - - 3 28,e8e6,2,-81,195,e8b8;e8b8,e8b8;e8b8,a4a3;d6g3,-460,2
odonata-bot_vs_EnyoBot_u9u9wyRV_oot.log,28,55,Black,4r1k1/5pp1/1Rbb3p/3p4/p2P4/2P1N2P/q2B1PP1/3Q2K1 b - - 3 28,d6f8,3,-216,330,e8b8;e8b8,e8b8;e8b8,a4a3;d6g3,-460,2
odonata-bot_vs_EnyoBot_u9u9wyRV_oot.log,28,55,Black,4r1k1/5pp1/1Rbb3p/3p4/p2P4/2P1N2P/q2B1PP1/3Q2K1 b - - 3 28,d6f4,4,-235,349,e8b8;e8b8,e8b8;e8b8,a4a3;d6g3,-460,2
odonata-bot_vs_EnyoBot_u9u9wyRV_oot.log,28,55,Black,4r1k1/5pp1/1Rbb3p/3p4/p2P4/2P1N2P/q2B1PP1/3Q2K1 b - - 3 28,e8c8,5,-246,360,e8b8;e8b8,e8b8;e8b8,a4a3;d6g3,-460,2
odonata-bot_vs_EnyoBot_u9u9wyRV_oot.log,28,55,Black,4r1k1/5pp1/1Rbb3p/3p4/p2P4/2P1N2P/q2B1PP1/3Q2K1 b - - 3 28,e8a8,6,-291,405,e8b8;e8b8,e8b8;e8b8,a4a3;d6g3,-460,2
odonata-bot_vs_EnyoBot_u9u9wyRV_oot.log,28,55,Black,4r1k1/5pp1/1Rbb3p/3p4/p2P4/2P1N2P/q2B1PP1/3Q2K1 b - - 3 28,c6d7,7,-293,407,e8b8;e8b8,e8b8;e8b8,a4a3;d6g3,-460,2
odonata-bot_vs_EnyoBot_u9u9wyRV_oot.log,28,55,Black,4r1k1/5pp1/1Rbb3p/3p4/p2P4/2P1N2P/q2B1PP1/3Q2K1 b - - 3 28,a4a3,8,-293,407,e8b8;e8b8,e8b8;e8b8,a4a3;d6g3,-460,2
odonata-bot_vs_EnyoBot_u9u9wyRV_oot.log,28,55,Black,4r1k1/5pp1/1Rbb3p/3p4/p2P4/2P1N2P/q2B1PP1/3Q2K1 b - - 3 28,e8d8,9,-294,408,e8b8;e8b8,e8b8;e8b8,a4a3;d6g3,-460,2
odonata-bot_vs_EnyoBot_u9u9wyRV_oot.log,28,55,Black,4r1k1/5pp1/1Rbb3p/3p4/p2P4/2P1N2P/q2B1PP1/3Q2K1 b - - 3 28,d6a3,10,-298,412,e8b8;e8b8,e8b8;e8b8,a4a3;d6g3,-460,2
odonata-bot_vs_EnyoBot_u9u9wyRV_oot.log,28,55,Black,4r1k1/5pp1/1Rbb3p/3p4/p2P4/2P1N2P/q2B1PP1/3Q2K1 b - - 3 28,g8h8,11,-299,413,e8b8;e8b8,e8b8;e8b8,a4a3;d6g3,-460,2
odonata-bot_vs_EnyoBot_u9u9wyRV_oot.log,28,55,Black,4r1k1/5pp1/1Rbb3p/3p4/p2P4/2P1N2P/q2B1PP1/3Q2K1 b - - 3 28,d6e7,12,-311,425,e8b8;e8b8,e8b8;e8b8,a4a3;d6g3,-460,2
odonata-bot_vs_EnyoBot_u9u9wyRV_oot.log,28,55,Black,4r1k1/5pp1/1Rbb3p/3p4/p2P4/2P1N2P/q2B1PP1/3Q2K1 b - - 3 28,c6b5,13,-315,429,e8b8;e8b8,e8b8;e8b8,a4a3;d6g3,-460,2
odonata-bot_vs_EnyoBot_u9u9wyRV_oot.log,28,55,Black,4r1k1/5pp1/1Rbb3p/3p4/p2P4/2P1N2P/q2B1PP1/3Q2K1 b - - 3 28,e8e4,14,-316,430,e8b8;e8b8,e8b8;e8b8,a4a3;d6g3,-460,2
odonata-bot_vs_EnyoBot_u9u9wyRV_oot.log,28,55,Black,4r1k1/5pp1/1Rbb3p/3p4/p2P4/2P1N2P/q2B1PP1/3Q2K1 b - - 3 28,g7g6,15,-319,433,e8b8;e8b8,e8b8;e8b8,a4a3;d6g3,-460,2
odonata-bot_vs_EnyoBot_u9u9wyRV_oot.log,28,55,Black,4r1k1/5pp1/1Rbb3p/3p4/p2P4/2P1N2P/q2B1PP1/3Q2K1 b - - 3 28,f7f6,16,-323,437,e8b8;e8b8,e8b8;e8b8,a4a3;d6g3,-460,2
odonata-bot_vs_EnyoBot_u9u9wyRV_oot.log,28,55,Black,4r1k1/5pp1/1Rbb3p/3p4/p2P4/2P1N2P/q2B1PP1/3Q2K1 b - - 3 28,e8e3,17,-329,443,e8b8;e8b8,e8b8;e8b8,a4a3;d6g3,-460,2
odonata-bot_vs_EnyoBot_u9u9wyRV_oot.log,28,55,Black,4r1k1/5pp1/1Rbb3p/3p4/p2P4/2P1N2P/q2B1PP1/3Q2K1 b - - 3 28,g8h7,18,-330,444,e8b8;e8b8,e8b8;e8b8,a4a3;d6g3,-460,2
odonata-bot_vs_EnyoBot_u9u9wyRV_oot.log,28,55,Black,4r1k1/5pp1/1Rbb3p/3p4/p2P4/2P1N2P/q2B1PP1/3Q2K1 b - - 3 28,d6g3,19,-333,447,e8b8;e8b8,e8b8;e8b8,a4a3;d6g3,-460,2
odonata-bot_vs_EnyoBot_u9u9wyRV_oot.log,28,55,Black,4r1k1/5pp1/1Rbb3p/3p4/p2P4/2P1N2P/q2B1PP1/3Q2K1 b - - 3 28,e8e7,20,-335,449,e8b8;e8b8,e8b8;e8b8,a4a3;d6g3,-460,2
odonata-bot_vs_EnyoBot_u9u9wyRV_oot.log,28,55,Black,4r1k1/5pp1/1Rbb3p/3p4/p2P4/2P1N2P/q2B1PP1/3Q2K1 b - - 3 28,d6e5,21,-337,451,e8b8;e8b8,e8b8;e8b8,a4a3;d6g3,-460,2
odonata-bot_vs_EnyoBot_u9u9wyRV_oot.log,28,55,Black,4r1k1/5pp1/1Rbb3p/3p4/p2P4/2P1N2P/q2B1PP1/3Q2K1 b - - 3 28,c6b7,22,-340,454,e8b8;e8b8,e8b8;e8b8,a4a3;d6g3,-460,2
odonata-bot_vs_EnyoBot_u9u9wyRV_oot.log,28,55,Black,4r1k1/5pp1/1Rbb3p/3p4/p2P4/2P1N2P/q2B1PP1/3Q2K1 b - - 3 28,h6h5,23,-342,456,e8b8;e8b8,e8b8;e8b8,a4a3;d6g3,-460,2
odonata-bot_vs_EnyoBot_u9u9wyRV_oot.log,28,55,Black,4r1k1/5pp1/1Rbb3p/3p4/p2P4/2P1N2P/q2B1PP1/3Q2K1 b - - 3 28,f7f5,24,-350,464,e8b8;e8b8,e8b8;e8b8,a4a3;d6g3,-460,2
odonata-bot_vs_EnyoBot_u9u9wyRV_oot.log,28,55,Black,4r1k1/5pp1/1Rbb3p/3p4/p2P4/2P1N2P/q2B1PP1/3Q2K1 b - - 3 28,g8f8,25,-357,471,e8b8;e8b8,e8b8;e8b8,a4a3;d6g3,-460,2
odonata-bot_vs_EnyoBot_u9u9wyRV_oot.log,28,55,Black,4r1k1/5pp1/1Rbb3p/3p4/p2P4/2P1N2P/q2B1PP1/3Q2K1 b - - 3 28,d6b8,26,-362,476,e8b8;e8b8,e8b8;e8b8,a4a3;d6g3,-460,2
odonata-bot_vs_EnyoBot_u9u9wyRV_oot.log,28,55,Black,4r1k1/5pp1/1Rbb3p/3p4/p2P4/2P1N2P/q2B1PP1/3Q2K1 b - - 3 28,e8f8,27,-366,480,e8b8;e8b8,e8b8;e8b8,a4a3;d6g3,-460,2
odonata-bot_vs_EnyoBot_u9u9wyRV_oot.log,28,55,Black,4r1k1/5pp1/1Rbb3p/3p4/p2P4/2P1N2P/q2B1PP1/3Q2K1 b - - 3 28,c6a8,28,-371,485,e8b8;e8b8,e8b8;e8b8,a4a3;d6g3,-460,2
odonata-bot_vs_EnyoBot_u9u9wyRV_oot.log,28,55,Black,4r1k1/5pp1/1Rbb3p/3p4/p2P4/2P1N2P/q2B1PP1/3Q2K1 b - - 3 28,g7g5,29,-371,485,e8b8;e8b8,e8b8;e8b8,a4a3;d6g3,-460,2
odonata-bot_vs_EnyoBot_u9u9wyRV_oot.log,28,55,Black,4r1k1/5pp1/1Rbb3p/3p4/p2P4/2P1N2P/q2B1PP1/3Q2K1 b - - 3 28,d6b4,30,-374,488,e8b8;e8b8,e8b8;e8b8,a4a3;d6g3,-460,2
odonata-bot_vs_EnyoBot_u9u9wyRV_oot.log,28,55,Black,4r1k1/5pp1/1Rbb3p/3p4/p2P4/2P1N2P/q2B1PP1/3Q2K1 b - - 3 28,a2b3,31,-375,489,e8b8;e8b8,e8b8;e8b8,a4a3;d6g3,-460,2
odonata-bot_vs_EnyoBot_u9u9wyRV_oot.log,28,55,Black,4r1k1/5pp1/1Rbb3p/3p4/p2P4/2P1N2P/q2B1PP1/3Q2K1 b - - 3 28,d6h2,32,-390,504,e8b8;e8b8,e8b8;e8b8,a4a3;d6g3,-460,2
odonata-bot_vs_EnyoBot_u9u9wyRV_oot.log,28,55,Black,4r1k1/5pp1/1Rbb3p/3p4/p2P4/2P1N2P/q2B1PP1/3Q2K1 b - - 3 28,d6c7,33,-397,511,e8b8;e8b8,e8b8;e8b8,a4a3;d6g3,-460,2
odonata-bot_vs_EnyoBot_u9u9wyRV_oot.log,28,55,Black,4r1k1/5pp1/1Rbb3p/3p4/p2P4/2P1N2P/q2B1PP1/3Q2K1 b - - 3 28,a2a3,34,-405,519,e8b8;e8b8,e8b8;e8b8,a4a3;d6g3,-460,2
odonata-bot_vs_EnyoBot_u9u9wyRV_oot.log,28,55,Black,4r1k1/5pp1/1Rbb3p/3p4/p2P4/2P1N2P/q2B1PP1/3Q2K1 b - - 3 28,d6c5,35,-417,531,e8b8;e8b8,e8b8;e8b8,a4a3;d6g3,-460,2
odonata-bot_vs_EnyoBot_u9u9wyRV_oot.log,28,55,Black,4r1k1/5pp1/1Rbb3p/3p4/p2P4/2P1N2P/q2B1PP1/3Q2K1 b - - 3 28,e8e5,36,-521,635,e8b8;e8b8,e8b8;e8b8,a4a3;d6g3,-460,2
odonata-bot_vs_EnyoBot_u9u9wyRV_oot.log,28,55,Black,4r1k1/5pp1/1Rbb3p/3p4/p2P4/2P1N2P/q2B1PP1/3Q2K1 b - - 3 28,a2d2,37,-528,642,e8b8;e8b8,e8b8;e8b8,a4a3;d6g3,-460,2
odonata-bot_vs_EnyoBot_u9u9wyRV_oot.log,28,55,Black,4r1k1/5pp1/1Rbb3p/3p4/p2P4/2P1N2P/q2B1PP1/3Q2K1 b - - 3 28,a2b2,38,-556,670,e8b8;e8b8,e8b8;e8b8,a4a3;d6g3,-460,2
odonata-bot_vs_EnyoBot_u9u9wyRV_oot.log,28,55,Black,4r1k1/5pp1/1Rbb3p/3p4/p2P4/2P1N2P/q2B1PP1/3Q2K1 b - - 3 28,a2c2,39,-604,718,e8b8;e8b8,e8b8;e8b8,a4a3;d6g3,-460,2
odonata-bot_vs_EnyoBot_u9u9wyRV_oot.log,28,55,Black,4r1k1/5pp1/1Rbb3p/3p4/p2P4/2P1N2P/q2B1PP1/3Q2K1 b - - 3 28,a2c4,40,-617,731,e8b8;e8b8,e8b8;e8b8,a4a3;d6g3,-460,2
odonata-bot_vs_EnyoBot_u9u9wyRV_oot.log,28,55,Black,4r1k1/5pp1/1Rbb3p/3p4/p2P4/2P1N2P/q2B1PP1/3Q2K1 b - - 3 28,a2b1,41,-632,746,e8b8;e8b8,e8b8;e8b8,a4a3;d6g3,-460,2
odonata-bot_vs_EnyoBot_u9u9wyRV_oot.log,28,55,Black,4r1k1/5pp1/1Rbb3p/3p4/p2P4/2P1N2P/q2B1PP1/3Q2K1 b - - 3 28,a2a1,42,-678,792,e8b8;e8b8,e8b8;e8b8,a4a3;d6g3,-460,2
EnyoBot_vs_DarkOnBot_pm9SUqFN.log,37,72,White,6k1/2p3q1/1p1p2p1/pP1P1p1p/1nP1r3/4P1PB/5P1P/1Q4RK w - - 0 37,b1b3,1,-60,0,b1b3;b1b3,b1b3;b1b3,h3f5;b1e4,-427,2
EnyoBot_vs_DarkOnBot_pm9SUqFN.log,37,72,White,6k1/2p3q1/1p1p2p1/pP1P1p1p/1nP1r3/4P1PB/5P1P/1Q4RK w - - 0 37,g1c1,2,-100,40,b1b3;b1b3,b1b3;b1b3,h3f5;b1e4,-427,2
EnyoBot_vs_DarkOnBot_pm9SUqFN.log,37,72,White,6k1/2p3q1/1p1p2p1/pP1P1p1p/1nP1r3/4P1PB/5P1P/1Q4RK w - - 0 37,h3f1,3,-133,73,b1b3;b1b3,b1b3;b1b3,h3f5;b1e4,-427,2
EnyoBot_vs_DarkOnBot_pm9SUqFN.log,37,72,White,6k1/2p3q1/1p1p2p1/pP1P1p1p/1nP1r3/4P1PB/5P1P/1Q4RK w - - 0 37,b1c1,4,-171,111,b1b3;b1b3,b1b3;b1b3,h3f5;b1e4,-427,2
EnyoBot_vs_DarkOnBot_pm9SUqFN.log,37,72,White,6k1/2p3q1/1p1p2p1/pP1P1p1p/1nP1r3/4P1PB/5P1P/1Q4RK w - - 0 37,g1d1,5,-223,163,b1b3;b1b3,b1b3;b1b3,h3f5;b1e4,-427,2
EnyoBot_vs_DarkOnBot_pm9SUqFN.log,37,72,White,6k1/2p3q1/1p1p2p1/pP1P1p1p/1nP1r3/4P1PB/5P1P/1Q4RK w - - 0 37,c4c5,6,-232,172,b1b3;b1b3,b1b3;b1b3,h3f5;b1e4,-427,2
EnyoBot_vs_DarkOnBot_pm9SUqFN.log,37,72,White,6k1/2p3q1/1p1p2p1/pP1P1p1p/1nP1r3/4P1PB/5P1P/1Q4RK w - - 0 37,h1g2,7,-248,188,b1b3;b1b3,b1b3;b1b3,h3f5;b1e4,-427,2
EnyoBot_vs_DarkOnBot_pm9SUqFN.log,37,72,White,6k1/2p3q1/1p1p2p1/pP1P1p1p/1nP1r3/4P1PB/5P1P/1Q4RK w - - 0 37,g1e1,8,-275,215,b1b3;b1b3,b1b3;b1b3,h3f5;b1e4,-427,2
EnyoBot_vs_DarkOnBot_pm9SUqFN.log,37,72,White,6k1/2p3q1/1p1p2p1/pP1P1p1p/1nP1r3/4P1PB/5P1P/1Q4RK w - - 0 37,b1f1,9,-282,222,b1b3;b1b3,b1b3;b1b3,h3f5;b1e4,-427,2
EnyoBot_vs_DarkOnBot_pm9SUqFN.log,37,72,White,6k1/2p3q1/1p1p2p1/pP1P1p1p/1nP1r3/4P1PB/5P1P/1Q4RK w - - 0 37,h3g2,10,-295,235,b1b3;b1b3,b1b3;b1b3,h3f5;b1e4,-427,2
EnyoBot_vs_DarkOnBot_pm9SUqFN.log,37,72,White,6k1/2p3q1/1p1p2p1/pP1P1p1p/1nP1r3/4P1PB/5P1P/1Q4RK w - - 0 37,g3g4,11,-297,237,b1b3;b1b3,b1b3;b1b3,h3f5;b1e4,-427,2
EnyoBot_vs_DarkOnBot_pm9SUqFN.log,37,72,White,6k1/2p3q1/1p1p2p1/pP1P1p1p/1nP1r3/4P1PB/5P1P/1Q4RK w - - 0 37,b1d1,12,-306,246,b1b3;b1b3,b1b3;b1b3,h3f5;b1e4,-427,2
EnyoBot_vs_DarkOnBot_pm9SUqFN.log,37,72,White,6k1/2p3q1/1p1p2p1/pP1P1p1p/1nP1r3/4P1PB/5P1P/1Q4RK w - - 0 37,g1f1,13,-309,249,b1b3;b1b3,b1b3;b1b3,h3f5;b1e4,-427,2
EnyoBot_vs_DarkOnBot_pm9SUqFN.log,37,72,White,6k1/2p3q1/1p1p2p1/pP1P1p1p/1nP1r3/4P1PB/5P1P/1Q4RK w - - 0 37,b1e1,14,-317,257,b1b3;b1b3,b1b3;b1b3,h3f5;b1e4,-427,2
EnyoBot_vs_DarkOnBot_pm9SUqFN.log,37,72,White,6k1/2p3q1/1p1p2p1/pP1P1p1p/1nP1r3/4P1PB/5P1P/1Q4RK w - - 0 37,h3f5,15,-333,273,b1b3;b1b3,b1b3;b1b3,h3f5;b1e4,-427,2
EnyoBot_vs_DarkOnBot_pm9SUqFN.log,37,72,White,6k1/2p3q1/1p1p2p1/pP1P1p1p/1nP1r3/4P1PB/5P1P/1Q4RK w - - 0 37,f2f3,16,-358,298,b1b3;b1b3,b1b3;b1b3,h3f5;b1e4,-427,2
EnyoBot_vs_DarkOnBot_pm9SUqFN.log,37,72,White,6k1/2p3q1/1p1p2p1/pP1P1p1p/1nP1r3/4P1PB/5P1P/1Q4RK w - - 0 37,g1g2,17,-375,315,b1b3;b1b3,b1b3;b1b3,h3f5;b1e4,-427,2
EnyoBot_vs_DarkOnBot_pm9SUqFN.log,37,72,White,6k1/2p3q1/1p1p2p1/pP1P1p1p/1nP1r3/4P1PB/5P1P/1Q4RK w - - 0 37,f2f4,18,-379,319,b1b3;b1b3,b1b3;b1b3,h3f5;b1e4,-427,2
EnyoBot_vs_DarkOnBot_pm9SUqFN.log,37,72,White,6k1/2p3q1/1p1p2p1/pP1P1p1p/1nP1r3/4P1PB/5P1P/1Q4RK w - - 0 37,h3g4,19,-393,333,b1b3;b1b3,b1b3;b1b3,h3f5;b1e4,-427,2
EnyoBot_vs_DarkOnBot_pm9SUqFN.log,37,72,White,6k1/2p3q1/1p1p2p1/pP1P1p1p/1nP1r3/4P1PB/5P1P/1Q4RK w - - 0 37,b1a1,20,-426,366,b1b3;b1b3,b1b3;b1b3,h3f5;b1e4,-427,2
EnyoBot_vs_DarkOnBot_pm9SUqFN.log,37,72,White,6k1/2p3q1/1p1p2p1/pP1P1p1p/1nP1r3/4P1PB/5P1P/1Q4RK w - - 0 37,b1e4,21,-488,428,b1b3;b1b3,b1b3;b1b3,h3f5;b1e4,-427,2
EnyoBot_vs_DarkOnBot_pm9SUqFN.log,37,72,White,6k1/2p3q1/1p1p2p1/pP1P1p1p/1nP1r3/4P1PB/5P1P/1Q4RK w - - 0 37,b1b4,22,-603,543,b1b3;b1b3,b1b3;b1b3,h3f5;b1e4,-427,2
EnyoBot_vs_DarkOnBot_pm9SUqFN.log,37,72,White,6k1/2p3q1/1p1p2p1/pP1P1p1p/1nP1r3/4P1PB/5P1P/1Q4RK w - - 0 37,b1a2,23,-665,605,b1b3;b1b3,b1b3;b1b3,h3f5;b1e4,-427,2
EnyoBot_vs_DarkOnBot_pm9SUqFN.log,37,72,White,6k1/2p3q1/1p1p2p1/pP1P1p1p/1nP1r3/4P1PB/5P1P/1Q4RK w - - 0 37,b1c2,24,-705,645,b1b3;b1b3,b1b3;b1b3,h3f5;b1e4,-427,2
EnyoBot_vs_DarkOnBot_pm9SUqFN.log,37,72,White,6k1/2p3q1/1p1p2p1/pP1P1p1p/1nP1r3/4P1PB/5P1P/1Q4RK w - - 0 37,b1d3,25,-734,674,b1b3;b1b3,b1b3;b1b3,h3f5;b1e4,-427,2
EnyoBot_vs_DarkOnBot_pm9SUqFN.log,37,72,White,6k1/2p3q1/1p1p2p1/pP1P1p1p/1nP1r3/4P1PB/5P1P/1Q4RK w - - 0 37,b1b2,26,-763,703,b1b3;b1b3,b1b3;b1b3,h3f5;b1e4,-427,2
styx_reckless_vs_EnyoBot_z3PAJH4r.log,15,29,Black,r1b1rnk1/pp2qpb1/2p3pp/3pP3/3P1P2/2NB4/PP1N2PP/R2Q1RK1 b - - 0 15,f8e6,1,-66,0,f8e6;f8e6,f8e6;f8e6,c8f5;c8h3,-387,2
styx_reckless_vs_EnyoBot_z3PAJH4r.log,15,29,Black,r1b1rnk1/pp2qpb1/2p3pp/3pP3/3P1P2/2NB4/PP1N2PP/R2Q1RK1 b - - 0 15,e7b4,2,-88,22,f8e6;f8e6,f8e6;f8e6,c8f5;c8h3,-387,2
styx_reckless_vs_EnyoBot_z3PAJH4r.log,15,29,Black,r1b1rnk1/pp2qpb1/2p3pp/3pP3/3P1P2/2NB4/PP1N2PP/R2Q1RK1 b - - 0 15,a7a5,3,-88,22,f8e6;f8e6,f8e6;f8e6,c8f5;c8h3,-387,2
styx_reckless_vs_EnyoBot_z3PAJH4r.log,15,29,Black,r1b1rnk1/pp2qpb1/2p3pp/3pP3/3P1P2/2NB4/PP1N2PP/R2Q1RK1 b - - 0 15,a7a6,4,-97,31,f8e6;f8e6,f8e6;f8e6,c8f5;c8h3,-387,2
styx_reckless_vs_EnyoBot_z3PAJH4r.log,15,29,Black,r1b1rnk1/pp2qpb1/2p3pp/3pP3/3P1P2/2NB4/PP1N2PP/R2Q1RK1 b - - 0 15,g8h8,5,-98,32,f8e6;f8e6,f8e6;f8e6,c8f5;c8h3,-387,2
styx_reckless_vs_EnyoBot_z3PAJH4r.log,15,29,Black,r1b1rnk1/pp2qpb1/2p3pp/3pP3/3P1P2/2NB4/PP1N2PP/R2Q1RK1 b - - 0 15,a8b8,6,-98,32,f8e6;f8e6,f8e6;f8e6,c8f5;c8h3,-387,2
styx_reckless_vs_EnyoBot_z3PAJH4r.log,15,29,Black,r1b1rnk1/pp2qpb1/2p3pp/3pP3/3P1P2/2NB4/PP1N2PP/R2Q1RK1 b - - 0 15,e8d8,7,-100,34,f8e6;f8e6,f8e6;f8e6,c8f5;c8h3,-387,2
styx_reckless_vs_EnyoBot_z3PAJH4r.log,15,29,Black,r1b1rnk1/pp2qpb1/2p3pp/3pP3/3P1P2/2NB4/PP1N2PP/R2Q1RK1 b - - 0 15,b7b6,8,-101,35,f8e6;f8e6,f8e6;f8e6,c8f5;c8h3,-387,2
styx_reckless_vs_EnyoBot_z3PAJH4r.log,15,29,Black,r1b1rnk1/pp2qpb1/2p3pp/3pP3/3P1P2/2NB4/PP1N2PP/R2Q1RK1 b - - 0 15,f7f6,9,-103,37,f8e6;f8e6,f8e6;f8e6,c8f5;c8h3,-387,2
styx_reckless_vs_EnyoBot_z3PAJH4r.log,15,29,Black,r1b1rnk1/pp2qpb1/2p3pp/3pP3/3P1P2/2NB4/PP1N2PP/R2Q1RK1 b - - 0 15,c8d7,10,-112,46,f8e6;f8e6,f8e6;f8e6,c8f5;c8h3,-387,2
styx_reckless_vs_EnyoBot_z3PAJH4r.log,15,29,Black,r1b1rnk1/pp2qpb1/2p3pp/3pP3/3P1P2/2NB4/PP1N2PP/R2Q1RK1 b - - 0 15,e7h4,11,-124,58,f8e6;f8e6,f8e6;f8e6,c8f5;c8h3,-387,2
styx_reckless_vs_EnyoBot_z3PAJH4r.log,15,29,Black,r1b1rnk1/pp2qpb1/2p3pp/3pP3/3P1P2/2NB4/PP1N2PP/R2Q1RK1 b - - 0 15,h6h5,12,-129,63,f8e6;f8e6,f8e6;f8e6,c8f5;c8h3,-387,2
styx_reckless_vs_EnyoBot_z3PAJH4r.log,15,29,Black,r1b1rnk1/pp2qpb1/2p3pp/3pP3/3P1P2/2NB4/PP1N2PP/R2Q1RK1 b - - 0 15,c8e6,13,-130,64,f8e6;f8e6,f8e6;f8e6,c8f5;c8h3,-387,2
styx_reckless_vs_EnyoBot_z3PAJH4r.log,15,29,Black,r1b1rnk1/pp2qpb1/2p3pp/3pP3/3P1P2/2NB4/PP1N2PP/R2Q1RK1 b - - 0 15,e7d8,14,-131,65,f8e6;f8e6,f8e6;f8e6,c8f5;c8h3,-387,2
styx_reckless_vs_EnyoBot_z3PAJH4r.log,15,29,Black,r1b1rnk1/pp2qpb1/2p3pp/3pP3/3P1P2/2NB4/PP1N2PP/R2Q1RK1 b - - 0 15,e7c7,15,-137,71,f8e6;f8e6,f8e6;f8e6,c8f5;c8h3,-387,2
styx_reckless_vs_EnyoBot_z3PAJH4r.log,15,29,Black,r1b1rnk1/pp2qpb1/2p3pp/3pP3/3P1P2/2NB4/PP1N2PP/R2Q1RK1 b - - 0 15,f7f5,16,-145,79,f8e6;f8e6,f8e6;f8e6,c8f5;c8h3,-387,2
styx_reckless_vs_EnyoBot_z3PAJH4r.log,15,29,Black,r1b1rnk1/pp2qpb1/2p3pp/3pP3/3P1P2/2NB4/PP1N2PP/R2Q1RK1 b - - 0 15,e7d7,17,-155,89,f8e6;f8e6,f8e6;f8e6,c8f5;c8h3,-387,2
styx_reckless_vs_EnyoBot_z3PAJH4r.log,15,29,Black,r1b1rnk1/pp2qpb1/2p3pp/3pP3/3P1P2/2NB4/PP1N2PP/R2Q1RK1 b - - 0 15,g8h7,18,-160,94,f8e6;f8e6,f8e6;f8e6,c8f5;c8h3,-387,2
styx_reckless_vs_EnyoBot_z3PAJH4r.log,15,29,Black,r1b1rnk1/pp2qpb1/2p3pp/3pP3/3P1P2/2NB4/PP1N2PP/R2Q1RK1 b - - 0 15,f8h7,19,-165,99,f8e6;f8e6,f8e6;f8e6,c8f5;c8h3,-387,2
styx_reckless_vs_EnyoBot_z3PAJH4r.log,15,29,Black,r1b1rnk1/pp2qpb1/2p3pp/3pP3/3P1P2/2NB4/PP1N2PP/R2Q1RK1 b - - 0 15,f8d7,20,-166,100,f8e6;f8e6,f8e6;f8e6,c8f5;c8h3,-387,2
styx_reckless_vs_EnyoBot_z3PAJH4r.log,15,29,Black,r1b1rnk1/pp2qpb1/2p3pp/3pP3/3P1P2/2NB4/PP1N2PP/R2Q1RK1 b - - 0 15,b7b5,21,-169,103,f8e6;f8e6,f8e6;f8e6,c8f5;c8h3,-387,2
styx_reckless_vs_EnyoBot_z3PAJH4r.log,15,29,Black,r1b1rnk1/pp2qpb1/2p3pp/3pP3/3P1P2/2NB4/PP1N2PP/R2Q1RK1 b - - 0 15,g7f6,22,-170,104,f8e6;f8e6,f8e6;f8e6,c8f5;c8h3,-387,2
styx_reckless_vs_EnyoBot_z3PAJH4r.log,15,29,Black,r1b1rnk1/pp2qpb1/2p3pp/3pP3/3P1P2/2NB4/PP1N2PP/R2Q1RK1 b - - 0 15,g7h8,23,-171,105,f8e6;f8e6,f8e6;f8e6,c8f5;c8h3,-387,2
styx_reckless_vs_EnyoBot_z3PAJH4r.log,15,29,Black,r1b1rnk1/pp2qpb1/2p3pp/3pP3/3P1P2/2NB4/PP1N2PP/R2Q1RK1 b - - 0 15,e7e6,24,-171,105,f8e6;f8e6,f8e6;f8e6,c8f5;c8h3,-387,2
styx_reckless_vs_EnyoBot_z3PAJH4r.log,15,29,Black,r1b1rnk1/pp2qpb1/2p3pp/3pP3/3P1P2/2NB4/PP1N2PP/R2Q1RK1 b - - 0 15,c6c5,25,-178,112,f8e6;f8e6,f8e6;f8e6,c8f5;c8h3,-387,2
styx_reckless_vs_EnyoBot_z3PAJH4r.log,15,29,Black,r1b1rnk1/pp2qpb1/2p3pp/3pP3/3P1P2/2NB4/PP1N2PP/R2Q1RK1 b - - 0 15,g6g5,26,-205,139,f8e6;f8e6,f8e6;f8e6,c8f5;c8h3,-387,2
styx_reckless_vs_EnyoBot_z3PAJH4r.log,15,29,Black,r1b1rnk1/pp2qpb1/2p3pp/3pP3/3P1P2/2NB4/PP1N2PP/R2Q1RK1 b - - 0 15,c8f5,27,-241,175,f8e6;f8e6,f8e6;f8e6,c8f5;c8h3,-387,2
styx_reckless_vs_EnyoBot_z3PAJH4r.log,15,29,Black,r1b1rnk1/pp2qpb1/2p3pp/3pP3/3P1P2/2NB4/PP1N2PP/R2Q1RK1 b - - 0 15,g7e5,28,-435,369,f8e6;f8e6,f8e6;f8e6,c8f5;c8h3,-387,2
styx_reckless_vs_EnyoBot_z3PAJH4r.log,15,29,Black,r1b1rnk1/pp2qpb1/2p3pp/3pP3/3P1P2/2NB4/PP1N2PP/R2Q1RK1 b - - 0 15,c8h3,29,-455,389,f8e6;f8e6,f8e6;f8e6,c8f5;c8h3,-387,2
styx_reckless_vs_EnyoBot_z3PAJH4r.log,15,29,Black,r1b1rnk1/pp2qpb1/2p3pp/3pP3/3P1P2/2NB4/PP1N2PP/R2Q1RK1 b - - 0 15,c8g4,30,-462,396,f8e6;f8e6,f8e6;f8e6,c8f5;c8h3,-387,2
styx_reckless_vs_EnyoBot_z3PAJH4r.log,15,29,Black,r1b1rnk1/pp2qpb1/2p3pp/3pP3/3P1P2/2NB4/PP1N2PP/R2Q1RK1 b - - 0 15,e7d6,31,-648,582,f8e6;f8e6,f8e6;f8e6,c8f5;c8h3,-387,2
styx_reckless_vs_EnyoBot_z3PAJH4r.log,15,29,Black,r1b1rnk1/pp2qpb1/2p3pp/3pP3/3P1P2/2NB4/PP1N2PP/R2Q1RK1 b - - 0 15,e7g5,32,-653,587,f8e6;f8e6,f8e6;f8e6,c8f5;c8h3,-387,2
styx_reckless_vs_EnyoBot_z3PAJH4r.log,15,29,Black,r1b1rnk1/pp2qpb1/2p3pp/3pP3/3P1P2/2NB4/PP1N2PP/R2Q1RK1 b - - 0 15,e7f6,33,-655,589,f8e6;f8e6,f8e6;f8e6,c8f5;c8h3,-387,2
styx_reckless_vs_EnyoBot_z3PAJH4r.log,15,29,Black,r1b1rnk1/pp2qpb1/2p3pp/3pP3/3P1P2/2NB4/PP1N2PP/R2Q1RK1 b - - 0 15,e7e5,34,-662,596,f8e6;f8e6,f8e6;f8e6,c8f5;c8h3,-387,2
styx_reckless_vs_EnyoBot_z3PAJH4r.log,15,29,Black,r1b1rnk1/pp2qpb1/2p3pp/3pP3/3P1P2/2NB4/PP1N2PP/R2Q1RK1 b - - 0 15,e7c5,35,-680,614,f8e6;f8e6,f8e6;f8e6,c8f5;c8h3,-387,2
styx_reckless_vs_EnyoBot_z3PAJH4r.log,15,29,Black,r1b1rnk1/pp2qpb1/2p3pp/3pP3/3P1P2/2NB4/PP1N2PP/R2Q1RK1 b - - 0 15,e7a3,36,-720,654,f8e6;f8e6,f8e6;f8e6,c8f5;c8h3,-387,2
ArasanX_vs_EnyoBot_Q0a5I19l.log,19,37,Black,2rqr1k1/1p1n1pp1/1bppb2p/p7/P2PP3/R3B2P/1PQNNPP1/4R1K1 b - - 7 19,d6d5,1,-23,0,d6d5;d6d5,d6d5;d6d5,d7e5;c6c5,-349,2
ArasanX_vs_EnyoBot_Q0a5I19l.log,19,37,Black,2rqr1k1/1p1n1pp1/1bppb2p/p7/P2PP3/R3B2P/1PQNNPP1/4R1K1 b - - 7 19,d7f8,2,-48,25,d6d5;d6d5,d6d5;d6d5,d7e5;c6c5,-349,2
ArasanX_vs_EnyoBot_Q0a5I19l.log,19,37,Black,2rqr1k1/1p1n1pp1/1bppb2p/p7/P2PP3/R3B2P/1PQNNPP1/4R1K1 b - - 7 19,b6a7,3,-48,25,d6d5;d6d5,d6d5;d6d5,d7e5;c6c5,-349,2
ArasanX_vs_EnyoBot_Q0a5I19l.log,19,37,Black,2rqr1k1/1p1n1pp1/1bppb2p/p7/P2PP3/R3B2P/1PQNNPP1/4R1K1 b - - 7 19,c8c7,4,-52,29,d6d5;d6d5,d6d5;d6d5,d7e5;c6c5,-349,2
ArasanX_vs_EnyoBot_Q0a5I19l.log,19,37,Black,2rqr1k1/1p1n1pp1/1bppb2p/p7/P2PP3/R3B2P/1PQNNPP1/4R1K1 b - - 7 19,d7f6,5,-55,32,d6d5;d6d5,d6d5;d6d5,d7e5;c6c5,-349,2
ArasanX_vs_EnyoBot_Q0a5I19l.log,19,37,Black,2rqr1k1/1p1n1pp1/1bppb2p/p7/P2PP3/R3B2P/1PQNNPP1/4R1K1 b - - 7 19,d8h4,6,-57,34,d6d5;d6d5,d6d5;d6d5,d7e5;c6c5,-349,2
ArasanX_vs_EnyoBot_Q0a5I19l.log,19,37,Black,2rqr1k1/1p1n1pp1/1bppb2p/p7/P2PP3/R3B2P/1PQNNPP1/4R1K1 b - - 7 19,g8h8,7,-61,38,d6d5;d6d5,d6d5;d6d5,d7e5;c6c5,-349,2
ArasanX_vs_EnyoBot_Q0a5I19l.log,19,37,Black,2rqr1k1/1p1n1pp1/1bppb2p/p7/P2PP3/R3B2P/1PQNNPP1/4R1K1 b - - 7 19,d8e7,8,-61,38,d6d5;d6d5,d6d5;d6d5,d7e5;c6c5,-349,2
ArasanX_vs_EnyoBot_Q0a5I19l.log,19,37,Black,2rqr1k1/1p1n1pp1/1bppb2p/p7/P2PP3/R3B2P/1PQNNPP1/4R1K1 b - - 7 19,b6c7,9,-61,38,d6d5;d6d5,d6d5;d6d5,d7e5;c6c5,-349,2
ArasanX_vs_EnyoBot_Q0a5I19l.log,19,37,Black,2rqr1k1/1p1n1pp1/1bppb2p/p7/P2PP3/R3B2P/1PQNNPP1/4R1K1 b - - 7 19,d7b8,10,-69,46,d6d5;d6d5,d6d5;d6d5,d7e5;c6c5,-349,2
ArasanX_vs_EnyoBot_Q0a5I19l.log,19,37,Black,2rqr1k1/1p1n1pp1/1bppb2p/p7/P2PP3/R3B2P/1PQNNPP1/4R1K1 b - - 7 19,e8f8,11,-73,50,d6d5;d6d5,d6d5;d6d5,d7e5;c6c5,-349,2
ArasanX_vs_EnyoBot_Q0a5I19l.log,19,37,Black,2rqr1k1/1p1n1pp1/1bppb2p/p7/P2PP3/R3B2P/1PQNNPP1/4R1K1 b - - 7 19,d8c7,12,-77,54,d6d5;d6d5,d6d5;d6d5,d7e5;c6c5,-349,2
ArasanX_vs_EnyoBot_Q0a5I19l.log,19,37,Black,2rqr1k1/1p1n1pp1/1bppb2p/p7/P2PP3/R3B2P/1PQNNPP1/4R1K1 b - - 7 19,c8b8,13,-78,55,d6d5;d6d5,d6d5;d6d5,d7e5;c6c5,-349,2
ArasanX_vs_EnyoBot_Q0a5I19l.log,19,37,Black,2rqr1k1/1p1n1pp1/1bppb2p/p7/P2PP3/R3B2P/1PQNNPP1/4R1K1 b - - 7 19,g8f8,14,-80,57,d6d5;d6d5,d6d5;d6d5,d7e5;c6c5,-349,2
ArasanX_vs_EnyoBot_Q0a5I19l.log,19,37,Black,2rqr1k1/1p1n1pp1/1bppb2p/p7/P2PP3/R3B2P/1PQNNPP1/4R1K1 b - - 7 19,e8e7,15,-80,57,d6d5;d6d5,d6d5;d6d5,d7e5;c6c5,-349,2
ArasanX_vs_EnyoBot_Q0a5I19l.log,19,37,Black,2rqr1k1/1p1n1pp1/1bppb2p/p7/P2PP3/R3B2P/1PQNNPP1/4R1K1 b - - 7 19,c8a8,16,-88,65,d6d5;d6d5,d6d5;d6d5,d7e5;c6c5,-349,2
ArasanX_vs_EnyoBot_Q0a5I19l.log,19,37,Black,2rqr1k1/1p1n1pp1/1bppb2p/p7/P2PP3/R3B2P/1PQNNPP1/4R1K1 b - - 7 19,h6h5,17,-98,75,d6d5;d6d5,d6d5;d6d5,d7e5;c6c5,-349,2
ArasanX_vs_EnyoBot_Q0a5I19l.log,19,37,Black,2rqr1k1/1p1n1pp1/1bppb2p/p7/P2PP3/R3B2P/1PQNNPP1/4R1K1 b - - 7 19,f7f5,18,-100,77,d6d5;d6d5,d6d5;d6d5,d7e5;c6c5,-349,2
ArasanX_vs_EnyoBot_Q0a5I19l.log,19,37,Black,2rqr1k1/1p1n1pp1/1bppb2p/p7/P2PP3/R3B2P/1PQNNPP1/4R1K1 b - - 7 19,d8f6,19,-109,86,d6d5;d6d5,d6d5;d6d5,d7e5;c6c5,-349,2
ArasanX_vs_EnyoBot_Q0a5I19l.log,19,37,Black,2rqr1k1/1p1n1pp1/1bppb2p/p7/P2PP3/R3B2P/1PQNNPP1/4R1K1 b - - 7 19,f7f6,20,-109,86,d6d5;d6d5,d6d5;d6d5,d7e5;c6c5,-349,2
ArasanX_vs_EnyoBot_Q0a5I19l.log,19,37,Black,2rqr1k1/1p1n1pp1/1bppb2p/p7/P2PP3/R3B2P/1PQNNPP1/4R1K1 b - - 7 19,g7g5,21,-146,123,d6d5;d6d5,d6d5;d6d5,d7e5;c6c5,-349,2
ArasanX_vs_EnyoBot_Q0a5I19l.log,19,37,Black,2rqr1k1/1p1n1pp1/1bppb2p/p7/P2PP3/R3B2P/1PQNNPP1/4R1K1 b - - 7 19,g8h7,22,-150,127,d6d5;d6d5,d6d5;d6d5,d7e5;c6c5,-349,2
ArasanX_vs_EnyoBot_Q0a5I19l.log,19,37,Black,2rqr1k1/1p1n1pp1/1bppb2p/p7/P2PP3/R3B2P/1PQNNPP1/4R1K1 b - - 7 19,g7g6,23,-152,129,d6d5;d6d5,d6d5;d6d5,d7e5;c6c5,-349,2
ArasanX_vs_EnyoBot_Q0a5I19l.log,19,37,Black,2rqr1k1/1p1n1pp1/1bppb2p/p7/P2PP3/R3B2P/1PQNNPP1/4R1K1 b - - 7 19,e6h3,24,-327,304,d6d5;d6d5,d6d5;d6d5,d7e5;c6c5,-349,2
ArasanX_vs_EnyoBot_Q0a5I19l.log,19,37,Black,2rqr1k1/1p1n1pp1/1bppb2p/p7/P2PP3/R3B2P/1PQNNPP1/4R1K1 b - - 7 19,c6c5,25,-360,337,d6d5;d6d5,d6d5;d6d5,d7e5;c6c5,-349,2
ArasanX_vs_EnyoBot_Q0a5I19l.log,19,37,Black,2rqr1k1/1p1n1pp1/1bppb2p/p7/P2PP3/R3B2P/1PQNNPP1/4R1K1 b - - 7 19,d7e5,26,-362,339,d6d5;d6d5,d6d5;d6d5,d7e5;c6c5,-349,2
ArasanX_vs_EnyoBot_Q0a5I19l.log,19,37,Black,2rqr1k1/1p1n1pp1/1bppb2p/p7/P2PP3/R3B2P/1PQNNPP1/4R1K1 b - - 7 19,e6g4,27,-402,379,d6d5;d6d5,d6d5;d6d5,d7e5;c6c5,-349,2
ArasanX_vs_EnyoBot_Q0a5I19l.log,19,37,Black,2rqr1k1/1p1n1pp1/1bppb2p/p7/P2PP3/R3B2P/1PQNNPP1/4R1K1 b - - 7 19,b6d4,28,-411,388,d6d5;d6d5,d6d5;d6d5,d7e5;c6c5,-349,2
ArasanX_vs_EnyoBot_Q0a5I19l.log,19,37,Black,2rqr1k1/1p1n1pp1/1bppb2p/p7/P2PP3/R3B2P/1PQNNPP1/4R1K1 b - - 7 19,e6f5,29,-415,392,d6d5;d6d5,d6d5;d6d5,d7e5;c6c5,-349,2
ArasanX_vs_EnyoBot_Q0a5I19l.log,19,37,Black,2rqr1k1/1p1n1pp1/1bppb2p/p7/P2PP3/R3B2P/1PQNNPP1/4R1K1 b - - 7 19,e6d5,30,-416,393,d6d5;d6d5,d6d5;d6d5,d7e5;c6c5,-349,2
ArasanX_vs_EnyoBot_Q0a5I19l.log,19,37,Black,2rqr1k1/1p1n1pp1/1bppb2p/p7/P2PP3/R3B2P/1PQNNPP1/4R1K1 b - - 7 19,e6a2,31,-421,398,d6d5;d6d5,d6d5;d6d5,d7e5;c6c5,-349,2
ArasanX_vs_EnyoBot_Q0a5I19l.log,19,37,Black,2rqr1k1/1p1n1pp1/1bppb2p/p7/P2PP3/R3B2P/1PQNNPP1/4R1K1 b - - 7 19,d7c5,32,-433,410,d6d5;d6d5,d6d5;d6d5,d7e5;c6c5,-349,2
ArasanX_vs_EnyoBot_Q0a5I19l.log,19,37,Black,2rqr1k1/1p1n1pp1/1bppb2p/p7/P2PP3/R3B2P/1PQNNPP1/4R1K1 b - - 7 19,e6b3,33,-441,418,d6d5;d6d5,d6d5;d6d5,d7e5;c6c5,-349,2
ArasanX_vs_EnyoBot_Q0a5I19l.log,19,37,Black,2rqr1k1/1p1n1pp1/1bppb2p/p7/P2PP3/R3B2P/1PQNNPP1/4R1K1 b - - 7 19,e6c4,34,-443,420,d6d5;d6d5,d6d5;d6d5,d7e5;c6c5,-349,2
ArasanX_vs_EnyoBot_Q0a5I19l.log,19,37,Black,2rqr1k1/1p1n1pp1/1bppb2p/p7/P2PP3/R3B2P/1PQNNPP1/4R1K1 b - - 7 19,b6c5,35,-454,431,d6d5;d6d5,d6d5;d6d5,d7e5;c6c5,-349,2
ArasanX_vs_EnyoBot_Q0a5I19l.log,19,37,Black,2rqr1k1/1p1n1pp1/1bppb2p/p7/P2PP3/R3B2P/1PQNNPP1/4R1K1 b - - 7 19,d8g5,36,-542,519,d6d5;d6d5,d6d5;d6d5,d7e5;c6c5,-349,2
EnyoBot_vs_DarkOnBot_pm9SUqFN.log,27,52,White,5r1k/1bp1rp2/1p1p1qpp/p2P1B2/PnP5/1N2P3/5PPP/1QRR2K1 w - - 0 27,f5h3,1,-45,0,f5h3;f5h3,f5h3;f5h3,b3a5;b3a5,-334,2
EnyoBot_vs_DarkOnBot_pm9SUqFN.log,27,52,White,5r1k/1bp1rp2/1p1p1qpp/p2P1B2/PnP5/1N2P3/5PPP/1QRR2K1 w - - 0 27,f5d3,2,-53,8,f5h3;f5h3,f5h3;f5h3,b3a5;b3a5,-334,2
EnyoBot_vs_DarkOnBot_pm9SUqFN.log,27,52,White,5r1k/1bp1rp2/1p1p1qpp/p2P1B2/PnP5/1N2P3/5PPP/1QRR2K1 w - - 0 27,f5e4,3,-57,12,f5h3;f5h3,f5h3;f5h3,b3a5;b3a5,-334,2
EnyoBot_vs_DarkOnBot_pm9SUqFN.log,27,52,White,5r1k/1bp1rp2/1p1p1qpp/p2P1B2/PnP5/1N2P3/5PPP/1QRR2K1 w - - 0 27,f5g4,4,-59,14,f5h3;f5h3,f5h3;f5h3,b3a5;b3a5,-334,2
EnyoBot_vs_DarkOnBot_pm9SUqFN.log,27,52,White,5r1k/1bp1rp2/1p1p1qpp/p2P1B2/PnP5/1N2P3/5PPP/1QRR2K1 w - - 0 27,f5c2,5,-61,16,f5h3;f5h3,f5h3;f5h3,b3a5;b3a5,-334,2
EnyoBot_vs_DarkOnBot_pm9SUqFN.log,27,52,White,5r1k/1bp1rp2/1p1p1qpp/p2P1B2/PnP5/1N2P3/5PPP/1QRR2K1 w - - 0 27,b3d4,6,-316,271,f5h3;f5h3,f5h3;f5h3,b3a5;b3a5,-334,2
EnyoBot_vs_DarkOnBot_pm9SUqFN.log,27,52,White,5r1k/1bp1rp2/1p1p1qpp/p2P1B2/PnP5/1N2P3/5PPP/1QRR2K1 w - - 0 27,b3a5,7,-370,325,f5h3;f5h3,f5h3;f5h3,b3a5;b3a5,-334,2
EnyoBot_vs_DarkOnBot_pm9SUqFN.log,27,52,White,5r1k/1bp1rp2/1p1p1qpp/p2P1B2/PnP5/1N2P3/5PPP/1QRR2K1 w - - 0 27,b3d2,8,-370,325,f5h3;f5h3,f5h3;f5h3,b3a5;b3a5,-334,2
EnyoBot_vs_DarkOnBot_pm9SUqFN.log,27,52,White,5r1k/1bp1rp2/1p1p1qpp/p2P1B2/PnP5/1N2P3/5PPP/1QRR2K1 w - - 0 27,c4c5,9,-370,325,f5h3;f5h3,f5h3;f5h3,b3a5;b3a5,-334,2
EnyoBot_vs_DarkOnBot_pm9SUqFN.log,27,52,White,5r1k/1bp1rp2/1p1p1qpp/p2P1B2/PnP5/1N2P3/5PPP/1QRR2K1 w - - 0 27,f5g6,10,-381,336,f5h3;f5h3,f5h3;f5h3,b3a5;b3a5,-334,2
EnyoBot_vs_DarkOnBot_pm9SUqFN.log,27,52,White,5r1k/1bp1rp2/1p1p1qpp/p2P1B2/PnP5/1N2P3/5PPP/1QRR2K1 w - - 0 27,c1c3,11,-381,336,f5h3;f5h3,f5h3;f5h3,b3a5;b3a5,-334,2
EnyoBot_vs_DarkOnBot_pm9SUqFN.log,27,52,White,5r1k/1bp1rp2/1p1p1qpp/p2P1B2/PnP5/1N2P3/5PPP/1QRR2K1 w - - 0 27,f5d7,12,-385,340,f5h3;f5h3,f5h3;f5h3,b3a5;b3a5,-334,2
EnyoBot_vs_DarkOnBot_pm9SUqFN.log,27,52,White,5r1k/1bp1rp2/1p1p1qpp/p2P1B2/PnP5/1N2P3/5PPP/1QRR2K1 w - - 0 27,h2h4,13,-386,341,f5h3;f5h3,f5h3;f5h3,b3a5;b3a5,-334,2
EnyoBot_vs_DarkOnBot_pm9SUqFN.log,27,52,White,5r1k/1bp1rp2/1p1p1qpp/p2P1B2/PnP5/1N2P3/5PPP/1QRR2K1 w - - 0 27,d1e1,14,-387,342,f5h3;f5h3,f5h3;f5h3,b3a5;b3a5,-334,2
EnyoBot_vs_DarkOnBot_pm9SUqFN.log,27,52,White,5r1k/1bp1rp2/1p1p1qpp/p2P1B2/PnP5/1N2P3/5PPP/1QRR2K1 w - - 0 27,d1f1,15,-388,343,f5h3;f5h3,f5h3;f5h3,b3a5;b3a5,-334,2
EnyoBot_vs_DarkOnBot_pm9SUqFN.log,27,52,White,5r1k/1bp1rp2/1p1p1qpp/p2P1B2/PnP5/1N2P3/5PPP/1QRR2K1 w - - 0 27,h2h3,16,-390,345,f5h3;f5h3,f5h3;f5h3,b3a5;b3a5,-334,2
EnyoBot_vs_DarkOnBot_pm9SUqFN.log,27,52,White,5r1k/1bp1rp2/1p1p1qpp/p2P1B2/PnP5/1N2P3/5PPP/1QRR2K1 w - - 0 27,d1d4,17,-397,352,f5h3;f5h3,f5h3;f5h3,b3a5;b3a5,-334,2
EnyoBot_vs_DarkOnBot_pm9SUqFN.log,27,52,White,5r1k/1bp1rp2/1p1p1qpp/p2P1B2/PnP5/1N2P3/5PPP/1QRR2K1 w - - 0 27,f2f3,18,-397,352,f5h3;f5h3,f5h3;f5h3,b3a5;b3a5,-334,2
EnyoBot_vs_DarkOnBot_pm9SUqFN.log,27,52,White,5r1k/1bp1rp2/1p1p1qpp/p2P1B2/PnP5/1N2P3/5PPP/1QRR2K1 w - - 0 27,g2g4,19,-397,352,f5h3;f5h3,f5h3;f5h3,b3a5;b3a5,-334,2
EnyoBot_vs_DarkOnBot_pm9SUqFN.log,27,52,White,5r1k/1bp1rp2/1p1p1qpp/p2P1B2/PnP5/1N2P3/5PPP/1QRR2K1 w - - 0 27,e3e4,20,-404,359,f5h3;f5h3,f5h3;f5h3,b3a5;b3a5,-334,2
EnyoBot_vs_DarkOnBot_pm9SUqFN.log,27,52,White,5r1k/1bp1rp2/1p1p1qpp/p2P1B2/PnP5/1N2P3/5PPP/1QRR2K1 w - - 0 27,d1d3,21,-412,367,f5h3;f5h3,f5h3;f5h3,b3a5;b3a5,-334,2
EnyoBot_vs_DarkOnBot_pm9SUqFN.log,27,52,White,5r1k/1bp1rp2/1p1p1qpp/p2P1B2/PnP5/1N2P3/5PPP/1QRR2K1 w - - 0 27,c1c2,22,-414,369,f5h3;f5h3,f5h3;f5h3,b3a5;b3a5,-334,2
EnyoBot_vs_DarkOnBot_pm9SUqFN.log,27,52,White,5r1k/1bp1rp2/1p1p1qpp/p2P1B2/PnP5/1N2P3/5PPP/1QRR2K1 w - - 0 27,g2g3,23,-415,370,f5h3;f5h3,f5h3;f5h3,b3a5;b3a5,-334,2
EnyoBot_vs_DarkOnBot_pm9SUqFN.log,27,52,White,5r1k/1bp1rp2/1p1p1qpp/p2P1B2/PnP5/1N2P3/5PPP/1QRR2K1 w - - 0 27,f5e6,24,-416,371,f5h3;f5h3,f5h3;f5h3,b3a5;b3a5,-334,2
EnyoBot_vs_DarkOnBot_pm9SUqFN.log,27,52,White,5r1k/1bp1rp2/1p1p1qpp/p2P1B2/PnP5/1N2P3/5PPP/1QRR2K1 w - - 0 27,b3c5,25,-423,378,f5h3;f5h3,f5h3;f5h3,b3a5;b3a5,-334,2
EnyoBot_vs_DarkOnBot_pm9SUqFN.log,27,52,White,5r1k/1bp1rp2/1p1p1qpp/p2P1B2/PnP5/1N2P3/5PPP/1QRR2K1 w - - 0 27,f5c8,26,-427,382,f5h3;f5h3,f5h3;f5h3,b3a5;b3a5,-334,2
EnyoBot_vs_DarkOnBot_pm9SUqFN.log,27,52,White,5r1k/1bp1rp2/1p1p1qpp/p2P1B2/PnP5/1N2P3/5PPP/1QRR2K1 w - - 0 27,b3a1,27,-432,387,f5h3;f5h3,f5h3;f5h3,b3a5;b3a5,-334,2
EnyoBot_vs_DarkOnBot_pm9SUqFN.log,27,52,White,5r1k/1bp1rp2/1p1p1qpp/p2P1B2/PnP5/1N2P3/5PPP/1QRR2K1 w - - 0 27,g1f1,28,-438,393,f5h3;f5h3,f5h3;f5h3,b3a5;b3a5,-334,2
EnyoBot_vs_DarkOnBot_pm9SUqFN.log,27,52,White,5r1k/1bp1rp2/1p1p1qpp/p2P1B2/PnP5/1N2P3/5PPP/1QRR2K1 w - - 0 27,b1a1,29,-439,394,f5h3;f5h3,f5h3;f5h3,b3a5;b3a5,-334,2
EnyoBot_vs_DarkOnBot_pm9SUqFN.log,27,52,White,5r1k/1bp1rp2/1p1p1qpp/p2P1B2/PnP5/1N2P3/5PPP/1QRR2K1 w - - 0 27,d1d2,30,-440,395,f5h3;f5h3,f5h3;f5h3,b3a5;b3a5,-334,2
EnyoBot_vs_DarkOnBot_pm9SUqFN.log,27,52,White,5r1k/1bp1rp2/1p1p1qpp/p2P1B2/PnP5/1N2P3/5PPP/1QRR2K1 w - - 0 27,f2f4,31,-446,401,f5h3;f5h3,f5h3;f5h3,b3a5;b3a5,-334,2
EnyoBot_vs_DarkOnBot_pm9SUqFN.log,27,52,White,5r1k/1bp1rp2/1p1p1qpp/p2P1B2/PnP5/1N2P3/5PPP/1QRR2K1 w - - 0 27,g1h1,32,-449,404,f5h3;f5h3,f5h3;f5h3,b3a5;b3a5,-334,2
EnyoBot_vs_DarkOnBot_pm9SUqFN.log,27,52,White,5r1k/1bp1rp2/1p1p1qpp/p2P1B2/PnP5/1N2P3/5PPP/1QRR2K1 w - - 0 27,b1e4,33,-540,495,f5h3;f5h3,f5h3;f5h3,b3a5;b3a5,-334,2
EnyoBot_vs_DarkOnBot_pm9SUqFN.log,27,52,White,5r1k/1bp1rp2/1p1p1qpp/p2P1B2/PnP5/1N2P3/5PPP/1QRR2K1 w - - 0 27,b1c2,34,-551,506,f5h3;f5h3,f5h3;f5h3,b3a5;b3a5,-334,2
EnyoBot_vs_DarkOnBot_pm9SUqFN.log,27,52,White,5r1k/1bp1rp2/1p1p1qpp/p2P1B2/PnP5/1N2P3/5PPP/1QRR2K1 w - - 0 27,b1d3,35,-586,541,f5h3;f5h3,f5h3;f5h3,b3a5;b3a5,-334,2
EnyoBot_vs_DarkOnBot_pm9SUqFN.log,27,52,White,5r1k/1bp1rp2/1p1p1qpp/p2P1B2/PnP5/1N2P3/5PPP/1QRR2K1 w - - 0 27,b1b2,36,-674,629,f5h3;f5h3,f5h3;f5h3,b3a5;b3a5,-334,2
EnyoBot_vs_DarkOnBot_pm9SUqFN.log,27,52,White,5r1k/1bp1rp2/1p1p1qpp/p2P1B2/PnP5/1N2P3/5PPP/1QRR2K1 w - - 0 27,b1a2,37,-758,713,f5h3;f5h3,f5h3;f5h3,b3a5;b3a5,-334,2
EnyoBot_vs_DarkOnBot_pm9SUqFN.log,32,62,White,2b1r2k/2p1r1q1/1p1p2p1/p2P1p1p/PnPR4/1N2P1PB/5P1P/1Q4RK w - - 0 32,d4f4,1,-67,0,b3c1;b3c1,d4d2;d4d2,b3a5;b3a5,-289,2
EnyoBot_vs_DarkOnBot_pm9SUqFN.log,32,62,White,2b1r2k/2p1r1q1/1p1p2p1/p2P1p1p/PnPR4/1N2P1PB/5P1P/1Q4RK w - - 0 32,b3c1,2,-83,16,b3c1;b3c1,d4d2;d4d2,b3a5;b3a5,-289,2
EnyoBot_vs_DarkOnBot_pm9SUqFN.log,32,62,White,2b1r2k/2p1r1q1/1p1p2p1/p2P1p1p/PnPR4/1N2P1PB/5P1P/1Q4RK w - - 0 32,g1f1,3,-87,20,b3c1;b3c1,d4d2;d4d2,b3a5;b3a5,-289,2
EnyoBot_vs_DarkOnBot_pm9SUqFN.log,32,62,White,2b1r2k/2p1r1q1/1p1p2p1/p2P1p1p/PnPR4/1N2P1PB/5P1P/1Q4RK w - - 0 32,d4d2,4,-88,21,b3c1;b3c1,d4d2;d4d2,b3a5;b3a5,-289,2
EnyoBot_vs_DarkOnBot_pm9SUqFN.log,32,62,White,2b1r2k/2p1r1q1/1p1p2p1/p2P1p1p/PnPR4/1N2P1PB/5P1P/1Q4RK w - - 0 32,d4h4,5,-92,25,b3c1;b3c1,d4d2;d4d2,b3a5;b3a5,-289,2
EnyoBot_vs_DarkOnBot_pm9SUqFN.log,32,62,White,2b1r2k/2p1r1q1/1p1p2p1/p2P1p1p/PnPR4/1N2P1PB/5P1P/1Q4RK w - - 0 32,h3g2,6,-92,25,b3c1;b3c1,d4d2;d4d2,b3a5;b3a5,-289,2
EnyoBot_vs_DarkOnBot_pm9SUqFN.log,32,62,White,2b1r2k/2p1r1q1/1p1p2p1/p2P1p1p/PnPR4/1N2P1PB/5P1P/1Q4RK w - - 0 32,g1c1,7,-92,25,b3c1;b3c1,d4d2;d4d2,b3a5;b3a5,-289,2
EnyoBot_vs_DarkOnBot_pm9SUqFN.log,32,62,White,2b1r2k/2p1r1q1/1p1p2p1/p2P1p1p/PnPR4/1N2P1PB/5P1P/1Q4RK w - - 0 32,b3d2,8,-106,39,b3c1;b3c1,d4d2;d4d2,b3a5;b3a5,-289,2
EnyoBot_vs_DarkOnBot_pm9SUqFN.log,32,62,White,2b1r2k/2p1r1q1/1p1p2p1/p2P1p1p/PnPR4/1N2P1PB/5P1P/1Q4RK w - - 0 32,b1d1,9,-106,39,b3c1;b3c1,d4d2;d4d2,b3a5;b3a5,-289,2
EnyoBot_vs_DarkOnBot_pm9SUqFN.log,32,62,White,2b1r2k/2p1r1q1/1p1p2p1/p2P1p1p/PnPR4/1N2P1PB/5P1P/1Q4RK w - - 0 32,g1e1,10,-109,42,b3c1;b3c1,d4d2;d4d2,b3a5;b3a5,-289,2
EnyoBot_vs_DarkOnBot_pm9SUqFN.log,32,62,White,2b1r2k/2p1r1q1/1p1p2p1/p2P1p1p/PnPR4/1N2P1PB/5P1P/1Q4RK w - - 0 32,b1c1,11,-114,47,b3c1;b3c1,d4d2;d4d2,b3a5;b3a5,-289,2
EnyoBot_vs_DarkOnBot_pm9SUqFN.log,32,62,White,2b1r2k/2p1r1q1/1p1p2p1/p2P1p1p/PnPR4/1N2P1PB/5P1P/1Q4RK w - - 0 32,d4d1,12,-120,53,b3c1;b3c1,d4d2;d4d2,b3a5;b3a5,-289,2
EnyoBot_vs_DarkOnBot_pm9SUqFN.log,32,62,White,2b1r2k/2p1r1q1/1p1p2p1/p2P1p1p/PnPR4/1N2P1PB/5P1P/1Q4RK w - - 0 32,b1f1,13,-127,60,b3c1;b3c1,d4d2;d4d2,b3a5;b3a5,-289,2
EnyoBot_vs_DarkOnBot_pm9SUqFN.log,32,62,White,2b1r2k/2p1r1q1/1p1p2p1/p2P1p1p/PnPR4/1N2P1PB/5P1P/1Q4RK w - - 0 32,h3f1,14,-131,64,b3c1;b3c1,d4d2;d4d2,b3a5;b3a5,-289,2
EnyoBot_vs_DarkOnBot_pm9SUqFN.log,32,62,White,2b1r2k/2p1r1q1/1p1p2p1/p2P1p1p/PnPR4/1N2P1PB/5P1P/1Q4RK w - - 0 32,b1b2,15,-134,67,b3c1;b3c1,d4d2;d4d2,b3a5;b3a5,-289,2
EnyoBot_vs_DarkOnBot_pm9SUqFN.log,32,62,White,2b1r2k/2p1r1q1/1p1p2p1/p2P1p1p/PnPR4/1N2P1PB/5P1P/1Q4RK w - - 0 32,g1d1,16,-141,74,b3c1;b3c1,d4d2;d4d2,b3a5;b3a5,-289,2
EnyoBot_vs_DarkOnBot_pm9SUqFN.log,32,62,White,2b1r2k/2p1r1q1/1p1p2p1/p2P1p1p/PnPR4/1N2P1PB/5P1P/1Q4RK w - - 0 32,b3a1,17,-142,75,b3c1;b3c1,d4d2;d4d2,b3a5;b3a5,-289,2
EnyoBot_vs_DarkOnBot_pm9SUqFN.log,32,62,White,2b1r2k/2p1r1q1/1p1p2p1/p2P1p1p/PnPR4/1N2P1PB/5P1P/1Q4RK w - - 0 32,h1g2,18,-153,86,b3c1;b3c1,d4d2;d4d2,b3a5;b3a5,-289,2
EnyoBot_vs_DarkOnBot_pm9SUqFN.log,32,62,White,2b1r2k/2p1r1q1/1p1p2p1/p2P1p1p/PnPR4/1N2P1PB/5P1P/1Q4RK w - - 0 32,g1g2,19,-158,91,b3c1;b3c1,d4d2;d4d2,b3a5;b3a5,-289,2
EnyoBot_vs_DarkOnBot_pm9SUqFN.log,32,62,White,2b1r2k/2p1r1q1/1p1p2p1/p2P1p1p/PnPR4/1N2P1PB/5P1P/1Q4RK w - - 0 32,b1e1,20,-227,160,b3c1;b3c1,d4d2;d4d2,b3a5;b3a5,-289,2
EnyoBot_vs_DarkOnBot_pm9SUqFN.log,32,62,White,2b1r2k/2p1r1q1/1p1p2p1/p2P1p1p/PnPR4/1N2P1PB/5P1P/1Q4RK w - - 0 32,b1a1,21,-239,172,b3c1;b3c1,d4d2;d4d2,b3a5;b3a5,-289,2
EnyoBot_vs_DarkOnBot_pm9SUqFN.log,32,62,White,2b1r2k/2p1r1q1/1p1p2p1/p2P1p1p/PnPR4/1N2P1PB/5P1P/1Q4RK w - - 0 32,c4c5,22,-262,195,b3c1;b3c1,d4d2;d4d2,b3a5;b3a5,-289,2
EnyoBot_vs_DarkOnBot_pm9SUqFN.log,32,62,White,2b1r2k/2p1r1q1/1p1p2p1/p2P1p1p/PnPR4/1N2P1PB/5P1P/1Q4RK w - - 0 32,e3e4,23,-269,202,b3c1;b3c1,d4d2;d4d2,b3a5;b3a5,-289,2
EnyoBot_vs_DarkOnBot_pm9SUqFN.log,32,62,White,2b1r2k/2p1r1q1/1p1p2p1/p2P1p1p/PnPR4/1N2P1PB/5P1P/1Q4RK w - - 0 32,d4d3,24,-285,218,b3c1;b3c1,d4d2;d4d2,b3a5;b3a5,-289,2
EnyoBot_vs_DarkOnBot_pm9SUqFN.log,32,62,White,2b1r2k/2p1r1q1/1p1p2p1/p2P1p1p/PnPR4/1N2P1PB/5P1P/1Q4RK w - - 0 32,g3g4,25,-308,241,b3c1;b3c1,d4d2;d4d2,b3a5;b3a5,-289,2
EnyoBot_vs_DarkOnBot_pm9SUqFN.log,32,62,White,2b1r2k/2p1r1q1/1p1p2p1/p2P1p1p/PnPR4/1N2P1PB/5P1P/1Q4RK w - - 0 32,f2f4,26,-357,290,b3c1;b3c1,d4d2;d4d2,b3a5;b3a5,-289,2
EnyoBot_vs_DarkOnBot_pm9SUqFN.log,32,62,White,2b1r2k/2p1r1q1/1p1p2p1/p2P1p1p/PnPR4/1N2P1PB/5P1P/1Q4RK w - - 0 32,f2f3,27,-363,296,b3c1;b3c1,d4d2;d4d2,b3a5;b3a5,-289,2
EnyoBot_vs_DarkOnBot_pm9SUqFN.log,32,62,White,2b1r2k/2p1r1q1/1p1p2p1/p2P1p1p/PnPR4/1N2P1PB/5P1P/1Q4RK w - - 0 32,b3a5,28,-392,325,b3c1;b3c1,d4d2;d4d2,b3a5;b3a5,-289,2
EnyoBot_vs_DarkOnBot_pm9SUqFN.log,32,62,White,2b1r2k/2p1r1q1/1p1p2p1/p2P1p1p/PnPR4/1N2P1PB/5P1P/1Q4RK w - - 0 32,h3f5,29,-424,357,b3c1;b3c1,d4d2;d4d2,b3a5;b3a5,-289,2
EnyoBot_vs_DarkOnBot_pm9SUqFN.log,32,62,White,2b1r2k/2p1r1q1/1p1p2p1/p2P1p1p/PnPR4/1N2P1PB/5P1P/1Q4RK w - - 0 32,b3c5,30,-438,371,b3c1;b3c1,d4d2;d4d2,b3a5;b3a5,-289,2
EnyoBot_vs_DarkOnBot_pm9SUqFN.log,32,62,White,2b1r2k/2p1r1q1/1p1p2p1/p2P1p1p/PnPR4/1N2P1PB/5P1P/1Q4RK w - - 0 32,h3g4,31,-461,394,b3c1;b3c1,d4d2;d4d2,b3a5;b3a5,-289,2
EnyoBot_vs_DarkOnBot_pm9SUqFN.log,32,62,White,2b1r2k/2p1r1q1/1p1p2p1/p2P1p1p/PnPR4/1N2P1PB/5P1P/1Q4RK w - - 0 32,d4e4,32,-520,453,b3c1;b3c1,d4d2;d4d2,b3a5;b3a5,-289,2
EnyoBot_vs_DarkOnBot_pm9SUqFN.log,32,62,White,2b1r2k/2p1r1q1/1p1p2p1/p2P1p1p/PnPR4/1N2P1PB/5P1P/1Q4RK w - - 0 32,b1f5,33,-581,514,b3c1;b3c1,d4d2;d4d2,b3a5;b3a5,-289,2
EnyoBot_vs_DarkOnBot_pm9SUqFN.log,32,62,White,2b1r2k/2p1r1q1/1p1p2p1/p2P1p1p/PnPR4/1N2P1PB/5P1P/1Q4RK w - - 0 32,b1d3,34,-594,527,b3c1;b3c1,d4d2;d4d2,b3a5;b3a5,-289,2
EnyoBot_vs_DarkOnBot_pm9SUqFN.log,32,62,White,2b1r2k/2p1r1q1/1p1p2p1/p2P1p1p/PnPR4/1N2P1PB/5P1P/1Q4RK w - - 0 32,d4g4,35,-600,533,b3c1;b3c1,d4d2;d4d2,b3a5;b3a5,-289,2
EnyoBot_vs_DarkOnBot_pm9SUqFN.log,32,62,White,2b1r2k/2p1r1q1/1p1p2p1/p2P1p1p/PnPR4/1N2P1PB/5P1P/1Q4RK w - - 0 32,b1a2,36,-673,606,b3c1;b3c1,d4d2;d4d2,b3a5;b3a5,-289,2
EnyoBot_vs_DarkOnBot_pm9SUqFN.log,32,62,White,2b1r2k/2p1r1q1/1p1p2p1/p2P1p1p/PnPR4/1N2P1PB/5P1P/1Q4RK w - - 0 32,b1c2,37,-681,614,b3c1;b3c1,d4d2;d4d2,b3a5;b3a5,-289,2
EnyoBot_vs_DarkOnBot_pm9SUqFN.log,32,62,White,2b1r2k/2p1r1q1/1p1p2p1/p2P1p1p/PnPR4/1N2P1PB/5P1P/1Q4RK w - - 0 32,b1e4,38,-695,628,b3c1;b3c1,d4d2;d4d2,b3a5;b3a5,-289,2
caissa-x_vs_EnyoBot_0waEuGxc.log,69,137,Black,1q4k1/6p1/5pPp/3PpBnP/4P3/Q5K1/8/8 b - - 2 69,g5e4,1,-353,0,g8h8;g8h8,g8h8;g8h8,b8d8;b8f8,-280,2
caissa-x_vs_EnyoBot_0waEuGxc.log,69,137,Black,1q4k1/6p1/5pPp/3PpBnP/4P3/Q5K1/8/8 b - - 2 69,g8h8,2,-512,159,g8h8;g8h8,g8h8;g8h8,b8d8;b8f8,-280,2
caissa-x_vs_EnyoBot_0waEuGxc.log,69,137,Black,1q4k1/6p1/5pPp/3PpBnP/4P3/Q5K1/8/8 b - - 2 69,b8f8,3,-716,363,g8h8;g8h8,g8h8;g8h8,b8d8;b8f8,-280,2
caissa-x_vs_EnyoBot_0waEuGxc.log,69,137,Black,1q4k1/6p1/5pPp/3PpBnP/4P3/Q5K1/8/8 b - - 2 69,b8b7,4,-1108,755,g8h8;g8h8,g8h8;g8h8,b8d8;b8f8,-280,2
caissa-x_vs_EnyoBot_0waEuGxc.log,69,137,Black,1q4k1/6p1/5pPp/3PpBnP/4P3/Q5K1/8/8 b - - 2 69,g5h3,5,-1307,954,g8h8;g8h8,g8h8;g8h8,b8d8;b8f8,-280,2
caissa-x_vs_EnyoBot_0waEuGxc.log,69,137,Black,1q4k1/6p1/5pPp/3PpBnP/4P3/Q5K1/8/8 b - - 2 69,g5f3,6,-1691,1338,g8h8;g8h8,g8h8;g8h8,b8d8;b8f8,-280,2
caissa-x_vs_EnyoBot_0waEuGxc.log,69,137,Black,1q4k1/6p1/5pPp/3PpBnP/4P3/Q5K1/8/8 b - - 2 69,b8e8,7,-31989,31636,g8h8;g8h8,g8h8;g8h8,b8d8;b8f8,-280,2
caissa-x_vs_EnyoBot_0waEuGxc.log,69,137,Black,1q4k1/6p1/5pPp/3PpBnP/4P3/Q5K1/8/8 b - - 2 69,b8d8,8,-31990,31637,g8h8;g8h8,g8h8;g8h8,b8d8;b8f8,-280,2
caissa-x_vs_EnyoBot_0waEuGxc.log,69,137,Black,1q4k1/6p1/5pPp/3PpBnP/4P3/Q5K1/8/8 b - - 2 69,g5h7,9,-31992,31639,g8h8;g8h8,g8h8;g8h8,b8d8;b8f8,-280,2
caissa-x_vs_EnyoBot_0waEuGxc.log,69,137,Black,1q4k1/6p1/5pPp/3PpBnP/4P3/Q5K1/8/8 b - - 2 69,g5f7,10,-31994,31641,g8h8;g8h8,g8h8;g8h8,b8d8;b8f8,-280,2
caissa-x_vs_EnyoBot_0waEuGxc.log,69,137,Black,1q4k1/6p1/5pPp/3PpBnP/4P3/Q5K1/8/8 b - - 2 69,g5e6,11,-31994,31641,g8h8;g8h8,g8h8;g8h8,b8d8;b8f8,-280,2
caissa-x_vs_EnyoBot_0waEuGxc.log,69,137,Black,1q4k1/6p1/5pPp/3PpBnP/4P3/Q5K1/8/8 b - - 2 69,b8c8,12,-31995,31642,g8h8;g8h8,g8h8;g8h8,b8d8;b8f8,-280,2
caissa-x_vs_EnyoBot_0waEuGxc.log,69,137,Black,1q4k1/6p1/5pPp/3PpBnP/4P3/Q5K1/8/8 b - - 2 69,b8b3,13,-31995,31642,g8h8;g8h8,g8h8;g8h8,b8d8;b8f8,-280,2
caissa-x_vs_EnyoBot_0waEuGxc.log,69,137,Black,1q4k1/6p1/5pPp/3PpBnP/4P3/Q5K1/8/8 b - - 2 69,b8a7,14,-31997,31644,g8h8;g8h8,g8h8;g8h8,b8d8;b8f8,-280,2
caissa-x_vs_EnyoBot_0waEuGxc.log,69,137,Black,1q4k1/6p1/5pPp/3PpBnP/4P3/Q5K1/8/8 b - - 2 69,b8d6,15,-31997,31644,g8h8;g8h8,g8h8;g8h8,b8d8;b8f8,-280,2
caissa-x_vs_EnyoBot_0waEuGxc.log,69,137,Black,1q4k1/6p1/5pPp/3PpBnP/4P3/Q5K1/8/8 b - - 2 69,b8b4,16,-31997,31644,g8h8;g8h8,g8h8;g8h8,b8d8;b8f8,-280,2
caissa-x_vs_EnyoBot_0waEuGxc.log,69,137,Black,1q4k1/6p1/5pPp/3PpBnP/4P3/Q5K1/8/8 b - - 2 69,b8c7,17,-31998,31645,g8h8;g8h8,g8h8;g8h8,b8d8;b8f8,-280,2
caissa-x_vs_EnyoBot_0waEuGxc.log,69,137,Black,1q4k1/6p1/5pPp/3PpBnP/4P3/Q5K1/8/8 b - - 2 69,b8b6,18,-31998,31645,g8h8;g8h8,g8h8;g8h8,b8d8;b8f8,-280,2
caissa-x_vs_EnyoBot_0waEuGxc.log,69,137,Black,1q4k1/6p1/5pPp/3PpBnP/4P3/Q5K1/8/8 b - - 2 69,b8b5,19,-31998,31645,g8h8;g8h8,g8h8;g8h8,b8d8;b8f8,-280,2
caissa-x_vs_EnyoBot_0waEuGxc.log,69,137,Black,1q4k1/6p1/5pPp/3PpBnP/4P3/Q5K1/8/8 b - - 2 69,b8b2,20,-31998,31645,g8h8;g8h8,g8h8;g8h8,b8d8;b8f8,-280,2
caissa-x_vs_EnyoBot_0waEuGxc.log,69,137,Black,1q4k1/6p1/5pPp/3PpBnP/4P3/Q5K1/8/8 b - - 2 69,b8b1,21,-31998,31645,g8h8;g8h8,g8h8;g8h8,b8d8;b8f8,-280,2
caissa-x_vs_EnyoBot_0waEuGxc.log,69,137,Black,1q4k1/6p1/5pPp/3PpBnP/4P3/Q5K1/8/8 b - - 2 69,b8a8,22,-31999,31646,g8h8;g8h8,g8h8;g8h8,b8d8;b8f8,-280,2
EnyoBot_vs_Lynx_BOT_jjThVRPN.log,19,36,White,r1b2r2/b1p2p2/p1pp1n2/4PkB1/3P3P/8/PP3PP1/RN2R1K1 w - - 0 19,e5f6,1,37,0,e5f6;e5f6,e5f6;e5f6,b1d2;b1c3,-256,2
EnyoBot_vs_Lynx_BOT_jjThVRPN.log,19,36,White,r1b2r2/b1p2p2/p1pp1n2/4PkB1/3P3P/8/PP3PP1/RN2R1K1 w - - 0 19,g5f6,2,33,4,e5f6;e5f6,e5f6;e5f6,b1d2;b1c3,-256,2
EnyoBot_vs_Lynx_BOT_jjThVRPN.log,19,36,White,r1b2r2/b1p2p2/p1pp1n2/4PkB1/3P3P/8/PP3PP1/RN2R1K1 w - - 0 19,b1c3,3,-199,236,e5f6;e5f6,e5f6;e5f6,b1d2;b1c3,-256,2
EnyoBot_vs_Lynx_BOT_jjThVRPN.log,19,36,White,r1b2r2/b1p2p2/p1pp1n2/4PkB1/3P3P/8/PP3PP1/RN2R1K1 w - - 0 19,b1d2,4,-212,249,e5f6;e5f6,e5f6;e5f6,b1d2;b1c3,-256,2
EnyoBot_vs_Lynx_BOT_jjThVRPN.log,19,36,White,r1b2r2/b1p2p2/p1pp1n2/4PkB1/3P3P/8/PP3PP1/RN2R1K1 w - - 0 19,b1a3,5,-237,274,e5f6;e5f6,e5f6;e5f6,b1d2;b1c3,-256,2
EnyoBot_vs_Lynx_BOT_jjThVRPN.log,19,36,White,r1b2r2/b1p2p2/p1pp1n2/4PkB1/3P3P/8/PP3PP1/RN2R1K1 w - - 0 19,e5d6,6,-255,292,e5f6;e5f6,e5f6;e5f6,b1d2;b1c3,-256,2
EnyoBot_vs_Lynx_BOT_jjThVRPN.log,19,36,White,r1b2r2/b1p2p2/p1pp1n2/4PkB1/3P3P/8/PP3PP1/RN2R1K1 w - - 0 19,e1e2,7,-259,296,e5f6;e5f6,e5f6;e5f6,b1d2;b1c3,-256,2
EnyoBot_vs_Lynx_BOT_jjThVRPN.log,19,36,White,r1b2r2/b1p2p2/p1pp1n2/4PkB1/3P3P/8/PP3PP1/RN2R1K1 w - - 0 19,g1f1,8,-266,303,e5f6;e5f6,e5f6;e5f6,b1d2;b1c3,-256,2
EnyoBot_vs_Lynx_BOT_jjThVRPN.log,19,36,White,r1b2r2/b1p2p2/p1pp1n2/4PkB1/3P3P/8/PP3PP1/RN2R1K1 w - - 0 19,e1e3,9,-296,333,e5f6;e5f6,e5f6;e5f6,b1d2;b1c3,-256,2
EnyoBot_vs_Lynx_BOT_jjThVRPN.log,19,36,White,r1b2r2/b1p2p2/p1pp1n2/4PkB1/3P3P/8/PP3PP1/RN2R1K1 w - - 0 19,e1c1,10,-303,340,e5f6;e5f6,e5f6;e5f6,b1d2;b1c3,-256,2
EnyoBot_vs_Lynx_BOT_jjThVRPN.log,19,36,White,r1b2r2/b1p2p2/p1pp1n2/4PkB1/3P3P/8/PP3PP1/RN2R1K1 w - - 0 19,g5e3,11,-309,346,e5f6;e5f6,e5f6;e5f6,b1d2;b1c3,-256,2
EnyoBot_vs_Lynx_BOT_jjThVRPN.log,19,36,White,r1b2r2/b1p2p2/p1pp1n2/4PkB1/3P3P/8/PP3PP1/RN2R1K1 w - - 0 19,g1h1,12,-309,346,e5f6;e5f6,e5f6;e5f6,b1d2;b1c3,-256,2
EnyoBot_vs_Lynx_BOT_jjThVRPN.log,19,36,White,r1b2r2/b1p2p2/p1pp1n2/4PkB1/3P3P/8/PP3PP1/RN2R1K1 w - - 0 19,e1d1,13,-325,362,e5f6;e5f6,e5f6;e5f6,b1d2;b1c3,-256,2
EnyoBot_vs_Lynx_BOT_jjThVRPN.log,19,36,White,r1b2r2/b1p2p2/p1pp1n2/4PkB1/3P3P/8/PP3PP1/RN2R1K1 w - - 0 19,a2a4,14,-333,370,e5f6;e5f6,e5f6;e5f6,b1d2;b1c3,-256,2
EnyoBot_vs_Lynx_BOT_jjThVRPN.log,19,36,White,r1b2r2/b1p2p2/p1pp1n2/4PkB1/3P3P/8/PP3PP1/RN2R1K1 w - - 0 19,g5h6,15,-338,375,e5f6;e5f6,e5f6;e5f6,b1d2;b1c3,-256,2
EnyoBot_vs_Lynx_BOT_jjThVRPN.log,19,36,White,r1b2r2/b1p2p2/p1pp1n2/4PkB1/3P3P/8/PP3PP1/RN2R1K1 w - - 0 19,a2a3,16,-341,378,e5f6;e5f6,e5f6;e5f6,b1d2;b1c3,-256,2
EnyoBot_vs_Lynx_BOT_jjThVRPN.log,19,36,White,r1b2r2/b1p2p2/p1pp1n2/4PkB1/3P3P/8/PP3PP1/RN2R1K1 w - - 0 19,g2g3,17,-343,380,e5f6;e5f6,e5f6;e5f6,b1d2;b1c3,-256,2
EnyoBot_vs_Lynx_BOT_jjThVRPN.log,19,36,White,r1b2r2/b1p2p2/p1pp1n2/4PkB1/3P3P/8/PP3PP1/RN2R1K1 w - - 0 19,g5d2,18,-348,385,e5f6;e5f6,e5f6;e5f6,b1d2;b1c3,-256,2
EnyoBot_vs_Lynx_BOT_jjThVRPN.log,19,36,White,r1b2r2/b1p2p2/p1pp1n2/4PkB1/3P3P/8/PP3PP1/RN2R1K1 w - - 0 19,e1f1,19,-352,389,e5f6;e5f6,e5f6;e5f6,b1d2;b1c3,-256,2
EnyoBot_vs_Lynx_BOT_jjThVRPN.log,19,36,White,r1b2r2/b1p2p2/p1pp1n2/4PkB1/3P3P/8/PP3PP1/RN2R1K1 w - - 0 19,g5c1,20,-366,403,e5f6;e5f6,e5f6;e5f6,b1d2;b1c3,-256,2
EnyoBot_vs_Lynx_BOT_jjThVRPN.log,19,36,White,r1b2r2/b1p2p2/p1pp1n2/4PkB1/3P3P/8/PP3PP1/RN2R1K1 w - - 0 19,e5e6,21,-372,409,e5f6;e5f6,e5f6;e5f6,b1d2;b1c3,-256,2
EnyoBot_vs_Lynx_BOT_jjThVRPN.log,19,36,White,r1b2r2/b1p2p2/p1pp1n2/4PkB1/3P3P/8/PP3PP1/RN2R1K1 w - - 0 19,g5f4,22,-383,420,e5f6;e5f6,e5f6;e5f6,b1d2;b1c3,-256,2
EnyoBot_vs_Lynx_BOT_jjThVRPN.log,19,36,White,r1b2r2/b1p2p2/p1pp1n2/4PkB1/3P3P/8/PP3PP1/RN2R1K1 w - - 0 19,g1h2,23,-386,423,e5f6;e5f6,e5f6;e5f6,b1d2;b1c3,-256,2
EnyoBot_vs_Lynx_BOT_jjThVRPN.log,19,36,White,r1b2r2/b1p2p2/p1pp1n2/4PkB1/3P3P/8/PP3PP1/RN2R1K1 w - - 0 19,b2b3,24,-393,430,e5f6;e5f6,e5f6;e5f6,b1d2;b1c3,-256,2
EnyoBot_vs_Lynx_BOT_jjThVRPN.log,19,36,White,r1b2r2/b1p2p2/p1pp1n2/4PkB1/3P3P/8/PP3PP1/RN2R1K1 w - - 0 19,f2f3,25,-395,432,e5f6;e5f6,e5f6;e5f6,b1d2;b1c3,-256,2
EnyoBot_vs_Lynx_BOT_jjThVRPN.log,19,36,White,r1b2r2/b1p2p2/p1pp1n2/4PkB1/3P3P/8/PP3PP1/RN2R1K1 w - - 0 19,f2f4,26,-396,433,e5f6;e5f6,e5f6;e5f6,b1d2;b1c3,-256,2
EnyoBot_vs_Lynx_BOT_jjThVRPN.log,19,36,White,r1b2r2/b1p2p2/p1pp1n2/4PkB1/3P3P/8/PP3PP1/RN2R1K1 w - - 0 19,b2b4,27,-401,438,e5f6;e5f6,e5f6;e5f6,b1d2;b1c3,-256,2
EnyoBot_vs_Lynx_BOT_jjThVRPN.log,19,36,White,r1b2r2/b1p2p2/p1pp1n2/4PkB1/3P3P/8/PP3PP1/RN2R1K1 w - - 0 19,d4d5,28,-409,446,e5f6;e5f6,e5f6;e5f6,b1d2;b1c3,-256,2
EnyoBot_vs_Lynx_BOT_jjThVRPN.log,19,36,White,r1b2r2/b1p2p2/p1pp1n2/4PkB1/3P3P/8/PP3PP1/RN2R1K1 w - - 0 19,g2g4,29,-409,446,e5f6;e5f6,e5f6;e5f6,b1d2;b1c3,-256,2
EnyoBot_vs_Lynx_BOT_jjThVRPN.log,19,36,White,r1b2r2/b1p2p2/p1pp1n2/4PkB1/3P3P/8/PP3PP1/RN2R1K1 w - - 0 19,h4h5,30,-423,460,e5f6;e5f6,e5f6;e5f6,b1d2;b1c3,-256,2
EnyoBot_vs_Lynx_BOT_jjThVRPN.log,19,36,White,r1b2r2/b1p2p2/p1pp1n2/4PkB1/3P3P/8/PP3PP1/RN2R1K1 w - - 0 19,e1e4,31,-604,641,e5f6;e5f6,e5f6;e5f6,b1d2;b1c3,-256,2
CloudNetBot_vs_EnyoBot_KTS7zzI9.log,7,13,Black,r1bqk2r/ppp2ppp/2n2n2/2bpP3/3p4/2P2N2/PP2BPPP/RNBQK2R b KQkq - 1 7,f6e4,1,-2,0,f6e4;f6e4,f6e4;f6e4,d4c3;e8g8,-244,2
CloudNetBot_vs_EnyoBot_KTS7zzI9.log,7,13,Black,r1bqk2r/ppp2ppp/2n2n2/2bpP3/3p4/2P2N2/PP2BPPP/RNBQK2R b KQkq - 1 7,d4d3,2,-17,15,f6e4;f6e4,f6e4;f6e4,d4c3;e8g8,-244,2
CloudNetBot_vs_EnyoBot_KTS7zzI9.log,7,13,Black,r1bqk2r/ppp2ppp/2n2n2/2bpP3/3p4/2P2N2/PP2BPPP/RNBQK2R b KQkq - 1 7,f6g8,3,-45,43,f6e4;f6e4,f6e4;f6e4,d4c3;e8g8,-244,2
CloudNetBot_vs_EnyoBot_KTS7zzI9.log,7,13,Black,r1bqk2r/ppp2ppp/2n2n2/2bpP3/3p4/2P2N2/PP2BPPP/RNBQK2R b KQkq - 1 7,f6d7,4,-64,62,f6e4;f6e4,f6e4;f6e4,d4c3;e8g8,-244,2
CloudNetBot_vs_EnyoBot_KTS7zzI9.log,7,13,Black,r1bqk2r/ppp2ppp/2n2n2/2bpP3/3p4/2P2N2/PP2BPPP/RNBQK2R b KQkq - 1 7,f6h5,5,-134,132,f6e4;f6e4,f6e4;f6e4,d4c3;e8g8,-244,2
CloudNetBot_vs_EnyoBot_KTS7zzI9.log,7,13,Black,r1bqk2r/ppp2ppp/2n2n2/2bpP3/3p4/2P2N2/PP2BPPP/RNBQK2R b KQkq - 1 7,f6g4,6,-138,136,f6e4;f6e4,f6e4;f6e4,d4c3;e8g8,-244,2
CloudNetBot_vs_EnyoBot_KTS7zzI9.log,7,13,Black,r1bqk2r/ppp2ppp/2n2n2/2bpP3/3p4/2P2N2/PP2BPPP/RNBQK2R b KQkq - 1 7,c6e5,7,-226,224,f6e4;f6e4,f6e4;f6e4,d4c3;e8g8,-244,2
CloudNetBot_vs_EnyoBot_KTS7zzI9.log,7,13,Black,r1bqk2r/ppp2ppp/2n2n2/2bpP3/3p4/2P2N2/PP2BPPP/RNBQK2R b KQkq - 1 7,d4c3,8,-232,230,f6e4;f6e4,f6e4;f6e4,d4c3;e8g8,-244,2
CloudNetBot_vs_EnyoBot_KTS7zzI9.log,7,13,Black,r1bqk2r/ppp2ppp/2n2n2/2bpP3/3p4/2P2N2/PP2BPPP/RNBQK2R b KQkq - 1 7,c5b6,9,-250,248,f6e4;f6e4,f6e4;f6e4,d4c3;e8g8,-244,2
CloudNetBot_vs_EnyoBot_KTS7zzI9.log,7,13,Black,r1bqk2r/ppp2ppp/2n2n2/2bpP3/3p4/2P2N2/PP2BPPP/RNBQK2R b KQkq - 1 7,e8g8,10,-250,248,f6e4;f6e4,f6e4;f6e4,d4c3;e8g8,-244,2
CloudNetBot_vs_EnyoBot_KTS7zzI9.log,7,13,Black,r1bqk2r/ppp2ppp/2n2n2/2bpP3/3p4/2P2N2/PP2BPPP/RNBQK2R b KQkq - 1 7,h7h6,11,-254,252,f6e4;f6e4,f6e4;f6e4,d4c3;e8g8,-244,2
CloudNetBot_vs_EnyoBot_KTS7zzI9.log,7,13,Black,r1bqk2r/ppp2ppp/2n2n2/2bpP3/3p4/2P2N2/PP2BPPP/RNBQK2R b KQkq - 1 7,c8f5,12,-260,258,f6e4;f6e4,f6e4;f6e4,d4c3;e8g8,-244,2
CloudNetBot_vs_EnyoBot_KTS7zzI9.log,7,13,Black,r1bqk2r/ppp2ppp/2n2n2/2bpP3/3p4/2P2N2/PP2BPPP/RNBQK2R b KQkq - 1 7,h7h5,13,-271,269,f6e4;f6e4,f6e4;f6e4,d4c3;e8g8,-244,2
CloudNetBot_vs_EnyoBot_KTS7zzI9.log,7,13,Black,r1bqk2r/ppp2ppp/2n2n2/2bpP3/3p4/2P2N2/PP2BPPP/RNBQK2R b KQkq - 1 7,a7a5,14,-292,290,f6e4;f6e4,f6e4;f6e4,d4c3;e8g8,-244,2
CloudNetBot_vs_EnyoBot_KTS7zzI9.log,7,13,Black,r1bqk2r/ppp2ppp/2n2n2/2bpP3/3p4/2P2N2/PP2BPPP/RNBQK2R b KQkq - 1 7,a7a6,15,-299,297,f6e4;f6e4,f6e4;f6e4,d4c3;e8g8,-244,2
CloudNetBot_vs_EnyoBot_KTS7zzI9.log,7,13,Black,r1bqk2r/ppp2ppp/2n2n2/2bpP3/3p4/2P2N2/PP2BPPP/RNBQK2R b KQkq - 1 7,d8e7,16,-304,302,f6e4;f6e4,f6e4;f6e4,d4c3;e8g8,-244,2
CloudNetBot_vs_EnyoBot_KTS7zzI9.log,7,13,Black,r1bqk2r/ppp2ppp/2n2n2/2bpP3/3p4/2P2N2/PP2BPPP/RNBQK2R b KQkq - 1 7,c8d7,17,-304,302,f6e4;f6e4,f6e4;f6e4,d4c3;e8g8,-244,2
CloudNetBot_vs_EnyoBot_KTS7zzI9.log,7,13,Black,r1bqk2r/ppp2ppp/2n2n2/2bpP3/3p4/2P2N2/PP2BPPP/RNBQK2R b KQkq - 1 7,c8g4,18,-307,305,f6e4;f6e4,f6e4;f6e4,d4c3;e8g8,-244,2
CloudNetBot_vs_EnyoBot_KTS7zzI9.log,7,13,Black,r1bqk2r/ppp2ppp/2n2n2/2bpP3/3p4/2P2N2/PP2BPPP/RNBQK2R b KQkq - 1 7,c8e6,19,-310,308,f6e4;f6e4,f6e4;f6e4,d4c3;e8g8,-244,2
CloudNetBot_vs_EnyoBot_KTS7zzI9.log,7,13,Black,r1bqk2r/ppp2ppp/2n2n2/2bpP3/3p4/2P2N2/PP2BPPP/RNBQK2R b KQkq - 1 7,c8h3,20,-315,313,f6e4;f6e4,f6e4;f6e4,d4c3;e8g8,-244,2
CloudNetBot_vs_EnyoBot_KTS7zzI9.log,7,13,Black,r1bqk2r/ppp2ppp/2n2n2/2bpP3/3p4/2P2N2/PP2BPPP/RNBQK2R b KQkq - 1 7,b7b6,21,-316,314,f6e4;f6e4,f6e4;f6e4,d4c3;e8g8,-244,2
CloudNetBot_vs_EnyoBot_KTS7zzI9.log,7,13,Black,r1bqk2r/ppp2ppp/2n2n2/2bpP3/3p4/2P2N2/PP2BPPP/RNBQK2R b KQkq - 1 7,a8b8,22,-322,320,f6e4;f6e4,f6e4;f6e4,d4c3;e8g8,-244,2
CloudNetBot_vs_EnyoBot_KTS7zzI9.log,7,13,Black,r1bqk2r/ppp2ppp/2n2n2/2bpP3/3p4/2P2N2/PP2BPPP/RNBQK2R b KQkq - 1 7,g7g6,23,-322,320,f6e4;f6e4,f6e4;f6e4,d4c3;e8g8,-244,2
CloudNetBot_vs_EnyoBot_KTS7zzI9.log,7,13,Black,r1bqk2r/ppp2ppp/2n2n2/2bpP3/3p4/2P2N2/PP2BPPP/RNBQK2R b KQkq - 1 7,h8g8,24,-336,334,f6e4;f6e4,f6e4;f6e4,d4c3;e8g8,-244,2
CloudNetBot_vs_EnyoBot_KTS7zzI9.log,7,13,Black,r1bqk2r/ppp2ppp/2n2n2/2bpP3/3p4/2P2N2/PP2BPPP/RNBQK2R b KQkq - 1 7,e8f8,25,-356,354,f6e4;f6e4,f6e4;f6e4,d4c3;e8g8,-244,2
CloudNetBot_vs_EnyoBot_KTS7zzI9.log,7,13,Black,r1bqk2r/ppp2ppp/2n2n2/2bpP3/3p4/2P2N2/PP2BPPP/RNBQK2R b KQkq - 1 7,c5e7,26,-369,367,f6e4;f6e4,f6e4;f6e4,d4c3;e8g8,-244,2
CloudNetBot_vs_EnyoBot_KTS7zzI9.log,7,13,Black,r1bqk2r/ppp2ppp/2n2n2/2bpP3/3p4/2P2N2/PP2BPPP/RNBQK2R b KQkq - 1 7,b7b5,27,-372,370,f6e4;f6e4,f6e4;f6e4,d4c3;e8g8,-244,2
CloudNetBot_vs_EnyoBot_KTS7zzI9.log,7,13,Black,r1bqk2r/ppp2ppp/2n2n2/2bpP3/3p4/2P2N2/PP2BPPP/RNBQK2R b KQkq - 1 7,c5f8,28,-378,376,f6e4;f6e4,f6e4;f6e4,d4c3;e8g8,-244,2
CloudNetBot_vs_EnyoBot_KTS7zzI9.log,7,13,Black,r1bqk2r/ppp2ppp/2n2n2/2bpP3/3p4/2P2N2/PP2BPPP/RNBQK2R b KQkq - 1 7,g7g5,29,-388,386,f6e4;f6e4,f6e4;f6e4,d4c3;e8g8,-244,2
CloudNetBot_vs_EnyoBot_KTS7zzI9.log,7,13,Black,r1bqk2r/ppp2ppp/2n2n2/2bpP3/3p4/2P2N2/PP2BPPP/RNBQK2R b KQkq - 1 7,c5d6,30,-400,398,f6e4;f6e4,f6e4;f6e4,d4c3;e8g8,-244,2
CloudNetBot_vs_EnyoBot_KTS7zzI9.log,7,13,Black,r1bqk2r/ppp2ppp/2n2n2/2bpP3/3p4/2P2N2/PP2BPPP/RNBQK2R b KQkq - 1 7,c6e7,31,-401,399,f6e4;f6e4,f6e4;f6e4,d4c3;e8g8,-244,2
CloudNetBot_vs_EnyoBot_KTS7zzI9.log,7,13,Black,r1bqk2r/ppp2ppp/2n2n2/2bpP3/3p4/2P2N2/PP2BPPP/RNBQK2R b KQkq - 1 7,d8d7,32,-406,404,f6e4;f6e4,f6e4;f6e4,d4c3;e8g8,-244,2
CloudNetBot_vs_EnyoBot_KTS7zzI9.log,7,13,Black,r1bqk2r/ppp2ppp/2n2n2/2bpP3/3p4/2P2N2/PP2BPPP/RNBQK2R b KQkq - 1 7,c6a5,33,-413,411,f6e4;f6e4,f6e4;f6e4,d4c3;e8g8,-244,2
CloudNetBot_vs_EnyoBot_KTS7zzI9.log,7,13,Black,r1bqk2r/ppp2ppp/2n2n2/2bpP3/3p4/2P2N2/PP2BPPP/RNBQK2R b KQkq - 1 7,h8f8,34,-416,414,f6e4;f6e4,f6e4;f6e4,d4c3;e8g8,-244,2
CloudNetBot_vs_EnyoBot_KTS7zzI9.log,7,13,Black,r1bqk2r/ppp2ppp/2n2n2/2bpP3/3p4/2P2N2/PP2BPPP/RNBQK2R b KQkq - 1 7,c6b4,35,-419,417,f6e4;f6e4,f6e4;f6e4,d4c3;e8g8,-244,2
CloudNetBot_vs_EnyoBot_KTS7zzI9.log,7,13,Black,r1bqk2r/ppp2ppp/2n2n2/2bpP3/3p4/2P2N2/PP2BPPP/RNBQK2R b KQkq - 1 7,c6b8,36,-436,434,f6e4;f6e4,f6e4;f6e4,d4c3;e8g8,-244,2
CloudNetBot_vs_EnyoBot_KTS7zzI9.log,7,13,Black,r1bqk2r/ppp2ppp/2n2n2/2bpP3/3p4/2P2N2/PP2BPPP/RNBQK2R b KQkq - 1 7,c5b4,37,-461,459,f6e4;f6e4,f6e4;f6e4,d4c3;e8g8,-244,2
CloudNetBot_vs_EnyoBot_KTS7zzI9.log,7,13,Black,r1bqk2r/ppp2ppp/2n2n2/2bpP3/3p4/2P2N2/PP2BPPP/RNBQK2R b KQkq - 1 7,e8d7,38,-474,472,f6e4;f6e4,f6e4;f6e4,d4c3;e8g8,-244,2
CloudNetBot_vs_EnyoBot_KTS7zzI9.log,7,13,Black,r1bqk2r/ppp2ppp/2n2n2/2bpP3/3p4/2P2N2/PP2BPPP/RNBQK2R b KQkq - 1 7,c5a3,39,-475,473,f6e4;f6e4,f6e4;f6e4,d4c3;e8g8,-244,2
CloudNetBot_vs_EnyoBot_KTS7zzI9.log,7,13,Black,r1bqk2r/ppp2ppp/2n2n2/2bpP3/3p4/2P2N2/PP2BPPP/RNBQK2R b KQkq - 1 7,e8e7,40,-506,504,f6e4;f6e4,f6e4;f6e4,d4c3;e8g8,-244,2
CloudNetBot_vs_EnyoBot_KTS7zzI9.log,7,13,Black,r1bqk2r/ppp2ppp/2n2n2/2bpP3/3p4/2P2N2/PP2BPPP/RNBQK2R b KQkq - 1 7,d8d6,41,-596,594,f6e4;f6e4,f6e4;f6e4,d4c3;e8g8,-244,2
SF_Bot1nok_vs_EnyoBot_SbzD89kx.log,13,25,Black,r2qk2r/3nbpp1/p2pbn1p/N3p3/R3P1P1/2N1BP2/1PPQ3P/4KB1R b Kkq - 1 13,d8c7,1,-56,0,d8c7;d8c7,d8c7;d8c7,f6g4;f6e4,-235,2
SF_Bot1nok_vs_EnyoBot_SbzD89kx.log,13,25,Black,r2qk2r/3nbpp1/p2pbn1p/N3p3/R3P1P1/2N1BP2/1PPQ3P/4KB1R b Kkq - 1 13,d8b8,2,-77,21,d8c7;d8c7,d8c7;d8c7,f6g4;f6e4,-235,2
SF_Bot1nok_vs_EnyoBot_SbzD89kx.log,13,25,Black,r2qk2r/3nbpp1/p2pbn1p/N3p3/R3P1P1/2N1BP2/1PPQ3P/4KB1R b Kkq - 1 13,f6h7,3,-89,33,d8c7;d8c7,d8c7;d8c7,f6g4;f6e4,-235,2
SF_Bot1nok_vs_EnyoBot_SbzD89kx.log,13,25,Black,r2qk2r/3nbpp1/p2pbn1p/N3p3/R3P1P1/2N1BP2/1PPQ3P/4KB1R b Kkq - 1 13,d8c8,4,-92,36,d8c7;d8c7,d8c7;d8c7,f6g4;f6e4,-235,2
SF_Bot1nok_vs_EnyoBot_SbzD89kx.log,13,25,Black,r2qk2r/3nbpp1/p2pbn1p/N3p3/R3P1P1/2N1BP2/1PPQ3P/4KB1R b Kkq - 1 13,e8f8,5,-93,37,d8c7;d8c7,d8c7;d8c7,f6g4;f6e4,-235,2
SF_Bot1nok_vs_EnyoBot_SbzD89kx.log,13,25,Black,r2qk2r/3nbpp1/p2pbn1p/N3p3/R3P1P1/2N1BP2/1PPQ3P/4KB1R b Kkq - 1 13,d7c5,6,-112,56,d8c7;d8c7,d8c7;d8c7,f6g4;f6e4,-235,2
SF_Bot1nok_vs_EnyoBot_SbzD89kx.log,13,25,Black,r2qk2r/3nbpp1/p2pbn1p/N3p3/R3P1P1/2N1BP2/1PPQ3P/4KB1R b Kkq - 1 13,e8g8,7,-119,63,d8c7;d8c7,d8c7;d8c7,f6g4;f6e4,-235,2
SF_Bot1nok_vs_EnyoBot_SbzD89kx.log,13,25,Black,r2qk2r/3nbpp1/p2pbn1p/N3p3/R3P1P1/2N1BP2/1PPQ3P/4KB1R b Kkq - 1 13,f6g8,8,-132,76,d8c7;d8c7,d8c7;d8c7,f6g4;f6e4,-235,2
SF_Bot1nok_vs_EnyoBot_SbzD89kx.log,13,25,Black,r2qk2r/3nbpp1/p2pbn1p/N3p3/R3P1P1/2N1BP2/1PPQ3P/4KB1R b Kkq - 1 13,d7b6,9,-135,79,d8c7;d8c7,d8c7;d8c7,f6g4;f6e4,-235,2
SF_Bot1nok_vs_EnyoBot_SbzD89kx.log,13,25,Black,r2qk2r/3nbpp1/p2pbn1p/N3p3/R3P1P1/2N1BP2/1PPQ3P/4KB1R b Kkq - 1 13,d7b8,10,-145,89,d8c7;d8c7,d8c7;d8c7,f6g4;f6e4,-235,2
SF_Bot1nok_vs_EnyoBot_SbzD89kx.log,13,25,Black,r2qk2r/3nbpp1/p2pbn1p/N3p3/R3P1P1/2N1BP2/1PPQ3P/4KB1R b Kkq - 1 13,d7f8,11,-151,95,d8c7;d8c7,d8c7;d8c7,f6g4;f6e4,-235,2
SF_Bot1nok_vs_EnyoBot_SbzD89kx.log,13,25,Black,r2qk2r/3nbpp1/p2pbn1p/N3p3/R3P1P1/2N1BP2/1PPQ3P/4KB1R b Kkq - 1 13,g7g6,12,-152,96,d8c7;d8c7,d8c7;d8c7,f6g4;f6e4,-235,2
SF_Bot1nok_vs_EnyoBot_SbzD89kx.log,13,25,Black,r2qk2r/3nbpp1/p2pbn1p/N3p3/R3P1P1/2N1BP2/1PPQ3P/4KB1R b Kkq - 1 13,e7f8,13,-154,98,d8c7;d8c7,d8c7;d8c7,f6g4;f6e4,-235,2
SF_Bot1nok_vs_EnyoBot_SbzD89kx.log,13,25,Black,r2qk2r/3nbpp1/p2pbn1p/N3p3/R3P1P1/2N1BP2/1PPQ3P/4KB1R b Kkq - 1 13,h8g8,14,-155,99,d8c7;d8c7,d8c7;d8c7,f6g4;f6e4,-235,2
SF_Bot1nok_vs_EnyoBot_SbzD89kx.log,13,25,Black,r2qk2r/3nbpp1/p2pbn1p/N3p3/R3P1P1/2N1BP2/1PPQ3P/4KB1R b Kkq - 1 13,h8f8,15,-184,128,d8c7;d8c7,d8c7;d8c7,f6g4;f6e4,-235,2
SF_Bot1nok_vs_EnyoBot_SbzD89kx.log,13,25,Black,r2qk2r/3nbpp1/p2pbn1p/N3p3/R3P1P1/2N1BP2/1PPQ3P/4KB1R b Kkq - 1 13,a8c8,16,-190,134,d8c7;d8c7,d8c7;d8c7,f6g4;f6e4,-235,2
SF_Bot1nok_vs_EnyoBot_SbzD89kx.log,13,25,Black,r2qk2r/3nbpp1/p2pbn1p/N3p3/R3P1P1/2N1BP2/1PPQ3P/4KB1R b Kkq - 1 13,h8h7,17,-203,147,d8c7;d8c7,d8c7;d8c7,f6g4;f6e4,-235,2
SF_Bot1nok_vs_EnyoBot_SbzD89kx.log,13,25,Black,r2qk2r/3nbpp1/p2pbn1p/N3p3/R3P1P1/2N1BP2/1PPQ3P/4KB1R b Kkq - 1 13,h6h5,18,-208,152,d8c7;d8c7,d8c7;d8c7,f6g4;f6e4,-235,2
SF_Bot1nok_vs_EnyoBot_SbzD89kx.log,13,25,Black,r2qk2r/3nbpp1/p2pbn1p/N3p3/R3P1P1/2N1BP2/1PPQ3P/4KB1R b Kkq - 1 13,g7g5,19,-213,157,d8c7;d8c7,d8c7;d8c7,f6g4;f6e4,-235,2
SF_Bot1nok_vs_EnyoBot_SbzD89kx.log,13,25,Black,r2qk2r/3nbpp1/p2pbn1p/N3p3/R3P1P1/2N1BP2/1PPQ3P/4KB1R b Kkq - 1 13,a8b8,20,-273,217,d8c7;d8c7,d8c7;d8c7,f6g4;f6e4,-235,2
SF_Bot1nok_vs_EnyoBot_SbzD89kx.log,13,25,Black,r2qk2r/3nbpp1/p2pbn1p/N3p3/R3P1P1/2N1BP2/1PPQ3P/4KB1R b Kkq - 1 13,f6e4,21,-273,217,d8c7;d8c7,d8c7;d8c7,f6g4;f6e4,-235,2
SF_Bot1nok_vs_EnyoBot_SbzD89kx.log,13,25,Black,r2qk2r/3nbpp1/p2pbn1p/N3p3/R3P1P1/2N1BP2/1PPQ3P/4KB1R b Kkq - 1 13,f6g4,22,-281,225,d8c7;d8c7,d8c7;d8c7,f6g4;f6e4,-235,2
SF_Bot1nok_vs_EnyoBot_SbzD89kx.log,13,25,Black,r2qk2r/3nbpp1/p2pbn1p/N3p3/R3P1P1/2N1BP2/1PPQ3P/4KB1R b Kkq - 1 13,d6d5,23,-332,276,d8c7;d8c7,d8c7;d8c7,f6g4;f6e4,-235,2
SF_Bot1nok_vs_EnyoBot_SbzD89kx.log,13,25,Black,r2qk2r/3nbpp1/p2pbn1p/N3p3/R3P1P1/2N1BP2/1PPQ3P/4KB1R b Kkq - 1 13,f6h5,24,-363,307,d8c7;d8c7,d8c7;d8c7,f6g4;f6e4,-235,2
SF_Bot1nok_vs_EnyoBot_SbzD89kx.log,13,25,Black,r2qk2r/3nbpp1/p2pbn1p/N3p3/R3P1P1/2N1BP2/1PPQ3P/4KB1R b Kkq - 1 13,e6g4,25,-390,334,d8c7;d8c7,d8c7;d8c7,f6g4;f6e4,-235,2
SF_Bot1nok_vs_EnyoBot_SbzD89kx.log,13,25,Black,r2qk2r/3nbpp1/p2pbn1p/N3p3/R3P1P1/2N1BP2/1PPQ3P/4KB1R b Kkq - 1 13,a8a7,26,-399,343,d8c7;d8c7,d8c7;d8c7,f6g4;f6e4,-235,2
SF_Bot1nok_vs_EnyoBot_SbzD89kx.log,13,25,Black,r2qk2r/3nbpp1/p2pbn1p/N3p3/R3P1P1/2N1BP2/1PPQ3P/4KB1R b Kkq - 1 13,e6f5,27,-437,381,d8c7;d8c7,d8c7;d8c7,f6g4;f6e4,-235,2
SF_Bot1nok_vs_EnyoBot_SbzD89kx.log,13,25,Black,r2qk2r/3nbpp1/p2pbn1p/N3p3/R3P1P1/2N1BP2/1PPQ3P/4KB1R b Kkq - 1 13,e6b3,28,-442,386,d8c7;d8c7,d8c7;d8c7,f6g4;f6e4,-235,2
SF_Bot1nok_vs_EnyoBot_SbzD89kx.log,13,25,Black,r2qk2r/3nbpp1/p2pbn1p/N3p3/R3P1P1/2N1BP2/1PPQ3P/4KB1R b Kkq - 1 13,f6d5,29,-459,403,d8c7;d8c7,d8c7;d8c7,f6g4;f6e4,-235,2
SF_Bot1nok_vs_EnyoBot_SbzD89kx.log,13,25,Black,r2qk2r/3nbpp1/p2pbn1p/N3p3/R3P1P1/2N1BP2/1PPQ3P/4KB1R b Kkq - 1 13,e6c4,30,-463,407,d8c7;d8c7,d8c7;d8c7,f6g4;f6e4,-235,2
SF_Bot1nok_vs_EnyoBot_SbzD89kx.log,13,25,Black,r2qk2r/3nbpp1/p2pbn1p/N3p3/R3P1P1/2N1BP2/1PPQ3P/4KB1R b Kkq - 1 13,e6d5,31,-473,417,d8c7;d8c7,d8c7;d8c7,f6g4;f6e4,-235,2
SF_Bot1nok_vs_EnyoBot_SbzD89kx.log,13,25,Black,r2qk2r/3nbpp1/p2pbn1p/N3p3/R3P1P1/2N1BP2/1PPQ3P/4KB1R b Kkq - 1 13,d8b6,32,-503,447,d8c7;d8c7,d8c7;d8c7,f6g4;f6e4,-235,2
SF_Bot1nok_vs_EnyoBot_SbzD89kx.log,13,25,Black,r2qk2r/3nbpp1/p2pbn1p/N3p3/R3P1P1/2N1BP2/1PPQ3P/4KB1R b Kkq - 1 13,d8a5,33,-509,453,d8c7;d8c7,d8c7;d8c7,f6g4;f6e4,-235,2
SF_Bot1nok_vs_EnyoBot_SbzD89kx.log,13,25,Black,r2qk2r/3nbpp1/p2pbn1p/N3p3/R3P1P1/2N1BP2/1PPQ3P/4KB1R b Kkq - 1 13,e6a2,34,-514,458,d8c7;d8c7,d8c7;d8c7,f6g4;f6e4,-235,2
EnyoBot_vs_DarkOnBot_pm9SUqFN.log,12,22,White,rn2k2r/pbp2pp1/1p1p1q1p/4p3/P1PP4/2PBPN2/5PPP/R2QK2R w KQkq - 0 12,d1c2,1,-28,0,d1b1;d1b1,d3c2;d3c2,a4a5;a4a5,-209,2
EnyoBot_vs_DarkOnBot_pm9SUqFN.log,12,22,White,rn2k2r/pbp2pp1/1p1p1q1p/4p3/P1PP4/2PBPN2/5PPP/R2QK2R w KQkq - 0 12,d1b1,2,-30,2,d1b1;d1b1,d3c2;d3c2,a4a5;a4a5,-209,2
EnyoBot_vs_DarkOnBot_pm9SUqFN.log,12,22,White,rn2k2r/pbp2pp1/1p1p1q1p/4p3/P1PP4/2PBPN2/5PPP/R2QK2R w KQkq - 0 12,d3c2,3,-36,8,d1b1;d1b1,d3c2;d3c2,a4a5;a4a5,-209,2
EnyoBot_vs_DarkOnBot_pm9SUqFN.log,12,22,White,rn2k2r/pbp2pp1/1p1p1q1p/4p3/P1PP4/2PBPN2/5PPP/R2QK2R w KQkq - 0 12,f3d2,4,-45,17,d1b1;d1b1,d3c2;d3c2,a4a5;a4a5,-209,2
EnyoBot_vs_DarkOnBot_pm9SUqFN.log,12,22,White,rn2k2r/pbp2pp1/1p1p1q1p/4p3/P1PP4/2PBPN2/5PPP/R2QK2R w KQkq - 0 12,d3b1,5,-53,25,d1b1;d1b1,d3c2;d3c2,a4a5;a4a5,-209,2
EnyoBot_vs_DarkOnBot_pm9SUqFN.log,12,22,White,rn2k2r/pbp2pp1/1p1p1q1p/4p3/P1PP4/2PBPN2/5PPP/R2QK2R w KQkq - 0 12,d3f1,6,-59,31,d1b1;d1b1,d3c2;d3c2,a4a5;a4a5,-209,2
EnyoBot_vs_DarkOnBot_pm9SUqFN.log,12,22,White,rn2k2r/pbp2pp1/1p1p1q1p/4p3/P1PP4/2PBPN2/5PPP/R2QK2R w KQkq - 0 12,d3e2,7,-63,35,d1b1;d1b1,d3c2;d3c2,a4a5;a4a5,-209,2
EnyoBot_vs_DarkOnBot_pm9SUqFN.log,12,22,White,rn2k2r/pbp2pp1/1p1p1q1p/4p3/P1PP4/2PBPN2/5PPP/R2QK2R w KQkq - 0 12,e3e4,8,-69,41,d1b1;d1b1,d3c2;d3c2,a4a5;a4a5,-209,2
EnyoBot_vs_DarkOnBot_pm9SUqFN.log,12,22,White,rn2k2r/pbp2pp1/1p1p1q1p/4p3/P1PP4/2PBPN2/5PPP/R2QK2R w KQkq - 0 12,d4d5,9,-105,77,d1b1;d1b1,d3c2;d3c2,a4a5;a4a5,-209,2
EnyoBot_vs_DarkOnBot_pm9SUqFN.log,12,22,White,rn2k2r/pbp2pp1/1p1p1q1p/4p3/P1PP4/2PBPN2/5PPP/R2QK2R w KQkq - 0 12,d4e5,10,-128,100,d1b1;d1b1,d3c2;d3c2,a4a5;a4a5,-209,2
EnyoBot_vs_DarkOnBot_pm9SUqFN.log,12,22,White,rn2k2r/pbp2pp1/1p1p1q1p/4p3/P1PP4/2PBPN2/5PPP/R2QK2R w KQkq - 0 12,a4a5,11,-257,229,d1b1;d1b1,d3c2;d3c2,a4a5;a4a5,-209,2
EnyoBot_vs_DarkOnBot_pm9SUqFN.log,12,22,White,rn2k2r/pbp2pp1/1p1p1q1p/4p3/P1PP4/2PBPN2/5PPP/R2QK2R w KQkq - 0 12,c4c5,12,-293,265,d1b1;d1b1,d3c2;d3c2,a4a5;a4a5,-209,2
EnyoBot_vs_DarkOnBot_pm9SUqFN.log,12,22,White,rn2k2r/pbp2pp1/1p1p1q1p/4p3/P1PP4/2PBPN2/5PPP/R2QK2R w KQkq - 0 12,f3e5,13,-329,301,d1b1;d1b1,d3c2;d3c2,a4a5;a4a5,-209,2
EnyoBot_vs_DarkOnBot_pm9SUqFN.log,12,22,White,rn2k2r/pbp2pp1/1p1p1q1p/4p3/P1PP4/2PBPN2/5PPP/R2QK2R w KQkq - 0 12,e1g1,14,-335,307,d1b1;d1b1,d3c2;d3c2,a4a5;a4a5,-209,2
EnyoBot_vs_DarkOnBot_pm9SUqFN.log,12,22,White,rn2k2r/pbp2pp1/1p1p1q1p/4p3/P1PP4/2PBPN2/5PPP/R2QK2R w KQkq - 0 12,h1g1,15,-338,310,d1b1;d1b1,d3c2;d3c2,a4a5;a4a5,-209,2
EnyoBot_vs_DarkOnBot_pm9SUqFN.log,12,22,White,rn2k2r/pbp2pp1/1p1p1q1p/4p3/P1PP4/2PBPN2/5PPP/R2QK2R w KQkq - 0 12,h2h4,16,-342,314,d1b1;d1b1,d3c2;d3c2,a4a5;a4a5,-209,2
EnyoBot_vs_DarkOnBot_pm9SUqFN.log,12,22,White,rn2k2r/pbp2pp1/1p1p1q1p/4p3/P1PP4/2PBPN2/5PPP/R2QK2R w KQkq - 0 12,e1d2,17,-343,315,d1b1;d1b1,d3c2;d3c2,a4a5;a4a5,-209,2
EnyoBot_vs_DarkOnBot_pm9SUqFN.log,12,22,White,rn2k2r/pbp2pp1/1p1p1q1p/4p3/P1PP4/2PBPN2/5PPP/R2QK2R w KQkq - 0 12,h2h3,18,-343,315,d1b1;d1b1,d3c2;d3c2,a4a5;a4a5,-209,2
EnyoBot_vs_DarkOnBot_pm9SUqFN.log,12,22,White,rn2k2r/pbp2pp1/1p1p1q1p/4p3/P1PP4/2PBPN2/5PPP/R2QK2R w KQkq - 0 12,a1b1,19,-350,322,d1b1;d1b1,d3c2;d3c2,a4a5;a4a5,-209,2
EnyoBot_vs_DarkOnBot_pm9SUqFN.log,12,22,White,rn2k2r/pbp2pp1/1p1p1q1p/4p3/P1PP4/2PBPN2/5PPP/R2QK2R w KQkq - 0 12,a1c1,20,-355,327,d1b1;d1b1,d3c2;d3c2,a4a5;a4a5,-209,2
EnyoBot_vs_DarkOnBot_pm9SUqFN.log,12,22,White,rn2k2r/pbp2pp1/1p1p1q1p/4p3/P1PP4/2PBPN2/5PPP/R2QK2R w KQkq - 0 12,d1e2,21,-360,332,d1b1;d1b1,d3c2;d3c2,a4a5;a4a5,-209,2
EnyoBot_vs_DarkOnBot_pm9SUqFN.log,12,22,White,rn2k2r/pbp2pp1/1p1p1q1p/4p3/P1PP4/2PBPN2/5PPP/R2QK2R w KQkq - 0 12,a1a3,22,-360,332,d1b1;d1b1,d3c2;d3c2,a4a5;a4a5,-209,2
EnyoBot_vs_DarkOnBot_pm9SUqFN.log,12,22,White,rn2k2r/pbp2pp1/1p1p1q1p/4p3/P1PP4/2PBPN2/5PPP/R2QK2R w KQkq - 0 12,a1a2,23,-360,332,d1b1;d1b1,d3c2;d3c2,a4a5;a4a5,-209,2
EnyoBot_vs_DarkOnBot_pm9SUqFN.log,12,22,White,rn2k2r/pbp2pp1/1p1p1q1p/4p3/P1PP4/2PBPN2/5PPP/R2QK2R w KQkq - 0 12,e1f1,24,-363,335,d1b1;d1b1,d3c2;d3c2,a4a5;a4a5,-209,2
EnyoBot_vs_DarkOnBot_pm9SUqFN.log,12,22,White,rn2k2r/pbp2pp1/1p1p1q1p/4p3/P1PP4/2PBPN2/5PPP/R2QK2R w KQkq - 0 12,d1b3,25,-367,339,d1b1;d1b1,d3c2;d3c2,a4a5;a4a5,-209,2
EnyoBot_vs_DarkOnBot_pm9SUqFN.log,12,22,White,rn2k2r/pbp2pp1/1p1p1q1p/4p3/P1PP4/2PBPN2/5PPP/R2QK2R w KQkq - 0 12,d3h7,26,-377,349,d1b1;d1b1,d3c2;d3c2,a4a5;a4a5,-209,2
EnyoBot_vs_DarkOnBot_pm9SUqFN.log,12,22,White,rn2k2r/pbp2pp1/1p1p1q1p/4p3/P1PP4/2PBPN2/5PPP/R2QK2R w KQkq - 0 12,h1f1,27,-384,356,d1b1;d1b1,d3c2;d3c2,a4a5;a4a5,-209,2
EnyoBot_vs_DarkOnBot_pm9SUqFN.log,12,22,White,rn2k2r/pbp2pp1/1p1p1q1p/4p3/P1PP4/2PBPN2/5PPP/R2QK2R w KQkq - 0 12,d1c1,28,-384,356,d1b1;d1b1,d3c2;d3c2,a4a5;a4a5,-209,2
EnyoBot_vs_DarkOnBot_pm9SUqFN.log,12,22,White,rn2k2r/pbp2pp1/1p1p1q1p/4p3/P1PP4/2PBPN2/5PPP/R2QK2R w KQkq - 0 12,f3h4,29,-385,357,d1b1;d1b1,d3c2;d3c2,a4a5;a4a5,-209,2
EnyoBot_vs_DarkOnBot_pm9SUqFN.log,12,22,White,rn2k2r/pbp2pp1/1p1p1q1p/4p3/P1PP4/2PBPN2/5PPP/R2QK2R w KQkq - 0 12,d1d2,30,-392,364,d1b1;d1b1,d3c2;d3c2,a4a5;a4a5,-209,2
EnyoBot_vs_DarkOnBot_pm9SUqFN.log,12,22,White,rn2k2r/pbp2pp1/1p1p1q1p/4p3/P1PP4/2PBPN2/5PPP/R2QK2R w KQkq - 0 12,e1e2,31,-398,370,d1b1;d1b1,d3c2;d3c2,a4a5;a4a5,-209,2
EnyoBot_vs_DarkOnBot_pm9SUqFN.log,12,22,White,rn2k2r/pbp2pp1/1p1p1q1p/4p3/P1PP4/2PBPN2/5PPP/R2QK2R w KQkq - 0 12,f3g1,32,-413,385,d1b1;d1b1,d3c2;d3c2,a4a5;a4a5,-209,2
EnyoBot_vs_DarkOnBot_pm9SUqFN.log,12,22,White,rn2k2r/pbp2pp1/1p1p1q1p/4p3/P1PP4/2PBPN2/5PPP/R2QK2R w KQkq - 0 12,f3g5,33,-425,397,d1b1;d1b1,d3c2;d3c2,a4a5;a4a5,-209,2
EnyoBot_vs_DarkOnBot_pm9SUqFN.log,12,22,White,rn2k2r/pbp2pp1/1p1p1q1p/4p3/P1PP4/2PBPN2/5PPP/R2QK2R w KQkq - 0 12,d3e4,34,-449,421,d1b1;d1b1,d3c2;d3c2,a4a5;a4a5,-209,2
EnyoBot_vs_DarkOnBot_pm9SUqFN.log,12,22,White,rn2k2r/pbp2pp1/1p1p1q1p/4p3/P1PP4/2PBPN2/5PPP/R2QK2R w KQkq - 0 12,d3f5,35,-465,437,d1b1;d1b1,d3c2;d3c2,a4a5;a4a5,-209,2
EnyoBot_vs_DarkOnBot_pm9SUqFN.log,12,22,White,rn2k2r/pbp2pp1/1p1p1q1p/4p3/P1PP4/2PBPN2/5PPP/R2QK2R w KQkq - 0 12,d3g6,36,-484,456,d1b1;d1b1,d3c2;d3c2,a4a5;a4a5,-209,2
EnyoBot_vs_DarkOnBot_pm9SUqFN.log,12,22,White,rn2k2r/pbp2pp1/1p1p1q1p/4p3/P1PP4/2PBPN2/5PPP/R2QK2R w KQkq - 0 12,g2g3,37,-600,572,d1b1;d1b1,d3c2;d3c2,a4a5;a4a5,-209,2
EnyoBot_vs_DarkOnBot_pm9SUqFN.log,12,22,White,rn2k2r/pbp2pp1/1p1p1q1p/4p3/P1PP4/2PBPN2/5PPP/R2QK2R w KQkq - 0 12,g2g4,38,-605,577,d1b1;d1b1,d3c2;d3c2,a4a5;a4a5,-209,2
EnyoBot_vs_DarkOnBot_pm9SUqFN.log,36,70,White,4r1k1/2p3q1/1p1p2p1/pP1P1p1p/1nP1r2R/4P1PB/5P1P/1Q4RK w - - 1 36,h4e4,1,-64,0,h4e4;h4e4,h4e4;h4e4,h3f5;h3f5,-189,2
EnyoBot_vs_DarkOnBot_pm9SUqFN.log,36,70,White,4r1k1/2p3q1/1p1p2p1/pP1P1p1p/1nP1r2R/4P1PB/5P1P/1Q4RK w - - 1 36,h4f4,2,-76,12,h4e4;h4e4,h4e4;h4e4,h3f5;h3f5,-189,2
EnyoBot_vs_DarkOnBot_pm9SUqFN.log,36,70,White,4r1k1/2p3q1/1p1p2p1/pP1P1p1p/1nP1r2R/4P1PB/5P1P/1Q4RK w - - 1 36,h3g2,3,-158,94,h4e4;h4e4,h4e4;h4e4,h3f5;h3f5,-189,2
EnyoBot_vs_DarkOnBot_pm9SUqFN.log,36,70,White,4r1k1/2p3q1/1p1p2p1/pP1P1p1p/1nP1r2R/4P1PB/5P1P/1Q4RK w - - 1 36,b1d1,4,-161,97,h4e4;h4e4,h4e4;h4e4,h3f5;h3f5,-189,2
EnyoBot_vs_DarkOnBot_pm9SUqFN.log,36,70,White,4r1k1/2p3q1/1p1p2p1/pP1P1p1p/1nP1r2R/4P1PB/5P1P/1Q4RK w - - 1 36,b1b3,5,-184,120,h4e4;h4e4,h4e4;h4e4,h3f5;h3f5,-189,2
EnyoBot_vs_DarkOnBot_pm9SUqFN.log,36,70,White,4r1k1/2p3q1/1p1p2p1/pP1P1p1p/1nP1r2R/4P1PB/5P1P/1Q4RK w - - 1 36,b1c1,6,-203,139,h4e4;h4e4,h4e4;h4e4,h3f5;h3f5,-189,2
EnyoBot_vs_DarkOnBot_pm9SUqFN.log,36,70,White,4r1k1/2p3q1/1p1p2p1/pP1P1p1p/1nP1r2R/4P1PB/5P1P/1Q4RK w - - 1 36,h3f1,7,-206,142,h4e4;h4e4,h4e4;h4e4,h3f5;h3f5,-189,2
EnyoBot_vs_DarkOnBot_pm9SUqFN.log,36,70,White,4r1k1/2p3q1/1p1p2p1/pP1P1p1p/1nP1r2R/4P1PB/5P1P/1Q4RK w - - 1 36,b1f1,8,-215,151,h4e4;h4e4,h4e4;h4e4,h3f5;h3f5,-189,2
EnyoBot_vs_DarkOnBot_pm9SUqFN.log,36,70,White,4r1k1/2p3q1/1p1p2p1/pP1P1p1p/1nP1r2R/4P1PB/5P1P/1Q4RK w - - 1 36,g1c1,9,-224,160,h4e4;h4e4,h4e4;h4e4,h3f5;h3f5,-189,2
EnyoBot_vs_DarkOnBot_pm9SUqFN.log,36,70,White,4r1k1/2p3q1/1p1p2p1/pP1P1p1p/1nP1r2R/4P1PB/5P1P/1Q4RK w - - 1 36,c4c5,10,-227,163,h4e4;h4e4,h4e4;h4e4,h3f5;h3f5,-189,2
EnyoBot_vs_DarkOnBot_pm9SUqFN.log,36,70,White,4r1k1/2p3q1/1p1p2p1/pP1P1p1p/1nP1r2R/4P1PB/5P1P/1Q4RK w - - 1 36,g1d1,11,-229,165,h4e4;h4e4,h4e4;h4e4,h3f5;h3f5,-189,2
EnyoBot_vs_DarkOnBot_pm9SUqFN.log,36,70,White,4r1k1/2p3q1/1p1p2p1/pP1P1p1p/1nP1r2R/4P1PB/5P1P/1Q4RK w - - 1 36,h1g2,12,-231,167,h4e4;h4e4,h4e4;h4e4,h3f5;h3f5,-189,2
EnyoBot_vs_DarkOnBot_pm9SUqFN.log,36,70,White,4r1k1/2p3q1/1p1p2p1/pP1P1p1p/1nP1r2R/4P1PB/5P1P/1Q4RK w - - 1 36,g1g2,13,-231,167,h4e4;h4e4,h4e4;h4e4,h3f5;h3f5,-189,2
EnyoBot_vs_DarkOnBot_pm9SUqFN.log,36,70,White,4r1k1/2p3q1/1p1p2p1/pP1P1p1p/1nP1r2R/4P1PB/5P1P/1Q4RK w - - 1 36,g1f1,14,-235,171,h4e4;h4e4,h4e4;h4e4,h3f5;h3f5,-189,2
EnyoBot_vs_DarkOnBot_pm9SUqFN.log,36,70,White,4r1k1/2p3q1/1p1p2p1/pP1P1p1p/1nP1r2R/4P1PB/5P1P/1Q4RK w - - 1 36,g1e1,15,-238,174,h4e4;h4e4,h4e4;h4e4,h3f5;h3f5,-189,2
EnyoBot_vs_DarkOnBot_pm9SUqFN.log,36,70,White,4r1k1/2p3q1/1p1p2p1/pP1P1p1p/1nP1r2R/4P1PB/5P1P/1Q4RK w - - 1 36,h4h5,16,-250,186,h4e4;h4e4,h4e4;h4e4,h3f5;h3f5,-189,2
EnyoBot_vs_DarkOnBot_pm9SUqFN.log,36,70,White,4r1k1/2p3q1/1p1p2p1/pP1P1p1p/1nP1r2R/4P1PB/5P1P/1Q4RK w - - 1 36,b1e1,17,-250,186,h4e4;h4e4,h4e4;h4e4,h3f5;h3f5,-189,2
EnyoBot_vs_DarkOnBot_pm9SUqFN.log,36,70,White,4r1k1/2p3q1/1p1p2p1/pP1P1p1p/1nP1r2R/4P1PB/5P1P/1Q4RK w - - 1 36,h3f5,18,-259,195,h4e4;h4e4,h4e4;h4e4,h3f5;h3f5,-189,2
EnyoBot_vs_DarkOnBot_pm9SUqFN.log,36,70,White,4r1k1/2p3q1/1p1p2p1/pP1P1p1p/1nP1r2R/4P1PB/5P1P/1Q4RK w - - 1 36,g3g4,19,-280,216,h4e4;h4e4,h4e4;h4e4,h3f5;h3f5,-189,2
EnyoBot_vs_DarkOnBot_pm9SUqFN.log,36,70,White,4r1k1/2p3q1/1p1p2p1/pP1P1p1p/1nP1r2R/4P1PB/5P1P/1Q4RK w - - 1 36,b1a1,20,-336,272,h4e4;h4e4,h4e4;h4e4,h3f5;h3f5,-189,2
EnyoBot_vs_DarkOnBot_pm9SUqFN.log,36,70,White,4r1k1/2p3q1/1p1p2p1/pP1P1p1p/1nP1r2R/4P1PB/5P1P/1Q4RK w - - 1 36,f2f4,21,-351,287,h4e4;h4e4,h4e4;h4e4,h3f5;h3f5,-189,2
EnyoBot_vs_DarkOnBot_pm9SUqFN.log,36,70,White,4r1k1/2p3q1/1p1p2p1/pP1P1p1p/1nP1r2R/4P1PB/5P1P/1Q4RK w - - 1 36,f2f3,22,-367,303,h4e4;h4e4,h4e4;h4e4,h3f5;h3f5,-189,2
EnyoBot_vs_DarkOnBot_pm9SUqFN.log,36,70,White,4r1k1/2p3q1/1p1p2p1/pP1P1p1p/1nP1r2R/4P1PB/5P1P/1Q4RK w - - 1 36,h3g4,23,-417,353,h4e4;h4e4,h4e4;h4e4,h3f5;h3f5,-189,2
EnyoBot_vs_DarkOnBot_pm9SUqFN.log,36,70,White,4r1k1/2p3q1/1p1p2p1/pP1P1p1p/1nP1r2R/4P1PB/5P1P/1Q4RK w - - 1 36,b1e4,24,-477,413,h4e4;h4e4,h4e4;h4e4,h3f5;h3f5,-189,2
EnyoBot_vs_DarkOnBot_pm9SUqFN.log,36,70,White,4r1k1/2p3q1/1p1p2p1/pP1P1p1p/1nP1r2R/4P1PB/5P1P/1Q4RK w - - 1 36,h4g4,25,-505,441,h4e4;h4e4,h4e4;h4e4,h3f5;h3f5,-189,2
EnyoBot_vs_DarkOnBot_pm9SUqFN.log,36,70,White,4r1k1/2p3q1/1p1p2p1/pP1P1p1p/1nP1r2R/4P1PB/5P1P/1Q4RK w - - 1 36,b1b4,26,-567,503,h4e4;h4e4,h4e4;h4e4,h3f5;h3f5,-189,2
EnyoBot_vs_DarkOnBot_pm9SUqFN.log,36,70,White,4r1k1/2p3q1/1p1p2p1/pP1P1p1p/1nP1r2R/4P1PB/5P1P/1Q4RK w - - 1 36,b1a2,27,-619,555,h4e4;h4e4,h4e4;h4e4,h3f5;h3f5,-189,2
EnyoBot_vs_DarkOnBot_pm9SUqFN.log,36,70,White,4r1k1/2p3q1/1p1p2p1/pP1P1p1p/1nP1r2R/4P1PB/5P1P/1Q4RK w - - 1 36,b1c2,28,-663,599,h4e4;h4e4,h4e4;h4e4,h3f5;h3f5,-189,2
EnyoBot_vs_DarkOnBot_pm9SUqFN.log,36,70,White,4r1k1/2p3q1/1p1p2p1/pP1P1p1p/1nP1r2R/4P1PB/5P1P/1Q4RK w - - 1 36,b1b2,29,-702,638,h4e4;h4e4,h4e4;h4e4,h3f5;h3f5,-189,2
EnyoBot_vs_DarkOnBot_pm9SUqFN.log,36,70,White,4r1k1/2p3q1/1p1p2p1/pP1P1p1p/1nP1r2R/4P1PB/5P1P/1Q4RK w - - 1 36,b1d3,30,-734,670,h4e4;h4e4,h4e4;h4e4,h3f5;h3f5,-189,2
Hypersion_vs_EnyoBot_npmgxvIO.log,22,43,Black,r1bk2Q1/ppq5/2n1p3/3pP3/5P2/2P1n3/PP1N4/R3KB2 b Q - 6 22,d8d7,1,-106,0,d8d7;d8d7,d8d7;d8d7,d8e7;d8e7,-154,2
Hypersion_vs_EnyoBot_npmgxvIO.log,22,43,Black,r1bk2Q1/ppq5/2n1p3/3pP3/5P2/2P1n3/PP1N4/R3KB2 b Q - 6 22,d8e7,2,-207,101,d8d7;d8d7,d8d7;d8d7,d8e7;d8e7,-154,2
Hypersion_vs_EnyoBot_npmgxvIO.log,61,121,Black,7R/1p6/8/Q7/8/2k5/5K2/1q1r4 b - - 1 61,c3b2,1,-303,0,c3b2;c3b2,c3b2;c3b2,c3c4;b1b4,-704,2
Hypersion_vs_EnyoBot_npmgxvIO.log,61,121,Black,7R/1p6/8/Q7/8/2k5/5K2/1q1r4 b - - 1 61,c3d3,2,-453,150,c3b2;c3b2,c3b2;c3b2,c3c4;b1b4,-704,2
Hypersion_vs_EnyoBot_npmgxvIO.log,61,121,Black,7R/1p6/8/Q7/8/2k5/5K2/1q1r4 b - - 1 61,c3c4,3,-478,175,c3b2;c3b2,c3b2;c3b2,c3c4;b1b4,-704,2
Hypersion_vs_EnyoBot_npmgxvIO.log,61,121,Black,7R/1p6/8/Q7/8/2k5/5K2/1q1r4 b - - 1 61,c3d4,4,-488,185,c3b2;c3b2,c3b2;c3b2,c3c4;b1b4,-704,2
Hypersion_vs_EnyoBot_npmgxvIO.log,61,121,Black,7R/1p6/8/Q7/8/2k5/5K2/1q1r4 b - - 1 61,b1b4,5,-515,212,c3b2;c3b2,c3b2;c3b2,c3c4;b1b4,-704,2
Hypersion_vs_EnyoBot_npmgxvIO.log,61,121,Black,7R/1p6/8/Q7/8/2k5/5K2/1q1r4 b - - 1 61,c3b3,6,-31996,31693,c3b2;c3b2,c3b2;c3b2,c3c4;b1b4,-704,2
Hypersion_vs_EnyoBot_npmgxvIO.log,61,121,Black,7R/1p6/8/Q7/8/2k5/5K2/1q1r4 b - - 1 61,c3c2,7,-31997,31694,c3b2;c3b2,c3b2;c3b2,c3c4;b1b4,-704,2
SF_Bot1nok_vs_EnyoBot_SbzD89kx.log,20,39,Black,r4rk1/1nqbbpp1/3p3P/p2Pp3/7P/1N2BP2/1PPQ4/R3KB1R b K - 0 20,a5a4,1,-29,0,a5a4;a5a4,a5a4;a5a4,c7c2;f8b8,-563,2
SF_Bot1nok_vs_EnyoBot_SbzD89kx.log,20,39,Black,r4rk1/1nqbbpp1/3p3P/p2Pp3/7P/1N2BP2/1PPQ4/R3KB1R b K - 0 20,g7g6,2,-98,69,a5a4;a5a4,a5a4;a5a4,c7c2;f8b8,-563,2
SF_Bot1nok_vs_EnyoBot_SbzD89kx.log,20,39,Black,r4rk1/1nqbbpp1/3p3P/p2Pp3/7P/1N2BP2/1PPQ4/R3KB1R b K - 0 20,d7f5,3,-134,105,a5a4;a5a4,a5a4;a5a4,c7c2;f8b8,-563,2
SF_Bot1nok_vs_EnyoBot_SbzD89kx.log,20,39,Black,r4rk1/1nqbbpp1/3p3P/p2Pp3/7P/1N2BP2/1PPQ4/R3KB1R b K - 0 20,f7f5,4,-141,112,a5a4;a5a4,a5a4;a5a4,c7c2;f8b8,-563,2
SF_Bot1nok_vs_EnyoBot_SbzD89kx.log,20,39,Black,r4rk1/1nqbbpp1/3p3P/p2Pp3/7P/1N2BP2/1PPQ4/R3KB1R b K - 0 20,f8e8,5,-156,127,a5a4;a5a4,a5a4;a5a4,c7c2;f8b8,-563,2
SF_Bot1nok_vs_EnyoBot_SbzD89kx.log,20,39,Black,r4rk1/1nqbbpp1/3p3P/p2Pp3/7P/1N2BP2/1PPQ4/R3KB1R b K - 0 20,e7f6,6,-159,130,a5a4;a5a4,a5a4;a5a4,c7c2;f8b8,-563,2
SF_Bot1nok_vs_EnyoBot_SbzD89kx.log,20,39,Black,r4rk1/1nqbbpp1/3p3P/p2Pp3/7P/1N2BP2/1PPQ4/R3KB1R b K - 0 20,g8h7,7,-164,135,a5a4;a5a4,a5a4;a5a4,c7c2;f8b8,-563,2
SF_Bot1nok_vs_EnyoBot_SbzD89kx.log,20,39,Black,r4rk1/1nqbbpp1/3p3P/p2Pp3/7P/1N2BP2/1PPQ4/R3KB1R b K - 0 20,f8c8,8,-179,150,a5a4;a5a4,a5a4;a5a4,c7c2;f8b8,-563,2
SF_Bot1nok_vs_EnyoBot_SbzD89kx.log,20,39,Black,r4rk1/1nqbbpp1/3p3P/p2Pp3/7P/1N2BP2/1PPQ4/R3KB1R b K - 0 20,f8b8,9,-195,166,a5a4;a5a4,a5a4;a5a4,c7c2;f8b8,-563,2
SF_Bot1nok_vs_EnyoBot_SbzD89kx.log,20,39,Black,r4rk1/1nqbbpp1/3p3P/p2Pp3/7P/1N2BP2/1PPQ4/R3KB1R b K - 0 20,g7g5,10,-204,175,a5a4;a5a4,a5a4;a5a4,c7c2;f8b8,-563,2
SF_Bot1nok_vs_EnyoBot_SbzD89kx.log,20,39,Black,r4rk1/1nqbbpp1/3p3P/p2Pp3/7P/1N2BP2/1PPQ4/R3KB1R b K - 0 20,c7d8,11,-210,181,a5a4;a5a4,a5a4;a5a4,c7c2;f8b8,-563,2
SF_Bot1nok_vs_EnyoBot_SbzD89kx.log,20,39,Black,r4rk1/1nqbbpp1/3p3P/p2Pp3/7P/1N2BP2/1PPQ4/R3KB1R b K - 0 20,c7b8,12,-219,190,a5a4;a5a4,a5a4;a5a4,c7c2;f8b8,-563,2
SF_Bot1nok_vs_EnyoBot_SbzD89kx.log,20,39,Black,r4rk1/1nqbbpp1/3p3P/p2Pp3/7P/1N2BP2/1PPQ4/R3KB1R b K - 0 20,c7c8,13,-232,203,a5a4;a5a4,a5a4;a5a4,c7c2;f8b8,-563,2
SF_Bot1nok_vs_EnyoBot_SbzD89kx.log,20,39,Black,r4rk1/1nqbbpp1/3p3P/p2Pp3/7P/1N2BP2/1PPQ4/R3KB1R b K - 0 20,f8d8,14,-247,218,a5a4;a5a4,a5a4;a5a4,c7c2;f8b8,-563,2
SF_Bot1nok_vs_EnyoBot_SbzD89kx.log,20,39,Black,r4rk1/1nqbbpp1/3p3P/p2Pp3/7P/1N2BP2/1PPQ4/R3KB1R b K - 0 20,a8e8,15,-273,244,a5a4;a5a4,a5a4;a5a4,c7c2;f8b8,-563,2
SF_Bot1nok_vs_EnyoBot_SbzD89kx.log,20,39,Black,r4rk1/1nqbbpp1/3p3P/p2Pp3/7P/1N2BP2/1PPQ4/R3KB1R b K - 0 20,a8c8,16,-280,251,a5a4;a5a4,a5a4;a5a4,c7c2;f8b8,-563,2
SF_Bot1nok_vs_EnyoBot_SbzD89kx.log,20,39,Black,r4rk1/1nqbbpp1/3p3P/p2Pp3/7P/1N2BP2/1PPQ4/R3KB1R b K - 0 20,g7h6,17,-304,275,a5a4;a5a4,a5a4;a5a4,c7c2;f8b8,-563,2
SF_Bot1nok_vs_EnyoBot_SbzD89kx.log,20,39,Black,r4rk1/1nqbbpp1/3p3P/p2Pp3/7P/1N2BP2/1PPQ4/R3KB1R b K - 0 20,f7f6,18,-305,276,a5a4;a5a4,a5a4;a5a4,c7c2;f8b8,-563,2
SF_Bot1nok_vs_EnyoBot_SbzD89kx.log,20,39,Black,r4rk1/1nqbbpp1/3p3P/p2Pp3/7P/1N2BP2/1PPQ4/R3KB1R b K - 0 20,a8b8,19,-311,282,a5a4;a5a4,a5a4;a5a4,c7c2;f8b8,-563,2
SF_Bot1nok_vs_EnyoBot_SbzD89kx.log,20,39,Black,r4rk1/1nqbbpp1/3p3P/p2Pp3/7P/1N2BP2/1PPQ4/R3KB1R b K - 0 20,g8h8,20,-312,283,a5a4;a5a4,a5a4;a5a4,c7c2;f8b8,-563,2
SF_Bot1nok_vs_EnyoBot_SbzD89kx.log,20,39,Black,r4rk1/1nqbbpp1/3p3P/p2Pp3/7P/1N2BP2/1PPQ4/R3KB1R b K - 0 20,a8d8,21,-313,284,a5a4;a5a4,a5a4;a5a4,c7c2;f8b8,-563,2
SF_Bot1nok_vs_EnyoBot_SbzD89kx.log,20,39,Black,r4rk1/1nqbbpp1/3p3P/p2Pp3/7P/1N2BP2/1PPQ4/R3KB1R b K - 0 20,d7g4,22,-320,291,a5a4;a5a4,a5a4;a5a4,c7c2;f8b8,-563,2
SF_Bot1nok_vs_EnyoBot_SbzD89kx.log,20,39,Black,r4rk1/1nqbbpp1/3p3P/p2Pp3/7P/1N2BP2/1PPQ4/R3KB1R b K - 0 20,e7d8,23,-322,293,a5a4;a5a4,a5a4;a5a4,c7c2;f8b8,-563,2
SF_Bot1nok_vs_EnyoBot_SbzD89kx.log,20,39,Black,r4rk1/1nqbbpp1/3p3P/p2Pp3/7P/1N2BP2/1PPQ4/R3KB1R b K - 0 20,e5e4,24,-325,296,a5a4;a5a4,a5a4;a5a4,c7c2;f8b8,-563,2
SF_Bot1nok_vs_EnyoBot_SbzD89kx.log,20,39,Black,r4rk1/1nqbbpp1/3p3P/p2Pp3/7P/1N2BP2/1PPQ4/R3KB1R b K - 0 20,b7d8,25,-332,303,a5a4;a5a4,a5a4;a5a4,c7c2;f8b8,-563,2
SF_Bot1nok_vs_EnyoBot_SbzD89kx.log,20,39,Black,r4rk1/1nqbbpp1/3p3P/p2Pp3/7P/1N2BP2/1PPQ4/R3KB1R b K - 0 20,b7c5,26,-336,307,a5a4;a5a4,a5a4;a5a4,c7c2;f8b8,-563,2
SF_Bot1nok_vs_EnyoBot_SbzD89kx.log,20,39,Black,r4rk1/1nqbbpp1/3p3P/p2Pp3/7P/1N2BP2/1PPQ4/R3KB1R b K - 0 20,d7c8,27,-345,316,a5a4;a5a4,a5a4;a5a4,c7c2;f8b8,-563,2
SF_Bot1nok_vs_EnyoBot_SbzD89kx.log,20,39,Black,r4rk1/1nqbbpp1/3p3P/p2Pp3/7P/1N2BP2/1PPQ4/R3KB1R b K - 0 20,d7h3,28,-375,346,a5a4;a5a4,a5a4;a5a4,c7c2;f8b8,-563,2
SF_Bot1nok_vs_EnyoBot_SbzD89kx.log,20,39,Black,r4rk1/1nqbbpp1/3p3P/p2Pp3/7P/1N2BP2/1PPQ4/R3KB1R b K - 0 20,d7b5,29,-391,362,a5a4;a5a4,a5a4;a5a4,c7c2;f8b8,-563,2
SF_Bot1nok_vs_EnyoBot_SbzD89kx.log,20,39,Black,r4rk1/1nqbbpp1/3p3P/p2Pp3/7P/1N2BP2/1PPQ4/R3KB1R b K - 0 20,e7h4,30,-398,369,a5a4;a5a4,a5a4;a5a4,c7c2;f8b8,-563,2
SF_Bot1nok_vs_EnyoBot_SbzD89kx.log,20,39,Black,r4rk1/1nqbbpp1/3p3P/p2Pp3/7P/1N2BP2/1PPQ4/R3KB1R b K - 0 20,d7c6,31,-400,371,a5a4;a5a4,a5a4;a5a4,c7c2;f8b8,-563,2
SF_Bot1nok_vs_EnyoBot_SbzD89kx.log,20,39,Black,r4rk1/1nqbbpp1/3p3P/p2Pp3/7P/1N2BP2/1PPQ4/R3KB1R b K - 0 20,e7g5,32,-411,382,a5a4;a5a4,a5a4;a5a4,c7c2;f8b8,-563,2
SF_Bot1nok_vs_EnyoBot_SbzD89kx.log,20,39,Black,r4rk1/1nqbbpp1/3p3P/p2Pp3/7P/1N2BP2/1PPQ4/R3KB1R b K - 0 20,d7e6,33,-417,388,a5a4;a5a4,a5a4;a5a4,c7c2;f8b8,-563,2
SF_Bot1nok_vs_EnyoBot_SbzD89kx.log,20,39,Black,r4rk1/1nqbbpp1/3p3P/p2Pp3/7P/1N2BP2/1PPQ4/R3KB1R b K - 0 20,a8a6,34,-443,414,a5a4;a5a4,a5a4;a5a4,c7c2;f8b8,-563,2
SF_Bot1nok_vs_EnyoBot_SbzD89kx.log,20,39,Black,r4rk1/1nqbbpp1/3p3P/p2Pp3/7P/1N2BP2/1PPQ4/R3KB1R b K - 0 20,d7a4,35,-450,421,a5a4;a5a4,a5a4;a5a4,c7c2;f8b8,-563,2
SF_Bot1nok_vs_EnyoBot_SbzD89kx.log,20,39,Black,r4rk1/1nqbbpp1/3p3P/p2Pp3/7P/1N2BP2/1PPQ4/R3KB1R b K - 0 20,a8a7,36,-498,469,a5a4;a5a4,a5a4;a5a4,c7c2;f8b8,-563,2
SF_Bot1nok_vs_EnyoBot_SbzD89kx.log,20,39,Black,r4rk1/1nqbbpp1/3p3P/p2Pp3/7P/1N2BP2/1PPQ4/R3KB1R b K - 0 20,d7e8,37,-515,486,a5a4;a5a4,a5a4;a5a4,c7c2;f8b8,-563,2
SF_Bot1nok_vs_EnyoBot_SbzD89kx.log,20,39,Black,r4rk1/1nqbbpp1/3p3P/p2Pp3/7P/1N2BP2/1PPQ4/R3KB1R b K - 0 20,c7c2,38,-601,572,a5a4;a5a4,a5a4;a5a4,c7c2;f8b8,-563,2
SF_Bot1nok_vs_EnyoBot_SbzD89kx.log,20,39,Black,r4rk1/1nqbbpp1/3p3P/p2Pp3/7P/1N2BP2/1PPQ4/R3KB1R b K - 0 20,c7c5,39,-627,598,a5a4;a5a4,a5a4;a5a4,c7c2;f8b8,-563,2
SF_Bot1nok_vs_EnyoBot_SbzD89kx.log,20,39,Black,r4rk1/1nqbbpp1/3p3P/p2Pp3/7P/1N2BP2/1PPQ4/R3KB1R b K - 0 20,c7c3,40,-629,600,a5a4;a5a4,a5a4;a5a4,c7c2;f8b8,-563,2
SF_Bot1nok_vs_EnyoBot_SbzD89kx.log,20,39,Black,r4rk1/1nqbbpp1/3p3P/p2Pp3/7P/1N2BP2/1PPQ4/R3KB1R b K - 0 20,c7b6,41,-652,623,a5a4;a5a4,a5a4;a5a4,c7c2;f8b8,-563,2
SF_Bot1nok_vs_EnyoBot_SbzD89kx.log,20,39,Black,r4rk1/1nqbbpp1/3p3P/p2Pp3/7P/1N2BP2/1PPQ4/R3KB1R b K - 0 20,c7c4,42,-666,637,a5a4;a5a4,a5a4;a5a4,c7c2;f8b8,-563,2
SF_Bot1nok_vs_EnyoBot_SbzD89kx.log,20,39,Black,r4rk1/1nqbbpp1/3p3P/p2Pp3/7P/1N2BP2/1PPQ4/R3KB1R b K - 0 20,c7c6,43,-703,674,a5a4;a5a4,a5a4;a5a4,c7c2;f8b8,-563,2
EnyoBot_vs_Bot1nokk_5j5IYTv6.log,14,26,White,r2q1rk1/1ppb1ppp/p1nb1n2/4p3/PPB4N/2PP4/2QN1PPP/R1B2RK1 w - - 1 14,h4f3,1,25,0,f1e1;f1e1,h4f3;h4f3,d2e4;h4g6,-459,2
EnyoBot_vs_Bot1nokk_5j5IYTv6.log,14,26,White,r2q1rk1/1ppb1ppp/p1nb1n2/4p3/PPB4N/2PP4/2QN1PPP/R1B2RK1 w - - 1 14,d2f3,2,25,0,f1e1;f1e1,h4f3;h4f3,d2e4;h4g6,-459,2
EnyoBot_vs_Bot1nokk_5j5IYTv6.log,14,26,White,r2q1rk1/1ppb1ppp/p1nb1n2/4p3/PPB4N/2PP4/2QN1PPP/R1B2RK1 w - - 1 14,g2g3,3,25,0,f1e1;f1e1,h4f3;h4f3,d2e4;h4g6,-459,2
EnyoBot_vs_Bot1nokk_5j5IYTv6.log,14,26,White,r2q1rk1/1ppb1ppp/p1nb1n2/4p3/PPB4N/2PP4/2QN1PPP/R1B2RK1 w - - 1 14,f1e1,4,22,3,f1e1;f1e1,h4f3;h4f3,d2e4;h4g6,-459,2
EnyoBot_vs_Bot1nokk_5j5IYTv6.log,14,26,White,r2q1rk1/1ppb1ppp/p1nb1n2/4p3/PPB4N/2PP4/2QN1PPP/R1B2RK1 w - - 1 14,c4b3,5,18,7,f1e1;f1e1,h4f3;h4f3,d2e4;h4g6,-459,2
EnyoBot_vs_Bot1nokk_5j5IYTv6.log,14,26,White,r2q1rk1/1ppb1ppp/p1nb1n2/4p3/PPB4N/2PP4/2QN1PPP/R1B2RK1 w - - 1 14,f1d1,6,17,8,f1e1;f1e1,h4f3;h4f3,d2e4;h4g6,-459,2
EnyoBot_vs_Bot1nokk_5j5IYTv6.log,14,26,White,r2q1rk1/1ppb1ppp/p1nb1n2/4p3/PPB4N/2PP4/2QN1PPP/R1B2RK1 w - - 1 14,h2h3,7,13,12,f1e1;f1e1,h4f3;h4f3,d2e4;h4g6,-459,2
EnyoBot_vs_Bot1nokk_5j5IYTv6.log,14,26,White,r2q1rk1/1ppb1ppp/p1nb1n2/4p3/PPB4N/2PP4/2QN1PPP/R1B2RK1 w - - 1 14,a1b1,8,9,16,f1e1;f1e1,h4f3;h4f3,d2e4;h4g6,-459,2
EnyoBot_vs_Bot1nokk_5j5IYTv6.log,14,26,White,r2q1rk1/1ppb1ppp/p1nb1n2/4p3/PPB4N/2PP4/2QN1PPP/R1B2RK1 w - - 1 14,a1a2,9,8,17,f1e1;f1e1,h4f3;h4f3,d2e4;h4g6,-459,2
EnyoBot_vs_Bot1nokk_5j5IYTv6.log,14,26,White,r2q1rk1/1ppb1ppp/p1nb1n2/4p3/PPB4N/2PP4/2QN1PPP/R1B2RK1 w - - 1 14,a4a5,10,7,18,f1e1;f1e1,h4f3;h4f3,d2e4;h4g6,-459,2
EnyoBot_vs_Bot1nokk_5j5IYTv6.log,14,26,White,r2q1rk1/1ppb1ppp/p1nb1n2/4p3/PPB4N/2PP4/2QN1PPP/R1B2RK1 w - - 1 14,c4a2,11,6,19,f1e1;f1e1,h4f3;h4f3,d2e4;h4g6,-459,2
EnyoBot_vs_Bot1nokk_5j5IYTv6.log,14,26,White,r2q1rk1/1ppb1ppp/p1nb1n2/4p3/PPB4N/2PP4/2QN1PPP/R1B2RK1 w - - 1 14,c2b1,12,-3,28,f1e1;f1e1,h4f3;h4f3,d2e4;h4g6,-459,2
EnyoBot_vs_Bot1nokk_5j5IYTv6.log,14,26,White,r2q1rk1/1ppb1ppp/p1nb1n2/4p3/PPB4N/2PP4/2QN1PPP/R1B2RK1 w - - 1 14,a1a3,13,-5,30,f1e1;f1e1,h4f3;h4f3,d2e4;h4g6,-459,2
EnyoBot_vs_Bot1nokk_5j5IYTv6.log,14,26,White,r2q1rk1/1ppb1ppp/p1nb1n2/4p3/PPB4N/2PP4/2QN1PPP/R1B2RK1 w - - 1 14,c2d1,14,-6,31,f1e1;f1e1,h4f3;h4f3,d2e4;h4g6,-459,2
EnyoBot_vs_Bot1nokk_5j5IYTv6.log,14,26,White,r2q1rk1/1ppb1ppp/p1nb1n2/4p3/PPB4N/2PP4/2QN1PPP/R1B2RK1 w - - 1 14,g1h1,15,-7,32,f1e1;f1e1,h4f3;h4f3,d2e4;h4g6,-459,2
EnyoBot_vs_Bot1nokk_5j5IYTv6.log,14,26,White,r2q1rk1/1ppb1ppp/p1nb1n2/4p3/PPB4N/2PP4/2QN1PPP/R1B2RK1 w - - 1 14,c1a3,16,-14,39,f1e1;f1e1,h4f3;h4f3,d2e4;h4g6,-459,2
EnyoBot_vs_Bot1nokk_5j5IYTv6.log,14,26,White,r2q1rk1/1ppb1ppp/p1nb1n2/4p3/PPB4N/2PP4/2QN1PPP/R1B2RK1 w - - 1 14,c1b2,17,-14,39,f1e1;f1e1,h4f3;h4f3,d2e4;h4g6,-459,2
EnyoBot_vs_Bot1nokk_5j5IYTv6.log,14,26,White,r2q1rk1/1ppb1ppp/p1nb1n2/4p3/PPB4N/2PP4/2QN1PPP/R1B2RK1 w - - 1 14,c2b3,18,-16,41,f1e1;f1e1,h4f3;h4f3,d2e4;h4g6,-459,2
EnyoBot_vs_Bot1nokk_5j5IYTv6.log,14,26,White,r2q1rk1/1ppb1ppp/p1nb1n2/4p3/PPB4N/2PP4/2QN1PPP/R1B2RK1 w - - 1 14,d2b1,19,-26,51,f1e1;f1e1,h4f3;h4f3,d2e4;h4g6,-459,2
EnyoBot_vs_Bot1nokk_5j5IYTv6.log,14,26,White,r2q1rk1/1ppb1ppp/p1nb1n2/4p3/PPB4N/2PP4/2QN1PPP/R1B2RK1 w - - 1 14,c2b2,20,-29,54,f1e1;f1e1,h4f3;h4f3,d2e4;h4g6,-459,2
EnyoBot_vs_Bot1nokk_5j5IYTv6.log,14,26,White,r2q1rk1/1ppb1ppp/p1nb1n2/4p3/PPB4N/2PP4/2QN1PPP/R1B2RK1 w - - 1 14,c2a2,21,-49,74,f1e1;f1e1,h4f3;h4f3,d2e4;h4g6,-459,2
EnyoBot_vs_Bot1nokk_5j5IYTv6.log,14,26,White,r2q1rk1/1ppb1ppp/p1nb1n2/4p3/PPB4N/2PP4/2QN1PPP/R1B2RK1 w - - 1 14,b4b5,22,-92,117,f1e1;f1e1,h4f3;h4f3,d2e4;h4g6,-459,2
EnyoBot_vs_Bot1nokk_5j5IYTv6.log,14,26,White,r2q1rk1/1ppb1ppp/p1nb1n2/4p3/PPB4N/2PP4/2QN1PPP/R1B2RK1 w - - 1 14,d2b3,23,-93,118,f1e1;f1e1,h4f3;h4f3,d2e4;h4g6,-459,2
EnyoBot_vs_Bot1nokk_5j5IYTv6.log,14,26,White,r2q1rk1/1ppb1ppp/p1nb1n2/4p3/PPB4N/2PP4/2QN1PPP/R1B2RK1 w - - 1 14,f2f4,24,-93,118,f1e1;f1e1,h4f3;h4f3,d2e4;h4g6,-459,2
EnyoBot_vs_Bot1nokk_5j5IYTv6.log,14,26,White,r2q1rk1/1ppb1ppp/p1nb1n2/4p3/PPB4N/2PP4/2QN1PPP/R1B2RK1 w - - 1 14,d3d4,25,-175,200,f1e1;f1e1,h4f3;h4f3,d2e4;h4g6,-459,2
EnyoBot_vs_Bot1nokk_5j5IYTv6.log,14,26,White,r2q1rk1/1ppb1ppp/p1nb1n2/4p3/PPB4N/2PP4/2QN1PPP/R1B2RK1 w - - 1 14,f2f3,26,-194,219,f1e1;f1e1,h4f3;h4f3,d2e4;h4g6,-459,2
EnyoBot_vs_Bot1nokk_5j5IYTv6.log,14,26,White,r2q1rk1/1ppb1ppp/p1nb1n2/4p3/PPB4N/2PP4/2QN1PPP/R1B2RK1 w - - 1 14,g2g4,27,-238,263,f1e1;f1e1,h4f3;h4f3,d2e4;h4g6,-459,2
EnyoBot_vs_Bot1nokk_5j5IYTv6.log,14,26,White,r2q1rk1/1ppb1ppp/p1nb1n2/4p3/PPB4N/2PP4/2QN1PPP/R1B2RK1 w - - 1 14,c4a6,28,-376,401,f1e1;f1e1,h4f3;h4f3,d2e4;h4g6,-459,2
EnyoBot_vs_Bot1nokk_5j5IYTv6.log,14,26,White,r2q1rk1/1ppb1ppp/p1nb1n2/4p3/PPB4N/2PP4/2QN1PPP/R1B2RK1 w - - 1 14,c4f7,29,-384,409,f1e1;f1e1,h4f3;h4f3,d2e4;h4g6,-459,2
EnyoBot_vs_Bot1nokk_5j5IYTv6.log,14,26,White,r2q1rk1/1ppb1ppp/p1nb1n2/4p3/PPB4N/2PP4/2QN1PPP/R1B2RK1 w - - 1 14,h4g6,30,-401,426,f1e1;f1e1,h4f3;h4f3,d2e4;h4g6,-459,2
EnyoBot_vs_Bot1nokk_5j5IYTv6.log,14,26,White,r2q1rk1/1ppb1ppp/p1nb1n2/4p3/PPB4N/2PP4/2QN1PPP/R1B2RK1 w - - 1 14,d2e4,31,-406,431,f1e1;f1e1,h4f3;h4f3,d2e4;h4g6,-459,2
EnyoBot_vs_Bot1nokk_5j5IYTv6.log,14,26,White,r2q1rk1/1ppb1ppp/p1nb1n2/4p3/PPB4N/2PP4/2QN1PPP/R1B2RK1 w - - 1 14,h4f5,32,-435,460,f1e1;f1e1,h4f3;h4f3,d2e4;h4g6,-459,2
EnyoBot_vs_Bot1nokk_5j5IYTv6.log,14,26,White,r2q1rk1/1ppb1ppp/p1nb1n2/4p3/PPB4N/2PP4/2QN1PPP/R1B2RK1 w - - 1 14,c4e6,33,-487,512,f1e1;f1e1,h4f3;h4f3,d2e4;h4g6,-459,2
EnyoBot_vs_Bot1nokk_5j5IYTv6.log,14,26,White,r2q1rk1/1ppb1ppp/p1nb1n2/4p3/PPB4N/2PP4/2QN1PPP/R1B2RK1 w - - 1 14,c4d5,34,-494,519,f1e1;f1e1,h4f3;h4f3,d2e4;h4g6,-459,2
EnyoBot_vs_Bot1nokk_5j5IYTv6.log,14,26,White,r2q1rk1/1ppb1ppp/p1nb1n2/4p3/PPB4N/2PP4/2QN1PPP/R1B2RK1 w - - 1 14,c4b5,35,-495,520,f1e1;f1e1,h4f3;h4f3,d2e4;h4g6,-459,2
ArasanX_vs_EnyoBot_7pzXRQFZ.log,22,43,Black,r3k2r/1pR2p1p/p4qn1/1n2P1RQ/8/3P4/3N1P1P/4KB2 b kq - 0 22,f6b6,1,0,0,f6b6;f6b6,f6b6;f6b6,b5c7;f6g5,-415,2
ArasanX_vs_EnyoBot_7pzXRQFZ.log,22,43,Black,r3k2r/1pR2p1p/p4qn1/1n2P1RQ/8/3P4/3N1P1P/4KB2 b kq - 0 22,f6d8,2,-10,10,f6b6;f6b6,f6b6;f6b6,b5c7;f6g5,-415,2
ArasanX_vs_EnyoBot_7pzXRQFZ.log,22,43,Black,r3k2r/1pR2p1p/p4qn1/1n2P1RQ/8/3P4/3N1P1P/4KB2 b kq - 0 22,f6e6,3,-95,95,f6b6;f6b6,f6b6;f6b6,b5c7;f6g5,-415,2
ArasanX_vs_EnyoBot_7pzXRQFZ.log,22,43,Black,r3k2r/1pR2p1p/p4qn1/1n2P1RQ/8/3P4/3N1P1P/4KB2 b kq - 0 22,f6g7,4,-145,145,f6b6;f6b6,f6b6;f6b6,b5c7;f6g5,-415,2
ArasanX_vs_EnyoBot_7pzXRQFZ.log,22,43,Black,r3k2r/1pR2p1p/p4qn1/1n2P1RQ/8/3P4/3N1P1P/4KB2 b kq - 0 22,f6f4,5,-269,269,f6b6;f6b6,f6b6;f6b6,b5c7;f6g5,-415,2
ArasanX_vs_EnyoBot_7pzXRQFZ.log,22,43,Black,r3k2r/1pR2p1p/p4qn1/1n2P1RQ/8/3P4/3N1P1P/4KB2 b kq - 0 22,f6g5,6,-344,344,f6b6;f6b6,f6b6;f6b6,b5c7;f6g5,-415,2
ArasanX_vs_EnyoBot_7pzXRQFZ.log,22,43,Black,r3k2r/1pR2p1p/p4qn1/1n2P1RQ/8/3P4/3N1P1P/4KB2 b kq - 0 22,b5c7,7,-428,428,f6b6;f6b6,f6b6;f6b6,b5c7;f6g5,-415,2
ArasanX_vs_EnyoBot_7pzXRQFZ.log,22,43,Black,r3k2r/1pR2p1p/p4qn1/1n2P1RQ/8/3P4/3N1P1P/4KB2 b kq - 0 22,e8d8,8,-478,478,f6b6;f6b6,f6b6;f6b6,b5c7;f6g5,-415,2
ArasanX_vs_EnyoBot_7pzXRQFZ.log,22,43,Black,r3k2r/1pR2p1p/p4qn1/1n2P1RQ/8/3P4/3N1P1P/4KB2 b kq - 0 22,g6f4,9,-503,503,f6b6;f6b6,f6b6;f6b6,b5c7;f6g5,-415,2
ArasanX_vs_EnyoBot_7pzXRQFZ.log,22,43,Black,r3k2r/1pR2p1p/p4qn1/1n2P1RQ/8/3P4/3N1P1P/4KB2 b kq - 0 22,f6e7,10,-510,510,f6b6;f6b6,f6b6;f6b6,b5c7;f6g5,-415,2
ArasanX_vs_EnyoBot_7pzXRQFZ.log,22,43,Black,r3k2r/1pR2p1p/p4qn1/1n2P1RQ/8/3P4/3N1P1P/4KB2 b kq - 0 22,h7h6,11,-518,518,f6b6;f6b6,f6b6;f6b6,b5c7;f6g5,-415,2
ArasanX_vs_EnyoBot_7pzXRQFZ.log,22,43,Black,r3k2r/1pR2p1p/p4qn1/1n2P1RQ/8/3P4/3N1P1P/4KB2 b kq - 0 22,f6f2,12,-528,528,f6b6;f6b6,f6b6;f6b6,b5c7;f6g5,-415,2
ArasanX_vs_EnyoBot_7pzXRQFZ.log,22,43,Black,r3k2r/1pR2p1p/p4qn1/1n2P1RQ/8/3P4/3N1P1P/4KB2 b kq - 0 22,g6e5,13,-529,529,f6b6;f6b6,f6b6;f6b6,b5c7;f6g5,-415,2
ArasanX_vs_EnyoBot_7pzXRQFZ.log,22,43,Black,r3k2r/1pR2p1p/p4qn1/1n2P1RQ/8/3P4/3N1P1P/4KB2 b kq - 0 22,f6c6,14,-530,530,f6b6;f6b6,f6b6;f6b6,b5c7;f6g5,-415,2
ArasanX_vs_EnyoBot_7pzXRQFZ.log,22,43,Black,r3k2r/1pR2p1p/p4qn1/1n2P1RQ/8/3P4/3N1P1P/4KB2 b kq - 0 22,f6f3,15,-551,551,f6b6;f6b6,f6b6;f6b6,b5c7;f6g5,-415,2
ArasanX_vs_EnyoBot_7pzXRQFZ.log,22,43,Black,r3k2r/1pR2p1p/p4qn1/1n2P1RQ/8/3P4/3N1P1P/4KB2 b kq - 0 22,f6f5,16,-579,579,f6b6;f6b6,f6b6;f6b6,b5c7;f6g5,-415,2
ArasanX_vs_EnyoBot_7pzXRQFZ.log,22,43,Black,r3k2r/1pR2p1p/p4qn1/1n2P1RQ/8/3P4/3N1P1P/4KB2 b kq - 0 22,a8d8,17,-615,615,f6b6;f6b6,f6b6;f6b6,b5c7;f6g5,-415,2
ArasanX_vs_EnyoBot_7pzXRQFZ.log,22,43,Black,r3k2r/1pR2p1p/p4qn1/1n2P1RQ/8/3P4/3N1P1P/4KB2 b kq - 0 22,h8f8,18,-625,625,f6b6;f6b6,f6b6;f6b6,b5c7;f6g5,-415,2
ArasanX_vs_EnyoBot_7pzXRQFZ.log,22,43,Black,r3k2r/1pR2p1p/p4qn1/1n2P1RQ/8/3P4/3N1P1P/4KB2 b kq - 0 22,h8g8,19,-669,669,f6b6;f6b6,f6b6;f6b6,b5c7;f6g5,-415,2
ArasanX_vs_EnyoBot_7pzXRQFZ.log,22,43,Black,r3k2r/1pR2p1p/p4qn1/1n2P1RQ/8/3P4/3N1P1P/4KB2 b kq - 0 22,a6a5,20,-671,671,f6b6;f6b6,f6b6;f6b6,b5c7;f6g5,-415,2
ArasanX_vs_EnyoBot_7pzXRQFZ.log,22,43,Black,r3k2r/1pR2p1p/p4qn1/1n2P1RQ/8/3P4/3N1P1P/4KB2 b kq - 0 22,f6d6,21,-688,688,f6b6;f6b6,f6b6;f6b6,b5c7;f6g5,-415,2
ArasanX_vs_EnyoBot_7pzXRQFZ.log,22,43,Black,r3k2r/1pR2p1p/p4qn1/1n2P1RQ/8/3P4/3N1P1P/4KB2 b kq - 0 22,g6f8,22,-717,717,f6b6;f6b6,f6b6;f6b6,b5c7;f6g5,-415,2
ArasanX_vs_EnyoBot_7pzXRQFZ.log,22,43,Black,r3k2r/1pR2p1p/p4qn1/1n2P1RQ/8/3P4/3N1P1P/4KB2 b kq - 0 22,b5d6,23,-740,740,f6b6;f6b6,f6b6;f6b6,b5c7;f6g5,-415,2
ArasanX_vs_EnyoBot_7pzXRQFZ.log,22,43,Black,r3k2r/1pR2p1p/p4qn1/1n2P1RQ/8/3P4/3N1P1P/4KB2 b kq - 0 22,e8g8,24,-741,741,f6b6;f6b6,f6b6;f6b6,b5c7;f6g5,-415,2
ArasanX_vs_EnyoBot_7pzXRQFZ.log,22,43,Black,r3k2r/1pR2p1p/p4qn1/1n2P1RQ/8/3P4/3N1P1P/4KB2 b kq - 0 22,a8c8,25,-751,751,f6b6;f6b6,f6b6;f6b6,b5c7;f6g5,-415,2
ArasanX_vs_EnyoBot_7pzXRQFZ.log,22,43,Black,r3k2r/1pR2p1p/p4qn1/1n2P1RQ/8/3P4/3N1P1P/4KB2 b kq - 0 22,b7b6,26,-759,759,f6b6;f6b6,f6b6;f6b6,b5c7;f6g5,-415,2
ArasanX_vs_EnyoBot_7pzXRQFZ.log,22,43,Black,r3k2r/1pR2p1p/p4qn1/1n2P1RQ/8/3P4/3N1P1P/4KB2 b kq - 0 22,a8b8,27,-766,766,f6b6;f6b6,f6b6;f6b6,b5c7;f6g5,-415,2
ArasanX_vs_EnyoBot_7pzXRQFZ.log,22,43,Black,r3k2r/1pR2p1p/p4qn1/1n2P1RQ/8/3P4/3N1P1P/4KB2 b kq - 0 22,f6e5,28,-774,774,f6b6;f6b6,f6b6;f6b6,b5c7;f6g5,-415,2
ArasanX_vs_EnyoBot_7pzXRQFZ.log,22,43,Black,r3k2r/1pR2p1p/p4qn1/1n2P1RQ/8/3P4/3N1P1P/4KB2 b kq - 0 22,b5d4,29,-799,799,f6b6;f6b6,f6b6;f6b6,b5c7;f6g5,-415,2
ArasanX_vs_EnyoBot_7pzXRQFZ.log,22,43,Black,r3k2r/1pR2p1p/p4qn1/1n2P1RQ/8/3P4/3N1P1P/4KB2 b kq - 0 22,a8a7,30,-801,801,f6b6;f6b6,f6b6;f6b6,b5c7;f6g5,-415,2
ArasanX_vs_EnyoBot_7pzXRQFZ.log,22,43,Black,r3k2r/1pR2p1p/p4qn1/1n2P1RQ/8/3P4/3N1P1P/4KB2 b kq - 0 22,g6h4,31,-811,811,f6b6;f6b6,f6b6;f6b6,b5c7;f6g5,-415,2
ArasanX_vs_EnyoBot_7pzXRQFZ.log,22,43,Black,r3k2r/1pR2p1p/p4qn1/1n2P1RQ/8/3P4/3N1P1P/4KB2 b kq - 0 22,g6e7,32,-817,817,f6b6;f6b6,f6b6;f6b6,b5c7;f6g5,-415,2
ArasanX_vs_EnyoBot_7pzXRQFZ.log,22,43,Black,r3k2r/1pR2p1p/p4qn1/1n2P1RQ/8/3P4/3N1P1P/4KB2 b kq - 0 22,e8f8,33,-835,835,f6b6;f6b6,f6b6;f6b6,b5c7;f6g5,-415,2
ArasanX_vs_EnyoBot_7pzXRQFZ.log,22,43,Black,r3k2r/1pR2p1p/p4qn1/1n2P1RQ/8/3P4/3N1P1P/4KB2 b kq - 0 22,b5a3,34,-857,857,f6b6;f6b6,f6b6;f6b6,b5c7;f6g5,-415,2
ArasanX_vs_EnyoBot_7pzXRQFZ.log,22,43,Black,r3k2r/1pR2p1p/p4qn1/1n2P1RQ/8/3P4/3N1P1P/4KB2 b kq - 0 22,b5a7,35,-881,881,f6b6;f6b6,f6b6;f6b6,b5c7;f6g5,-415,2
ArasanX_vs_EnyoBot_7pzXRQFZ.log,22,43,Black,r3k2r/1pR2p1p/p4qn1/1n2P1RQ/8/3P4/3N1P1P/4KB2 b kq - 0 22,b5c3,36,-899,899,f6b6;f6b6,f6b6;f6b6,b5c7;f6g5,-415,2
styx_reckless_vs_EnyoBot_z3PAJH4r.log,43,85,Black,5bk1/1p1r4/p3Np1p/1q1p1PpQ/8/7P/PP4P1/4R2K b - - 18 43,d7e7,1,-104,0,d7e7;d7e7;d7e7,d7e7;d7e7;d7e7,b5b4;d7g7;b5b4,-385,3
styx_reckless_vs_EnyoBot_z3PAJH4r.log,43,85,Black,5bk1/1p1r4/p3Np1p/1q1p1PpQ/8/7P/PP4P1/4R2K b - - 18 43,b5b4,2,-204,100,d7e7;d7e7;d7e7,d7e7;d7e7;d7e7,b5b4;d7g7;b5b4,-385,3
styx_reckless_vs_EnyoBot_z3PAJH4r.log,43,85,Black,5bk1/1p1r4/p3Np1p/1q1p1PpQ/8/7P/PP4P1/4R2K b - - 18 43,b5a5,3,-365,261,d7e7;d7e7;d7e7,d7e7;d7e7;d7e7,b5b4;d7g7;b5b4,-385,3
styx_reckless_vs_EnyoBot_z3PAJH4r.log,43,85,Black,5bk1/1p1r4/p3Np1p/1q1p1PpQ/8/7P/PP4P1/4R2K b - - 18 43,d7g7,4,-478,374,d7e7;d7e7;d7e7,d7e7;d7e7;d7e7,b5b4;d7g7;b5b4,-385,3
styx_reckless_vs_EnyoBot_z3PAJH4r.log,43,85,Black,5bk1/1p1r4/p3Np1p/1q1p1PpQ/8/7P/PP4P1/4R2K b - - 18 43,d7f7,5,-571,467,d7e7;d7e7;d7e7,d7e7;d7e7;d7e7,b5b4;d7g7;b5b4,-385,3
styx_reckless_vs_EnyoBot_z3PAJH4r.log,43,85,Black,5bk1/1p1r4/p3Np1p/1q1p1PpQ/8/7P/PP4P1/4R2K b - - 18 43,b5c6,6,-588,484,d7e7;d7e7;d7e7,d7e7;d7e7;d7e7,b5b4;d7g7;b5b4,-385,3
styx_reckless_vs_EnyoBot_z3PAJH4r.log,43,85,Black,5bk1/1p1r4/p3Np1p/1q1p1PpQ/8/7P/PP4P1/4R2K b - - 18 43,d7h7,7,-646,542,d7e7;d7e7;d7e7,d7e7;d7e7;d7e7,b5b4;d7g7;b5b4,-385,3
styx_reckless_vs_EnyoBot_z3PAJH4r.log,43,85,Black,5bk1/1p1r4/p3Np1p/1q1p1PpQ/8/7P/PP4P1/4R2K b - - 18 43,d7c7,8,-706,602,d7e7;d7e7;d7e7,d7e7;d7e7;d7e7,b5b4;d7g7;b5b4,-385,3
styx_reckless_vs_EnyoBot_z3PAJH4r.log,43,85,Black,5bk1/1p1r4/p3Np1p/1q1p1PpQ/8/7P/PP4P1/4R2K b - - 18 43,b7b6,9,-720,616,d7e7;d7e7;d7e7,d7e7;d7e7;d7e7,b5b4;d7g7;b5b4,-385,3
styx_reckless_vs_EnyoBot_z3PAJH4r.log,43,85,Black,5bk1/1p1r4/p3Np1p/1q1p1PpQ/8/7P/PP4P1/4R2K b - - 18 43,d5d4,10,-725,621,d7e7;d7e7;d7e7,d7e7;d7e7;d7e7,b5b4;d7g7;b5b4,-385,3
styx_reckless_vs_EnyoBot_z3PAJH4r.log,43,85,Black,5bk1/1p1r4/p3Np1p/1q1p1PpQ/8/7P/PP4P1/4R2K b - - 18 43,a6a5,11,-728,624,d7e7;d7e7;d7e7,d7e7;d7e7;d7e7,b5b4;d7g7;b5b4,-385,3
styx_reckless_vs_EnyoBot_z3PAJH4r.log,43,85,Black,5bk1/1p1r4/p3Np1p/1q1p1PpQ/8/7P/PP4P1/4R2K b - - 18 43,b5a4,12,-749,645,d7e7;d7e7;d7e7,d7e7;d7e7;d7e7,b5b4;d7g7;b5b4,-385,3
styx_reckless_vs_EnyoBot_z3PAJH4r.log,43,85,Black,5bk1/1p1r4/p3Np1p/1q1p1PpQ/8/7P/PP4P1/4R2K b - - 18 43,g5g4,13,-759,655,d7e7;d7e7;d7e7,d7e7;d7e7;d7e7,b5b4;d7g7;b5b4,-385,3
styx_reckless_vs_EnyoBot_z3PAJH4r.log,43,85,Black,5bk1/1p1r4/p3Np1p/1q1p1PpQ/8/7P/PP4P1/4R2K b - - 18 43,b5b6,14,-783,679,d7e7;d7e7;d7e7,d7e7;d7e7;d7e7,b5b4;d7g7;b5b4,-385,3
styx_reckless_vs_EnyoBot_z3PAJH4r.log,43,85,Black,5bk1/1p1r4/p3Np1p/1q1p1PpQ/8/7P/PP4P1/4R2K b - - 18 43,b5b2,15,-844,740,d7e7;d7e7;d7e7,d7e7;d7e7;d7e7,b5b4;d7g7;b5b4,-385,3
styx_reckless_vs_EnyoBot_z3PAJH4r.log,43,85,Black,5bk1/1p1r4/p3Np1p/1q1p1PpQ/8/7P/PP4P1/4R2K b - - 18 43,b5c4,16,-851,747,d7e7;d7e7;d7e7,d7e7;d7e7;d7e7,b5b4;d7g7;b5b4,-385,3
styx_reckless_vs_EnyoBot_z3PAJH4r.log,43,85,Black,5bk1/1p1r4/p3Np1p/1q1p1PpQ/8/7P/PP4P1/4R2K b - - 18 43,b5c5,17,-916,812,d7e7;d7e7;d7e7,d7e7;d7e7;d7e7,b5b4;d7g7;b5b4,-385,3
styx_reckless_vs_EnyoBot_z3PAJH4r.log,43,85,Black,5bk1/1p1r4/p3Np1p/1q1p1PpQ/8/7P/PP4P1/4R2K b - - 18 43,g8h8,18,-965,861,d7e7;d7e7;d7e7,d7e7;d7e7;d7e7,b5b4;d7g7;b5b4,-385,3
styx_reckless_vs_EnyoBot_z3PAJH4r.log,43,85,Black,5bk1/1p1r4/p3Np1p/1q1p1PpQ/8/7P/PP4P1/4R2K b - - 18 43,b5d3,19,-968,864,d7e7;d7e7;d7e7,d7e7;d7e7;d7e7,b5b4;d7g7;b5b4,-385,3
styx_reckless_vs_EnyoBot_z3PAJH4r.log,43,85,Black,5bk1/1p1r4/p3Np1p/1q1p1PpQ/8/7P/PP4P1/4R2K b - - 18 43,b5e2,20,-1055,951,d7e7;d7e7;d7e7,d7e7;d7e7;d7e7,b5b4;d7g7;b5b4,-385,3
styx_reckless_vs_EnyoBot_z3PAJH4r.log,43,85,Black,5bk1/1p1r4/p3Np1p/1q1p1PpQ/8/7P/PP4P1/4R2K b - - 18 43,b5f1,21,-31989,31885,d7e7;d7e7;d7e7,d7e7;d7e7;d7e7,b5b4;d7g7;b5b4,-385,3
styx_reckless_vs_EnyoBot_z3PAJH4r.log,43,85,Black,5bk1/1p1r4/p3Np1p/1q1p1PpQ/8/7P/PP4P1/4R2K b - - 18 43,g8h7,22,-31992,31888,d7e7;d7e7;d7e7,d7e7;d7e7;d7e7,b5b4;d7g7;b5b4,-385,3
styx_reckless_vs_EnyoBot_z3PAJH4r.log,43,85,Black,5bk1/1p1r4/p3Np1p/1q1p1PpQ/8/7P/PP4P1/4R2K b - - 18 43,f8g7,23,-31992,31888,d7e7;d7e7;d7e7,d7e7;d7e7;d7e7,b5b4;d7g7;b5b4,-385,3
styx_reckless_vs_EnyoBot_z3PAJH4r.log,43,85,Black,5bk1/1p1r4/p3Np1p/1q1p1PpQ/8/7P/PP4P1/4R2K b - - 18 43,f8d6,24,-31992,31888,d7e7;d7e7;d7e7,d7e7;d7e7;d7e7,b5b4;d7g7;b5b4,-385,3
styx_reckless_vs_EnyoBot_z3PAJH4r.log,43,85,Black,5bk1/1p1r4/p3Np1p/1q1p1PpQ/8/7P/PP4P1/4R2K b - - 18 43,f8c5,25,-31992,31888,d7e7;d7e7;d7e7,d7e7;d7e7;d7e7,b5b4;d7g7;b5b4,-385,3
styx_reckless_vs_EnyoBot_z3PAJH4r.log,43,85,Black,5bk1/1p1r4/p3Np1p/1q1p1PpQ/8/7P/PP4P1/4R2K b - - 18 43,f8b4,26,-31992,31888,d7e7;d7e7;d7e7,d7e7;d7e7;d7e7,b5b4;d7g7;b5b4,-385,3
styx_reckless_vs_EnyoBot_z3PAJH4r.log,43,85,Black,5bk1/1p1r4/p3Np1p/1q1p1PpQ/8/7P/PP4P1/4R2K b - - 18 43,f8a3,27,-31993,31889,d7e7;d7e7;d7e7,d7e7;d7e7;d7e7,b5b4;d7g7;b5b4,-385,3
styx_reckless_vs_EnyoBot_z3PAJH4r.log,43,85,Black,5bk1/1p1r4/p3Np1p/1q1p1PpQ/8/7P/PP4P1/4R2K b - - 18 43,d7d8,28,-31993,31889,d7e7;d7e7;d7e7,d7e7;d7e7;d7e7,b5b4;d7g7;b5b4,-385,3
styx_reckless_vs_EnyoBot_z3PAJH4r.log,43,85,Black,5bk1/1p1r4/p3Np1p/1q1p1PpQ/8/7P/PP4P1/4R2K b - - 18 43,b5b3,29,-31993,31889,d7e7;d7e7;d7e7,d7e7;d7e7;d7e7,b5b4;d7g7;b5b4,-385,3
styx_reckless_vs_EnyoBot_z3PAJH4r.log,43,85,Black,5bk1/1p1r4/p3Np1p/1q1p1PpQ/8/7P/PP4P1/4R2K b - - 18 43,d7d6,30,-31995,31891,d7e7;d7e7;d7e7,d7e7;d7e7;d7e7,b5b4;d7g7;b5b4,-385,3
styx_reckless_vs_EnyoBot_z3PAJH4r.log,43,85,Black,5bk1/1p1r4/p3Np1p/1q1p1PpQ/8/7P/PP4P1/4R2K b - - 18 43,f8e7,31,-31998,31894,d7e7;d7e7;d7e7,d7e7;d7e7;d7e7,b5b4;d7g7;b5b4,-385,3
ArasanX_vs_EnyoBot_7pzXRQFZ.log,20,39,Black,r3k2r/1pp2p1p/p4q2/4n1RQ/4P3/n2P4/3N1P1P/2R1KB2 b kq - 3 20,e5g6,1,-2,0,e5g6;e5g6;e5g6,e5g6;e5g6;e5g6,e5d3;e8c8;e5d3,-348,3
ArasanX_vs_EnyoBot_7pzXRQFZ.log,20,39,Black,r3k2r/1pp2p1p/p4q2/4n1RQ/4P3/n2P4/3N1P1P/2R1KB2 b kq - 3 20,e5c6,2,-239,237,e5g6;e5g6;e5g6,e5g6;e5g6;e5g6,e5d3;e8c8;e5d3,-348,3
ArasanX_vs_EnyoBot_7pzXRQFZ.log,20,39,Black,r3k2r/1pp2p1p/p4q2/4n1RQ/4P3/n2P4/3N1P1P/2R1KB2 b kq - 3 20,e5d7,3,-251,249,e5g6;e5g6;e5g6,e5g6;e5g6;e5g6,e5d3;e8c8;e5d3,-348,3
ArasanX_vs_EnyoBot_7pzXRQFZ.log,20,39,Black,r3k2r/1pp2p1p/p4q2/4n1RQ/4P3/n2P4/3N1P1P/2R1KB2 b kq - 3 20,e5d3,4,-322,320,e5g6;e5g6;e5g6,e5g6;e5g6;e5g6,e5d3;e8c8;e5d3,-348,3
ArasanX_vs_EnyoBot_7pzXRQFZ.log,20,39,Black,r3k2r/1pp2p1p/p4q2/4n1RQ/4P3/n2P4/3N1P1P/2R1KB2 b kq - 3 20,e8c8,5,-332,330,e5g6;e5g6;e5g6,e5g6;e5g6;e5g6,e5d3;e8c8;e5d3,-348,3
ArasanX_vs_EnyoBot_7pzXRQFZ.log,20,39,Black,r3k2r/1pp2p1p/p4q2/4n1RQ/4P3/n2P4/3N1P1P/2R1KB2 b kq - 3 20,a3c2,6,-370,368,e5g6;e5g6;e5g6,e5g6;e5g6;e5g6,e5d3;e8c8;e5d3,-348,3
ArasanX_vs_EnyoBot_7pzXRQFZ.log,20,39,Black,r3k2r/1pp2p1p/p4q2/4n1RQ/4P3/n2P4/3N1P1P/2R1KB2 b kq - 3 20,e5f3,7,-405,403,e5g6;e5g6;e5g6,e5g6;e5g6;e5g6,e5d3;e8c8;e5d3,-348,3
ArasanX_vs_EnyoBot_7pzXRQFZ.log,20,39,Black,r3k2r/1pp2p1p/p4q2/4n1RQ/4P3/n2P4/3N1P1P/2R1KB2 b kq - 3 20,a3c4,8,-406,404,e5g6;e5g6;e5g6,e5g6;e5g6;e5g6,e5d3;e8c8;e5d3,-348,3
ArasanX_vs_EnyoBot_7pzXRQFZ.log,20,39,Black,r3k2r/1pp2p1p/p4q2/4n1RQ/4P3/n2P4/3N1P1P/2R1KB2 b kq - 3 20,e8f8,9,-418,416,e5g6;e5g6;e5g6,e5g6;e5g6;e5g6,e5d3;e8c8;e5d3,-348,3
ArasanX_vs_EnyoBot_7pzXRQFZ.log,20,39,Black,r3k2r/1pp2p1p/p4q2/4n1RQ/4P3/n2P4/3N1P1P/2R1KB2 b kq - 3 20,e5c4,10,-430,428,e5g6;e5g6;e5g6,e5g6;e5g6;e5g6,e5d3;e8c8;e5d3,-348,3
ArasanX_vs_EnyoBot_7pzXRQFZ.log,20,39,Black,r3k2r/1pp2p1p/p4q2/4n1RQ/4P3/n2P4/3N1P1P/2R1KB2 b kq - 3 20,c7c6,11,-440,438,e5g6;e5g6;e5g6,e5g6;e5g6;e5g6,e5d3;e8c8;e5d3,-348,3
ArasanX_vs_EnyoBot_7pzXRQFZ.log,20,39,Black,r3k2r/1pp2p1p/p4q2/4n1RQ/4P3/n2P4/3N1P1P/2R1KB2 b kq - 3 20,a3b5,12,-446,444,e5g6;e5g6;e5g6,e5g6;e5g6;e5g6,e5d3;e8c8;e5d3,-348,3
ArasanX_vs_EnyoBot_7pzXRQFZ.log,20,39,Black,r3k2r/1pp2p1p/p4q2/4n1RQ/4P3/n2P4/3N1P1P/2R1KB2 b kq - 3 20,e5g4,13,-466,464,e5g6;e5g6;e5g6,e5g6;e5g6;e5g6,e5d3;e8c8;e5d3,-348,3
ArasanX_vs_EnyoBot_7pzXRQFZ.log,20,39,Black,r3k2r/1pp2p1p/p4q2/4n1RQ/4P3/n2P4/3N1P1P/2R1KB2 b kq - 3 20,e8d8,14,-471,469,e5g6;e5g6;e5g6,e5g6;e5g6;e5g6,e5d3;e8c8;e5d3,-348,3
ArasanX_vs_EnyoBot_7pzXRQFZ.log,20,39,Black,r3k2r/1pp2p1p/p4q2/4n1RQ/4P3/n2P4/3N1P1P/2R1KB2 b kq - 3 20,e8d7,15,-477,475,e5g6;e5g6;e5g6,e5g6;e5g6;e5g6,e5d3;e8c8;e5d3,-348,3
ArasanX_vs_EnyoBot_7pzXRQFZ.log,20,39,Black,r3k2r/1pp2p1p/p4q2/4n1RQ/4P3/n2P4/3N1P1P/2R1KB2 b kq - 3 20,h8f8,16,-503,501,e5g6;e5g6;e5g6,e5g6;e5g6;e5g6,e5d3;e8c8;e5d3,-348,3
ArasanX_vs_EnyoBot_7pzXRQFZ.log,20,39,Black,r3k2r/1pp2p1p/p4q2/4n1RQ/4P3/n2P4/3N1P1P/2R1KB2 b kq - 3 20,c7c5,17,-504,502,e5g6;e5g6;e5g6,e5g6;e5g6;e5g6,e5d3;e8c8;e5d3,-348,3
ArasanX_vs_EnyoBot_7pzXRQFZ.log,20,39,Black,r3k2r/1pp2p1p/p4q2/4n1RQ/4P3/n2P4/3N1P1P/2R1KB2 b kq - 3 20,a8c8,18,-519,517,e5g6;e5g6;e5g6,e5g6;e5g6;e5g6,e5d3;e8c8;e5d3,-348,3
ArasanX_vs_EnyoBot_7pzXRQFZ.log,20,39,Black,r3k2r/1pp2p1p/p4q2/4n1RQ/4P3/n2P4/3N1P1P/2R1KB2 b kq - 3 20,h7h6,19,-523,521,e5g6;e5g6;e5g6,e5g6;e5g6;e5g6,e5d3;e8c8;e5d3,-348,3
ArasanX_vs_EnyoBot_7pzXRQFZ.log,20,39,Black,r3k2r/1pp2p1p/p4q2/4n1RQ/4P3/n2P4/3N1P1P/2R1KB2 b kq - 3 20,e8e7,20,-540,538,e5g6;e5g6;e5g6,e5g6;e5g6;e5g6,e5d3;e8c8;e5d3,-348,3
ArasanX_vs_EnyoBot_7pzXRQFZ.log,20,39,Black,r3k2r/1pp2p1p/p4q2/4n1RQ/4P3/n2P4/3N1P1P/2R1KB2 b kq - 3 20,f6g5,21,-540,538,e5g6;e5g6;e5g6,e5g6;e5g6;e5g6,e5d3;e8c8;e5d3,-348,3
ArasanX_vs_EnyoBot_7pzXRQFZ.log,20,39,Black,r3k2r/1pp2p1p/p4q2/4n1RQ/4P3/n2P4/3N1P1P/2R1KB2 b kq - 3 20,a6a5,22,-558,556,e5g6;e5g6;e5g6,e5g6;e5g6;e5g6,e5d3;e8c8;e5d3,-348,3
ArasanX_vs_EnyoBot_7pzXRQFZ.log,20,39,Black,r3k2r/1pp2p1p/p4q2/4n1RQ/4P3/n2P4/3N1P1P/2R1KB2 b kq - 3 20,f6g6,23,-562,560,e5g6;e5g6;e5g6,e5g6;e5g6;e5g6,e5d3;e8c8;e5d3,-348,3
ArasanX_vs_EnyoBot_7pzXRQFZ.log,20,39,Black,r3k2r/1pp2p1p/p4q2/4n1RQ/4P3/n2P4/3N1P1P/2R1KB2 b kq - 3 20,a8b8,24,-565,563,e5g6;e5g6;e5g6,e5g6;e5g6;e5g6,e5d3;e8c8;e5d3,-348,3
ArasanX_vs_EnyoBot_7pzXRQFZ.log,20,39,Black,r3k2r/1pp2p1p/p4q2/4n1RQ/4P3/n2P4/3N1P1P/2R1KB2 b kq - 3 20,f6d6,25,-570,568,e5g6;e5g6;e5g6,e5g6;e5g6;e5g6,e5d3;e8c8;e5d3,-348,3
ArasanX_vs_EnyoBot_7pzXRQFZ.log,20,39,Black,r3k2r/1pp2p1p/p4q2/4n1RQ/4P3/n2P4/3N1P1P/2R1KB2 b kq - 3 20,b7b6,26,-572,570,e5g6;e5g6;e5g6,e5g6;e5g6;e5g6,e5d3;e8c8;e5d3,-348,3
ArasanX_vs_EnyoBot_7pzXRQFZ.log,20,39,Black,r3k2r/1pp2p1p/p4q2/4n1RQ/4P3/n2P4/3N1P1P/2R1KB2 b kq - 3 20,a8d8,27,-577,575,e5g6;e5g6;e5g6,e5g6;e5g6;e5g6,e5d3;e8c8;e5d3,-348,3
ArasanX_vs_EnyoBot_7pzXRQFZ.log,20,39,Black,r3k2r/1pp2p1p/p4q2/4n1RQ/4P3/n2P4/3N1P1P/2R1KB2 b kq - 3 20,b7b5,28,-584,582,e5g6;e5g6;e5g6,e5g6;e5g6;e5g6,e5d3;e8c8;e5d3,-348,3
ArasanX_vs_EnyoBot_7pzXRQFZ.log,20,39,Black,r3k2r/1pp2p1p/p4q2/4n1RQ/4P3/n2P4/3N1P1P/2R1KB2 b kq - 3 20,a8a7,29,-587,585,e5g6;e5g6;e5g6,e5g6;e5g6;e5g6,e5d3;e8c8;e5d3,-348,3
ArasanX_vs_EnyoBot_7pzXRQFZ.log,20,39,Black,r3k2r/1pp2p1p/p4q2/4n1RQ/4P3/n2P4/3N1P1P/2R1KB2 b kq - 3 20,f6b6,30,-588,586,e5g6;e5g6;e5g6,e5g6;e5g6;e5g6,e5d3;e8c8;e5d3,-348,3
ArasanX_vs_EnyoBot_7pzXRQFZ.log,20,39,Black,r3k2r/1pp2p1p/p4q2/4n1RQ/4P3/n2P4/3N1P1P/2R1KB2 b kq - 3 20,a3b1,31,-638,636,e5g6;e5g6;e5g6,e5g6;e5g6;e5g6,e5d3;e8c8;e5d3,-348,3
ArasanX_vs_EnyoBot_7pzXRQFZ.log,20,39,Black,r3k2r/1pp2p1p/p4q2/4n1RQ/4P3/n2P4/3N1P1P/2R1KB2 b kq - 3 20,f6e6,32,-649,647,e5g6;e5g6;e5g6,e5g6;e5g6;e5g6,e5d3;e8c8;e5d3,-348,3
ArasanX_vs_EnyoBot_7pzXRQFZ.log,20,39,Black,r3k2r/1pp2p1p/p4q2/4n1RQ/4P3/n2P4/3N1P1P/2R1KB2 b kq - 3 20,h8g8,33,-676,674,e5g6;e5g6;e5g6,e5g6;e5g6;e5g6,e5d3;e8c8;e5d3,-348,3
ArasanX_vs_EnyoBot_7pzXRQFZ.log,20,39,Black,r3k2r/1pp2p1p/p4q2/4n1RQ/4P3/n2P4/3N1P1P/2R1KB2 b kq - 3 20,f6f4,34,-704,702,e5g6;e5g6;e5g6,e5g6;e5g6;e5g6,e5d3;e8c8;e5d3,-348,3
ArasanX_vs_EnyoBot_7pzXRQFZ.log,20,39,Black,r3k2r/1pp2p1p/p4q2/4n1RQ/4P3/n2P4/3N1P1P/2R1KB2 b kq - 3 20,f6f2,35,-717,715,e5g6;e5g6;e5g6,e5g6;e5g6;e5g6,e5d3;e8c8;e5d3,-348,3
ArasanX_vs_EnyoBot_7pzXRQFZ.log,20,39,Black,r3k2r/1pp2p1p/p4q2/4n1RQ/4P3/n2P4/3N1P1P/2R1KB2 b kq - 3 20,f6f5,36,-796,794,e5g6;e5g6;e5g6,e5g6;e5g6;e5g6,e5d3;e8c8;e5d3,-348,3
ArasanX_vs_EnyoBot_7pzXRQFZ.log,20,39,Black,r3k2r/1pp2p1p/p4q2/4n1RQ/4P3/n2P4/3N1P1P/2R1KB2 b kq - 3 20,f6c6,37,-883,881,e5g6;e5g6;e5g6,e5g6;e5g6;e5g6,e5d3;e8c8;e5d3,-348,3
ArasanX_vs_EnyoBot_7pzXRQFZ.log,20,39,Black,r3k2r/1pp2p1p/p4q2/4n1RQ/4P3/n2P4/3N1P1P/2R1KB2 b kq - 3 20,f6g7,38,-891,889,e5g6;e5g6;e5g6,e5g6;e5g6;e5g6,e5d3;e8c8;e5d3,-348,3
ArasanX_vs_EnyoBot_7pzXRQFZ.log,20,39,Black,r3k2r/1pp2p1p/p4q2/4n1RQ/4P3/n2P4/3N1P1P/2R1KB2 b kq - 3 20,f6e7,39,-895,893,e5g6;e5g6;e5g6,e5g6;e5g6;e5g6,e5d3;e8c8;e5d3,-348,3
ArasanX_vs_EnyoBot_7pzXRQFZ.log,20,39,Black,r3k2r/1pp2p1p/p4q2/4n1RQ/4P3/n2P4/3N1P1P/2R1KB2 b kq - 3 20,f6d8,40,-904,902,e5g6;e5g6;e5g6,e5g6;e5g6;e5g6,e5d3;e8c8;e5d3,-348,3
ArasanX_vs_EnyoBot_7pzXRQFZ.log,20,39,Black,r3k2r/1pp2p1p/p4q2/4n1RQ/4P3/n2P4/3N1P1P/2R1KB2 b kq - 3 20,f6f3,41,-1342,1340,e5g6;e5g6;e5g6,e5g6;e5g6;e5g6,e5d3;e8c8;e5d3,-348,3
ArasanX_vs_EnyoBot_7pzXRQFZ.log,20,39,Black,r3k2r/1pp2p1p/p4q2/4n1RQ/4P3/n2P4/3N1P1P/2R1KB2 b kq - 3 20,f6h6,42,-31991,31989,e5g6;e5g6;e5g6,e5g6;e5g6;e5g6,e5d3;e8c8;e5d3,-348,3
Hypersion_vs_EnyoBot_npmgxvIO.log,45,89,Black,8/1pk3r1/1q2p3/3pP3/8/2PB4/4K2R/Q7 b - - 0 45,g7g3,1,-67,0,g7g3;g7g3,g7g3;g7g3,g7f7;b6c5,-316,2
Hypersion_vs_EnyoBot_npmgxvIO.log,45,89,Black,8/1pk3r1/1q2p3/3pP3/8/2PB4/4K2R/Q7 b - - 0 45,b6b3,2,-224,157,g7g3;g7g3,g7g3;g7g3,g7f7;b6c5,-316,2
Hypersion_vs_EnyoBot_npmgxvIO.log,45,89,Black,8/1pk3r1/1q2p3/3pP3/8/2PB4/4K2R/Q7 b - - 0 45,b6c5,3,-235,168,g7g3;g7g3,g7g3;g7g3,g7f7;b6c5,-316,2
Hypersion_vs_EnyoBot_npmgxvIO.log,45,89,Black,8/1pk3r1/1q2p3/3pP3/8/2PB4/4K2R/Q7 b - - 0 45,g7g5,4,-239,172,g7g3;g7g3,g7g3;g7g3,g7f7;b6c5,-316,2
Hypersion_vs_EnyoBot_npmgxvIO.log,45,89,Black,8/1pk3r1/1q2p3/3pP3/8/2PB4/4K2R/Q7 b - - 0 45,g7g8,5,-337,270,g7g3;g7g3,g7g3;g7g3,g7f7;b6c5,-316,2
Hypersion_vs_EnyoBot_npmgxvIO.log,45,89,Black,8/1pk3r1/1q2p3/3pP3/8/2PB4/4K2R/Q7 b - - 0 45,b6g1,6,-345,278,g7g3;g7g3,g7g3;g7g3,g7f7;b6c5,-316,2
Hypersion_vs_EnyoBot_npmgxvIO.log,45,89,Black,8/1pk3r1/1q2p3/3pP3/8/2PB4/4K2R/Q7 b - - 0 45,c7b8,7,-346,279,g7g3;g7g3,g7g3;g7g3,g7f7;b6c5,-316,2
Hypersion_vs_EnyoBot_npmgxvIO.log,45,89,Black,8/1pk3r1/1q2p3/3pP3/8/2PB4/4K2R/Q7 b - - 0 45,d5d4,8,-366,299,g7g3;g7g3,g7g3;g7g3,g7f7;b6c5,-316,2
Hypersion_vs_EnyoBot_npmgxvIO.log,45,89,Black,8/1pk3r1/1q2p3/3pP3/8/2PB4/4K2R/Q7 b - - 0 45,c7c6,9,-369,302,g7g3;g7g3,g7g3;g7g3,g7f7;b6c5,-316,2
Hypersion_vs_EnyoBot_npmgxvIO.log,45,89,Black,8/1pk3r1/1q2p3/3pP3/8/2PB4/4K2R/Q7 b - - 0 45,c7d8,10,-372,305,g7g3;g7g3,g7g3;g7g3,g7f7;b6c5,-316,2
Hypersion_vs_EnyoBot_npmgxvIO.log,45,89,Black,8/1pk3r1/1q2p3/3pP3/8/2PB4/4K2R/Q7 b - - 0 45,g7e7,11,-373,306,g7g3;g7g3,g7g3;g7g3,g7f7;b6c5,-316,2
Hypersion_vs_EnyoBot_npmgxvIO.log,45,89,Black,8/1pk3r1/1q2p3/3pP3/8/2PB4/4K2R/Q7 b - - 0 45,g7f7,12,-374,307,g7g3;g7g3,g7g3;g7g3,g7f7;b6c5,-316,2
Hypersion_vs_EnyoBot_npmgxvIO.log,45,89,Black,8/1pk3r1/1q2p3/3pP3/8/2PB4/4K2R/Q7 b - - 0 45,g7d7,13,-374,307,g7g3;g7g3,g7g3;g7g3,g7f7;b6c5,-316,2
Hypersion_vs_EnyoBot_npmgxvIO.log,45,89,Black,8/1pk3r1/1q2p3/3pP3/8/2PB4/4K2R/Q7 b - - 0 45,g7g4,14,-379,312,g7g3;g7g3,g7g3;g7g3,g7f7;b6c5,-316,2
Hypersion_vs_EnyoBot_npmgxvIO.log,45,89,Black,8/1pk3r1/1q2p3/3pP3/8/2PB4/4K2R/Q7 b - - 0 45,g7g1,15,-380,313,g7g3;g7g3,g7g3;g7g3,g7f7;b6c5,-316,2
Hypersion_vs_EnyoBot_npmgxvIO.log,45,89,Black,8/1pk3r1/1q2p3/3pP3/8/2PB4/4K2R/Q7 b - - 0 45,c7d7,16,-386,319,g7g3;g7g3,g7g3;g7g3,g7f7;b6c5,-316,2
Hypersion_vs_EnyoBot_npmgxvIO.log,45,89,Black,8/1pk3r1/1q2p3/3pP3/8/2PB4/4K2R/Q7 b - - 0 45,b6c6,17,-391,324,g7g3;g7g3,g7g3;g7g3,g7f7;b6c5,-316,2
Hypersion_vs_EnyoBot_npmgxvIO.log,45,89,Black,8/1pk3r1/1q2p3/3pP3/8/2PB4/4K2R/Q7 b - - 0 45,c7c8,18,-394,327,g7g3;g7g3,g7g3;g7g3,g7f7;b6c5,-316,2
Hypersion_vs_EnyoBot_npmgxvIO.log,45,89,Black,8/1pk3r1/1q2p3/3pP3/8/2PB4/4K2R/Q7 b - - 0 45,g7g6,19,-672,605,g7g3;g7g3,g7g3;g7g3,g7f7;b6c5,-316,2
Hypersion_vs_EnyoBot_npmgxvIO.log,45,89,Black,8/1pk3r1/1q2p3/3pP3/8/2PB4/4K2R/Q7 b - - 0 45,b6a6,20,-1226,1159,g7g3;g7g3,g7g3;g7g3,g7f7;b6c5,-316,2
Hypersion_vs_EnyoBot_npmgxvIO.log,45,89,Black,8/1pk3r1/1q2p3/3pP3/8/2PB4/4K2R/Q7 b - - 0 45,g7g2,21,-31986,31919,g7g3;g7g3,g7g3;g7g3,g7f7;b6c5,-316,2
Hypersion_vs_EnyoBot_npmgxvIO.log,45,89,Black,8/1pk3r1/1q2p3/3pP3/8/2PB4/4K2R/Q7 b - - 0 45,b6d6,22,-31988,31921,g7g3;g7g3,g7g3;g7g3,g7f7;b6c5,-316,2
Hypersion_vs_EnyoBot_npmgxvIO.log,45,89,Black,8/1pk3r1/1q2p3/3pP3/8/2PB4/4K2R/Q7 b - - 0 45,b6b5,23,-31991,31924,g7g3;g7g3,g7g3;g7g3,g7f7;b6c5,-316,2
Hypersion_vs_EnyoBot_npmgxvIO.log,45,89,Black,8/1pk3r1/1q2p3/3pP3/8/2PB4/4K2R/Q7 b - - 0 45,b6e3,24,-31991,31924,g7g3;g7g3,g7g3;g7g3,g7f7;b6c5,-316,2
Hypersion_vs_EnyoBot_npmgxvIO.log,45,89,Black,8/1pk3r1/1q2p3/3pP3/8/2PB4/4K2R/Q7 b - - 0 45,g7h7,25,-31992,31925,g7g3;g7g3,g7g3;g7g3,g7f7;b6c5,-316,2
Hypersion_vs_EnyoBot_npmgxvIO.log,45,89,Black,8/1pk3r1/1q2p3/3pP3/8/2PB4/4K2R/Q7 b - - 0 45,b6f2,26,-31992,31925,g7g3;g7g3,g7g3;g7g3,g7f7;b6c5,-316,2
Hypersion_vs_EnyoBot_npmgxvIO.log,45,89,Black,8/1pk3r1/1q2p3/3pP3/8/2PB4/4K2R/Q7 b - - 0 45,b6a7,27,-31993,31926,g7g3;g7g3,g7g3;g7g3,g7f7;b6c5,-316,2
Hypersion_vs_EnyoBot_npmgxvIO.log,45,89,Black,8/1pk3r1/1q2p3/3pP3/8/2PB4/4K2R/Q7 b - - 0 45,b6d4,28,-31993,31926,g7g3;g7g3,g7g3;g7g3,g7f7;b6c5,-316,2
Hypersion_vs_EnyoBot_npmgxvIO.log,45,89,Black,8/1pk3r1/1q2p3/3pP3/8/2PB4/4K2R/Q7 b - - 0 45,b6b2,29,-31993,31926,g7g3;g7g3,g7g3;g7g3,g7f7;b6c5,-316,2
Hypersion_vs_EnyoBot_npmgxvIO.log,45,89,Black,8/1pk3r1/1q2p3/3pP3/8/2PB4/4K2R/Q7 b - - 0 45,b6b1,30,-31993,31926,g7g3;g7g3,g7g3;g7g3,g7f7;b6c5,-316,2
Hypersion_vs_EnyoBot_npmgxvIO.log,45,89,Black,8/1pk3r1/1q2p3/3pP3/8/2PB4/4K2R/Q7 b - - 0 45,b6a5,31,-31994,31927,g7g3;g7g3,g7g3;g7g3,g7f7;b6c5,-316,2
Hypersion_vs_EnyoBot_npmgxvIO.log,45,89,Black,8/1pk3r1/1q2p3/3pP3/8/2PB4/4K2R/Q7 b - - 0 45,b6b4,32,-31994,31927,g7g3;g7g3,g7g3;g7g3,g7f7;b6c5,-316,2
ArasanX_vs_EnyoBot_Q0a5I19l.log,40,79,Black,6k1/5bp1/1pR3n1/p2p1N1Q/q2Nr2P/8/6PK/8 b - - 0 40,a4b4,1,-107,0,a4b4;a4b4;a4b4,a4b4;a4b4;a4b4,e4h4;e4h4;g6h4,-287,3
ArasanX_vs_EnyoBot_Q0a5I19l.log,40,79,Black,6k1/5bp1/1pR3n1/p2p1N1Q/q2Nr2P/8/6PK/8 b - - 0 40,e4d4,2,-120,13,a4b4;a4b4;a4b4,a4b4;a4b4;a4b4,e4h4;e4h4;g6h4,-287,3
ArasanX_vs_EnyoBot_Q0a5I19l.log,40,79,Black,6k1/5bp1/1pR3n1/p2p1N1Q/q2Nr2P/8/6PK/8 b - - 0 40,f7e8,3,-153,46,a4b4;a4b4;a4b4,a4b4;a4b4;a4b4,e4h4;e4h4;g6h4,-287,3
ArasanX_vs_EnyoBot_Q0a5I19l.log,40,79,Black,6k1/5bp1/1pR3n1/p2p1N1Q/q2Nr2P/8/6PK/8 b - - 0 40,a4d4,4,-213,106,a4b4;a4b4;a4b4,a4b4;a4b4;a4b4,e4h4;e4h4;g6h4,-287,3
ArasanX_vs_EnyoBot_Q0a5I19l.log,40,79,Black,6k1/5bp1/1pR3n1/p2p1N1Q/q2Nr2P/8/6PK/8 b - - 0 40,g6e7,5,-262,155,a4b4;a4b4;a4b4,a4b4;a4b4;a4b4,e4h4;e4h4;g6h4,-287,3
ArasanX_vs_EnyoBot_Q0a5I19l.log,40,79,Black,6k1/5bp1/1pR3n1/p2p1N1Q/q2Nr2P/8/6PK/8 b - - 0 40,a4a3,6,-378,271,a4b4;a4b4;a4b4,a4b4;a4b4;a4b4,e4h4;e4h4;g6h4,-287,3
ArasanX_vs_EnyoBot_Q0a5I19l.log,40,79,Black,6k1/5bp1/1pR3n1/p2p1N1Q/q2Nr2P/8/6PK/8 b - - 0 40,g6h4,7,-383,276,a4b4;a4b4;a4b4,a4b4;a4b4;a4b4,e4h4;e4h4;g6h4,-287,3
ArasanX_vs_EnyoBot_Q0a5I19l.log,40,79,Black,6k1/5bp1/1pR3n1/p2p1N1Q/q2Nr2P/8/6PK/8 b - - 0 40,g6f8,8,-403,296,a4b4;a4b4;a4b4,a4b4;a4b4;a4b4,e4h4;e4h4;g6h4,-287,3
ArasanX_vs_EnyoBot_Q0a5I19l.log,40,79,Black,6k1/5bp1/1pR3n1/p2p1N1Q/q2Nr2P/8/6PK/8 b - - 0 40,e4h4,9,-425,318,a4b4;a4b4;a4b4,a4b4;a4b4;a4b4,e4h4;e4h4;g6h4,-287,3
ArasanX_vs_EnyoBot_Q0a5I19l.log,40,79,Black,6k1/5bp1/1pR3n1/p2p1N1Q/q2Nr2P/8/6PK/8 b - - 0 40,e4e5,10,-430,323,a4b4;a4b4;a4b4,a4b4;a4b4;a4b4,e4h4;e4h4;g6h4,-287,3
ArasanX_vs_EnyoBot_Q0a5I19l.log,40,79,Black,6k1/5bp1/1pR3n1/p2p1N1Q/q2Nr2P/8/6PK/8 b - - 0 40,e4e6,11,-436,329,a4b4;a4b4;a4b4,a4b4;a4b4;a4b4,e4h4;e4h4;g6h4,-287,3
ArasanX_vs_EnyoBot_Q0a5I19l.log,40,79,Black,6k1/5bp1/1pR3n1/p2p1N1Q/q2Nr2P/8/6PK/8 b - - 0 40,a4a1,12,-446,339,a4b4;a4b4;a4b4,a4b4;a4b4;a4b4,e4h4;e4h4;g6h4,-287,3
ArasanX_vs_EnyoBot_Q0a5I19l.log,40,79,Black,6k1/5bp1/1pR3n1/p2p1N1Q/q2Nr2P/8/6PK/8 b - - 0 40,f7e6,13,-458,351,a4b4;a4b4;a4b4,a4b4;a4b4;a4b4,e4h4;e4h4;g6h4,-287,3
ArasanX_vs_EnyoBot_Q0a5I19l.log,40,79,Black,6k1/5bp1/1pR3n1/p2p1N1Q/q2Nr2P/8/6PK/8 b - - 0 40,e4e8,14,-463,356,a4b4;a4b4;a4b4,a4b4;a4b4;a4b4,e4h4;e4h4;g6h4,-287,3
ArasanX_vs_EnyoBot_Q0a5I19l.log,40,79,Black,6k1/5bp1/1pR3n1/p2p1N1Q/q2Nr2P/8/6PK/8 b - - 0 40,b6b5,15,-469,362,a4b4;a4b4;a4b4,a4b4;a4b4;a4b4,e4h4;e4h4;g6h4,-287,3
ArasanX_vs_EnyoBot_Q0a5I19l.log,40,79,Black,6k1/5bp1/1pR3n1/p2p1N1Q/q2Nr2P/8/6PK/8 b - - 0 40,g6h8,16,-488,381,a4b4;a4b4;a4b4,a4b4;a4b4;a4b4,e4h4;e4h4;g6h4,-287,3
ArasanX_vs_EnyoBot_Q0a5I19l.log,40,79,Black,6k1/5bp1/1pR3n1/p2p1N1Q/q2Nr2P/8/6PK/8 b - - 0 40,g6f4,17,-498,391,a4b4;a4b4;a4b4,a4b4;a4b4;a4b4,e4h4;e4h4;g6h4,-287,3
ArasanX_vs_EnyoBot_Q0a5I19l.log,40,79,Black,6k1/5bp1/1pR3n1/p2p1N1Q/q2Nr2P/8/6PK/8 b - - 0 40,g8f8,18,-513,406,a4b4;a4b4;a4b4,a4b4;a4b4;a4b4,e4h4;e4h4;g6h4,-287,3
ArasanX_vs_EnyoBot_Q0a5I19l.log,40,79,Black,6k1/5bp1/1pR3n1/p2p1N1Q/q2Nr2P/8/6PK/8 b - - 0 40,e4e1,19,-517,410,a4b4;a4b4;a4b4,a4b4;a4b4;a4b4,e4h4;e4h4;g6h4,-287,3
ArasanX_vs_EnyoBot_Q0a5I19l.log,40,79,Black,6k1/5bp1/1pR3n1/p2p1N1Q/q2Nr2P/8/6PK/8 b - - 0 40,a4c6,20,-526,419,a4b4;a4b4;a4b4,a4b4;a4b4;a4b4,e4h4;e4h4;g6h4,-287,3
ArasanX_vs_EnyoBot_Q0a5I19l.log,40,79,Black,6k1/5bp1/1pR3n1/p2p1N1Q/q2Nr2P/8/6PK/8 b - - 0 40,e4e7,21,-534,427,a4b4;a4b4;a4b4,a4b4;a4b4;a4b4,e4h4;e4h4;g6h4,-287,3
ArasanX_vs_EnyoBot_Q0a5I19l.log,40,79,Black,6k1/5bp1/1pR3n1/p2p1N1Q/q2Nr2P/8/6PK/8 b - - 0 40,a4c4,22,-537,430,a4b4;a4b4;a4b4,a4b4;a4b4;a4b4,e4h4;e4h4;g6h4,-287,3
ArasanX_vs_EnyoBot_Q0a5I19l.log,40,79,Black,6k1/5bp1/1pR3n1/p2p1N1Q/q2Nr2P/8/6PK/8 b - - 0 40,e4e3,23,-576,469,a4b4;a4b4;a4b4,a4b4;a4b4;a4b4,e4h4;e4h4;g6h4,-287,3
ArasanX_vs_EnyoBot_Q0a5I19l.log,40,79,Black,6k1/5bp1/1pR3n1/p2p1N1Q/q2Nr2P/8/6PK/8 b - - 0 40,e4f4,24,-605,498,a4b4;a4b4;a4b4,a4b4;a4b4;a4b4,e4h4;e4h4;g6h4,-287,3
ArasanX_vs_EnyoBot_Q0a5I19l.log,40,79,Black,6k1/5bp1/1pR3n1/p2p1N1Q/q2Nr2P/8/6PK/8 b - - 0 40,e4e2,25,-739,632,a4b4;a4b4;a4b4,a4b4;a4b4;a4b4,e4h4;e4h4;g6h4,-287,3
ArasanX_vs_EnyoBot_Q0a5I19l.log,40,79,Black,6k1/5bp1/1pR3n1/p2p1N1Q/q2Nr2P/8/6PK/8 b - - 0 40,g6e5,26,-746,639,a4b4;a4b4;a4b4,a4b4;a4b4;a4b4,e4h4;e4h4;g6h4,-287,3
ArasanX_vs_EnyoBot_Q0a5I19l.log,40,79,Black,6k1/5bp1/1pR3n1/p2p1N1Q/q2Nr2P/8/6PK/8 b - - 0 40,a4d1,27,-762,655,a4b4;a4b4;a4b4,a4b4;a4b4;a4b4,e4h4;e4h4;g6h4,-287,3
ArasanX_vs_EnyoBot_Q0a5I19l.log,40,79,Black,6k1/5bp1/1pR3n1/p2p1N1Q/q2Nr2P/8/6PK/8 b - - 0 40,a4b3,28,-820,713,a4b4;a4b4;a4b4,a4b4;a4b4;a4b4,e4h4;e4h4;g6h4,-287,3
ArasanX_vs_EnyoBot_Q0a5I19l.log,40,79,Black,6k1/5bp1/1pR3n1/p2p1N1Q/q2Nr2P/8/6PK/8 b - - 0 40,a4b5,29,-832,725,a4b4;a4b4;a4b4,a4b4;a4b4;a4b4,e4h4;e4h4;g6h4,-287,3
ArasanX_vs_EnyoBot_Q0a5I19l.log,40,79,Black,6k1/5bp1/1pR3n1/p2p1N1Q/q2Nr2P/8/6PK/8 b - - 0 40,a4c2,30,-841,734,a4b4;a4b4;a4b4,a4b4;a4b4;a4b4,e4h4;e4h4;g6h4,-287,3
ArasanX_vs_EnyoBot_Q0a5I19l.log,40,79,Black,6k1/5bp1/1pR3n1/p2p1N1Q/q2Nr2P/8/6PK/8 b - - 0 40,e4g4,31,-850,743,a4b4;a4b4;a4b4,a4b4;a4b4;a4b4,e4h4;e4h4;g6h4,-287,3
ArasanX_vs_EnyoBot_Q0a5I19l.log,40,79,Black,6k1/5bp1/1pR3n1/p2p1N1Q/q2Nr2P/8/6PK/8 b - - 0 40,a4a2,32,-904,797,a4b4;a4b4;a4b4,a4b4;a4b4;a4b4,e4h4;e4h4;g6h4,-287,3
styx_reckless_vs_EnyoBot_z3PAJH4r.log,86,171,Black,4Q3/8/8/2K5/5r2/8/1k6/8 b - - 16 86,f4f2,1,-235,0,f4f2;f4f2,f4f2;f4f2,f4f5;f4f5,-279,2
styx_reckless_vs_EnyoBot_z3PAJH4r.log,86,171,Black,4Q3/8/8/2K5/5r2/8/1k6/8 b - - 16 86,f4f5,2,-536,301,f4f2;f4f2,f4f2;f4f2,f4f5;f4f5,-279,2
styx_reckless_vs_EnyoBot_z3PAJH4r.log,86,171,Black,4Q3/8/8/2K5/5r2/8/1k6/8 b - - 16 86,f4h4,3,-31989,31754,f4f2;f4f2,f4f2;f4f2,f4f5;f4f5,-279,2
styx_reckless_vs_EnyoBot_z3PAJH4r.log,86,171,Black,4Q3/8/8/2K5/5r2/8/1k6/8 b - - 16 86,b2c2,4,-31991,31756,f4f2;f4f2,f4f2;f4f2,f4f5;f4f5,-279,2
styx_reckless_vs_EnyoBot_z3PAJH4r.log,86,171,Black,4Q3/8/8/2K5/5r2/8/1k6/8 b - - 16 86,b2a2,5,-31992,31757,f4f2;f4f2,f4f2;f4f2,f4f5;f4f5,-279,2
styx_reckless_vs_EnyoBot_z3PAJH4r.log,86,171,Black,4Q3/8/8/2K5/5r2/8/1k6/8 b - - 16 86,f4f6,6,-31993,31758,f4f2;f4f2,f4f2;f4f2,f4f5;f4f5,-279,2
styx_reckless_vs_EnyoBot_z3PAJH4r.log,86,171,Black,4Q3/8/8/2K5/5r2/8/1k6/8 b - - 16 86,f4g4,7,-31993,31758,f4f2;f4f2,f4f2;f4f2,f4f5;f4f5,-279,2
styx_reckless_vs_EnyoBot_z3PAJH4r.log,86,171,Black,4Q3/8/8/2K5/5r2/8/1k6/8 b - - 16 86,f4f1,8,-31993,31758,f4f2;f4f2,f4f2;f4f2,f4f5;f4f5,-279,2
styx_reckless_vs_EnyoBot_z3PAJH4r.log,86,171,Black,4Q3/8/8/2K5/5r2/8/1k6/8 b - - 16 86,b2c3,9,-31993,31758,f4f2;f4f2,f4f2;f4f2,f4f5;f4f5,-279,2
styx_reckless_vs_EnyoBot_z3PAJH4r.log,86,171,Black,4Q3/8/8/2K5/5r2/8/1k6/8 b - - 16 86,b2b3,10,-31993,31758,f4f2;f4f2,f4f2;f4f2,f4f5;f4f5,-279,2
styx_reckless_vs_EnyoBot_z3PAJH4r.log,86,171,Black,4Q3/8/8/2K5/5r2/8/1k6/8 b - - 16 86,b2a3,11,-31993,31758,f4f2;f4f2,f4f2;f4f2,f4f5;f4f5,-279,2
styx_reckless_vs_EnyoBot_z3PAJH4r.log,86,171,Black,4Q3/8/8/2K5/5r2/8/1k6/8 b - - 16 86,b2c1,12,-31993,31758,f4f2;f4f2,f4f2;f4f2,f4f5;f4f5,-279,2
styx_reckless_vs_EnyoBot_z3PAJH4r.log,86,171,Black,4Q3/8/8/2K5/5r2/8/1k6/8 b - - 16 86,b2b1,13,-31993,31758,f4f2;f4f2,f4f2;f4f2,f4f5;f4f5,-279,2
styx_reckless_vs_EnyoBot_z3PAJH4r.log,86,171,Black,4Q3/8/8/2K5/5r2/8/1k6/8 b - - 16 86,f4f8,14,-31994,31759,f4f2;f4f2,f4f2;f4f2,f4f5;f4f5,-279,2
styx_reckless_vs_EnyoBot_z3PAJH4r.log,86,171,Black,4Q3/8/8/2K5/5r2/8/1k6/8 b - - 16 86,f4f7,15,-31994,31759,f4f2;f4f2,f4f2;f4f2,f4f5;f4f5,-279,2
styx_reckless_vs_EnyoBot_z3PAJH4r.log,86,171,Black,4Q3/8/8/2K5/5r2/8/1k6/8 b - - 16 86,f4e4,16,-31994,31759,f4f2;f4f2,f4f2;f4f2,f4f5;f4f5,-279,2
styx_reckless_vs_EnyoBot_z3PAJH4r.log,86,171,Black,4Q3/8/8/2K5/5r2/8/1k6/8 b - - 16 86,f4f3,17,-31994,31759,f4f2;f4f2,f4f2;f4f2,f4f5;f4f5,-279,2
styx_reckless_vs_EnyoBot_z3PAJH4r.log,86,171,Black,4Q3/8/8/2K5/5r2/8/1k6/8 b - - 16 86,b2a1,18,-31994,31759,f4f2;f4f2,f4f2;f4f2,f4f5;f4f5,-279,2
styx_reckless_vs_EnyoBot_z3PAJH4r.log,86,171,Black,4Q3/8/8/2K5/5r2/8/1k6/8 b - - 16 86,f4d4,19,-31995,31760,f4f2;f4f2,f4f2;f4f2,f4f5;f4f5,-279,2
styx_reckless_vs_EnyoBot_z3PAJH4r.log,86,171,Black,4Q3/8/8/2K5/5r2/8/1k6/8 b - - 16 86,f4a4,20,-31995,31760,f4f2;f4f2,f4f2;f4f2,f4f5;f4f5,-279,2
styx_reckless_vs_EnyoBot_z3PAJH4r.log,86,171,Black,4Q3/8/8/2K5/5r2/8/1k6/8 b - - 16 86,f4c4,21,-31996,31761,f4f2;f4f2,f4f2;f4f2,f4f5;f4f5,-279,2
styx_reckless_vs_EnyoBot_z3PAJH4r.log,86,171,Black,4Q3/8/8/2K5/5r2/8/1k6/8 b - - 16 86,f4b4,22,-31996,31761,f4f2;f4f2,f4f2;f4f2,f4f5;f4f5,-279,2
SF_Bot1nok_vs_EnyoBot_SbzD89kx.log,18,35,Black,r4rk1/1nq1bpp1/p2pb2p/3Pp3/6PP/1N2BP2/1PPQ4/R3KB1R b K - 0 18,e6d7,1,-32,0,e6d7;e6d7,e6d7;e6d7,e6g4;e6d5,-256,2
SF_Bot1nok_vs_EnyoBot_SbzD89kx.log,18,35,Black,r4rk1/1nq1bpp1/p2pb2p/3Pp3/6PP/1N2BP2/1PPQ4/R3KB1R b K - 0 18,e6c8,2,-74,42,e6d7;e6d7,e6d7;e6d7,e6g4;e6d5,-256,2
SF_Bot1nok_vs_EnyoBot_SbzD89kx.log,18,35,Black,r4rk1/1nq1bpp1/p2pb2p/3Pp3/6PP/1N2BP2/1PPQ4/R3KB1R b K - 0 18,a6a5,3,-214,182,e6d7;e6d7,e6d7;e6d7,e6g4;e6d5,-256,2
SF_Bot1nok_vs_EnyoBot_SbzD89kx.log,18,35,Black,r4rk1/1nq1bpp1/p2pb2p/3Pp3/6PP/1N2BP2/1PPQ4/R3KB1R b K - 0 18,b7d8,4,-227,195,e6d7;e6d7,e6d7;e6d7,e6g4;e6d5,-256,2
SF_Bot1nok_vs_EnyoBot_SbzD89kx.log,18,35,Black,r4rk1/1nq1bpp1/p2pb2p/3Pp3/6PP/1N2BP2/1PPQ4/R3KB1R b K - 0 18,a8c8,5,-244,212,e6d7;e6d7,e6d7;e6d7,e6g4;e6d5,-256,2
SF_Bot1nok_vs_EnyoBot_SbzD89kx.log,18,35,Black,r4rk1/1nq1bpp1/p2pb2p/3Pp3/6PP/1N2BP2/1PPQ4/R3KB1R b K - 0 18,a8d8,6,-253,221,e6d7;e6d7,e6d7;e6d7,e6g4;e6d5,-256,2
SF_Bot1nok_vs_EnyoBot_SbzD89kx.log,18,35,Black,r4rk1/1nq1bpp1/p2pb2p/3Pp3/6PP/1N2BP2/1PPQ4/R3KB1R b K - 0 18,a8e8,7,-262,230,e6d7;e6d7,e6d7;e6d7,e6g4;e6d5,-256,2
SF_Bot1nok_vs_EnyoBot_SbzD89kx.log,18,35,Black,r4rk1/1nq1bpp1/p2pb2p/3Pp3/6PP/1N2BP2/1PPQ4/R3KB1R b K - 0 18,f7f5,8,-270,238,e6d7;e6d7,e6d7;e6d7,e6g4;e6d5,-256,2
SF_Bot1nok_vs_EnyoBot_SbzD89kx.log,18,35,Black,r4rk1/1nq1bpp1/p2pb2p/3Pp3/6PP/1N2BP2/1PPQ4/R3KB1R b K - 0 18,a8b8,9,-281,249,e6d7;e6d7,e6d7;e6d7,e6g4;e6d5,-256,2
SF_Bot1nok_vs_EnyoBot_SbzD89kx.log,18,35,Black,r4rk1/1nq1bpp1/p2pb2p/3Pp3/6PP/1N2BP2/1PPQ4/R3KB1R b K - 0 18,g8h8,10,-283,251,e6d7;e6d7,e6d7;e6d7,e6g4;e6d5,-256,2
SF_Bot1nok_vs_EnyoBot_SbzD89kx.log,18,35,Black,r4rk1/1nq1bpp1/p2pb2p/3Pp3/6PP/1N2BP2/1PPQ4/R3KB1R b K - 0 18,f8c8,11,-283,251,e6d7;e6d7,e6d7;e6d7,e6g4;e6d5,-256,2
SF_Bot1nok_vs_EnyoBot_SbzD89kx.log,18,35,Black,r4rk1/1nq1bpp1/p2pb2p/3Pp3/6PP/1N2BP2/1PPQ4/R3KB1R b K - 0 18,e6g4,12,-285,253,e6d7;e6d7,e6d7;e6d7,e6g4;e6d5,-256,2
SF_Bot1nok_vs_EnyoBot_SbzD89kx.log,18,35,Black,r4rk1/1nq1bpp1/p2pb2p/3Pp3/6PP/1N2BP2/1PPQ4/R3KB1R b K - 0 18,e5e4,13,-286,254,e6d7;e6d7,e6d7;e6d7,e6g4;e6d5,-256,2
SF_Bot1nok_vs_EnyoBot_SbzD89kx.log,18,35,Black,r4rk1/1nq1bpp1/p2pb2p/3Pp3/6PP/1N2BP2/1PPQ4/R3KB1R b K - 0 18,h6h5,14,-288,256,e6d7;e6d7,e6d7;e6d7,e6g4;e6d5,-256,2
SF_Bot1nok_vs_EnyoBot_SbzD89kx.log,18,35,Black,r4rk1/1nq1bpp1/p2pb2p/3Pp3/6PP/1N2BP2/1PPQ4/R3KB1R b K - 0 18,c7d7,15,-289,257,e6d7;e6d7,e6d7;e6d7,e6g4;e6d5,-256,2
SF_Bot1nok_vs_EnyoBot_SbzD89kx.log,18,35,Black,r4rk1/1nq1bpp1/p2pb2p/3Pp3/6PP/1N2BP2/1PPQ4/R3KB1R b K - 0 18,e6d5,16,-292,260,e6d7;e6d7,e6d7;e6d7,e6g4;e6d5,-256,2
SF_Bot1nok_vs_EnyoBot_SbzD89kx.log,18,35,Black,r4rk1/1nq1bpp1/p2pb2p/3Pp3/6PP/1N2BP2/1PPQ4/R3KB1R b K - 0 18,c7d8,17,-295,263,e6d7;e6d7,e6d7;e6d7,e6g4;e6d5,-256,2
SF_Bot1nok_vs_EnyoBot_SbzD89kx.log,18,35,Black,r4rk1/1nq1bpp1/p2pb2p/3Pp3/6PP/1N2BP2/1PPQ4/R3KB1R b K - 0 18,b7c5,18,-305,273,e6d7;e6d7,e6d7;e6d7,e6g4;e6d5,-256,2
SF_Bot1nok_vs_EnyoBot_SbzD89kx.log,18,35,Black,r4rk1/1nq1bpp1/p2pb2p/3Pp3/6PP/1N2BP2/1PPQ4/R3KB1R b K - 0 18,f8d8,19,-312,280,e6d7;e6d7,e6d7;e6d7,e6g4;e6d5,-256,2
SF_Bot1nok_vs_EnyoBot_SbzD89kx.log,18,35,Black,r4rk1/1nq1bpp1/p2pb2p/3Pp3/6PP/1N2BP2/1PPQ4/R3KB1R b K - 0 18,c7b8,20,-314,282,e6d7;e6d7,e6d7;e6d7,e6g4;e6d5,-256,2
SF_Bot1nok_vs_EnyoBot_SbzD89kx.log,18,35,Black,r4rk1/1nq1bpp1/p2pb2p/3Pp3/6PP/1N2BP2/1PPQ4/R3KB1R b K - 0 18,c7c8,21,-316,284,e6d7;e6d7,e6d7;e6d7,e6g4;e6d5,-256,2
SF_Bot1nok_vs_EnyoBot_SbzD89kx.log,18,35,Black,r4rk1/1nq1bpp1/p2pb2p/3Pp3/6PP/1N2BP2/1PPQ4/R3KB1R b K - 0 18,f8e8,22,-321,289,e6d7;e6d7,e6d7;e6d7,e6g4;e6d5,-256,2
SF_Bot1nok_vs_EnyoBot_SbzD89kx.log,18,35,Black,r4rk1/1nq1bpp1/p2pb2p/3Pp3/6PP/1N2BP2/1PPQ4/R3KB1R b K - 0 18,g8h7,23,-327,295,e6d7;e6d7,e6d7;e6d7,e6g4;e6d5,-256,2
SF_Bot1nok_vs_EnyoBot_SbzD89kx.log,18,35,Black,r4rk1/1nq1bpp1/p2pb2p/3Pp3/6PP/1N2BP2/1PPQ4/R3KB1R b K - 0 18,f8b8,24,-338,306,e6d7;e6d7,e6d7;e6d7,e6g4;e6d5,-256,2
SF_Bot1nok_vs_EnyoBot_SbzD89kx.log,18,35,Black,r4rk1/1nq1bpp1/p2pb2p/3Pp3/6PP/1N2BP2/1PPQ4/R3KB1R b K - 0 18,f7f6,25,-341,309,e6d7;e6d7,e6d7;e6d7,e6g4;e6d5,-256,2
SF_Bot1nok_vs_EnyoBot_SbzD89kx.log,18,35,Black,r4rk1/1nq1bpp1/p2pb2p/3Pp3/6PP/1N2BP2/1PPQ4/R3KB1R b K - 0 18,e7d8,26,-349,317,e6d7;e6d7,e6d7;e6d7,e6g4;e6d5,-256,2
SF_Bot1nok_vs_EnyoBot_SbzD89kx.log,18,35,Black,r4rk1/1nq1bpp1/p2pb2p/3Pp3/6PP/1N2BP2/1PPQ4/R3KB1R b K - 0 18,e6f5,27,-359,327,e6d7;e6d7,e6d7;e6d7,e6g4;e6d5,-256,2
SF_Bot1nok_vs_EnyoBot_SbzD89kx.log,18,35,Black,r4rk1/1nq1bpp1/p2pb2p/3Pp3/6PP/1N2BP2/1PPQ4/R3KB1R b K - 0 18,e7f6,28,-366,334,e6d7;e6d7,e6d7;e6d7,e6g4;e6d5,-256,2
SF_Bot1nok_vs_EnyoBot_SbzD89kx.log,18,35,Black,r4rk1/1nq1bpp1/p2pb2p/3Pp3/6PP/1N2BP2/1PPQ4/R3KB1R b K - 0 18,g7g6,29,-384,352,e6d7;e6d7,e6d7;e6d7,e6g4;e6d5,-256,2
SF_Bot1nok_vs_EnyoBot_SbzD89kx.log,18,35,Black,r4rk1/1nq1bpp1/p2pb2p/3Pp3/6PP/1N2BP2/1PPQ4/R3KB1R b K - 0 18,b7a5,30,-409,377,e6d7;e6d7,e6d7;e6d7,e6g4;e6d5,-256,2
SF_Bot1nok_vs_EnyoBot_SbzD89kx.log,18,35,Black,r4rk1/1nq1bpp1/p2pb2p/3Pp3/6PP/1N2BP2/1PPQ4/R3KB1R b K - 0 18,g7g5,31,-438,406,e6d7;e6d7,e6d7;e6d7,e6g4;e6d5,-256,2
SF_Bot1nok_vs_EnyoBot_SbzD89kx.log,18,35,Black,r4rk1/1nq1bpp1/p2pb2p/3Pp3/6PP/1N2BP2/1PPQ4/R3KB1R b K - 0 18,e7h4,32,-448,416,e6d7;e6d7,e6d7;e6d7,e6g4;e6d5,-256,2
SF_Bot1nok_vs_EnyoBot_SbzD89kx.log,18,35,Black,r4rk1/1nq1bpp1/p2pb2p/3Pp3/6PP/1N2BP2/1PPQ4/R3KB1R b K - 0 18,a8a7,33,-466,434,e6d7;e6d7,e6d7;e6d7,e6g4;e6d5,-256,2
SF_Bot1nok_vs_EnyoBot_SbzD89kx.log,18,35,Black,r4rk1/1nq1bpp1/p2pb2p/3Pp3/6PP/1N2BP2/1PPQ4/R3KB1R b K - 0 18,e7g5,34,-500,468,e6d7;e6d7,e6d7;e6d7,e6g4;e6d5,-256,2
SF_Bot1nok_vs_EnyoBot_SbzD89kx.log,18,35,Black,r4rk1/1nq1bpp1/p2pb2p/3Pp3/6PP/1N2BP2/1PPQ4/R3KB1R b K - 0 18,c7c2,35,-571,539,e6d7;e6d7,e6d7;e6d7,e6g4;e6d5,-256,2
SF_Bot1nok_vs_EnyoBot_SbzD89kx.log,18,35,Black,r4rk1/1nq1bpp1/p2pb2p/3Pp3/6PP/1N2BP2/1PPQ4/R3KB1R b K - 0 18,c7c5,36,-630,598,e6d7;e6d7,e6d7;e6d7,e6g4;e6d5,-256,2
SF_Bot1nok_vs_EnyoBot_SbzD89kx.log,18,35,Black,r4rk1/1nq1bpp1/p2pb2p/3Pp3/6PP/1N2BP2/1PPQ4/R3KB1R b K - 0 18,c7c3,37,-631,599,e6d7;e6d7,e6d7;e6d7,e6g4;e6d5,-256,2
SF_Bot1nok_vs_EnyoBot_SbzD89kx.log,18,35,Black,r4rk1/1nq1bpp1/p2pb2p/3Pp3/6PP/1N2BP2/1PPQ4/R3KB1R b K - 0 18,c7b6,38,-653,621,e6d7;e6d7,e6d7;e6d7,e6g4;e6d5,-256,2
SF_Bot1nok_vs_EnyoBot_SbzD89kx.log,18,35,Black,r4rk1/1nq1bpp1/p2pb2p/3Pp3/6PP/1N2BP2/1PPQ4/R3KB1R b K - 0 18,c7a5,39,-660,628,e6d7;e6d7,e6d7;e6d7,e6g4;e6d5,-256,2
SF_Bot1nok_vs_EnyoBot_SbzD89kx.log,18,35,Black,r4rk1/1nq1bpp1/p2pb2p/3Pp3/6PP/1N2BP2/1PPQ4/R3KB1R b K - 0 18,c7c6,40,-661,629,e6d7;e6d7,e6d7;e6d7,e6g4;e6d5,-256,2
SF_Bot1nok_vs_EnyoBot_SbzD89kx.log,18,35,Black,r4rk1/1nq1bpp1/p2pb2p/3Pp3/6PP/1N2BP2/1PPQ4/R3KB1R b K - 0 18,c7c4,41,-668,636,e6d7;e6d7,e6d7;e6d7,e6g4;e6d5,-256,2
styx_reckless_vs_EnyoBot_z3PAJH4r.log,16,31,Black,r1b1r1k1/pp2qpb1/2p1n1pp/3pP3/3P1P2/3B4/PP1NN1PP/R2Q1RK1 b - - 2 16,e7b4,1,-71,0,e7b4;e7b4,c6c5;c6c5,e6d4;e6d4,-242,2
styx_reckless_vs_EnyoBot_z3PAJH4r.log,16,31,Black,r1b1r1k1/pp2qpb1/2p1n1pp/3pP3/3P1P2/3B4/PP1NN1PP/R2Q1RK1 b - - 2 16,c6c5,2,-73,2,e7b4;e7b4,c6c5;c6c5,e6d4;e6d4,-242,2
styx_reckless_vs_EnyoBot_z3PAJH4r.log,16,31,Black,r1b1r1k1/pp2qpb1/2p1n1pp/3pP3/3P1P2/3B4/PP1NN1PP/R2Q1RK1 b - - 2 16,a7a5,3,-86,15,e7b4;e7b4,c6c5;c6c5,e6d4;e6d4,-242,2
styx_reckless_vs_EnyoBot_z3PAJH4r.log,16,31,Black,r1b1r1k1/pp2qpb1/2p1n1pp/3pP3/3P1P2/3B4/PP1NN1PP/R2Q1RK1 b - - 2 16,c8d7,4,-98,27,e7b4;e7b4,c6c5;c6c5,e6d4;e6d4,-242,2
styx_reckless_vs_EnyoBot_z3PAJH4r.log,16,31,Black,r1b1r1k1/pp2qpb1/2p1n1pp/3pP3/3P1P2/3B4/PP1NN1PP/R2Q1RK1 b - - 2 16,a7a6,5,-99,28,e7b4;e7b4,c6c5;c6c5,e6d4;e6d4,-242,2
styx_reckless_vs_EnyoBot_z3PAJH4r.log,16,31,Black,r1b1r1k1/pp2qpb1/2p1n1pp/3pP3/3P1P2/3B4/PP1NN1PP/R2Q1RK1 b - - 2 16,a8b8,6,-109,38,e7b4;e7b4,c6c5;c6c5,e6d4;e6d4,-242,2
styx_reckless_vs_EnyoBot_z3PAJH4r.log,16,31,Black,r1b1r1k1/pp2qpb1/2p1n1pp/3pP3/3P1P2/3B4/PP1NN1PP/R2Q1RK1 b - - 2 16,e8d8,7,-115,44,e7b4;e7b4,c6c5;c6c5,e6d4;e6d4,-242,2
styx_reckless_vs_EnyoBot_z3PAJH4r.log,16,31,Black,r1b1r1k1/pp2qpb1/2p1n1pp/3pP3/3P1P2/3B4/PP1NN1PP/R2Q1RK1 b - - 2 16,e7f8,8,-115,44,e7b4;e7b4,c6c5;c6c5,e6d4;e6d4,-242,2
styx_reckless_vs_EnyoBot_z3PAJH4r.log,16,31,Black,r1b1r1k1/pp2qpb1/2p1n1pp/3pP3/3P1P2/3B4/PP1NN1PP/R2Q1RK1 b - - 2 16,b7b6,9,-122,51,e7b4;e7b4,c6c5;c6c5,e6d4;e6d4,-242,2
styx_reckless_vs_EnyoBot_z3PAJH4r.log,16,31,Black,r1b1r1k1/pp2qpb1/2p1n1pp/3pP3/3P1P2/3B4/PP1NN1PP/R2Q1RK1 b - - 2 16,e7c7,10,-125,54,e7b4;e7b4,c6c5;c6c5,e6d4;e6d4,-242,2
styx_reckless_vs_EnyoBot_z3PAJH4r.log,16,31,Black,r1b1r1k1/pp2qpb1/2p1n1pp/3pP3/3P1P2/3B4/PP1NN1PP/R2Q1RK1 b - - 2 16,e8f8,11,-126,55,e7b4;e7b4,c6c5;c6c5,e6d4;e6d4,-242,2
styx_reckless_vs_EnyoBot_z3PAJH4r.log,16,31,Black,r1b1r1k1/pp2qpb1/2p1n1pp/3pP3/3P1P2/3B4/PP1NN1PP/R2Q1RK1 b - - 2 16,e7d8,12,-127,56,e7b4;e7b4,c6c5;c6c5,e6d4;e6d4,-242,2
styx_reckless_vs_EnyoBot_z3PAJH4r.log,16,31,Black,r1b1r1k1/pp2qpb1/2p1n1pp/3pP3/3P1P2/3B4/PP1NN1PP/R2Q1RK1 b - - 2 16,g8h8,13,-131,60,e7b4;e7b4,c6c5;c6c5,e6d4;e6d4,-242,2
styx_reckless_vs_EnyoBot_z3PAJH4r.log,16,31,Black,r1b1r1k1/pp2qpb1/2p1n1pp/3pP3/3P1P2/3B4/PP1NN1PP/R2Q1RK1 b - - 2 16,g8f8,14,-136,65,e7b4;e7b4,c6c5;c6c5,e6d4;e6d4,-242,2
styx_reckless_vs_EnyoBot_z3PAJH4r.log,16,31,Black,r1b1r1k1/pp2qpb1/2p1n1pp/3pP3/3P1P2/3B4/PP1NN1PP/R2Q1RK1 b - - 2 16,e6f8,15,-143,72,e7b4;e7b4,c6c5;c6c5,e6d4;e6d4,-242,2
styx_reckless_vs_EnyoBot_z3PAJH4r.log,16,31,Black,r1b1r1k1/pp2qpb1/2p1n1pp/3pP3/3P1P2/3B4/PP1NN1PP/R2Q1RK1 b - - 2 16,h6h5,16,-143,72,e7b4;e7b4,c6c5;c6c5,e6d4;e6d4,-242,2
styx_reckless_vs_EnyoBot_z3PAJH4r.log,16,31,Black,r1b1r1k1/pp2qpb1/2p1n1pp/3pP3/3P1P2/3B4/PP1NN1PP/R2Q1RK1 b - - 2 16,g7f8,17,-144,73,e7b4;e7b4,c6c5;c6c5,e6d4;e6d4,-242,2
styx_reckless_vs_EnyoBot_z3PAJH4r.log,16,31,Black,r1b1r1k1/pp2qpb1/2p1n1pp/3pP3/3P1P2/3B4/PP1NN1PP/R2Q1RK1 b - - 2 16,e6c7,18,-147,76,e7b4;e7b4,c6c5;c6c5,e6d4;e6d4,-242,2
styx_reckless_vs_EnyoBot_z3PAJH4r.log,16,31,Black,r1b1r1k1/pp2qpb1/2p1n1pp/3pP3/3P1P2/3B4/PP1NN1PP/R2Q1RK1 b - - 2 16,g7h8,19,-148,77,e7b4;e7b4,c6c5;c6c5,e6d4;e6d4,-242,2
styx_reckless_vs_EnyoBot_z3PAJH4r.log,16,31,Black,r1b1r1k1/pp2qpb1/2p1n1pp/3pP3/3P1P2/3B4/PP1NN1PP/R2Q1RK1 b - - 2 16,e6d8,20,-149,78,e7b4;e7b4,c6c5;c6c5,e6d4;e6d4,-242,2
styx_reckless_vs_EnyoBot_z3PAJH4r.log,16,31,Black,r1b1r1k1/pp2qpb1/2p1n1pp/3pP3/3P1P2/3B4/PP1NN1PP/R2Q1RK1 b - - 2 16,b7b5,21,-162,91,e7b4;e7b4,c6c5;c6c5,e6d4;e6d4,-242,2
styx_reckless_vs_EnyoBot_z3PAJH4r.log,16,31,Black,r1b1r1k1/pp2qpb1/2p1n1pp/3pP3/3P1P2/3B4/PP1NN1PP/R2Q1RK1 b - - 2 16,g6g5,22,-163,92,e7b4;e7b4,c6c5;c6c5,e6d4;e6d4,-242,2
styx_reckless_vs_EnyoBot_z3PAJH4r.log,16,31,Black,r1b1r1k1/pp2qpb1/2p1n1pp/3pP3/3P1P2/3B4/PP1NN1PP/R2Q1RK1 b - - 2 16,g8h7,23,-168,97,e7b4;e7b4,c6c5;c6c5,e6d4;e6d4,-242,2
styx_reckless_vs_EnyoBot_z3PAJH4r.log,16,31,Black,r1b1r1k1/pp2qpb1/2p1n1pp/3pP3/3P1P2/3B4/PP1NN1PP/R2Q1RK1 b - - 2 16,e7h4,24,-174,103,e7b4;e7b4,c6c5;c6c5,e6d4;e6d4,-242,2
styx_reckless_vs_EnyoBot_z3PAJH4r.log,16,31,Black,r1b1r1k1/pp2qpb1/2p1n1pp/3pP3/3P1P2/3B4/PP1NN1PP/R2Q1RK1 b - - 2 16,e7d7,25,-185,114,e7b4;e7b4,c6c5;c6c5,e6d4;e6d4,-242,2
styx_reckless_vs_EnyoBot_z3PAJH4r.log,16,31,Black,r1b1r1k1/pp2qpb1/2p1n1pp/3pP3/3P1P2/3B4/PP1NN1PP/R2Q1RK1 b - - 2 16,f7f5,26,-211,140,e7b4;e7b4,c6c5;c6c5,e6d4;e6d4,-242,2
styx_reckless_vs_EnyoBot_z3PAJH4r.log,16,31,Black,r1b1r1k1/pp2qpb1/2p1n1pp/3pP3/3P1P2/3B4/PP1NN1PP/R2Q1RK1 b - - 2 16,f7f6,27,-294,223,e7b4;e7b4,c6c5;c6c5,e6d4;e6d4,-242,2
styx_reckless_vs_EnyoBot_z3PAJH4r.log,16,31,Black,r1b1r1k1/pp2qpb1/2p1n1pp/3pP3/3P1P2/3B4/PP1NN1PP/R2Q1RK1 b - - 2 16,e6g5,28,-317,246,e7b4;e7b4,c6c5;c6c5,e6d4;e6d4,-242,2
styx_reckless_vs_EnyoBot_z3PAJH4r.log,16,31,Black,r1b1r1k1/pp2qpb1/2p1n1pp/3pP3/3P1P2/3B4/PP1NN1PP/R2Q1RK1 b - - 2 16,e6d4,29,-326,255,e7b4;e7b4,c6c5;c6c5,e6d4;e6d4,-242,2
styx_reckless_vs_EnyoBot_z3PAJH4r.log,16,31,Black,r1b1r1k1/pp2qpb1/2p1n1pp/3pP3/3P1P2/3B4/PP1NN1PP/R2Q1RK1 b - - 2 16,e6f4,30,-383,312,e7b4;e7b4,c6c5;c6c5,e6d4;e6d4,-242,2
styx_reckless_vs_EnyoBot_z3PAJH4r.log,16,31,Black,r1b1r1k1/pp2qpb1/2p1n1pp/3pP3/3P1P2/3B4/PP1NN1PP/R2Q1RK1 b - - 2 16,g7f6,31,-388,317,e7b4;e7b4,c6c5;c6c5,e6d4;e6d4,-242,2
styx_reckless_vs_EnyoBot_z3PAJH4r.log,16,31,Black,r1b1r1k1/pp2qpb1/2p1n1pp/3pP3/3P1P2/3B4/PP1NN1PP/R2Q1RK1 b - - 2 16,e6c5,32,-403,332,e7b4;e7b4,c6c5;c6c5,e6d4;e6d4,-242,2
styx_reckless_vs_EnyoBot_z3PAJH4r.log,16,31,Black,r1b1r1k1/pp2qpb1/2p1n1pp/3pP3/3P1P2/3B4/PP1NN1PP/R2Q1RK1 b - - 2 16,g7e5,33,-425,354,e7b4;e7b4,c6c5;c6c5,e6d4;e6d4,-242,2
styx_reckless_vs_EnyoBot_z3PAJH4r.log,16,31,Black,r1b1r1k1/pp2qpb1/2p1n1pp/3pP3/3P1P2/3B4/PP1NN1PP/R2Q1RK1 b - - 2 16,e7d6,34,-608,537,e7b4;e7b4,c6c5;c6c5,e6d4;e6d4,-242,2
styx_reckless_vs_EnyoBot_z3PAJH4r.log,16,31,Black,r1b1r1k1/pp2qpb1/2p1n1pp/3pP3/3P1P2/3B4/PP1NN1PP/R2Q1RK1 b - - 2 16,e7f6,35,-655,584,e7b4;e7b4,c6c5;c6c5,e6d4;e6d4,-242,2
styx_reckless_vs_EnyoBot_z3PAJH4r.log,16,31,Black,r1b1r1k1/pp2qpb1/2p1n1pp/3pP3/3P1P2/3B4/PP1NN1PP/R2Q1RK1 b - - 2 16,e7c5,36,-655,584,e7b4;e7b4,c6c5;c6c5,e6d4;e6d4,-242,2
styx_reckless_vs_EnyoBot_z3PAJH4r.log,16,31,Black,r1b1r1k1/pp2qpb1/2p1n1pp/3pP3/3P1P2/3B4/PP1NN1PP/R2Q1RK1 b - - 2 16,e7g5,37,-670,599,e7b4;e7b4,c6c5;c6c5,e6d4;e6d4,-242,2
styx_reckless_vs_EnyoBot_z3PAJH4r.log,16,31,Black,r1b1r1k1/pp2qpb1/2p1n1pp/3pP3/3P1P2/3B4/PP1NN1PP/R2Q1RK1 b - - 2 16,e7a3,38,-706,635,e7b4;e7b4,c6c5;c6c5,e6d4;e6d4,-242,2
styx_reckless_vs_EnyoBot_z3PAJH4r.log,23,45,Black,3rr1k1/pp2qpb1/6pp/3pP3/3NnP2/3B1R2/PP4PP/3RQ2K b - - 2 23,f7f6,1,-51,0,f7f6;f7f6,f7f6;f7f6,g7e5;g7e5,-235,2
styx_reckless_vs_EnyoBot_z3PAJH4r.log,23,45,Black,3rr1k1/pp2qpb1/6pp/3pP3/3NnP2/3B1R2/PP4PP/3RQ2K b - - 2 23,a7a6,2,-80,29,f7f6;f7f6,f7f6;f7f6,g7e5;g7e5,-235,2
styx_reckless_vs_EnyoBot_z3PAJH4r.log,23,45,Black,3rr1k1/pp2qpb1/6pp/3pP3/3NnP2/3B1R2/PP4PP/3RQ2K b - - 2 23,e7c7,3,-89,38,f7f6;f7f6,f7f6;f7f6,g7e5;g7e5,-235,2
styx_reckless_vs_EnyoBot_z3PAJH4r.log,23,45,Black,3rr1k1/pp2qpb1/6pp/3pP3/3NnP2/3B1R2/PP4PP/3RQ2K b - - 2 23,g8h8,4,-102,51,f7f6;f7f6,f7f6;f7f6,g7e5;g7e5,-235,2
styx_reckless_vs_EnyoBot_z3PAJH4r.log,23,45,Black,3rr1k1/pp2qpb1/6pp/3pP3/3NnP2/3B1R2/PP4PP/3RQ2K b - - 2 23,e7c5,5,-102,51,f7f6;f7f6,f7f6;f7f6,g7e5;g7e5,-235,2
styx_reckless_vs_EnyoBot_z3PAJH4r.log,23,45,Black,3rr1k1/pp2qpb1/6pp/3pP3/3NnP2/3B1R2/PP4PP/3RQ2K b - - 2 23,g6g5,6,-102,51,f7f6;f7f6,f7f6;f7f6,g7e5;g7e5,-235,2
styx_reckless_vs_EnyoBot_z3PAJH4r.log,23,45,Black,3rr1k1/pp2qpb1/6pp/3pP3/3NnP2/3B1R2/PP4PP/3RQ2K b - - 2 23,d8c8,7,-111,60,f7f6;f7f6,f7f6;f7f6,g7e5;g7e5,-235,2
styx_reckless_vs_EnyoBot_z3PAJH4r.log,23,45,Black,3rr1k1/pp2qpb1/6pp/3pP3/3NnP2/3B1R2/PP4PP/3RQ2K b - - 2 23,e7f8,8,-112,61,f7f6;f7f6,f7f6;f7f6,g7e5;g7e5,-235,2
styx_reckless_vs_EnyoBot_z3PAJH4r.log,23,45,Black,3rr1k1/pp2qpb1/6pp/3pP3/3NnP2/3B1R2/PP4PP/3RQ2K b - - 2 23,g8h7,9,-114,63,f7f6;f7f6,f7f6;f7f6,g7e5;g7e5,-235,2
styx_reckless_vs_EnyoBot_z3PAJH4r.log,23,45,Black,3rr1k1/pp2qpb1/6pp/3pP3/3NnP2/3B1R2/PP4PP/3RQ2K b - - 2 23,e8f8,10,-116,65,f7f6;f7f6,f7f6;f7f6,g7e5;g7e5,-235,2
styx_reckless_vs_EnyoBot_z3PAJH4r.log,23,45,Black,3rr1k1/pp2qpb1/6pp/3pP3/3NnP2/3B1R2/PP4PP/3RQ2K b - - 2 23,e4c5,11,-125,74,f7f6;f7f6,f7f6;f7f6,g7e5;g7e5,-235,2
styx_reckless_vs_EnyoBot_z3PAJH4r.log,23,45,Black,3rr1k1/pp2qpb1/6pp/3pP3/3NnP2/3B1R2/PP4PP/3RQ2K b - - 2 23,d8b8,12,-130,79,f7f6;f7f6,f7f6;f7f6,g7e5;g7e5,-235,2
styx_reckless_vs_EnyoBot_z3PAJH4r.log,23,45,Black,3rr1k1/pp2qpb1/6pp/3pP3/3NnP2/3B1R2/PP4PP/3RQ2K b - - 2 23,e4d6,13,-130,79,f7f6;f7f6,f7f6;f7f6,g7e5;g7e5,-235,2
styx_reckless_vs_EnyoBot_z3PAJH4r.log,23,45,Black,3rr1k1/pp2qpb1/6pp/3pP3/3NnP2/3B1R2/PP4PP/3RQ2K b - - 2 23,h6h5,14,-130,79,f7f6;f7f6,f7f6;f7f6,g7e5;g7e5,-235,2
styx_reckless_vs_EnyoBot_z3PAJH4r.log,23,45,Black,3rr1k1/pp2qpb1/6pp/3pP3/3NnP2/3B1R2/PP4PP/3RQ2K b - - 2 23,a7a5,15,-130,79,f7f6;f7f6,f7f6;f7f6,g7e5;g7e5,-235,2
styx_reckless_vs_EnyoBot_z3PAJH4r.log,23,45,Black,3rr1k1/pp2qpb1/6pp/3pP3/3NnP2/3B1R2/PP4PP/3RQ2K b - - 2 23,d8a8,16,-132,81,f7f6;f7f6,f7f6;f7f6,g7e5;g7e5,-235,2
styx_reckless_vs_EnyoBot_z3PAJH4r.log,23,45,Black,3rr1k1/pp2qpb1/6pp/3pP3/3NnP2/3B1R2/PP4PP/3RQ2K b - - 2 23,g7h8,17,-132,81,f7f6;f7f6,f7f6;f7f6,g7e5;g7e5,-235,2
styx_reckless_vs_EnyoBot_z3PAJH4r.log,23,45,Black,3rr1k1/pp2qpb1/6pp/3pP3/3NnP2/3B1R2/PP4PP/3RQ2K b - - 2 23,f7f5,18,-160,109,f7f6;f7f6,f7f6;f7f6,g7e5;g7e5,-235,2
styx_reckless_vs_EnyoBot_z3PAJH4r.log,23,45,Black,3rr1k1/pp2qpb1/6pp/3pP3/3NnP2/3B1R2/PP4PP/3RQ2K b - - 2 23,e4f6,19,-186,135,f7f6;f7f6,f7f6;f7f6,g7e5;g7e5,-235,2
styx_reckless_vs_EnyoBot_z3PAJH4r.log,23,45,Black,3rr1k1/pp2qpb1/6pp/3pP3/3NnP2/3B1R2/PP4PP/3RQ2K b - - 2 23,g7f8,20,-261,210,f7f6;f7f6,f7f6;f7f6,g7e5;g7e5,-235,2
styx_reckless_vs_EnyoBot_z3PAJH4r.log,23,45,Black,3rr1k1/pp2qpb1/6pp/3pP3/3NnP2/3B1R2/PP4PP/3RQ2K b - - 2 23,d8d7,21,-264,213,f7f6;f7f6,f7f6;f7f6,g7e5;g7e5,-235,2
styx_reckless_vs_EnyoBot_z3PAJH4r.log,23,45,Black,3rr1k1/pp2qpb1/6pp/3pP3/3NnP2/3B1R2/PP4PP/3RQ2K b - - 2 23,g8f8,22,-276,225,f7f6;f7f6,f7f6;f7f6,g7e5;g7e5,-235,2
styx_reckless_vs_EnyoBot_z3PAJH4r.log,23,45,Black,3rr1k1/pp2qpb1/6pp/3pP3/3NnP2/3B1R2/PP4PP/3RQ2K b - - 2 23,g7e5,23,-286,235,f7f6;f7f6,f7f6;f7f6,g7e5;g7e5,-235,2
styx_reckless_vs_EnyoBot_z3PAJH4r.log,23,45,Black,3rr1k1/pp2qpb1/6pp/3pP3/3NnP2/3B1R2/PP4PP/3RQ2K b - - 2 23,e7d7,24,-308,257,f7f6;f7f6,f7f6;f7f6,g7e5;g7e5,-235,2
styx_reckless_vs_EnyoBot_z3PAJH4r.log,23,45,Black,3rr1k1/pp2qpb1/6pp/3pP3/3NnP2/3B1R2/PP4PP/3RQ2K b - - 2 23,g7f6,25,-340,289,f7f6;f7f6,f7f6;f7f6,g7e5;g7e5,-235,2
styx_reckless_vs_EnyoBot_z3PAJH4r.log,23,45,Black,3rr1k1/pp2qpb1/6pp/3pP3/3NnP2/3B1R2/PP4PP/3RQ2K b - - 2 23,e4g5,26,-341,290,f7f6;f7f6,f7f6;f7f6,g7e5;g7e5,-235,2
styx_reckless_vs_EnyoBot_z3PAJH4r.log,23,45,Black,3rr1k1/pp2qpb1/6pp/3pP3/3NnP2/3B1R2/PP4PP/3RQ2K b - - 2 23,b7b5,27,-384,333,f7f6;f7f6,f7f6;f7f6,g7e5;g7e5,-235,2
styx_reckless_vs_EnyoBot_z3PAJH4r.log,23,45,Black,3rr1k1/pp2qpb1/6pp/3pP3/3NnP2/3B1R2/PP4PP/3RQ2K b - - 2 23,b7b6,28,-393,342,f7f6;f7f6,f7f6;f7f6,g7e5;g7e5,-235,2
styx_reckless_vs_EnyoBot_z3PAJH4r.log,23,45,Black,3rr1k1/pp2qpb1/6pp/3pP3/3NnP2/3B1R2/PP4PP/3RQ2K b - - 2 23,d8d6,29,-409,358,f7f6;f7f6,f7f6;f7f6,g7e5;g7e5,-235,2
styx_reckless_vs_EnyoBot_z3PAJH4r.log,23,45,Black,3rr1k1/pp2qpb1/6pp/3pP3/3NnP2/3B1R2/PP4PP/3RQ2K b - - 2 23,e4c3,30,-504,453,f7f6;f7f6,f7f6;f7f6,g7e5;g7e5,-235,2
styx_reckless_vs_EnyoBot_z3PAJH4r.log,23,45,Black,3rr1k1/pp2qpb1/6pp/3pP3/3NnP2/3B1R2/PP4PP/3RQ2K b - - 2 23,e4g3,31,-523,472,f7f6;f7f6,f7f6;f7f6,g7e5;g7e5,-235,2
styx_reckless_vs_EnyoBot_z3PAJH4r.log,23,45,Black,3rr1k1/pp2qpb1/6pp/3pP3/3NnP2/3B1R2/PP4PP/3RQ2K b - - 2 23,e4d2,32,-523,472,f7f6;f7f6,f7f6;f7f6,g7e5;g7e5,-235,2
styx_reckless_vs_EnyoBot_z3PAJH4r.log,23,45,Black,3rr1k1/pp2qpb1/6pp/3pP3/3NnP2/3B1R2/PP4PP/3RQ2K b - - 2 23,e7d6,33,-527,476,f7f6;f7f6,f7f6;f7f6,g7e5;g7e5,-235,2
styx_reckless_vs_EnyoBot_z3PAJH4r.log,23,45,Black,3rr1k1/pp2qpb1/6pp/3pP3/3NnP2/3B1R2/PP4PP/3RQ2K b - - 2 23,e4f2,34,-537,486,f7f6;f7f6,f7f6;f7f6,g7e5;g7e5,-235,2
styx_reckless_vs_EnyoBot_z3PAJH4r.log,23,45,Black,3rr1k1/pp2qpb1/6pp/3pP3/3NnP2/3B1R2/PP4PP/3RQ2K b - - 2 23,e7g5,35,-558,507,f7f6;f7f6,f7f6;f7f6,g7e5;g7e5,-235,2
styx_reckless_vs_EnyoBot_z3PAJH4r.log,23,45,Black,3rr1k1/pp2qpb1/6pp/3pP3/3NnP2/3B1R2/PP4PP/3RQ2K b - - 2 23,e7e5,36,-569,518,f7f6;f7f6,f7f6;f7f6,g7e5;g7e5,-235,2
styx_reckless_vs_EnyoBot_z3PAJH4r.log,23,45,Black,3rr1k1/pp2qpb1/6pp/3pP3/3NnP2/3B1R2/PP4PP/3RQ2K b - - 2 23,e7f6,37,-575,524,f7f6;f7f6,f7f6;f7f6,g7e5;g7e5,-235,2
styx_reckless_vs_EnyoBot_z3PAJH4r.log,23,45,Black,3rr1k1/pp2qpb1/6pp/3pP3/3NnP2/3B1R2/PP4PP/3RQ2K b - - 2 23,e7b4,38,-634,583,f7f6;f7f6,f7f6;f7f6,g7e5;g7e5,-235,2
styx_reckless_vs_EnyoBot_z3PAJH4r.log,23,45,Black,3rr1k1/pp2qpb1/6pp/3pP3/3NnP2/3B1R2/PP4PP/3RQ2K b - - 2 23,e7e6,39,-652,601,f7f6;f7f6,f7f6;f7f6,g7e5;g7e5,-235,2
styx_reckless_vs_EnyoBot_z3PAJH4r.log,23,45,Black,3rr1k1/pp2qpb1/6pp/3pP3/3NnP2/3B1R2/PP4PP/3RQ2K b - - 2 23,e7h4,40,-661,610,f7f6;f7f6,f7f6;f7f6,g7e5;g7e5,-235,2
styx_reckless_vs_EnyoBot_z3PAJH4r.log,23,45,Black,3rr1k1/pp2qpb1/6pp/3pP3/3NnP2/3B1R2/PP4PP/3RQ2K b - - 2 23,e7a3,41,-679,628,f7f6;f7f6,f7f6;f7f6,g7e5;g7e5,-235,2
ArasanX_vs_EnyoBot_Q0a5I19l.log,30,59,Black,4r1k1/3n2p1/1p2b2p/p2pP3/Pq1N4/1N2Q2P/1P4PK/5R2 b - - 1 30,b4e7,1,-38,0,e6f7;e6f7,e6f7;e6f7,e6h3;e6h3,-206,2
ArasanX_vs_EnyoBot_Q0a5I19l.log,30,59,Black,4r1k1/3n2p1/1p2b2p/p2pP3/Pq1N4/1N2Q2P/1P4PK/5R2 b - - 1 30,e6f7,2,-50,12,e6f7;e6f7,e6f7;e6f7,e6h3;e6h3,-206,2
ArasanX_vs_EnyoBot_Q0a5I19l.log,30,59,Black,4r1k1/3n2p1/1p2b2p/p2pP3/Pq1N4/1N2Q2P/1P4PK/5R2 b - - 1 30,g8h8,3,-62,24,e6f7;e6f7,e6f7;e6f7,e6h3;e6h3,-206,2
ArasanX_vs_EnyoBot_Q0a5I19l.log,30,59,Black,4r1k1/3n2p1/1p2b2p/p2pP3/Pq1N4/1N2Q2P/1P4PK/5R2 b - - 1 30,d7c5,4,-74,36,e6f7;e6f7,e6f7;e6f7,e6h3;e6h3,-206,2
ArasanX_vs_EnyoBot_Q0a5I19l.log,30,59,Black,4r1k1/3n2p1/1p2b2p/p2pP3/Pq1N4/1N2Q2P/1P4PK/5R2 b - - 1 30,d7f8,5,-86,48,e6f7;e6f7,e6f7;e6f7,e6h3;e6h3,-206,2
ArasanX_vs_EnyoBot_Q0a5I19l.log,30,59,Black,4r1k1/3n2p1/1p2b2p/p2pP3/Pq1N4/1N2Q2P/1P4PK/5R2 b - - 1 30,b4a4,6,-128,90,e6f7;e6f7,e6f7;e6f7,e6h3;e6h3,-206,2
ArasanX_vs_EnyoBot_Q0a5I19l.log,30,59,Black,4r1k1/3n2p1/1p2b2p/p2pP3/Pq1N4/1N2Q2P/1P4PK/5R2 b - - 1 30,e8f8,7,-161,123,e6f7;e6f7,e6f7;e6f7,e6h3;e6h3,-206,2
ArasanX_vs_EnyoBot_Q0a5I19l.log,30,59,Black,4r1k1/3n2p1/1p2b2p/p2pP3/Pq1N4/1N2Q2P/1P4PK/5R2 b - - 1 30,g7g6,8,-180,142,e6f7;e6f7,e6f7;e6f7,e6h3;e6h3,-206,2
ArasanX_vs_EnyoBot_Q0a5I19l.log,30,59,Black,4r1k1/3n2p1/1p2b2p/p2pP3/Pq1N4/1N2Q2P/1P4PK/5R2 b - - 1 30,h6h5,9,-181,143,e6f7;e6f7,e6f7;e6f7,e6h3;e6h3,-206,2
ArasanX_vs_EnyoBot_Q0a5I19l.log,30,59,Black,4r1k1/3n2p1/1p2b2p/p2pP3/Pq1N4/1N2Q2P/1P4PK/5R2 b - - 1 30,g7g5,10,-181,143,e6f7;e6f7,e6f7;e6f7,e6h3;e6h3,-206,2
ArasanX_vs_EnyoBot_Q0a5I19l.log,30,59,Black,4r1k1/3n2p1/1p2b2p/p2pP3/Pq1N4/1N2Q2P/1P4PK/5R2 b - - 1 30,b6b5,11,-192,154,e6f7;e6f7,e6f7;e6f7,e6h3;e6h3,-206,2
ArasanX_vs_EnyoBot_Q0a5I19l.log,30,59,Black,4r1k1/3n2p1/1p2b2p/p2pP3/Pq1N4/1N2Q2P/1P4PK/5R2 b - - 1 30,e6h3,12,-194,156,e6f7;e6f7,e6f7;e6f7,e6h3;e6h3,-206,2
ArasanX_vs_EnyoBot_Q0a5I19l.log,30,59,Black,4r1k1/3n2p1/1p2b2p/p2pP3/Pq1N4/1N2Q2P/1P4PK/5R2 b - - 1 30,b4c4,13,-199,161,e6f7;e6f7,e6f7;e6f7,e6h3;e6h3,-206,2
ArasanX_vs_EnyoBot_Q0a5I19l.log,30,59,Black,4r1k1/3n2p1/1p2b2p/p2pP3/Pq1N4/1N2Q2P/1P4PK/5R2 b - - 1 30,d7b8,14,-246,208,e6f7;e6f7,e6f7;e6f7,e6h3;e6h3,-206,2
ArasanX_vs_EnyoBot_Q0a5I19l.log,30,59,Black,4r1k1/3n2p1/1p2b2p/p2pP3/Pq1N4/1N2Q2P/1P4PK/5R2 b - - 1 30,e6g4,15,-298,260,e6f7;e6f7,e6f7;e6f7,e6h3;e6h3,-206,2
ArasanX_vs_EnyoBot_Q0a5I19l.log,30,59,Black,4r1k1/3n2p1/1p2b2p/p2pP3/Pq1N4/1N2Q2P/1P4PK/5R2 b - - 1 30,g8h7,16,-348,310,e6f7;e6f7,e6f7;e6f7,e6h3;e6h3,-206,2
ArasanX_vs_EnyoBot_Q0a5I19l.log,30,59,Black,4r1k1/3n2p1/1p2b2p/p2pP3/Pq1N4/1N2Q2P/1P4PK/5R2 b - - 1 30,e8e7,17,-385,347,e6f7;e6f7,e6f7;e6f7,e6h3;e6h3,-206,2
ArasanX_vs_EnyoBot_Q0a5I19l.log,30,59,Black,4r1k1/3n2p1/1p2b2p/p2pP3/Pq1N4/1N2Q2P/1P4PK/5R2 b - - 1 30,e6f5,18,-413,375,e6f7;e6f7,e6f7;e6f7,e6h3;e6h3,-206,2
ArasanX_vs_EnyoBot_Q0a5I19l.log,30,59,Black,4r1k1/3n2p1/1p2b2p/p2pP3/Pq1N4/1N2Q2P/1P4PK/5R2 b - - 1 30,d7e5,19,-432,394,e6f7;e6f7,e6f7;e6f7,e6h3;e6h3,-206,2
ArasanX_vs_EnyoBot_Q0a5I19l.log,30,59,Black,4r1k1/3n2p1/1p2b2p/p2pP3/Pq1N4/1N2Q2P/1P4PK/5R2 b - - 1 30,e8c8,20,-441,403,e6f7;e6f7,e6f7;e6f7,e6h3;e6h3,-206,2
ArasanX_vs_EnyoBot_Q0a5I19l.log,30,59,Black,4r1k1/3n2p1/1p2b2p/p2pP3/Pq1N4/1N2Q2P/1P4PK/5R2 b - - 1 30,e8a8,21,-476,438,e6f7;e6f7,e6f7;e6f7,e6h3;e6h3,-206,2
ArasanX_vs_EnyoBot_Q0a5I19l.log,30,59,Black,4r1k1/3n2p1/1p2b2p/p2pP3/Pq1N4/1N2Q2P/1P4PK/5R2 b - - 1 30,e8b8,22,-488,450,e6f7;e6f7,e6f7;e6f7,e6h3;e6h3,-206,2
ArasanX_vs_EnyoBot_Q0a5I19l.log,30,59,Black,4r1k1/3n2p1/1p2b2p/p2pP3/Pq1N4/1N2Q2P/1P4PK/5R2 b - - 1 30,d7f6,23,-500,462,e6f7;e6f7,e6f7;e6f7,e6h3;e6h3,-206,2
ArasanX_vs_EnyoBot_Q0a5I19l.log,30,59,Black,4r1k1/3n2p1/1p2b2p/p2pP3/Pq1N4/1N2Q2P/1P4PK/5R2 b - - 1 30,e8d8,24,-556,518,e6f7;e6f7,e6f7;e6f7,e6h3;e6h3,-206,2
ArasanX_vs_EnyoBot_Q0a5I19l.log,30,59,Black,4r1k1/3n2p1/1p2b2p/p2pP3/Pq1N4/1N2Q2P/1P4PK/5R2 b - - 1 30,b4f8,25,-634,596,e6f7;e6f7,e6f7;e6f7,e6h3;e6h3,-206,2
ArasanX_vs_EnyoBot_Q0a5I19l.log,30,59,Black,4r1k1/3n2p1/1p2b2p/p2pP3/Pq1N4/1N2Q2P/1P4PK/5R2 b - - 1 30,b4d4,26,-658,620,e6f7;e6f7,e6f7;e6f7,e6h3;e6h3,-206,2
ArasanX_vs_EnyoBot_Q0a5I19l.log,30,59,Black,4r1k1/3n2p1/1p2b2p/p2pP3/Pq1N4/1N2Q2P/1P4PK/5R2 b - - 1 30,b4b5,27,-696,658,e6f7;e6f7,e6f7;e6f7,e6h3;e6h3,-206,2
ArasanX_vs_EnyoBot_Q0a5I19l.log,30,59,Black,4r1k1/3n2p1/1p2b2p/p2pP3/Pq1N4/1N2Q2P/1P4PK/5R2 b - - 1 30,b4b3,28,-731,693,e6f7;e6f7,e6f7;e6f7,e6h3;e6h3,-206,2
ArasanX_vs_EnyoBot_Q0a5I19l.log,30,59,Black,4r1k1/3n2p1/1p2b2p/p2pP3/Pq1N4/1N2Q2P/1P4PK/5R2 b - - 1 30,b4c5,29,-734,696,e6f7;e6f7,e6f7;e6f7,e6h3;e6h3,-206,2
ArasanX_vs_EnyoBot_Q0a5I19l.log,30,59,Black,4r1k1/3n2p1/1p2b2p/p2pP3/Pq1N4/1N2Q2P/1P4PK/5R2 b - - 1 30,b4d6,30,-751,713,e6f7;e6f7,e6f7;e6f7,e6h3;e6h3,-206,2
ArasanX_vs_EnyoBot_Q0a5I19l.log,30,59,Black,4r1k1/3n2p1/1p2b2p/p2pP3/Pq1N4/1N2Q2P/1P4PK/5R2 b - - 1 30,b4d2,31,-751,713,e6f7;e6f7,e6f7;e6f7,e6h3;e6h3,-206,2
ArasanX_vs_EnyoBot_Q0a5I19l.log,30,59,Black,4r1k1/3n2p1/1p2b2p/p2pP3/Pq1N4/1N2Q2P/1P4PK/5R2 b - - 1 30,b4e1,32,-753,715,e6f7;e6f7,e6f7;e6f7,e6h3;e6h3,-206,2
ArasanX_vs_EnyoBot_Q0a5I19l.log,30,59,Black,4r1k1/3n2p1/1p2b2p/p2pP3/Pq1N4/1N2Q2P/1P4PK/5R2 b - - 1 30,b4c3,33,-754,716,e6f7;e6f7,e6f7;e6f7,e6h3;e6h3,-206,2
ArasanX_vs_EnyoBot_Q0a5I19l.log,30,59,Black,4r1k1/3n2p1/1p2b2p/p2pP3/Pq1N4/1N2Q2P/1P4PK/5R2 b - - 1 30,b4a3,34,-806,768,e6f7;e6f7,e6f7;e6f7,e6h3;e6h3,-206,2
ArasanX_vs_EnyoBot_5Pms0ZXh.log,14,27,Black,r1bqkb1r/1pp3pp/p2p4/1P1p4/3Q4/8/1PP2PPP/R1B1R1K1 b kq - 1 14,e8f7,1,-345,0,e8f7;e8f7,e8f7;e8f7,c8e6;c8e6,-186,2
ArasanX_vs_EnyoBot_5Pms0ZXh.log,14,27,Black,r1bqkb1r/1pp3pp/p2p4/1P1p4/3Q4/8/1PP2PPP/R1B1R1K1 b kq - 1 14,c8e6,2,-445,100,e8f7;e8f7,e8f7;e8f7,c8e6;c8e6,-186,2
ArasanX_vs_EnyoBot_5Pms0ZXh.log,14,27,Black,r1bqkb1r/1pp3pp/p2p4/1P1p4/3Q4/8/1PP2PPP/R1B1R1K1 b kq - 1 14,f8e7,3,-497,152,e8f7;e8f7,e8f7;e8f7,c8e6;c8e6,-186,2
ArasanX_vs_EnyoBot_5Pms0ZXh.log,14,27,Black,r1bqkb1r/1pp3pp/p2p4/1P1p4/3Q4/8/1PP2PPP/R1B1R1K1 b kq - 1 14,d8e7,4,-569,224,e8f7;e8f7,e8f7;e8f7,c8e6;c8e6,-186,2
ArasanX_vs_EnyoBot_5Pms0ZXh.log,14,27,Black,r1bqkb1r/1pp3pp/p2p4/1P1p4/3Q4/8/1PP2PPP/R1B1R1K1 b kq - 1 14,e8d7,5,-31999,31654,e8f7;e8f7,e8f7;e8f7,c8e6;c8e6,-186,2
